{
  "authorDailyContributionsMap": {
    "Jillzyt": [
      {
        "date": "2020-08-14",
        "commitResults": [
          {
            "hash": "eab7c332554b65303a750bc56dedcf535d82d0c6",
            "messageTitle": "Level-1",
            "messageBody": "Level-1",
            "fileTypesAndContributionMap": {
              "java": {
                "insertions": 26,
                "deletions": 6
              }
            }
          }
        ]
      },
      {
        "date": "2020-08-15",
        "commitResults": [
          {
            "hash": "6bcbdf0c698c8e534ae415b42334984e19e87c98",
            "messageTitle": "Level-1",
            "messageBody": "Level-1 + Documentation",
            "tags": [
              "Level-1"
            ],
            "fileTypesAndContributionMap": {
              "java": {
                "insertions": 15,
                "deletions": 0
              }
            }
          },
          {
            "hash": "2ffed75fc9e4dadd03c2ce52e6d5fc10987e7307",
            "messageTitle": "Level-2",
            "messageBody": "Level-2",
            "tags": [
              "Level-2"
            ],
            "fileTypesAndContributionMap": {
              "java": {
                "insertions": 48,
                "deletions": 4
              }
            }
          },
          {
            "hash": "e25b922dcd8cd563a18e28c38d0712cc02a8d03c",
            "messageTitle": "Level-3",
            "messageBody": "",
            "fileTypesAndContributionMap": {
              "java": {
                "insertions": 37,
                "deletions": 9
              }
            }
          },
          {
            "hash": "91f6f566b287b3ff6d2cce023be4907b39e3113d",
            "messageTitle": "Level-3",
            "messageBody": "Added Java Documentations with Level 3",
            "fileTypesAndContributionMap": {
              "java": {
                "insertions": 10,
                "deletions": 0
              }
            }
          },
          {
            "hash": "7feb09615ec5245413a843d5ea9b4f37146756e1",
            "messageTitle": "Level-4",
            "messageBody": "Level-4 Todo and Deadline",
            "fileTypesAndContributionMap": {
              "java": {
                "insertions": 73,
                "deletions": 0
              }
            }
          }
        ]
      },
      {
        "date": "2020-08-16",
        "commitResults": [
          {
            "hash": "65f9b2044fa61027afd64c142bf3142b7f3a7c9a",
            "messageTitle": "Level-4",
            "messageBody": "Added documentations",
            "tags": [
              "Level-4"
            ],
            "fileTypesAndContributionMap": {
              "java": {
                "insertions": 64,
                "deletions": 3
              }
            }
          },
          {
            "hash": "3b5ed6a8557f27dca5520812f3bbd103b43b16ab",
            "messageTitle": "A-TextUiTesting",
            "messageBody": "Add A-TextUiTesting",
            "fileTypesAndContributionMap": {
              "txt": {
                "insertions": 6,
                "deletions": 0
              },
              "java": {
                "insertions": 0,
                "deletions": 1
              },
              "sh": {
                "insertions": 2,
                "deletions": 2
              }
            }
          },
          {
            "hash": "1a5a22503dca0f5328f146e977ee9f9ae2a8a8f4",
            "messageTitle": "A-TextUiTesting",
            "messageBody": "Add A-TextUiTesting test cases",
            "tags": [
              "A-TextUiTesting"
            ],
            "fileTypesAndContributionMap": {
              "txt": {
                "insertions": 5,
                "deletions": 6
              },
              "sh": {
                "insertions": 1,
                "deletions": 1
              }
            }
          },
          {
            "hash": "37aa4b17630a36b55667c8618b43a8d7a3bd8a16",
            "messageTitle": "Level-5",
            "messageBody": "Level-5",
            "tags": [
              "Level-5"
            ],
            "fileTypesAndContributionMap": {
              "java": {
                "insertions": 109,
                "deletions": 47
              },
              "sh": {
                "insertions": 1,
                "deletions": 1
              }
            }
          },
          {
            "hash": "9cc75d5eb6c9d554eb16d861179c76e3dc6ab20d",
            "messageTitle": "Level-6",
            "messageBody": "Level-6",
            "tags": [
              "Level-6"
            ],
            "fileTypesAndContributionMap": {
              "txt": {
                "insertions": 10,
                "deletions": 0
              },
              "java": {
                "insertions": 33,
                "deletions": 20
              }
            }
          }
        ]
      },
      {
        "date": "2020-08-23",
        "commitResults": [
          {
            "hash": "c8f3b589c4f65f350e6bda59184463093ff23ae3",
            "messageTitle": "Level-7",
            "messageBody": "Level-7",
            "fileTypesAndContributionMap": {
              "java": {
                "insertions": 108,
                "deletions": 15
              }
            }
          },
          {
            "hash": "2e6862fdf953a84c2a8b029a4be16dfb77a97f27",
            "messageTitle": "Level-7",
            "messageBody": "Change variable names and code style",
            "fileTypesAndContributionMap": {
              "java": {
                "insertions": 16,
                "deletions": 18
              }
            }
          },
          {
            "hash": "8916e3d7a1b48ca3134249378465252ddc82053d",
            "messageTitle": "Level-7",
            "messageBody": "Add Test Files",
            "fileTypesAndContributionMap": {
              "txt": {
                "insertions": 5,
                "deletions": 6
              },
              "java": {
                "insertions": 3,
                "deletions": 5
              }
            }
          },
          {
            "hash": "6ae26aff17d797e0738ba60a7cdc1d213102f5ea",
            "messageTitle": "Level-7",
            "messageBody": "Level-7",
            "tags": [
              "Level-7"
            ],
            "fileTypesAndContributionMap": {
              "java": {
                "insertions": 1,
                "deletions": 1
              }
            }
          },
          {
            "hash": "8378e99c9b8b0406cfe01ca7c1abaefbefe43837",
            "messageTitle": "Level-8",
            "messageBody": "Level-8",
            "fileTypesAndContributionMap": {
              "java": {
                "insertions": 20,
                "deletions": 8
              }
            }
          }
        ]
      },
      {
        "date": "2020-08-24",
        "commitResults": [
          {
            "hash": "c7af8b0873828eba68a452ceaffd49c52fe6c137",
            "messageTitle": "Level-8",
            "messageBody": "Level-8 Add Stretch Goal",
            "fileTypesAndContributionMap": {
              "java": {
                "insertions": 51,
                "deletions": 1
              }
            }
          }
        ]
      },
      {
        "date": "2020-08-25",
        "commitResults": [
          {
            "hash": "f43dd9c8dc31491cc6a92d166c653b99c5d6bc75",
            "messageTitle": "Level-8",
            "messageBody": "Add java.io package",
            "tags": [
              "Level-8"
            ],
            "fileTypesAndContributionMap": {
              "java": {
                "insertions": 1,
                "deletions": 1
              }
            }
          },
          {
            "hash": "807f938770117ea7d2ac983547f508a2deaffd4e",
            "messageTitle": "Abstract the code",
            "messageBody": "Refactor the code to extract out closely related code as classes",
            "tags": [
              "A-MoreOOP"
            ],
            "fileTypesAndContributionMap": {
              "java": {
                "insertions": 1216,
                "deletions": 328
              }
            }
          },
          {
            "hash": "a3bcacb3cae86b2c58e45f3f74994fa802040c8c",
            "messageTitle": "Divide classes into packages",
            "messageBody": "Divide classes into packages",
            "fileTypesAndContributionMap": {
              "txt": {
                "insertions": 33,
                "deletions": 7
              },
              "java": {
                "insertions": 28,
                "deletions": 37
              },
              "bat": {
                "insertions": 2,
                "deletions": 1
              },
              "sh": {
                "insertions": 6,
                "deletions": 2
              },
              "md": {
                "insertions": 2,
                "deletions": 2
              }
            }
          },
          {
            "hash": "c2e5860ec6bb8764d226541b287891e4e43353cf",
            "messageTitle": "Change package name Duke to duke",
            "messageBody": "Change package name Duke to duke",
            "fileTypesAndContributionMap": {
              "java": {
                "insertions": 32,
                "deletions": 39
              }
            }
          },
          {
            "hash": "77cfcb2b536718e85e4a8fd50cddec6b32c8d8ed",
            "messageTitle": "Change directory name for ip",
            "messageBody": "Change directory name for ip",
            "fileTypesAndContributionMap": {
              "txt": {
                "insertions": 32,
                "deletions": 32
              },
              "java": {
                "insertions": 28,
                "deletions": 28
              },
              "sh": {
                "insertions": 2,
                "deletions": 2
              }
            }
          },
          {
            "hash": "c93d5422586d8d7ceeb6f78aabc2e0534c099347",
            "messageTitle": "Update Documentations",
            "messageBody": "Update Documentations",
            "tags": [
              "A-Packages"
            ],
            "fileTypesAndContributionMap": {
              "java": {
                "insertions": 35,
                "deletions": 32
              }
            }
          },
          {
            "hash": "7f13e5d73fe6808bcad17cdb3b232eabb9f8afb8",
            "messageTitle": "Add Junit test for storage",
            "messageBody": "Add Junit test for storage",
            "fileTypesAndContributionMap": {
              "txt": {
                "insertions": 7,
                "deletions": 0
              },
              "java": {
                "insertions": 226,
                "deletions": 9
              }
            }
          }
        ]
      },
      {
        "date": "2020-08-26",
        "commitResults": [
          {
            "hash": "9cc09950f007ce87b7b6bb54a39ff3f4212dfcaf",
            "messageTitle": "Fix FileException Error",
            "messageBody": "Fix FileException Error. Data files may not be created at the start. ",
            "tags": [
              "v0.1",
              "A-JUnit"
            ],
            "fileTypesAndContributionMap": {
              "java": {
                "insertions": 14,
                "deletions": 2
              }
            }
          },
          {
            "hash": "4e7a7a099a648a7a184a40da03c76adb1152f2f7",
            "messageTitle": "Update documentations",
            "messageBody": "Update documentations",
            "fileTypesAndContributionMap": {
              "java": {
                "insertions": 43,
                "deletions": 4
              }
            }
          },
          {
            "hash": "1f3d357f69d9888318a30798b7c85640233d50bb",
            "messageTitle": "Fix Coding Standard",
            "messageBody": "Fix Coding Standard",
            "fileTypesAndContributionMap": {
              "java": {
                "insertions": 88,
                "deletions": 59
              }
            }
          },
          {
            "hash": "a4f3c36e98bf1fadb857864d0eac35990cb276bf",
            "messageTitle": "Add find function",
            "messageBody": "Add find function",
            "fileTypesAndContributionMap": {
              "java": {
                "insertions": 114,
                "deletions": 1
              }
            }
          },
          {
            "hash": "20e2ac119d259b3e4b6b8df14a68e34e46fa5765",
            "messageTitle": "Clean code for checkstyle",
            "messageBody": "Clean code for checkstyle",
            "tags": [
              "Level-9"
            ],
            "fileTypesAndContributionMap": {
              "java": {
                "insertions": 54,
                "deletions": 37
              }
            }
          }
        ]
      }
    ]
  },
  "authorFileTypeContributionMap": {
    "Jillzyt": {
      "java": 1786,
      "md": 2,
      "fxml": 0,
      "sh": 8,
      "bat": 2,
      "gradle": 0,
      "txt": 47
    }
  },
  "authorContributionVariance": {
    "Jillzyt": 321769.16
  },
  "authorDisplayNameMap": {
    "Jillzyt": "CS2103-F10-3 ZENG..TING"
  }
}
