{"authorDailyContributionsMap":{"Jillzyt":[{"date":"2020-08-14","commitResults":[{"hash":"eab7c332554b65303a750bc56dedcf535d82d0c6","messageTitle":"Level-1","messageBody":"Level-1","fileTypesAndContributionMap":{"java":{"insertions":26,"deletions":6}}}]},{"date":"2020-08-15","commitResults":[{"hash":"6bcbdf0c698c8e534ae415b42334984e19e87c98","messageTitle":"Level-1","messageBody":"Level-1 + Documentation","tags":["Level-1"],"fileTypesAndContributionMap":{"java":{"insertions":15,"deletions":0}}},{"hash":"2ffed75fc9e4dadd03c2ce52e6d5fc10987e7307","messageTitle":"Level-2","messageBody":"Level-2","tags":["Level-2"],"fileTypesAndContributionMap":{"java":{"insertions":48,"deletions":4}}},{"hash":"e25b922dcd8cd563a18e28c38d0712cc02a8d03c","messageTitle":"Level-3","messageBody":"","fileTypesAndContributionMap":{"java":{"insertions":37,"deletions":9}}},{"hash":"91f6f566b287b3ff6d2cce023be4907b39e3113d","messageTitle":"Level-3","messageBody":"Added Java Documentations with Level 3","fileTypesAndContributionMap":{"java":{"insertions":10,"deletions":0}}},{"hash":"7feb09615ec5245413a843d5ea9b4f37146756e1","messageTitle":"Level-4","messageBody":"Level-4 Todo and Deadline","fileTypesAndContributionMap":{"java":{"insertions":73,"deletions":0}}}]},{"date":"2020-08-16","commitResults":[{"hash":"65f9b2044fa61027afd64c142bf3142b7f3a7c9a","messageTitle":"Level-4","messageBody":"Added documentations","tags":["Level-4"],"fileTypesAndContributionMap":{"java":{"insertions":64,"deletions":3}}},{"hash":"3b5ed6a8557f27dca5520812f3bbd103b43b16ab","messageTitle":"A-TextUiTesting","messageBody":"Add A-TextUiTesting","fileTypesAndContributionMap":{"txt":{"insertions":6,"deletions":0},"java":{"insertions":0,"deletions":1},"sh":{"insertions":2,"deletions":2}}},{"hash":"1a5a22503dca0f5328f146e977ee9f9ae2a8a8f4","messageTitle":"A-TextUiTesting","messageBody":"Add A-TextUiTesting test cases","tags":["A-TextUiTesting"],"fileTypesAndContributionMap":{"txt":{"insertions":5,"deletions":6},"sh":{"insertions":1,"deletions":1}}},{"hash":"37aa4b17630a36b55667c8618b43a8d7a3bd8a16","messageTitle":"Level-5","messageBody":"Level-5","tags":["Level-5"],"fileTypesAndContributionMap":{"java":{"insertions":109,"deletions":47},"sh":{"insertions":1,"deletions":1}}},{"hash":"9cc75d5eb6c9d554eb16d861179c76e3dc6ab20d","messageTitle":"Level-6","messageBody":"Level-6","tags":["Level-6"],"fileTypesAndContributionMap":{"txt":{"insertions":10,"deletions":0},"java":{"insertions":33,"deletions":20}}}]},{"date":"2020-08-23","commitResults":[{"hash":"c8f3b589c4f65f350e6bda59184463093ff23ae3","messageTitle":"Level-7","messageBody":"Level-7","fileTypesAndContributionMap":{"java":{"insertions":108,"deletions":15}}},{"hash":"2e6862fdf953a84c2a8b029a4be16dfb77a97f27","messageTitle":"Level-7","messageBody":"Change variable names and code style","fileTypesAndContributionMap":{"java":{"insertions":16,"deletions":18}}},{"hash":"8916e3d7a1b48ca3134249378465252ddc82053d","messageTitle":"Level-7","messageBody":"Add Test Files","fileTypesAndContributionMap":{"txt":{"insertions":5,"deletions":6},"java":{"insertions":3,"deletions":5}}},{"hash":"6ae26aff17d797e0738ba60a7cdc1d213102f5ea","messageTitle":"Level-7","messageBody":"Level-7","tags":["Level-7"],"fileTypesAndContributionMap":{"java":{"insertions":1,"deletions":1}}},{"hash":"8378e99c9b8b0406cfe01ca7c1abaefbefe43837","messageTitle":"Level-8","messageBody":"Level-8","fileTypesAndContributionMap":{"java":{"insertions":20,"deletions":8}}}]},{"date":"2020-08-24","commitResults":[{"hash":"c7af8b0873828eba68a452ceaffd49c52fe6c137","messageTitle":"Level-8","messageBody":"Level-8 Add Stretch Goal","fileTypesAndContributionMap":{"java":{"insertions":51,"deletions":1}}}]},{"date":"2020-08-25","commitResults":[{"hash":"f43dd9c8dc31491cc6a92d166c653b99c5d6bc75","messageTitle":"Level-8","messageBody":"Add java.io package","tags":["Level-8"],"fileTypesAndContributionMap":{"java":{"insertions":1,"deletions":1}}},{"hash":"807f938770117ea7d2ac983547f508a2deaffd4e","messageTitle":"Abstract the code","messageBody":"Refactor the code to extract out closely related code as classes","tags":["A-MoreOOP"],"fileTypesAndContributionMap":{"java":{"insertions":1216,"deletions":328}}},{"hash":"a3bcacb3cae86b2c58e45f3f74994fa802040c8c","messageTitle":"Divide classes into packages","messageBody":"Divide classes into packages","fileTypesAndContributionMap":{"txt":{"insertions":33,"deletions":7},"java":{"insertions":28,"deletions":37},"bat":{"insertions":2,"deletions":1},"sh":{"insertions":6,"deletions":2},"md":{"insertions":2,"deletions":2}}},{"hash":"c2e5860ec6bb8764d226541b287891e4e43353cf","messageTitle":"Change package name Duke to duke","messageBody":"Change package name Duke to duke","fileTypesAndContributionMap":{"java":{"insertions":32,"deletions":39}}},{"hash":"77cfcb2b536718e85e4a8fd50cddec6b32c8d8ed","messageTitle":"Change directory name for ip","messageBody":"Change directory name for ip","fileTypesAndContributionMap":{"txt":{"insertions":32,"deletions":32},"java":{"insertions":28,"deletions":28},"sh":{"insertions":2,"deletions":2}}},{"hash":"c93d5422586d8d7ceeb6f78aabc2e0534c099347","messageTitle":"Update Documentations","messageBody":"Update Documentations","tags":["A-Packages"],"fileTypesAndContributionMap":{"java":{"insertions":35,"deletions":32}}},{"hash":"7f13e5d73fe6808bcad17cdb3b232eabb9f8afb8","messageTitle":"Add Junit test for storage","messageBody":"Add Junit test for storage","fileTypesAndContributionMap":{"txt":{"insertions":7,"deletions":0},"java":{"insertions":226,"deletions":9}}}]},{"date":"2020-08-26","commitResults":[{"hash":"9cc09950f007ce87b7b6bb54a39ff3f4212dfcaf","messageTitle":"Fix FileException Error","messageBody":"Fix FileException Error. Data files may not be created at the start. ","tags":["v0.1","A-JUnit"],"fileTypesAndContributionMap":{"java":{"insertions":14,"deletions":2}}},{"hash":"4e7a7a099a648a7a184a40da03c76adb1152f2f7","messageTitle":"Update documentations","messageBody":"Update documentations","fileTypesAndContributionMap":{"java":{"insertions":43,"deletions":4}}},{"hash":"1f3d357f69d9888318a30798b7c85640233d50bb","messageTitle":"Fix Coding Standard","messageBody":"Fix Coding Standard","fileTypesAndContributionMap":{"java":{"insertions":88,"deletions":59}}},{"hash":"a4f3c36e98bf1fadb857864d0eac35990cb276bf","messageTitle":"Add find function","messageBody":"Add find function","fileTypesAndContributionMap":{"java":{"insertions":114,"deletions":1}}},{"hash":"20e2ac119d259b3e4b6b8df14a68e34e46fa5765","messageTitle":"Clean code for checkstyle","messageBody":"Clean code for checkstyle","fileTypesAndContributionMap":{"java":{"insertions":54,"deletions":37}}}]},{"date":"2020-08-30","commitResults":[{"hash":"225ac99074fa8bd65543500e864719dc721b4c98","messageTitle":"Clean Code","messageBody":"Clean Code","tags":["Level-9"],"fileTypesAndContributionMap":{"java":{"insertions":6,"deletions":22}}}]},{"date":"2020-08-31","commitResults":[{"hash":"62672b5c8e4de89d41d07e9d22a0d6b2b3549beb","messageTitle":"Add gradle files","messageBody":"Add gradle files","fileTypesAndContributionMap":{"sh":{"insertions":52,"deletions":0}}},{"hash":"d5342e2875c8ba08ce35e9f69c0726a2fd0cd635","messageTitle":"Configure run task file","messageBody":"Configure run task file","fileTypesAndContributionMap":{"gradle":{"insertions":1,"deletions":1}}},{"hash":"1d9b14e28f21ab2123d178a803c8c25e93b4fb76","messageTitle":"Add checkstyle","messageBody":"Add checkstyle","tags":["A-Gradle"],"fileTypesAndContributionMap":{"bat":{"insertions":0,"deletions":103}}},{"hash":"11af363357ab5c86a789431843545d9c6b616106","messageTitle":"Fix gradle checkstyle","messageBody":"Fix gradle checkstyle","fileTypesAndContributionMap":{"gradle":{"insertions":1,"deletions":1},"txt":{"insertions":1,"deletions":0},"bat":{"insertions":103,"deletions":0}}}]},{"date":"2020-09-01","commitResults":[{"hash":"2f88de328d1b2d8f48b871d18a78182be21fb31e","messageTitle":"Add interactions with user with dialog and main window","messageBody":"Add interactions with user with dialog and main window","fileTypesAndContributionMap":{"gradle":{"insertions":20,"deletions":3},"java":{"insertions":287,"deletions":85}}},{"hash":"5f07f475950e8940d551d42a8f278dde84435125","messageTitle":"Add use of FXML","messageBody":"Add use of FXML","fileTypesAndContributionMap":{"fxml":{"insertions":35,"deletions":0},"java":{"insertions":105,"deletions":161}}},{"hash":"52914947aba46e8bca4314006935d13936d414bb","messageTitle":"Add application functions to UI","messageBody":"Add application functions to UI","tags":["Level-10"],"fileTypesAndContributionMap":{"fxml":{"insertions":7,"deletions":7},"java":{"insertions":64,"deletions":19},"md":{"insertions":0,"deletions":0}}}]},{"date":"2020-09-02","commitResults":[{"hash":"d41e7605a131f11ddec8728ebec620da5e811146","messageTitle":"Fix storage issue","messageBody":"Fix storage issue","fileTypesAndContributionMap":{"txt":{"insertions":2,"deletions":0},"java":{"insertions":141,"deletions":311}}},{"hash":"fc3b2cf12845d19f7a651aada1a0211360ba347e","messageTitle":"Fix checkstyle","messageBody":"Fix checkstyle","fileTypesAndContributionMap":{"java":{"insertions":68,"deletions":42}}},{"hash":"2c788049f9c3cff21bdc3bf0cde677938d3ebe46","messageTitle":"Add javadocs","messageBody":"Add javadocs","fileTypesAndContributionMap":{"txt":{"insertions":1,"deletions":0},"java":{"insertions":65,"deletions":31}}},{"hash":"4a1dcb302f93aea733df7329b3ef1e1e85418019","messageTitle":"Fix checkstyle","messageBody":"Fix checkstyle","fileTypesAndContributionMap":{"java":{"insertions":1,"deletions":0}}},{"hash":"6cdf246bb5be897d81354508d5aac4048f81e1d3","messageTitle":"Update test files","messageBody":"Update test files","fileTypesAndContributionMap":{"gradle":{"insertions":2,"deletions":0},"java":{"insertions":9,"deletions":21}}},{"hash":"9cedb4e1a007d36e45d43f6ecd21535ab45578aa","messageTitle":"Add gitignore gradle documentations","messageBody":"Add gitignore gradle documentations","fileTypesAndContributionMap":{"md":{"insertions":0,"deletions":20}}}]},{"date":"2020-09-07","commitResults":[{"hash":"ce5caebd9d21afaf6bdb339d40253937e63e27bc","messageTitle":"Fix test files","messageBody":"Fix test files","fileTypesAndContributionMap":{"gradle":{"insertions":1,"deletions":1},"txt":{"insertions":4,"deletions":3},"java":{"insertions":1,"deletions":1}}},{"hash":"852ba7868f0385257f84539e6ccc11bb7b18db7d","messageTitle":"Add assertions","messageBody":"Add assertions","fileTypesAndContributionMap":{"java":{"insertions":7,"deletions":4}}},{"hash":"0de32dee3240d0064f8748a5f35e886e4d8b4938","messageTitle":"Edit comments and variable names","messageBody":"Edit comments and variable names","fileTypesAndContributionMap":{"txt":{"insertions":1,"deletions":1},"java":{"insertions":40,"deletions":35}}},{"hash":"9fa54de5a6fd10722b87359f6121614d7a569faa","messageTitle":"Add update tasks function","messageBody":"Add update tasks function","fileTypesAndContributionMap":{"txt":{"insertions":14,"deletions":5},"fxml":{"insertions":5,"deletions":5},"java":{"insertions":188,"deletions":76}}}]},{"date":"2020-09-14","commitResults":[{"hash":"c4529467f9456ea4d1a57d8a92f30f0fcd859c0e","messageTitle":"Update the user interface","messageBody":"Update the user interface","fileTypesAndContributionMap":{"txt":{"insertions":3,"deletions":2},"java":{"insertions":37,"deletions":43}}},{"hash":"a023ca076680b0bf275b9c8008dfe42e8cdca4c2","messageTitle":"Add credit","messageBody":"Add credit","fileTypesAndContributionMap":{"java":{"insertions":4,"deletions":0}}},{"hash":"459276ed9b34aa1f77f808fbdff3cbc70f0d07f7","messageTitle":"Add a user guide","messageBody":"Add a user guide","fileTypesAndContributionMap":{"txt":{"insertions":7,"deletions":15},"java":{"insertions":3,"deletions":2},"md":{"insertions":69,"deletions":0}}},{"hash":"abc9afe80b7c96bf059ba893cb85e95bb8e6f04b","messageTitle":"Update README.md","messageBody":"Update README.md","fileTypesAndContributionMap":{"md":{"insertions":36,"deletions":11}}},{"hash":"f157cdf83651226aa40335ab60806480a4b778e9","messageTitle":"Update README.md","messageBody":"Update README.md","tags":["A-UserGuide"],"fileTypesAndContributionMap":{"md":{"insertions":18,"deletions":15}}},{"hash":"268b9978cf498b7a6e62e75a3eb382a264f04e0b","messageTitle":"Rename README.md to INDEX.md","messageBody":"Rename README.md to INDEX.md","fileTypesAndContributionMap":{"md":{"insertions":0,"deletions":0}}},{"hash":"9e0b3d5113b9d72d89e48685485386e87341350f","messageTitle":"Rename index.md to README.md","messageBody":"Rename index.md to README.md","fileTypesAndContributionMap":{"md":{"insertions":0,"deletions":0}}},{"hash":"2011b1929a72bcc3ca6d5391adaa492b33c0d185","messageTitle":"Update README.md","messageBody":"Update README.md","fileTypesAndContributionMap":{"md":{"insertions":2,"deletions":2}}}]},{"date":"2020-09-15","commitResults":[{"hash":"d752500cc5edd852f9c8bff3eaa7cd843031f0ed","messageTitle":"Update README.md","messageBody":"","tags":["A-Release"],"fileTypesAndContributionMap":{"md":{"insertions":4,"deletions":0}}}]}]},"authorFileTypeContributionMap":{"Jillzyt":{"java":1959,"md":94,"fxml":35,"sh":60,"bat":2,"gradle":22,"txt":53}},"authorContributionVariance":{"Jillzyt":165531.47},"authorDisplayNameMap":{"Jillzyt":"CS2103-F10-3 ZENG..TING"}}
