{
  "authorDailyContributionsMap": {
    "khoongwk": [
      {
        "date": "2020-08-16",
        "commitResults": [
          {
            "hash": "86fbf9a519cf63a27d77d47f8eb6a286fddb7b95",
            "messageTitle": "Completed Increment Level-1 for greeting and echoing of commands. Option to exit using the command \u0027bye\u0027.",
            "messageBody": "",
            "tags": [
              "Level-1"
            ],
            "fileTypesAndContributionMap": {
              "java": {
                "insertions": 34,
                "deletions": 6
              }
            }
          },
          {
            "hash": "483fde44467d8c19f27c29d3387013f3b52c979b",
            "messageTitle": "Completed increment level 2 with ability to store entries temporarily and list them out with the \u0027list\u0027 command. Any other input besides \u0027bye\u0027 would be treated as an entry to store.",
            "messageBody": "",
            "tags": [
              "Level-2"
            ],
            "fileTypesAndContributionMap": {
              "java": {
                "insertions": 35,
                "deletions": 9
              }
            }
          },
          {
            "hash": "3e6c755abf7d05d4a2dda4eb442988853b3c867c",
            "messageTitle": "Completed increment level 3 with ability to mark a task as done.",
            "messageBody": "",
            "tags": [
              "Level-3"
            ],
            "fileTypesAndContributionMap": {
              "java": {
                "insertions": 51,
                "deletions": 6
              }
            }
          },
          {
            "hash": "4aacd1ab4a2239cdd49c3af2665b7d01fe934af7",
            "messageTitle": "Completed Level 4 with tasks event, deadline, and todo. More input checking to verify command is valid.",
            "messageBody": "",
            "tags": [
              "Level-4"
            ],
            "fileTypesAndContributionMap": {
              "java": {
                "insertions": 145,
                "deletions": 25
              }
            }
          }
        ]
      },
      {
        "date": "2020-08-17",
        "commitResults": [
          {
            "hash": "56259abb3f7ef57ed48cf8fb9a40cd0719620478",
            "messageTitle": "Completed level 5: Changed Input.txt and expected.txt",
            "messageBody": "",
            "tags": [
              "A-TextUiTesting"
            ],
            "fileTypesAndContributionMap": {
              "txt": {
                "insertions": 7,
                "deletions": 0
              },
              "java": {
                "insertions": 1,
                "deletions": 1
              },
              "bat": {
                "insertions": 1,
                "deletions": 1
              }
            }
          },
          {
            "hash": "abd909dba1a0da5bde6fb1437f572b51b1fa64d7",
            "messageTitle": "Level 5: Incorporated DukeException for error handling.",
            "messageBody": "",
            "tags": [
              "Level-5"
            ],
            "fileTypesAndContributionMap": {
              "java": {
                "insertions": 26,
                "deletions": 16
              }
            }
          },
          {
            "hash": "dfb4709a90e6526fb1547cc4dd11cf0d9aa03a69",
            "messageTitle": "Completed Level 6: Delete Function",
            "messageBody": "",
            "tags": [
              "Level-6"
            ],
            "fileTypesAndContributionMap": {
              "txt": {
                "insertions": 1,
                "deletions": 0
              },
              "java": {
                "insertions": 35,
                "deletions": 9
              }
            }
          }
        ]
      },
      {
        "date": "2020-08-26",
        "commitResults": [
          {
            "hash": "7e79d758b3016c56e74edfc90a2fafaa87b61511",
            "messageTitle": "Add Enums for Commands",
            "messageBody": "If-Else Control flow and the substring() is used to determine the user\u0027s\ninput i.e \u0027bye\u0027, \u0027done\u0027, \u0027todo\u0027, etc.\n\nHowever, this approach is messy and is not very readable.\n\nLet\u0027s use Enums and switch-case statements to improve the code\u0027s readability.\n",
            "tags": [
              "A-Enums"
            ],
            "fileTypesAndContributionMap": {
              "txt": {
                "insertions": 0,
                "deletions": 0
              },
              "java": {
                "insertions": 168,
                "deletions": 74
              },
              "bat": {
                "insertions": 7,
                "deletions": 0
              }
            }
          }
        ]
      }
    ]
  },
  "authorFileTypeContributionMap": {
    "khoongwk": {
      "java": 353,
      "md": 0,
      "fxml": 0,
      "sh": 0,
      "bat": 8,
      "gradle": 0,
      "txt": 8
    }
  },
  "authorContributionVariance": {
    "khoongwk": 10386.235
  },
  "authorDisplayNameMap": {
    "khoongwk": "KHOO.. KIT"
  }
}
