{
  "authorDailyContributionsMap": {
    "gsmoon97": [
      {
        "date": "2020-08-19",
        "commitResults": [
          {
            "hash": "2e7fc9a87d974307ab2a721452e00661e51a583d",
            "messageTitle": "Level-1",
            "messageBody": "",
            "tags": [
              "Level-1"
            ],
            "fileTypesAndContributionMap": {
              "java": {
                "insertions": 17,
                "deletions": 10
              },
              "sh": {
                "insertions": 1,
                "deletions": 1
              }
            }
          },
          {
            "hash": "d16976d39595a9e3a17adfa69284bdd4b770044c",
            "messageTitle": "Level-2",
            "messageBody": "",
            "tags": [
              "Level-2"
            ],
            "fileTypesAndContributionMap": {
              "java": {
                "insertions": 19,
                "deletions": 5
              }
            }
          },
          {
            "hash": "45cedbc970e1bc3a50d7ae5dad24c7b39aa883eb",
            "messageTitle": "Level-3",
            "messageBody": "",
            "tags": [
              "Level-3"
            ],
            "fileTypesAndContributionMap": {
              "java": {
                "insertions": 34,
                "deletions": 9
              }
            }
          }
        ]
      },
      {
        "date": "2020-08-20",
        "commitResults": [
          {
            "hash": "e1afcc3db3f3a0f8b481d2ef82fee33f9bbd8cc7",
            "messageTitle": "Level-4",
            "messageBody": "",
            "fileTypesAndContributionMap": {
              "java": {
                "insertions": 67,
                "deletions": 13
              }
            }
          },
          {
            "hash": "db3a5e001c0db94ad3d3c2732688ec8181d6acb4",
            "messageTitle": "Level-4",
            "messageBody": "",
            "tags": [
              "Level-4"
            ],
            "fileTypesAndContributionMap": {
              "java": {
                "insertions": 5,
                "deletions": 5
              }
            }
          },
          {
            "hash": "1c1223bd02630bf5c62c8afaa7096bf59c12cf13",
            "messageTitle": "A-TextUiTesting",
            "messageBody": "",
            "tags": [
              "A-TextUiTesting"
            ],
            "fileTypesAndContributionMap": {
              "txt": {
                "insertions": 7,
                "deletions": 0
              },
              "sh": {
                "insertions": 3,
                "deletions": 7
              }
            }
          },
          {
            "hash": "fef191cf9f6e2e56d6e758622fb05379d35205a6",
            "messageTitle": "Level-5",
            "messageBody": "",
            "fileTypesAndContributionMap": {
              "java": {
                "insertions": 125,
                "deletions": 30
              }
            }
          },
          {
            "hash": "5fdbb4a87fc4dc6ff36ff0a8723cd46ebbc44384",
            "messageTitle": "Level-5",
            "messageBody": "",
            "tags": [
              "Level-5"
            ],
            "fileTypesAndContributionMap": {
              "java": {
                "insertions": 34,
                "deletions": 24
              }
            }
          },
          {
            "hash": "73d095fdea296d91928a4c0f275be10cf9aa01a5",
            "messageTitle": "Level-6",
            "messageBody": "",
            "tags": [
              "Level-6"
            ],
            "fileTypesAndContributionMap": {
              "java": {
                "insertions": 34,
                "deletions": 1
              }
            }
          }
        ]
      },
      {
        "date": "2020-08-25",
        "commitResults": [
          {
            "hash": "037fc9464611abfcb72c2089032261e50ecdbc20",
            "messageTitle": "Level-7",
            "messageBody": "",
            "fileTypesAndContributionMap": {
              "txt": {
                "insertions": 2,
                "deletions": 0
              },
              "java": {
                "insertions": 129,
                "deletions": 37
              }
            }
          },
          {
            "hash": "bd41d4130ca7c71e5e41322d29f1c83604fcd042",
            "messageTitle": "Level-7 edit",
            "messageBody": "",
            "fileTypesAndContributionMap": {
              "txt": {
                "insertions": 0,
                "deletions": 7
              }
            }
          },
          {
            "hash": "e0666213d9fc58dbf77b0a35b0fee10d9f1400a8",
            "messageTitle": "Level-8",
            "messageBody": "",
            "fileTypesAndContributionMap": {
              "txt": {
                "insertions": 2,
                "deletions": 0
              },
              "java": {
                "insertions": 17,
                "deletions": 6
              }
            }
          },
          {
            "hash": "fbc7c5f8973052aebe9ce3f19394d2ad750a05bc",
            "messageTitle": "A-MoreOOP",
            "messageBody": "",
            "tags": [
              "A-MoreOOP"
            ],
            "fileTypesAndContributionMap": {
              "txt": {
                "insertions": 1,
                "deletions": 2
              },
              "java": {
                "insertions": 151,
                "deletions": 123
              }
            }
          },
          {
            "hash": "3a8919c68f7045126dda975aba2c671ab592fcaf",
            "messageTitle": "A-JUnit",
            "messageBody": "",
            "tags": [
              "A-JUnit"
            ],
            "fileTypesAndContributionMap": {
              "java": {
                "insertions": 15,
                "deletions": 0
              }
            }
          },
          {
            "hash": "8ff7045e7106703e93b25721002bbabd4c8c7336",
            "messageTitle": "A-Jar",
            "messageBody": "",
            "tags": [
              "v0.1",
              "A-Jar"
            ],
            "fileTypesAndContributionMap": {
              "md": {
                "insertions": 2,
                "deletions": 0
              }
            }
          },
          {
            "hash": "a149f59a5e38df7e9be33821a9ca5f27e9ee5210",
            "messageTitle": "Level-9",
            "messageBody": "",
            "tags": [
              "Level-9"
            ],
            "fileTypesAndContributionMap": {
              "java": {
                "insertions": 69,
                "deletions": 1
              },
              "md": {
                "insertions": 0,
                "deletions": 2
              }
            }
          }
        ]
      },
      {
        "date": "2020-09-02",
        "commitResults": [
          {
            "hash": "005871b732d303540747d0bc698342d281654cdf",
            "messageTitle": "Level-10",
            "messageBody": "",
            "fileTypesAndContributionMap": {
              "gradle": {
                "insertions": 15,
                "deletions": 0
              },
              "java": {
                "insertions": 97,
                "deletions": 21
              },
              "sh": {
                "insertions": 1,
                "deletions": 1
              }
            }
          }
        ]
      },
      {
        "date": "2020-09-04",
        "commitResults": [
          {
            "hash": "bd97b8c5652a4f6bcd8d7c1cd7bbf7a4d5db8e1d",
            "messageTitle": "reimplement gui",
            "messageBody": "",
            "fileTypesAndContributionMap": {
              "gradle": {
                "insertions": 2,
                "deletions": 7
              },
              "fxml": {
                "insertions": 39,
                "deletions": 0
              },
              "java": {
                "insertions": 291,
                "deletions": 144
              },
              "sh": {
                "insertions": 1,
                "deletions": 1
              }
            }
          }
        ]
      },
      {
        "date": "2020-09-06",
        "commitResults": [
          {
            "hash": "c757d2310e914aea47d0dcac4c75caa91a0cb2f6",
            "messageTitle": "organize codes to make more oop",
            "messageBody": "",
            "tags": [
              "A-Packages",
              "A-Enums"
            ],
            "fileTypesAndContributionMap": {
              "txt": {
                "insertions": 0,
                "deletions": 0
              },
              "java": {
                "insertions": 528,
                "deletions": 247
              }
            }
          }
        ]
      },
      {
        "date": "2020-09-08",
        "commitResults": [
          {
            "hash": "bd76be52e335eb30d23230ca49884dc9a718dccc",
            "messageTitle": "reimplement ExitCommand",
            "messageBody": "",
            "fileTypesAndContributionMap": {
              "java": {
                "insertions": 39,
                "deletions": 56
              }
            }
          },
          {
            "hash": "76d32880175a435193d68096b84ae4a86f2cba42",
            "messageTitle": "A-Assertions",
            "messageBody": "",
            "fileTypesAndContributionMap": {
              "java": {
                "insertions": 15,
                "deletions": 3
              }
            }
          },
          {
            "hash": "c5b8c58b670fa8677df93885d5983f5f8bfd46cc",
            "messageTitle": "A-CodeQuality",
            "messageBody": "",
            "fileTypesAndContributionMap": {
              "java": {
                "insertions": 14,
                "deletions": 81
              }
            }
          }
        ]
      },
      {
        "date": "2020-09-09",
        "commitResults": [
          {
            "hash": "c160f4949a6838112aa06fc36557cd357ba7b8f2",
            "messageTitle": "Reorganize code flow",
            "messageBody": "",
            "tags": [
              "BCD-Extension"
            ],
            "fileTypesAndContributionMap": {
              "java": {
                "insertions": 20,
                "deletions": 78
              }
            }
          },
          {
            "hash": "623aa8cf73d2fc4c051a2d574c32a7509c0b4a19",
            "messageTitle": "abstract commands",
            "messageBody": "",
            "fileTypesAndContributionMap": {
              "txt": {
                "insertions": 2,
                "deletions": 3
              },
              "java": {
                "insertions": 142,
                "deletions": 108
              }
            }
          }
        ]
      },
      {
        "date": "2020-09-14",
        "commitResults": [
          {
            "hash": "3e9f4029d3303aaf63dcd7a12b46e36ab7a624f6",
            "messageTitle": "A-BetterGui",
            "messageBody": "",
            "tags": [
              "A-CheckStyle",
              "A-BetterGui"
            ],
            "fileTypesAndContributionMap": {
              "gradle": {
                "insertions": 5,
                "deletions": 0
              },
              "txt": {
                "insertions": 1,
                "deletions": 0
              },
              "fxml": {
                "insertions": 6,
                "deletions": 1
              },
              "java": {
                "insertions": 168,
                "deletions": 51
              }
            }
          }
        ]
      },
      {
        "date": "2020-09-15",
        "commitResults": [
          {
            "hash": "eb55b752ce7a75b6a7274f836e3afc8ed937a631",
            "messageTitle": "add javadoc comments",
            "messageBody": "",
            "fileTypesAndContributionMap": {
              "java": {
                "insertions": 248,
                "deletions": 36
              }
            }
          }
        ]
      },
      {
        "date": "2020-09-16",
        "commitResults": [
          {
            "hash": "e9a7e07f4c9fc02b6145d2ea836e2c0071db6fa5",
            "messageTitle": "add Ui.png",
            "messageBody": "",
            "fileTypesAndContributionMap": {
              "txt": {
                "insertions": 2,
                "deletions": 3
              },
              "java": {
                "insertions": 11,
                "deletions": 8
              }
            }
          },
          {
            "hash": "99e9dedc1a50665079e2ec565c664271b07ca403",
            "messageTitle": "add user guide",
            "messageBody": "",
            "fileTypesAndContributionMap": {
              "txt": {
                "insertions": 2,
                "deletions": 2
              },
              "java": {
                "insertions": 94,
                "deletions": 54
              }
            }
          },
          {
            "hash": "7d846ec48912e23f8129e8ed91940956b9a4b6db",
            "messageTitle": "edit readme",
            "messageBody": "",
            "tags": [
              "A-UserGuide"
            ],
            "fileTypesAndContributionMap": {
              "md": {
                "insertions": 163,
                "deletions": 10
              }
            }
          },
          {
            "hash": "ee02e8d1b1954c548eb74c2b79a771d13a8f0960",
            "messageTitle": "remove duplicate readme",
            "messageBody": "",
            "fileTypesAndContributionMap": {
              "md": {
                "insertions": 0,
                "deletions": 26
              }
            }
          },
          {
            "hash": "463ef5c722c0f7ab49988417aa3a14543f36019b",
            "messageTitle": "resize image in readme",
            "messageBody": "",
            "fileTypesAndContributionMap": {
              "md": {
                "insertions": 3,
                "deletions": 1
              }
            }
          },
          {
            "hash": "816506623dc597fc9b286faab477fb24a46d83ce",
            "messageTitle": "center align image in readme",
            "messageBody": "",
            "fileTypesAndContributionMap": {
              "md": {
                "insertions": 4,
                "deletions": 3
              }
            }
          },
          {
            "hash": "84f9ab3028736ca8ef36949a9f8e73cae878dbc0",
            "messageTitle": "edit headings in readme",
            "messageBody": "",
            "fileTypesAndContributionMap": {
              "md": {
                "insertions": 1,
                "deletions": 1
              }
            }
          },
          {
            "hash": "15fa734fb249d75844fd637308b46b9445abc1f4",
            "messageTitle": "edit javadoc",
            "messageBody": "",
            "tags": [
              "A-Release"
            ],
            "fileTypesAndContributionMap": {
              "gradle": {
                "insertions": 1,
                "deletions": 1
              },
              "txt": {
                "insertions": 0,
                "deletions": 2
              },
              "java": {
                "insertions": 17,
                "deletions": 10
              }
            }
          }
        ]
      },
      {
        "date": "2020-09-18",
        "commitResults": [
          {
            "hash": "4ea008827c2928ea53bb1d65da9ac243695d534d",
            "messageTitle": "edit readme",
            "messageBody": "",
            "fileTypesAndContributionMap": {
              "java": {
                "insertions": 2,
                "deletions": 2
              },
              "md": {
                "insertions": 4,
                "deletions": 8
              }
            }
          },
          {
            "hash": "d596b93393cc28bdea68d36ceb936ee14337a629",
            "messageTitle": "reimplement Massops",
            "messageBody": "",
            "fileTypesAndContributionMap": {
              "fxml": {
                "insertions": 1,
                "deletions": 1
              },
              "java": {
                "insertions": 118,
                "deletions": 14
              }
            }
          },
          {
            "hash": "ca836811ea46bdda53cfb74b40e2c090fccdb5ef",
            "messageTitle": "update readme",
            "messageBody": "",
            "fileTypesAndContributionMap": {
              "md": {
                "insertions": 9,
                "deletions": 6
              }
            }
          }
        ]
      }
    ]
  },
  "authorFileTypeContributionMap": {
    "gsmoon97": {
      "java": 1353,
      "md": 153,
      "fxml": 44,
      "sh": 3,
      "bat": 0,
      "gradle": 19,
      "txt": 0
    }
  },
  "authorContributionVariance": {
    "gsmoon97": 37611.004
  },
  "authorDisplayNameMap": {
    "gsmoon97": "CS2103T-W11-4 MOON.. SIK"
  }
}
