{
  "authorDailyContributionsMap": {
    "gsmoon97": [
      {
        "date": "2020-08-19",
        "commitResults": [
          {
            "hash": "2e7fc9a87d974307ab2a721452e00661e51a583d",
            "messageTitle": "Level-1",
            "messageBody": "",
            "tags": [
              "Level-1"
            ],
            "fileTypesAndContributionMap": {
              "java": {
                "insertions": 17,
                "deletions": 10
              },
              "sh": {
                "insertions": 1,
                "deletions": 1
              }
            }
          },
          {
            "hash": "d16976d39595a9e3a17adfa69284bdd4b770044c",
            "messageTitle": "Level-2",
            "messageBody": "",
            "tags": [
              "Level-2"
            ],
            "fileTypesAndContributionMap": {
              "java": {
                "insertions": 19,
                "deletions": 5
              }
            }
          },
          {
            "hash": "45cedbc970e1bc3a50d7ae5dad24c7b39aa883eb",
            "messageTitle": "Level-3",
            "messageBody": "",
            "tags": [
              "Level-3"
            ],
            "fileTypesAndContributionMap": {
              "java": {
                "insertions": 34,
                "deletions": 9
              }
            }
          }
        ]
      },
      {
        "date": "2020-08-20",
        "commitResults": [
          {
            "hash": "e1afcc3db3f3a0f8b481d2ef82fee33f9bbd8cc7",
            "messageTitle": "Level-4",
            "messageBody": "",
            "fileTypesAndContributionMap": {
              "java": {
                "insertions": 67,
                "deletions": 13
              }
            }
          },
          {
            "hash": "db3a5e001c0db94ad3d3c2732688ec8181d6acb4",
            "messageTitle": "Level-4",
            "messageBody": "",
            "tags": [
              "Level-4"
            ],
            "fileTypesAndContributionMap": {
              "java": {
                "insertions": 5,
                "deletions": 5
              }
            }
          },
          {
            "hash": "1c1223bd02630bf5c62c8afaa7096bf59c12cf13",
            "messageTitle": "A-TextUiTesting",
            "messageBody": "",
            "tags": [
              "A-TextUiTesting"
            ],
            "fileTypesAndContributionMap": {
              "txt": {
                "insertions": 7,
                "deletions": 0
              },
              "sh": {
                "insertions": 3,
                "deletions": 7
              }
            }
          },
          {
            "hash": "fef191cf9f6e2e56d6e758622fb05379d35205a6",
            "messageTitle": "Level-5",
            "messageBody": "",
            "fileTypesAndContributionMap": {
              "java": {
                "insertions": 125,
                "deletions": 30
              }
            }
          },
          {
            "hash": "5fdbb4a87fc4dc6ff36ff0a8723cd46ebbc44384",
            "messageTitle": "Level-5",
            "messageBody": "",
            "tags": [
              "Level-5"
            ],
            "fileTypesAndContributionMap": {
              "java": {
                "insertions": 34,
                "deletions": 24
              }
            }
          },
          {
            "hash": "73d095fdea296d91928a4c0f275be10cf9aa01a5",
            "messageTitle": "Level-6",
            "messageBody": "",
            "tags": [
              "Level-6"
            ],
            "fileTypesAndContributionMap": {
              "java": {
                "insertions": 34,
                "deletions": 1
              }
            }
          }
        ]
      },
      {
        "date": "2020-08-25",
        "commitResults": [
          {
            "hash": "037fc9464611abfcb72c2089032261e50ecdbc20",
            "messageTitle": "Level-7",
            "messageBody": "",
            "fileTypesAndContributionMap": {
              "txt": {
                "insertions": 2,
                "deletions": 0
              },
              "java": {
                "insertions": 129,
                "deletions": 37
              }
            }
          },
          {
            "hash": "bd41d4130ca7c71e5e41322d29f1c83604fcd042",
            "messageTitle": "Level-7 edit",
            "messageBody": "",
            "fileTypesAndContributionMap": {
              "txt": {
                "insertions": 0,
                "deletions": 7
              }
            }
          },
          {
            "hash": "e0666213d9fc58dbf77b0a35b0fee10d9f1400a8",
            "messageTitle": "Level-8",
            "messageBody": "",
            "fileTypesAndContributionMap": {
              "txt": {
                "insertions": 2,
                "deletions": 0
              },
              "java": {
                "insertions": 17,
                "deletions": 6
              }
            }
          },
          {
            "hash": "fbc7c5f8973052aebe9ce3f19394d2ad750a05bc",
            "messageTitle": "A-MoreOOP",
            "messageBody": "",
            "tags": [
              "A-MoreOOP"
            ],
            "fileTypesAndContributionMap": {
              "txt": {
                "insertions": 1,
                "deletions": 2
              },
              "java": {
                "insertions": 151,
                "deletions": 123
              }
            }
          },
          {
            "hash": "3a8919c68f7045126dda975aba2c671ab592fcaf",
            "messageTitle": "A-JUnit",
            "messageBody": "",
            "tags": [
              "A-JUnit"
            ],
            "fileTypesAndContributionMap": {
              "java": {
                "insertions": 15,
                "deletions": 0
              }
            }
          },
          {
            "hash": "8ff7045e7106703e93b25721002bbabd4c8c7336",
            "messageTitle": "A-Jar",
            "messageBody": "",
            "tags": [
              "v0.1",
              "A-Jar"
            ],
            "fileTypesAndContributionMap": {
              "md": {
                "insertions": 2,
                "deletions": 0
              }
            }
          },
          {
            "hash": "a149f59a5e38df7e9be33821a9ca5f27e9ee5210",
            "messageTitle": "Level-9",
            "messageBody": "",
            "tags": [
              "Level-9"
            ],
            "fileTypesAndContributionMap": {
              "java": {
                "insertions": 69,
                "deletions": 1
              },
              "md": {
                "insertions": 0,
                "deletions": 2
              }
            }
          }
        ]
      },
      {
        "date": "2020-09-02",
        "commitResults": [
          {
            "hash": "005871b732d303540747d0bc698342d281654cdf",
            "messageTitle": "Level-10",
            "messageBody": "",
            "fileTypesAndContributionMap": {
              "gradle": {
                "insertions": 15,
                "deletions": 0
              },
              "java": {
                "insertions": 97,
                "deletions": 21
              },
              "sh": {
                "insertions": 1,
                "deletions": 1
              }
            }
          }
        ]
      },
      {
        "date": "2020-09-04",
        "commitResults": [
          {
            "hash": "bd97b8c5652a4f6bcd8d7c1cd7bbf7a4d5db8e1d",
            "messageTitle": "reimplement gui",
            "messageBody": "",
            "fileTypesAndContributionMap": {
              "gradle": {
                "insertions": 2,
                "deletions": 7
              },
              "fxml": {
                "insertions": 39,
                "deletions": 0
              },
              "java": {
                "insertions": 291,
                "deletions": 144
              },
              "sh": {
                "insertions": 1,
                "deletions": 1
              }
            }
          }
        ]
      },
      {
        "date": "2020-09-06",
        "commitResults": [
          {
            "hash": "c757d2310e914aea47d0dcac4c75caa91a0cb2f6",
            "messageTitle": "organize codes to make more oop",
            "messageBody": "",
            "fileTypesAndContributionMap": {
              "txt": {
                "insertions": 0,
                "deletions": 0
              },
              "java": {
                "insertions": 528,
                "deletions": 247
              }
            }
          }
        ]
      }
    ]
  },
  "authorFileTypeContributionMap": {
    "gsmoon97": {
      "java": 966,
      "md": 0,
      "fxml": 39,
      "sh": 3,
      "bat": 0,
      "gradle": 17,
      "txt": 3
    }
  },
  "authorContributionVariance": {
    "gsmoon97": 44469.418
  },
  "authorDisplayNameMap": {
    "gsmoon97": "CS2103T-W11-4 MOON.. SIK"
  }
}
