{"authorDailyContributionsMap":{"KOH-ZHE-HAO":[{"date":"2020-08-17","commitResults":[{"hash":"65447f76ced51372798140d150990a3851fa9761","messageTitle":"Complete implementation of level-1","messageBody":"","tags":["Level-1"],"fileTypesAndContributionMap":{"java":{"insertions":24,"deletions":6}}}]},{"date":"2020-08-19","commitResults":[{"hash":"609cec5927bb243c4eb652e3f043616c5a6d2e96","messageTitle":"Complete Implementation of level-2","messageBody":"","tags":["Level-2"],"fileTypesAndContributionMap":{"java":{"insertions":20,"deletions":4}}},{"hash":"e13895170195c63deee3c79000ca128b46110c7d","messageTitle":"Complete implementation of level-3","messageBody":"","tags":["Level-3"],"fileTypesAndContributionMap":{"java":{"insertions":62,"deletions":12}}},{"hash":"85831d2d81bee3918f330d27c1e68bba6b793f9f","messageTitle":"Complete implementation of level 4","messageBody":"","tags":["Level-4"],"fileTypesAndContributionMap":{"java":{"insertions":79,"deletions":19}}},{"hash":"000984a020c8e0ce61a957589bf85be6c918960d","messageTitle":"Complete implementation of A-TextUiTesting","messageBody":"","tags":["A-TextUiTesting"],"fileTypesAndContributionMap":{"txt":{"insertions":19,"deletions":0},"java":{"insertions":27,"deletions":7},"bat":{"insertions":4,"deletions":2}}},{"hash":"32de7c2a33564607f320d96f434bbeaca3eb7d9d","messageTitle":"Complete implementation of level-5","messageBody":"","tags":["Level-5"],"fileTypesAndContributionMap":{"java":{"insertions":49,"deletions":35}}},{"hash":"fa1ffaf71ed75937fb0b843407067849330d054f","messageTitle":"Complete implementation of level-6","messageBody":"","tags":["Level-6"],"fileTypesAndContributionMap":{"txt":{"insertions":4,"deletions":0},"java":{"insertions":34,"deletions":22}}}]},{"date":"2020-08-20","commitResults":[{"hash":"783f9c3633be62b81b84168dfec6ab7c079ce89f","messageTitle":"1. Fix the white space issue in EXPECTED.TXT 2. Format Duke.java to the Java coding standard","messageBody":"","tags":["Update"],"fileTypesAndContributionMap":{"java":{"insertions":10,"deletions":8}}}]},{"date":"2020-08-23","commitResults":[{"hash":"a40ce316d299a54ec086dc64b8c71b17fa42bcab","messageTitle":"Complete implementation of Level-7","messageBody":"","fileTypesAndContributionMap":{"txt":{"insertions":3,"deletions":0},"java":{"insertions":188,"deletions":29}}}]},{"date":"2020-08-24","commitResults":[{"hash":"2c020df7b4a8b8395037ddc310c85600374131e2","messageTitle":"Complete implementation of Level-8","messageBody":"","fileTypesAndContributionMap":{"java":{"insertions":80,"deletions":10}}},{"hash":"a60e141f5a0c63262dba38170ce7b9e196108745","messageTitle":"Complete implementation of A-MoreOOP","messageBody":"","tags":["A-MoreOOP"],"fileTypesAndContributionMap":{"txt":{"insertions":6,"deletions":3},"java":{"insertions":456,"deletions":259}}}]},{"date":"2020-08-25","commitResults":[{"hash":"644846cb2014fd8aeb29ac3aae697ca4745d1a58","messageTitle":"Complete implementation of A-JUnit","messageBody":"","tags":["A-Jar","A-JUnit"],"fileTypesAndContributionMap":{"txt":{"insertions":4,"deletions":2},"java":{"insertions":122,"deletions":1}}},{"hash":"a82bc608c978696716f76f4c23b46bada4141c89","messageTitle":"Update customised Exception","messageBody":"","fileTypesAndContributionMap":{"java":{"insertions":3,"deletions":9}}},{"hash":"639c3292e9bf5bc3aff9f1dc1a0f23451bae7109","messageTitle":"Complete implementation of A-JavaDoc","messageBody":"","fileTypesAndContributionMap":{"txt":{"insertions":1,"deletions":0},"java":{"insertions":94,"deletions":1}}},{"hash":"9f23bfceed787485c313629b192bfb609123728f","messageTitle":"Complete implementation of A-CodingStandard","messageBody":"","fileTypesAndContributionMap":{"java":{"insertions":8,"deletions":8}}},{"hash":"98b0462e040eca019db3105c3104cb1422470162","messageTitle":"Comeplete implementation of Level-9","messageBody":"","fileTypesAndContributionMap":{"txt":{"insertions":3,"deletions":1},"java":{"insertions":67,"deletions":10}}},{"hash":"f7d92fce7bb521779330807c5eace836ed1a8c0f","messageTitle":"Complete implementation of A-Packages","messageBody":"","tags":["A-Packages"],"fileTypesAndContributionMap":{"java":{"insertions":129,"deletions":2}}},{"hash":"e4bdf713364457a8eb0c8f9be433a1a8ab1f8f69","messageTitle":"Update 1. Optimize the code by turning task class to an abtract class 2. Adjust code based on the modification mentioned above","messageBody":"","fileTypesAndContributionMap":{"txt":{"insertions":4,"deletions":3},"java":{"insertions":16,"deletions":11}}}]},{"date":"2020-08-30","commitResults":[{"hash":"69c300e4d7530d0c0fa5351c68fd9df1fc1054c6","messageTitle":"Complete implementation of A-Gradle","messageBody":"","fileTypesAndContributionMap":{"gradle":{"insertions":1,"deletions":1},"java":{"insertions":3,"deletions":3}}},{"hash":"104cf81f85f342d0c4a67b03b087c27c261531ec","messageTitle":"Complete implementation of A-CheckStyle","messageBody":"","fileTypesAndContributionMap":{"gradle":{"insertions":1,"deletions":1}}}]},{"date":"2020-08-31","commitResults":[{"hash":"315eb07628ab0fc744c59244f9666fcb34c3d18b","messageTitle":"Comeplete implementation of Level-10 before using FXML","messageBody":"","fileTypesAndContributionMap":{"gradle":{"insertions":15,"deletions":0},"txt":{"insertions":3,"deletions":3},"java":{"insertions":279,"deletions":59}}}]},{"date":"2020-09-01","commitResults":[{"hash":"9ad9bd020786638946793b8f398d8a7e57df1a47","messageTitle":"Complete implementation of Level-10 with FXML","messageBody":"","fileTypesAndContributionMap":{"txt":{"insertions":1,"deletions":0},"fxml":{"insertions":35,"deletions":0},"java":{"insertions":152,"deletions":2}}}]},{"date":"2020-09-06","commitResults":[{"hash":"174c86b50eb67a93123f6cea07e183cdc5690f80","messageTitle":"Complete implementation of A-Assertions","messageBody":"","fileTypesAndContributionMap":{"gradle":{"insertions":2,"deletions":1},"txt":{"insertions":6,"deletions":4},"java":{"insertions":30,"deletions":14}}},{"hash":"79ffb4759a670cce32f59b09a79ee40544bf08d7","messageTitle":"Complete implementation of A-Lambdas and A-Streams","messageBody":"","fileTypesAndContributionMap":{"java":{"insertions":50,"deletions":45}}}]},{"date":"2020-09-07","commitResults":[{"hash":"e7176418e68bc3d3f7ed17b9b0c2107fcac0b87d","messageTitle":"Complete implementation of A-CodeQuality","messageBody":"","fileTypesAndContributionMap":{"java":{"insertions":229,"deletions":155}}},{"hash":"38cfca860872ad891a1503f322028fd0ccc31f13","messageTitle":"Complete implementation of C-Sort","messageBody":"","fileTypesAndContributionMap":{"txt":{"insertions":6,"deletions":4},"java":{"insertions":128,"deletions":8}}},{"hash":"4e6cd9e8c4b7e00e8bd49f4b8f633118bf79740b","messageTitle":"Fix checkStyle","messageBody":"","fileTypesAndContributionMap":{"java":{"insertions":10,"deletions":4}}}]},{"date":"2020-09-08","commitResults":[{"hash":"eaf8fec45098f5b28bdffc3a79e48e1fb812daeb","messageTitle":"Complete implementation of C-Update","messageBody":"","fileTypesAndContributionMap":{"txt":{"insertions":12,"deletions":9},"java":{"insertions":106,"deletions":17}}},{"hash":"bccba3d75c4784f7ee20a4d6d2dbc66a220384bc","messageTitle":"Complete implementation of B-Reminders","messageBody":"","fileTypesAndContributionMap":{"txt":{"insertions":7,"deletions":6},"java":{"insertions":102,"deletions":66}}}]},{"date":"2020-09-13","commitResults":[{"hash":"d5e6b6f894a6aabe499e2d59d4999ded13b1d271","messageTitle":"Complete implementation of A-BetterGui use customized css","messageBody":"","tags":["A-BetterGui"],"fileTypesAndContributionMap":{"java":{"insertions":26,"deletions":24}}},{"hash":"67f90b4f9faefffdb45215c1c9c8280c2e1c0ef9","messageTitle":"Finalize the features and tidy up code","messageBody":"","fileTypesAndContributionMap":{"java":{"insertions":36,"deletions":30}}},{"hash":"501aa3b87d3023920586cb28a80ea8cb126b4b20","messageTitle":"Update tasks.txt for product website","messageBody":"","fileTypesAndContributionMap":{"txt":{"insertions":2,"deletions":14}}}]},{"date":"2020-09-14","commitResults":[{"hash":"79daa57079fc38be7f17e4362e5295c2dea6032e","messageTitle":"Complete README in docs","messageBody":"","tags":["A-UserGuide"],"fileTypesAndContributionMap":{"txt":{"insertions":0,"deletions":2},"java":{"insertions":1,"deletions":1},"md":{"insertions":159,"deletions":8}}},{"hash":"5769bf8417087ad2dbb0e50f37a95c22215fc029","messageTitle":"Update README","messageBody":"","fileTypesAndContributionMap":{"md":{"insertions":7,"deletions":6}}},{"hash":"280b843df6c4c931b94f51b2f99c078e2053ed6e","messageTitle":"Update README","messageBody":"","fileTypesAndContributionMap":{"md":{"insertions":2,"deletions":1}}},{"hash":"59c668f7e8d571c89806dc09c6128b31de634181","messageTitle":"Improve GUI","messageBody":"","tags":["A-Release"],"fileTypesAndContributionMap":{"txt":{"insertions":3,"deletions":0},"java":{"insertions":22,"deletions":8}}}]},{"date":"2020-09-21","commitResults":[{"hash":"3807d1692876012f24456b2af8c845f2b1bee8ec","messageTitle":"Improve coding standard","messageBody":"","fileTypesAndContributionMap":{"java":{"insertions":74,"deletions":40}}}]}]},"authorFileTypeContributionMap":{"KOH-ZHE-HAO":{"java":1797,"md":158,"fxml":35,"sh":0,"bat":3,"gradle":18,"txt":32}},"authorContributionVariance":{"KOH-ZHE-HAO":35214.895},"authorDisplayNameMap":{"KOH-ZHE-HAO":"CS2103T-W16-1 KOH .. HAO"}}
