{
  "authorDailyContributionsMap": {
    "KOH-ZHE-HAO": [
      {
        "date": "2020-08-17",
        "commitResults": [
          {
            "hash": "65447f76ced51372798140d150990a3851fa9761",
            "messageTitle": "Complete implementation of level-1",
            "messageBody": "",
            "tags": [
              "Level-1"
            ],
            "fileTypesAndContributionMap": {
              "java": {
                "insertions": 24,
                "deletions": 6
              }
            }
          }
        ]
      },
      {
        "date": "2020-08-19",
        "commitResults": [
          {
            "hash": "609cec5927bb243c4eb652e3f043616c5a6d2e96",
            "messageTitle": "Complete Implementation of level-2",
            "messageBody": "",
            "tags": [
              "Level-2"
            ],
            "fileTypesAndContributionMap": {
              "java": {
                "insertions": 20,
                "deletions": 4
              }
            }
          },
          {
            "hash": "e13895170195c63deee3c79000ca128b46110c7d",
            "messageTitle": "Complete implementation of level-3",
            "messageBody": "",
            "tags": [
              "Level-3"
            ],
            "fileTypesAndContributionMap": {
              "java": {
                "insertions": 62,
                "deletions": 12
              }
            }
          },
          {
            "hash": "85831d2d81bee3918f330d27c1e68bba6b793f9f",
            "messageTitle": "Complete implementation of level 4",
            "messageBody": "",
            "tags": [
              "Level-4"
            ],
            "fileTypesAndContributionMap": {
              "java": {
                "insertions": 79,
                "deletions": 19
              }
            }
          },
          {
            "hash": "000984a020c8e0ce61a957589bf85be6c918960d",
            "messageTitle": "Complete implementation of A-TextUiTesting",
            "messageBody": "",
            "tags": [
              "A-TextUiTesting"
            ],
            "fileTypesAndContributionMap": {
              "txt": {
                "insertions": 19,
                "deletions": 0
              },
              "java": {
                "insertions": 27,
                "deletions": 7
              },
              "bat": {
                "insertions": 4,
                "deletions": 2
              }
            }
          },
          {
            "hash": "32de7c2a33564607f320d96f434bbeaca3eb7d9d",
            "messageTitle": "Complete implementation of level-5",
            "messageBody": "",
            "tags": [
              "Level-5"
            ],
            "fileTypesAndContributionMap": {
              "java": {
                "insertions": 49,
                "deletions": 35
              }
            }
          },
          {
            "hash": "fa1ffaf71ed75937fb0b843407067849330d054f",
            "messageTitle": "Complete implementation of level-6",
            "messageBody": "",
            "tags": [
              "Level-6"
            ],
            "fileTypesAndContributionMap": {
              "txt": {
                "insertions": 4,
                "deletions": 0
              },
              "java": {
                "insertions": 34,
                "deletions": 22
              }
            }
          }
        ]
      },
      {
        "date": "2020-08-20",
        "commitResults": [
          {
            "hash": "783f9c3633be62b81b84168dfec6ab7c079ce89f",
            "messageTitle": "1. Fix the white space issue in EXPECTED.TXT 2. Format Duke.java to the Java coding standard",
            "messageBody": "",
            "tags": [
              "Update"
            ],
            "fileTypesAndContributionMap": {
              "java": {
                "insertions": 10,
                "deletions": 8
              }
            }
          }
        ]
      },
      {
        "date": "2020-08-23",
        "commitResults": [
          {
            "hash": "a40ce316d299a54ec086dc64b8c71b17fa42bcab",
            "messageTitle": "Complete implementation of Level-7",
            "messageBody": "",
            "fileTypesAndContributionMap": {
              "txt": {
                "insertions": 3,
                "deletions": 0
              },
              "java": {
                "insertions": 188,
                "deletions": 29
              }
            }
          }
        ]
      },
      {
        "date": "2020-08-24",
        "commitResults": [
          {
            "hash": "2c020df7b4a8b8395037ddc310c85600374131e2",
            "messageTitle": "Complete implementation of Level-8",
            "messageBody": "",
            "fileTypesAndContributionMap": {
              "java": {
                "insertions": 80,
                "deletions": 10
              }
            }
          },
          {
            "hash": "a60e141f5a0c63262dba38170ce7b9e196108745",
            "messageTitle": "Complete implementation of A-MoreOOP",
            "messageBody": "",
            "tags": [
              "A-MoreOOP"
            ],
            "fileTypesAndContributionMap": {
              "txt": {
                "insertions": 6,
                "deletions": 3
              },
              "java": {
                "insertions": 456,
                "deletions": 259
              }
            }
          }
        ]
      },
      {
        "date": "2020-08-25",
        "commitResults": [
          {
            "hash": "644846cb2014fd8aeb29ac3aae697ca4745d1a58",
            "messageTitle": "Complete implementation of A-JUnit",
            "messageBody": "",
            "tags": [
              "A-Jar",
              "A-JUnit"
            ],
            "fileTypesAndContributionMap": {
              "txt": {
                "insertions": 4,
                "deletions": 2
              },
              "java": {
                "insertions": 122,
                "deletions": 1
              }
            }
          },
          {
            "hash": "a82bc608c978696716f76f4c23b46bada4141c89",
            "messageTitle": "Update customised Exception",
            "messageBody": "",
            "fileTypesAndContributionMap": {
              "java": {
                "insertions": 3,
                "deletions": 9
              }
            }
          },
          {
            "hash": "639c3292e9bf5bc3aff9f1dc1a0f23451bae7109",
            "messageTitle": "Complete implementation of A-JavaDoc",
            "messageBody": "",
            "fileTypesAndContributionMap": {
              "txt": {
                "insertions": 1,
                "deletions": 0
              },
              "java": {
                "insertions": 94,
                "deletions": 1
              }
            }
          },
          {
            "hash": "9f23bfceed787485c313629b192bfb609123728f",
            "messageTitle": "Complete implementation of A-CodingStandard",
            "messageBody": "",
            "fileTypesAndContributionMap": {
              "java": {
                "insertions": 8,
                "deletions": 8
              }
            }
          },
          {
            "hash": "98b0462e040eca019db3105c3104cb1422470162",
            "messageTitle": "Comeplete implementation of Level-9",
            "messageBody": "",
            "fileTypesAndContributionMap": {
              "txt": {
                "insertions": 3,
                "deletions": 1
              },
              "java": {
                "insertions": 67,
                "deletions": 10
              }
            }
          },
          {
            "hash": "f7d92fce7bb521779330807c5eace836ed1a8c0f",
            "messageTitle": "Complete implementation of A-Packages",
            "messageBody": "",
            "tags": [
              "A-Packages"
            ],
            "fileTypesAndContributionMap": {
              "java": {
                "insertions": 129,
                "deletions": 2
              }
            }
          },
          {
            "hash": "e4bdf713364457a8eb0c8f9be433a1a8ab1f8f69",
            "messageTitle": "Update 1. Optimize the code by turning task class to an abtract class 2. Adjust code based on the modification mentioned above",
            "messageBody": "",
            "fileTypesAndContributionMap": {
              "txt": {
                "insertions": 4,
                "deletions": 3
              },
              "java": {
                "insertions": 16,
                "deletions": 11
              }
            }
          }
        ]
      }
    ]
  },
  "authorFileTypeContributionMap": {
    "KOH-ZHE-HAO": {
      "java": 1023,
      "md": 0,
      "fxml": 0,
      "sh": 0,
      "bat": 3,
      "gradle": 0,
      "txt": 34
    }
  },
  "authorContributionVariance": {
    "KOH-ZHE-HAO": 66143.5
  },
  "authorDisplayNameMap": {
    "KOH-ZHE-HAO": "CS2103T-W16-1 KOH .. HAO"
  }
}
