{
  "authorDailyContributionsMap": {
    "Asthenosphere": [
      {
        "date": "2020-08-15",
        "commitResults": [
          {
            "hash": "7e5d63e3f9c80d244fe54999cf85f76151bdb09b",
            "messageTitle": "chore: modified logo",
            "messageBody": "",
            "fileTypesAndContributionMap": {
              "java": {
                "insertions": 27,
                "deletions": 6
              }
            }
          },
          {
            "hash": "bb296612fa49be861ffdc093814ba9855da043fe",
            "messageTitle": "feat: built echo feature",
            "messageBody": "",
            "tags": [
              "Level-1"
            ],
            "fileTypesAndContributionMap": {
              "java": {
                "insertions": 38,
                "deletions": 18
              }
            }
          }
        ]
      },
      {
        "date": "2020-08-16",
        "commitResults": [
          {
            "hash": "78ea7669712df49b6763124690c2659b4df5b3d1",
            "messageTitle": "feat: added functionalities to add and list tasks",
            "messageBody": "",
            "tags": [
              "Level-2"
            ],
            "fileTypesAndContributionMap": {
              "java": {
                "insertions": 38,
                "deletions": 4
              }
            }
          },
          {
            "hash": "b173bb78381a5e2d9f68758423de84ee8e1cc6cb",
            "messageTitle": "feat: added mark as done functionality",
            "messageBody": "",
            "tags": [
              "Level-3"
            ],
            "fileTypesAndContributionMap": {
              "java": {
                "insertions": 37,
                "deletions": 6
              }
            }
          },
          {
            "hash": "8e99a73514989f9b3b17267a634ba1558062a34d",
            "messageTitle": "feat: added ToDos, Events and Deadlines",
            "messageBody": "",
            "tags": [
              "Level-4"
            ],
            "fileTypesAndContributionMap": {
              "java": {
                "insertions": 66,
                "deletions": 6
              }
            }
          },
          {
            "hash": "1421eacb98253010220e4b6b3ebcedf5059f7c13",
            "messageTitle": "test: added test-ui-testing",
            "messageBody": "",
            "tags": [
              "A-TextUiTesting"
            ],
            "fileTypesAndContributionMap": {
              "txt": {
                "insertions": 13,
                "deletions": 0
              },
              "java": {
                "insertions": 1,
                "deletions": 11
              },
              "sh": {
                "insertions": 5,
                "deletions": 1
              }
            }
          },
          {
            "hash": "5dbb97da5c44c472c246a8b48389af88ee24770b",
            "messageTitle": "feat: added error handling",
            "messageBody": "",
            "tags": [
              "Level-5"
            ],
            "fileTypesAndContributionMap": {
              "java": {
                "insertions": 33,
                "deletions": 3
              }
            }
          },
          {
            "hash": "ce27f04da68375cf68bca04234d36a4864a5ceed",
            "messageTitle": "feat: added delete functionality",
            "messageBody": "",
            "tags": [
              "Level-6"
            ],
            "fileTypesAndContributionMap": {
              "java": {
                "insertions": 58,
                "deletions": 41
              }
            }
          },
          {
            "hash": "62e29ea1f6035b5a95358193b31eeaa363ad7c70",
            "messageTitle": "test: updated test",
            "messageBody": "",
            "fileTypesAndContributionMap": {
              "txt": {
                "insertions": 11,
                "deletions": 0
              },
              "java": {
                "insertions": 1,
                "deletions": 1
              }
            }
          },
          {
            "hash": "e77489792eb519c909877986165f591274dc1582",
            "messageTitle": "refactor: added enums",
            "messageBody": "",
            "tags": [
              "A-Enums"
            ],
            "fileTypesAndContributionMap": {
              "java": {
                "insertions": 50,
                "deletions": 8
              }
            }
          }
        ]
      },
      {
        "date": "2020-08-19",
        "commitResults": [
          {
            "hash": "51c7e23eb7505c182d82400f830ded4069d7c852",
            "messageTitle": "chore: renamed method for input processing",
            "messageBody": "",
            "fileTypesAndContributionMap": {
              "java": {
                "insertions": 2,
                "deletions": 2
              }
            }
          }
        ]
      },
      {
        "date": "2020-08-23",
        "commitResults": [
          {
            "hash": "aa6e4de70bf2356461e95c8c934d5fdb794d9662",
            "messageTitle": "feat: add data storage",
            "messageBody": "",
            "tags": [
              "Level-7"
            ],
            "fileTypesAndContributionMap": {
              "java": {
                "insertions": 117,
                "deletions": 9
              },
              "sh": {
                "insertions": 6,
                "deletions": 0
              }
            }
          },
          {
            "hash": "2187c770167d8485bd17358479bd488b07cb8bcd",
            "messageTitle": "feat: add dates and time",
            "messageBody": "",
            "tags": [
              "Level-8"
            ],
            "fileTypesAndContributionMap": {
              "java": {
                "insertions": 71,
                "deletions": 25
              }
            }
          }
        ]
      },
      {
        "date": "2020-08-24",
        "commitResults": [
          {
            "hash": "59d8b43ac392536aecc1380c16a93a700aee6007",
            "messageTitle": "refactor: extract out Ui from Duke",
            "messageBody": "",
            "fileTypesAndContributionMap": {
              "java": {
                "insertions": 70,
                "deletions": 39
              }
            }
          },
          {
            "hash": "33f9b43b6cb42d68f6cb18e827d524f4d6ca8214",
            "messageTitle": "fix: fix index out of bound bug",
            "messageBody": "",
            "fileTypesAndContributionMap": {
              "txt": {
                "insertions": 2,
                "deletions": 1
              },
              "java": {
                "insertions": 4,
                "deletions": 1
              }
            }
          },
          {
            "hash": "e1a9c40ddd1bf420c44f6367f752e6202b67c886",
            "messageTitle": "refactor: add more OOP",
            "messageBody": "",
            "tags": [
              "A-MoreOOP"
            ],
            "fileTypesAndContributionMap": {
              "txt": {
                "insertions": 14,
                "deletions": 0
              },
              "java": {
                "insertions": 322,
                "deletions": 206
              }
            }
          }
        ]
      },
      {
        "date": "2020-08-25",
        "commitResults": [
          {
            "hash": "558c980ad20c2cb76d56296cd5ec0c0ca3aad8f5",
            "messageTitle": "refactor: organise classes into packages",
            "messageBody": "",
            "tags": [
              "A-Packages"
            ],
            "fileTypesAndContributionMap": {
              "java": {
                "insertions": 152,
                "deletions": 55
              }
            }
          },
          {
            "hash": "ea1bd8f6b104f9e1e9fda4181c339cd3d37e928c",
            "messageTitle": "test: add unit test",
            "messageBody": "",
            "tags": [
              "A-JUnit"
            ],
            "fileTypesAndContributionMap": {
              "txt": {
                "insertions": 22,
                "deletions": 21
              },
              "java": {
                "insertions": 354,
                "deletions": 9
              }
            }
          },
          {
            "hash": "ccdfa51766427919ca332a30ec08056c6bf489e4",
            "messageTitle": "feat: create jar and modify ui test",
            "messageBody": "",
            "tags": [
              "A-Jar"
            ],
            "fileTypesAndContributionMap": {
              "txt": {
                "insertions": 1,
                "deletions": 0
              },
              "java": {
                "insertions": 4,
                "deletions": 5
              },
              "sh": {
                "insertions": 2,
                "deletions": 2
              }
            }
          },
          {
            "hash": "fc8475b3ab3517b38cfd098c491ce573c93a2f4c",
            "messageTitle": "fix: fix ui line length",
            "messageBody": "",
            "fileTypesAndContributionMap": {
              "java": {
                "insertions": 2,
                "deletions": 2
              }
            }
          },
          {
            "hash": "479b39101e878b3b12dc31b4b0b8112bde19c961",
            "messageTitle": "fix: extract out file path to constant",
            "messageBody": "",
            "fileTypesAndContributionMap": {
              "java": {
                "insertions": 2,
                "deletions": 2
              }
            }
          },
          {
            "hash": "61eb32a3fa3b0d488fec4d0d8e2e045b045af59f",
            "messageTitle": "chore: improve code quality",
            "messageBody": "",
            "tags": [
              "A-CodingStandard"
            ],
            "fileTypesAndContributionMap": {
              "java": {
                "insertions": 11,
                "deletions": 1
              }
            }
          },
          {
            "hash": "6bb7d4ea88d03b4cd4157d0a99da995ece59568d",
            "messageTitle": "feat: add find command",
            "messageBody": "",
            "tags": [
              "Level-9"
            ],
            "fileTypesAndContributionMap": {
              "txt": {
                "insertions": 1,
                "deletions": 0
              },
              "java": {
                "insertions": 79,
                "deletions": 26
              }
            }
          },
          {
            "hash": "a158f49b0909c501f0fb60f520127a9109bfec77",
            "messageTitle": "docs: add JavaDocs",
            "messageBody": "",
            "tags": [
              "A-JavaDoc"
            ],
            "fileTypesAndContributionMap": {
              "java": {
                "insertions": 416,
                "deletions": 26
              }
            }
          },
          {
            "hash": "04f3092f68df74dec8b96b80838441db270433db",
            "messageTitle": "test: modify text ui test",
            "messageBody": "",
            "fileTypesAndContributionMap": {
              "txt": {
                "insertions": 6,
                "deletions": 0
              }
            }
          },
          {
            "hash": "2436a4841a2fef9f756abbcf1dcf049e125deba4",
            "messageTitle": "feat: add command to query pending or completed tasks",
            "messageBody": "",
            "fileTypesAndContributionMap": {
              "txt": {
                "insertions": 5,
                "deletions": 0
              },
              "java": {
                "insertions": 88,
                "deletions": 2
              }
            }
          },
          {
            "hash": "9ea41290f9b447c0eaa81352a1932ba572edc37a",
            "messageTitle": "test: add more testcases",
            "messageBody": "",
            "fileTypesAndContributionMap": {
              "java": {
                "insertions": 43,
                "deletions": 0
              }
            }
          }
        ]
      },
      {
        "date": "2020-08-31",
        "commitResults": [
          {
            "hash": "8df0b0b213614c420fabbb370b420848789d0d31",
            "messageTitle": "add gradle support",
            "messageBody": "",
            "tags": [
              "A-Gradle"
            ],
            "fileTypesAndContributionMap": {
              "gradle": {
                "insertions": 1,
                "deletions": 1
              }
            }
          },
          {
            "hash": "fea4a5f45d1ed30f13070f1de0a5f4f8af3bd368",
            "messageTitle": "fix all checkstyle errors",
            "messageBody": "",
            "tags": [
              "A-CheckStyle"
            ],
            "fileTypesAndContributionMap": {
              "gradle": {
                "insertions": 2,
                "deletions": 1
              },
              "java": {
                "insertions": 126,
                "deletions": 75
              }
            }
          },
          {
            "hash": "e23516df642c0489aaea7d2f68e67fc305f90d99",
            "messageTitle": "improve code quality",
            "messageBody": "",
            "fileTypesAndContributionMap": {
              "java": {
                "insertions": 77,
                "deletions": 28
              }
            }
          }
        ]
      }
    ]
  },
  "authorFileTypeContributionMap": {
    "Asthenosphere": {
      "java": 1695,
      "md": 0,
      "fxml": 0,
      "sh": 12,
      "bat": 0,
      "gradle": 3,
      "txt": 53
    }
  },
  "authorContributionVariance": {
    "Asthenosphere": 112836.0
  },
  "authorDisplayNameMap": {
    "Asthenosphere": "CS2103T-T11-1 WANG.. LUO"
  }
}
