{
  "authorDailyContributionsMap": {
    "ianyong": [
      {
        "date": "2020-08-15",
        "commitResults": [
          {
            "hash": "1d3b6f1fe78880176c2499865b10612caa92520c",
            "messageTitle": "Add Level 1: Greet, Echo, Exit (#9)",
            "messageBody": "* Add PrettyPrinter\r\n\r\n* Add REPL",
            "tags": [
              "Level-1"
            ],
            "fileTypesAndContributionMap": {
              "java": {
                "insertions": 106,
                "deletions": 6
              }
            }
          },
          {
            "hash": "1f9d5463a4df95672d85f0aa6377e6a7a1256f0f",
            "messageTitle": "Add Level 2: Add, List (#10)",
            "messageBody": "* Add Task\r\n\r\n* Add TaskManager",
            "tags": [
              "Level-2"
            ],
            "fileTypesAndContributionMap": {
              "java": {
                "insertions": 78,
                "deletions": 6
              }
            }
          }
        ]
      },
      {
        "date": "2020-08-16",
        "commitResults": [
          {
            "hash": "688b554cc7e42a0de8bcbb17358ab2b753addf98",
            "messageTitle": "Add Level 3: Mark as Done (#11)",
            "messageBody": "* Track completion state in Task\r\n\r\n* Add \u0027markAsDone\u0027 method to TaskManager\r\n\r\n* Catch exceptions when marking a task as done",
            "tags": [
              "Level-3"
            ],
            "fileTypesAndContributionMap": {
              "java": {
                "insertions": 59,
                "deletions": 5
              }
            }
          },
          {
            "hash": "492ed37ee5dcd8f388b2aef23bde0cf9c44de4d7",
            "messageTitle": "Add Level 4: ToDos, Events, Deadlines (#12)",
            "messageBody": "* Add ToDo\r\n\r\n* Add Deadline and Event\r\n\r\n* Refactor adding of tasks to be more generic\r\n\r\n* Update output to match Level 4\u0027s example\r\n\r\n* Use string resources instead of hard coded strings\r\n\r\n* Extract remaining hard coded strings to the resource file\r\n\r\n* Update Javadoc descriptions",
            "tags": [
              "Level-4"
            ],
            "fileTypesAndContributionMap": {
              "java": {
                "insertions": 233,
                "deletions": 45
              }
            }
          },
          {
            "hash": "09889d5b39acf591aff7db8b0f9dc01ff2d555f3",
            "messageTitle": "Add A-Enums: Use Enums if Applicable (#13)",
            "messageBody": "* Refactor classes into packages\r\n\r\nFor better organisation\r\n\r\n* Add Command enum",
            "tags": [
              "A-Enums"
            ],
            "fileTypesAndContributionMap": {
              "java": {
                "insertions": 104,
                "deletions": 39
              }
            }
          }
        ]
      },
      {
        "date": "2020-08-17",
        "commitResults": [
          {
            "hash": "834e06bf05a1297479bc0da22390092450dd0b6e",
            "messageTitle": "Add Level 5: Handle Errors (#14)",
            "messageBody": "* Add validation for the \u0027done\u0027 command\r\n\r\n* Add validation for the \u0027deadline\u0027 and \u0027event\u0027 commands\r\n\r\n* Add validation for the \u0027bye\u0027 and \u0027list\u0027 commands\r\n\r\n* Add validation for the \u0027todo\u0027 command\r\n\r\n* Make use of enum abstract method\r\n\r\n* Improve tokenisation of user input",
            "tags": [
              "Level-5"
            ],
            "fileTypesAndContributionMap": {
              "java": {
                "insertions": 155,
                "deletions": 19
              }
            }
          },
          {
            "hash": "0842fc0d903916e78ac5e140a87ed9f1fd83171d",
            "messageTitle": "Add Level 6: Delete (#15)",
            "messageBody": "* Add remove task functionality to TaskManager\r\n\r\n* Add \u0027delete\u0027 command to REPL",
            "tags": [
              "Level-6"
            ],
            "fileTypesAndContributionMap": {
              "java": {
                "insertions": 71,
                "deletions": 18
              }
            }
          }
        ]
      },
      {
        "date": "2020-08-18",
        "commitResults": [
          {
            "hash": "f8163ff41915f1eba9ee4c88abe99f95b670e67e",
            "messageTitle": "Add A-TextUiTesting: Automated Text UI Testing (#16)",
            "messageBody": "* Get runtest.bat working with packages and properties files\r\n\r\n* Get runtest.sh working with packages and properties files\r\n\r\n* Set output encoding for runtest.bat to UTF-8\r\n\r\n* Add input and expected output",
            "tags": [
              "A-TextUiTesting"
            ],
            "fileTypesAndContributionMap": {
              "txt": {
                "insertions": 18,
                "deletions": 0
              },
              "bat": {
                "insertions": 24,
                "deletions": 4
              },
              "sh": {
                "insertions": 15,
                "deletions": 7
              }
            }
          }
        ]
      },
      {
        "date": "2020-08-25",
        "commitResults": [
          {
            "hash": "f5a41ec8ac31b54c6d0e8d27e56dea43129040d7",
            "messageTitle": "Add Level 7: Save (#26)",
            "messageBody": "Squashed commit of the following:\n\ncommit d7dc437c659b5d724ed060c8530438566ddd26ae\nAuthor: Ian Yong \u003cianyongyc@gmail.com\u003e\nDate:   Tue Aug 25 16:54:42 2020 +0800\n\n    Fix NullPointerException when file does not exist\n\ncommit 58d56eecacaf3e80df19d87d47554629d4683e0a\nAuthor: Ian Yong \u003cianyongyc@gmail.com\u003e\nDate:   Tue Aug 25 16:38:33 2020 +0800\n\n    Add state retrieval to PersistentList\n\ncommit da7edf2508057a443c8a0d1cbb3f719c5ec68ee2\nAuthor: Ian Yong \u003cianyongyc@gmail.com\u003e\nDate:   Tue Aug 25 14:00:40 2020 +0800\n\n    Set encoding of System.out to UTF-8\n\ncommit 1414a9b6f1cde6d057e91c0ddb6818b8ff682af8\nAuthor: Ian Yong \u003cianyongyc@gmail.com\u003e\nDate:   Tue Aug 25 13:50:31 2020 +0800\n\n    Fully implement PersistentList\n\ncommit 8ed2c196218f279e0eeac42dd2fd22118df9c48f\nAuthor: Ian Yong \u003cianyongyc@gmail.com\u003e\nDate:   Tue Aug 25 03:04:08 2020 +0800\n\n    Fix error when file parent dir does not exist\n\ncommit 5d00998567b59cd1d18abad5f0038942cce85f29\nAuthor: Ian Yong \u003cianyongyc@gmail.com\u003e\nDate:   Tue Aug 25 03:03:40 2020 +0800\n\n    Update .gitignore\n\n    Ignore /data\n\ncommit 18866e61d81631ac71fa2b96d9be068cbdac1c85\nAuthor: Ian Yong \u003cianyongyc@gmail.com\u003e\nDate:   Tue Aug 25 02:59:39 2020 +0800\n\n    Add PersistentList\n\ncommit 05791c1b024f77928c2e8b0afcb549b2d89d25ba\nAuthor: Ian Yong \u003cianyongyc@gmail.com\u003e\nDate:   Tue Aug 25 02:13:00 2020 +0800\n\n    Add StorageManager\n\ncommit 63b3ff88cab30d5f8ac98909a547d345e0281298\nAuthor: damithc \u003cdamithch@damithch-mbp.comp.nus.edu.sg\u003e\nDate:   Mon May 25 00:58:18 2020 +0800\n\n    Add Gradle support\n",
            "tags": [
              "Level-7"
            ],
            "fileTypesAndContributionMap": {
              "gradle": {
                "insertions": 48,
                "deletions": 0
              },
              "java": {
                "insertions": 670,
                "deletions": 1
              },
              "bat": {
                "insertions": 103,
                "deletions": 0
              }
            }
          },
          {
            "hash": "631e878a9fd76441ba97a76922922d6f8e783ea7",
            "messageTitle": "Add Level 8: Dates and Times (#27)",
            "messageBody": "Squashed commit of the following:\n\ncommit 654ce37d4bf74c7224223a5a1d70b28fb67579a1\nAuthor: Ian Yong \u003cianyongyc@gmail.com\u003e\nDate:   Tue Aug 25 18:42:22 2020 +0800\n\n    Add \u0027overdue\u0027 command to display overdue tasks\n\ncommit 4317ee522fcc6b5bf7c4508f43f0f23ddfe595be\nAuthor: Ian Yong \u003cianyongyc@gmail.com\u003e\nDate:   Tue Aug 25 18:37:41 2020 +0800\n\n    Add \u0027upcoming\u0027 command to display upcoming tasks\n\ncommit b552e10583529faeb11cc152c902c10ae497d568\nAuthor: Ian Yong \u003cianyongyc@gmail.com\u003e\nDate:   Tue Aug 25 18:02:02 2020 +0800\n\n    Format displayed datetime\n\ncommit 61cedad408d8bff1fb67e0f899129cf97dfaaafd\nAuthor: Ian Yong \u003cianyongyc@gmail.com\u003e\nDate:   Tue Aug 25 17:48:16 2020 +0800\n\n    Update Deadline and Event tasks to use LocalDateTime\n\ncommit e0c9eb430864db278dbc5248cfdd5029001a242e\nAuthor: Ian Yong \u003cianyongyc@gmail.com\u003e\nDate:   Tue Aug 25 17:27:45 2020 +0800\n\n    Add DateTimeParser\n",
            "fileTypesAndContributionMap": {
              "java": {
                "insertions": 260,
                "deletions": 17
              }
            }
          },
          {
            "hash": "ce9ebd6f7a35249eb46a834b28869b6f311f4807",
            "messageTitle": "Fix serialization issues with LocalDateTime",
            "messageBody": "Add LocalDateTimeAdapter to allow gson to serialize and de-serialize\nLocalDateTime objects properly.\n",
            "tags": [
              "Level-8",
              "A-MoreOOP"
            ],
            "fileTypesAndContributionMap": {
              "java": {
                "insertions": 66,
                "deletions": 1
              }
            }
          },
          {
            "hash": "ad7476d6f87036f9d639fb7784d4447faaf9f280",
            "messageTitle": "Add a top level package (#28)",
            "messageBody": "",
            "tags": [
              "A-Packages"
            ],
            "fileTypesAndContributionMap": {
              "java": {
                "insertions": 43,
                "deletions": 39
              }
            }
          },
          {
            "hash": "5f4bb59b5e31d3535b12f66bfe5ada0729ba4fd4",
            "messageTitle": "Add JUnit tests for Deadline and Event (#29)",
            "messageBody": "",
            "tags": [
              "A-JUnit"
            ],
            "fileTypesAndContributionMap": {
              "java": {
                "insertions": 65,
                "deletions": 1
              }
            }
          },
          {
            "hash": "f5881017cbd66f961ffa090b2a9d4a4b40df6d30",
            "messageTitle": "Update build.gradle to work with the Shadow plugin (#30)",
            "messageBody": "",
            "tags": [
              "A-JavaDoc",
              "A-Jar",
              "0.1"
            ],
            "fileTypesAndContributionMap": {
              "gradle": {
                "insertions": 2,
                "deletions": 2
              }
            }
          },
          {
            "hash": "167af74d470818ca838e7b9dcd34c69368a84e14",
            "messageTitle": "Add A-CodingStandard: Follow the Coding Standard (#31)",
            "messageBody": "Squashed commit of the following:\n\ncommit dba33eb0697729d0f3950b0a27b8d4357ff65915\nAuthor: Ian Yong \u003cianyongyc@gmail.com\u003e\nDate:   Tue Aug 25 22:57:13 2020 +0800\n\n    Update switch statement styling\n\n    This is due to CS2103T having this inane requirement whereby the\n    body of a switch statement is not to be indented.\n",
            "tags": [
              "A-CodingStandard"
            ],
            "fileTypesAndContributionMap": {
              "java": {
                "insertions": 61,
                "deletions": 61
              }
            }
          },
          {
            "hash": "83bd69d1d349191f00c500a64b0d1be7f5595fb1",
            "messageTitle": "Add Level 9: Find (#32)",
            "messageBody": "Squashed commit of the following:\n\ncommit a4b5df944f252c551300a6cd6c57981fa3b116bb\nAuthor: Ian Yong \u003cianyongyc@gmail.com\u003e\nDate:   Tue Aug 25 23:14:25 2020 +0800\n\n    Exclude tasks which are done from \u0027overdue\u0027 and \u0027upcoming\u0027\n\ncommit d636eb8d7e732747cd23ad7c6e6f5581a38dada7\nAuthor: Ian Yong \u003cianyongyc@gmail.com\u003e\nDate:   Tue Aug 25 23:10:44 2020 +0800\n\n    Add \u0027find\u0027 command\n",
            "tags": [
              "Level-9",
              "A-Gradle"
            ],
            "fileTypesAndContributionMap": {
              "java": {
                "insertions": 67,
                "deletions": 2
              }
            }
          }
        ]
      },
      {
        "date": "2020-08-30",
        "commitResults": [
          {
            "hash": "af752894f4ccb6871ec44d9888929025f99f1b1f",
            "messageTitle": "Add Checkstyle",
            "messageBody": "",
            "fileTypesAndContributionMap": {
              "gradle": {
                "insertions": 1,
                "deletions": 1
              }
            }
          },
          {
            "hash": "32392c187ebca0f9b77c09fe5e37c8eb6266895d",
            "messageTitle": "Fix Checkstyle errors",
            "messageBody": "",
            "fileTypesAndContributionMap": {
              "java": {
                "insertions": 93,
                "deletions": 87
              }
            }
          }
        ]
      },
      {
        "date": "2020-09-01",
        "commitResults": [
          {
            "hash": "77466505ce7457b5099985ee45264645a9fa8db2",
            "messageTitle": "Add JavaFX",
            "messageBody": "",
            "fileTypesAndContributionMap": {
              "gradle": {
                "insertions": 13,
                "deletions": 7
              }
            }
          },
          {
            "hash": "865efce0bc786e684227a83c94573d74dd9dcbb3",
            "messageTitle": "Refactor Repl",
            "messageBody": "Split the logic which handles the processing of user input from\nthe I/O loop.\n",
            "fileTypesAndContributionMap": {
              "java": {
                "insertions": 91,
                "deletions": 78
              }
            }
          },
          {
            "hash": "bcfaa37ac16b508395c4db0f5c461134b2547be6",
            "messageTitle": "Move Schedulable interface to the tasks package",
            "messageBody": "",
            "fileTypesAndContributionMap": {
              "java": {
                "insertions": 1,
                "deletions": 4
              }
            }
          },
          {
            "hash": "1f6f1144138452ca92784434b1692b269d89718d",
            "messageTitle": "Add basic GUI",
            "messageBody": "",
            "fileTypesAndContributionMap": {
              "fxml": {
                "insertions": 35,
                "deletions": 0
              },
              "java": {
                "insertions": 183,
                "deletions": 1
              }
            }
          },
          {
            "hash": "073f2f66921a30bb4682aed7dd928f2b06faf67c",
            "messageTitle": "Add command line arguments",
            "messageBody": "This is to allow the user to pass in a command line argument to\nstart Duke in CLI mode.\n",
            "fileTypesAndContributionMap": {
              "java": {
                "insertions": 25,
                "deletions": 4
              }
            }
          },
          {
            "hash": "5f99092a55b0282a11296e3de77d31c21d9fc160",
            "messageTitle": "Update application exiting mechanism",
            "messageBody": "",
            "fileTypesAndContributionMap": {
              "java": {
                "insertions": 74,
                "deletions": 8
              }
            }
          },
          {
            "hash": "77778d944af37f2a545705770de65a6a5f04ac1f",
            "messageTitle": "Add dark mode",
            "messageBody": "",
            "fileTypesAndContributionMap": {
              "fxml": {
                "insertions": 14,
                "deletions": 3
              },
              "java": {
                "insertions": 2,
                "deletions": 0
              }
            }
          },
          {
            "hash": "f99b0a5116d29ebdf8fdd698d28f770f708fa62b",
            "messageTitle": "Make scrollbar dark",
            "messageBody": "Also added title and disabled window resizing.\n",
            "fileTypesAndContributionMap": {
              "fxml": {
                "insertions": 1,
                "deletions": 1
              },
              "java": {
                "insertions": 2,
                "deletions": 0
              }
            }
          },
          {
            "hash": "9b7ff338a9539785beba913cb913b9de1de2634e",
            "messageTitle": "Update images and application icon",
            "messageBody": "",
            "fileTypesAndContributionMap": {
              "java": {
                "insertions": 6,
                "deletions": 2
              }
            }
          },
          {
            "hash": "8a750143beee3eba211d4a3605047266a8d41186",
            "messageTitle": "Add welcome message to GUI",
            "messageBody": "Also fixed long texts being truncated.\n",
            "fileTypesAndContributionMap": {
              "fxml": {
                "insertions": 1,
                "deletions": 1
              },
              "java": {
                "insertions": 3,
                "deletions": 0
              }
            }
          },
          {
            "hash": "de09e73678a09af7b7356fedeff7df43d674a22b",
            "messageTitle": "Disallow empty inputs and colour user messages green",
            "messageBody": "",
            "fileTypesAndContributionMap": {
              "java": {
                "insertions": 13,
                "deletions": 1
              }
            }
          },
          {
            "hash": "c8d415433ab5bb914f1a825f3c651d07157a7a84",
            "messageTitle": "Modify \u0027find\u0027 to treat each argument as a separate keyword",
            "messageBody": "",
            "fileTypesAndContributionMap": {
              "java": {
                "insertions": 13,
                "deletions": 11
              }
            }
          }
        ]
      },
      {
        "date": "2020-09-02",
        "commitResults": [
          {
            "hash": "697bf866f35dc096c7db44c03b28a0469511e16f",
            "messageTitle": "Fix styling issues (#40)",
            "messageBody": "* Fix CheckStyle errors\r\n\r\n* Fix issues highlighted in review",
            "tags": [
              "0.2"
            ],
            "fileTypesAndContributionMap": {
              "gradle": {
                "insertions": 1,
                "deletions": 1
              },
              "java": {
                "insertions": 13,
                "deletions": 15
              }
            }
          }
        ]
      },
      {
        "date": "2020-09-08",
        "commitResults": [
          {
            "hash": "48ec4f4ce8136c4523cb905a59a5e9beb067bad8",
            "messageTitle": "Add assertions",
            "messageBody": "",
            "fileTypesAndContributionMap": {
              "gradle": {
                "insertions": 1,
                "deletions": 0
              },
              "java": {
                "insertions": 8,
                "deletions": 8
              }
            }
          },
          {
            "hash": "19b145ba77099c17221ad066482c95897c0eeacc",
            "messageTitle": "Refactor long switch statement into enum methods",
            "messageBody": "",
            "fileTypesAndContributionMap": {
              "java": {
                "insertions": 176,
                "deletions": 79
              }
            }
          },
          {
            "hash": "70666d9812b2e2554cee486b4f36e979563f847f",
            "messageTitle": "Refactor \u0027Command.execute\u0027 to return a \u0027DukeResponse\u0027",
            "messageBody": "",
            "fileTypesAndContributionMap": {
              "java": {
                "insertions": 39,
                "deletions": 31
              }
            }
          },
          {
            "hash": "6670bbf1901b59efc2359ecd50d21b4e7198c140",
            "messageTitle": "Use lambdas and streams instead of for loops",
            "messageBody": "",
            "fileTypesAndContributionMap": {
              "java": {
                "insertions": 10,
                "deletions": 9
              }
            }
          },
          {
            "hash": "ccfd00241266069a9d28c98171f23d5a12aaf67e",
            "messageTitle": "Add PersistentMap",
            "messageBody": "",
            "fileTypesAndContributionMap": {
              "java": {
                "insertions": 936,
                "deletions": 5
              }
            }
          },
          {
            "hash": "699f25669b2ca1fab228d6a15090bc3175ddbbaa",
            "messageTitle": "Add Store to hold the application state",
            "messageBody": "",
            "fileTypesAndContributionMap": {
              "java": {
                "insertions": 102,
                "deletions": 35
              }
            }
          },
          {
            "hash": "5e46898c4868799f5ee4593736bde0ae7038b979",
            "messageTitle": "Add AliasManager",
            "messageBody": "",
            "fileTypesAndContributionMap": {
              "java": {
                "insertions": 72,
                "deletions": 11
              }
            }
          },
          {
            "hash": "5e4912e382513fdaa7584efe6286a58b3a635bc3",
            "messageTitle": "Handle aliasing invalid commands",
            "messageBody": "",
            "fileTypesAndContributionMap": {
              "java": {
                "insertions": 18,
                "deletions": 9
              }
            }
          },
          {
            "hash": "df9249a5491945dcbb2e62e23d1d5155cd0a16a7",
            "messageTitle": "Fix crash on invalid command",
            "messageBody": "",
            "fileTypesAndContributionMap": {
              "java": {
                "insertions": 45,
                "deletions": 28
              }
            }
          },
          {
            "hash": "7327396857f9bb251c1b7334382769248b533199",
            "messageTitle": "Stop aliases from using the same name as existing commands",
            "messageBody": "",
            "fileTypesAndContributionMap": {
              "java": {
                "insertions": 11,
                "deletions": 1
              }
            }
          }
        ]
      }
    ]
  },
  "authorFileTypeContributionMap": {
    "ianyong": {
      "java": 3289,
      "md": 0,
      "fxml": 46,
      "sh": 13,
      "bat": 127,
      "gradle": 55,
      "txt": 18
    }
  },
  "authorContributionVariance": {
    "ianyong": 182229.77
  },
  "authorDisplayNameMap": {
    "ianyong": "CS2103T-W16-3 IAN ..UANG"
  }
}
