{"authorDailyContributionsMap":{"gabztcr":[{"date":"2020-08-20","commitResults":[{"hash":"dae800dd85c5f53837c6283e5373ae8d90ff09e0","messageTitle":"Add greeting, echo and exit for Level-1","messageBody":"","tags":["Level-1"],"fileTypesAndContributionMap":{"java":{"insertions":20,"deletions":6}}},{"hash":"6fb7a22de6127084b0f3581c24672c7611d6b003","messageTitle":"Add new task and show list functionalities for Level-2","messageBody":"","tags":["Level-2"],"fileTypesAndContributionMap":{"java":{"insertions":11,"deletions":1}}},{"hash":"638800470bd3ddeecc83d142aa6466bc2f7be5d0","messageTitle":"Add new Task class and markAsDone functionality for Level-3","messageBody":"","tags":["Level-3"],"fileTypesAndContributionMap":{"java":{"insertions":59,"deletions":3}}},{"hash":"bbab61055d00a6f1c0e99178d0a48c64fa9e7436","messageTitle":"Add Deadline, Event and ToDo classes for Level-4","messageBody":"","tags":["Level-4"],"fileTypesAndContributionMap":{"java":{"insertions":82,"deletions":5}}},{"hash":"eb0e57f17e23e6b20058f216f98b4c12719a610b","messageTitle":"Add automated text UI testing","messageBody":"","fileTypesAndContributionMap":{"txt":{"insertions":8,"deletions":0},"bat":{"insertions":1,"deletions":1}}},{"hash":"f539175a590c1054217cceb5184b8fe7c02de3f7","messageTitle":"Update runtest.bat","messageBody":"","fileTypesAndContributionMap":{"bat":{"insertions":1,"deletions":1}}},{"hash":"27ee880921b2560612af0f0aa7e01311694217b9","messageTitle":"Remove additional whitespace","messageBody":"","tags":["A-TextUiTesting"],"fileTypesAndContributionMap":{"java":{"insertions":2,"deletions":2}}},{"hash":"766567b27a9a4a2c1db76d9ef32c1f656c0672d3","messageTitle":"Handle exceptions and errors for Level-5","messageBody":"","tags":["Level-5"],"fileTypesAndContributionMap":{"java":{"insertions":38,"deletions":45}}},{"hash":"d91ffefb2a3503d4c1691ac4146da976a3c0f5e1","messageTitle":"Add delete functionality and ListChange enum for Level-6 and A-Enums","messageBody":"","tags":["Level-6","A-Enums"],"fileTypesAndContributionMap":{"java":{"insertions":75,"deletions":42}}},{"hash":"c5712451d72ea7ecb2819fd7c600ba7f4220cda9","messageTitle":"Update input and expected output files","messageBody":"","tags":["A-TextUiTesting2"],"fileTypesAndContributionMap":{"txt":{"insertions":8,"deletions":4}}}]},{"date":"2020-08-27","commitResults":[{"hash":"2cab273f0c87f107b48a8d9d299e397386ddcddb","messageTitle":"Add functionality to save tasks using code to read/write","messageBody":"","tags":["Level-7"],"fileTypesAndContributionMap":{"java":{"insertions":140,"deletions":2}}},{"hash":"58ebc8588741db18208ba416fa16529249a4aa24","messageTitle":"Add date time sensitivity to deadlines and events","messageBody":"","tags":["Level-8"],"fileTypesAndContributionMap":{"java":{"insertions":66,"deletions":16}}},{"hash":"e4919419d5e465b37899c39fafa8a6e66c6de799","messageTitle":"Handle DukeExceptions","messageBody":"","fileTypesAndContributionMap":{"java":{"insertions":2,"deletions":2}}},{"hash":"f3d8608fc91e75ef855dc311af6b5e2e8a32a3f4","messageTitle":"Abstract out Ui, Parser, Storage and TaskList classes for Duke","messageBody":"","tags":["A-MoreOOP"],"fileTypesAndContributionMap":{"java":{"insertions":353,"deletions":203}}},{"hash":"f921aca390b271bfa9c0307bbeff34486d4ed878","messageTitle":"Add JUnit tests for Parser and TaskList classes","messageBody":"","tags":["A-Jar","A-JUnit"],"fileTypesAndContributionMap":{"java":{"insertions":51,"deletions":0}}},{"hash":"858161c8b22f8689a1741bb1a1c2e90d1554847f","messageTitle":"Add JavaDoc for some methods","messageBody":"","tags":["A-JavaDoc"],"fileTypesAndContributionMap":{"java":{"insertions":159,"deletions":16}}},{"hash":"7de55dbfec3e77a26a3e3eed3b9fa01712d9b548","messageTitle":"Rename taskify method to textToTask for Java compliance","messageBody":"","tags":["A-CodingStandard"],"fileTypesAndContributionMap":{"java":{"insertions":2,"deletions":2}}},{"hash":"cdd1d8d95ffffa35d317093eee67272ba90af259","messageTitle":"Add Find functionality to search for tasks","messageBody":"","tags":["Level-9"],"fileTypesAndContributionMap":{"java":{"insertions":28,"deletions":1}}}]},{"date":"2020-08-28","commitResults":[{"hash":"f13d5400b2161f17658d1612b89a759b36f968fb","messageTitle":"Add a few more JavaDoc","messageBody":"","fileTypesAndContributionMap":{"java":{"insertions":11,"deletions":0}}}]},{"date":"2020-09-03","commitResults":[{"hash":"93a77f0d5da05fcef1381b62beec273d60119f3a","messageTitle":"-Add checkstyle files -Add JavaDoc for the remaining attributes and methods -Amend all files to adhere to checkstyle","messageBody":"","tags":["A-Gradle","A-CheckStyle"],"fileTypesAndContributionMap":{"java":{"insertions":244,"deletions":97}}},{"hash":"4adb8b59a37c91a4e3ef9e1472f5ed910579c2a9","messageTitle":"Amend code to store and read binary for task statuses in duke.txt file","messageBody":"","fileTypesAndContributionMap":{"gradle":{"insertions":15,"deletions":0},"java":{"insertions":54,"deletions":7}}},{"hash":"e1764fc2c3ce86ab07a1f23730e8d6272a7616b7","messageTitle":"Add basic GUI for Duke","messageBody":"","tags":["Level-10"],"fileTypesAndContributionMap":{"txt":{"insertions":3,"deletions":0},"fxml":{"insertions":46,"deletions":0},"java":{"insertions":160,"deletions":7}}}]},{"date":"2020-09-10","commitResults":[{"hash":"7b742fbeda389cdcfa063cc2c3e254a32d9b1b48","messageTitle":"Refactor DukeExceptions, add assertions, and update JavaDocs","messageBody":"","fileTypesAndContributionMap":{"gradle":{"insertions":2,"deletions":2},"txt":{"insertions":0,"deletions":3},"java":{"insertions":248,"deletions":203}}},{"hash":"1eac2c60d172c16625d7e386dd20f3dc2cfeb51b","messageTitle":"Rename methods/variables, add final keywords for code quality.","messageBody":"","fileTypesAndContributionMap":{"java":{"insertions":26,"deletions":35}}},{"hash":"0c0c9e59fce2e46273fbdc48cdfed1afb85f1715","messageTitle":"Use streams for TaskList printing, amend find method, use lambdas for stream and app closing","messageBody":"","fileTypesAndContributionMap":{"txt":{"insertions":3,"deletions":0},"java":{"insertions":43,"deletions":41}}},{"hash":"fc03cc91c701f140d1ba8c709c9083c04bfacb40","messageTitle":"Add gradle.yml for CI","messageBody":"","tags":["A-CI"],"fileTypesAndContributionMap":{"txt":{"insertions":0,"deletions":3}}},{"hash":"24c0fdcb66cd9327d189c9f0640c376dd5786e41","messageTitle":"Add functionality to mark done/delete multiple tasks at once for extension C-MassOps","messageBody":"","tags":["BCD-Extension"],"fileTypesAndContributionMap":{"java":{"insertions":62,"deletions":28}}}]},{"date":"2020-09-18","commitResults":[{"hash":"466fcb09263541a00d06276c8ff1b120d823d22a","messageTitle":"Add new display pictures and edit dialog css","messageBody":"","tags":["A-BetterGui"],"fileTypesAndContributionMap":{"fxml":{"insertions":6,"deletions":6},"java":{"insertions":3,"deletions":4}}},{"hash":"875cf16267055b8d005c992baec509b316a612b6","messageTitle":"Add Window Title, UI screenshot and User Guide","messageBody":"","tags":["A-UserGuide"],"fileTypesAndContributionMap":{"java":{"insertions":4,"deletions":5},"md":{"insertions":104,"deletions":7}}},{"hash":"195af2f594f0d4bc47e9372812192c0fe91f053b","messageTitle":"Amend Ui.png directory path for User Guide","messageBody":"","fileTypesAndContributionMap":{"md":{"insertions":1,"deletions":1}}}]}]},"authorFileTypeContributionMap":{"gabztcr":{"java":1185,"md":104,"fxml":46,"sh":0,"bat":1,"gradle":17,"txt":12}},"authorContributionVariance":{"gabztcr":53581.633},"authorDisplayNameMap":{"gabztcr":"CS2103T-F11-2 TAN ..RIEL"}}
