{
  "authorDailyContributionsMap": {
    "gabztcr": [
      {
        "date": "2020-08-20",
        "commitResults": [
          {
            "hash": "dae800dd85c5f53837c6283e5373ae8d90ff09e0",
            "messageTitle": "Add greeting, echo and exit for Level-1",
            "messageBody": "",
            "tags": [
              "Level-1"
            ],
            "fileTypesAndContributionMap": {
              "java": {
                "insertions": 20,
                "deletions": 6
              }
            }
          },
          {
            "hash": "6fb7a22de6127084b0f3581c24672c7611d6b003",
            "messageTitle": "Add new task and show list functionalities for Level-2",
            "messageBody": "",
            "tags": [
              "Level-2"
            ],
            "fileTypesAndContributionMap": {
              "java": {
                "insertions": 11,
                "deletions": 1
              }
            }
          },
          {
            "hash": "638800470bd3ddeecc83d142aa6466bc2f7be5d0",
            "messageTitle": "Add new Task class and markAsDone functionality for Level-3",
            "messageBody": "",
            "tags": [
              "Level-3"
            ],
            "fileTypesAndContributionMap": {
              "java": {
                "insertions": 59,
                "deletions": 3
              }
            }
          },
          {
            "hash": "bbab61055d00a6f1c0e99178d0a48c64fa9e7436",
            "messageTitle": "Add Deadline, Event and ToDo classes for Level-4",
            "messageBody": "",
            "tags": [
              "Level-4"
            ],
            "fileTypesAndContributionMap": {
              "java": {
                "insertions": 82,
                "deletions": 5
              }
            }
          },
          {
            "hash": "eb0e57f17e23e6b20058f216f98b4c12719a610b",
            "messageTitle": "Add automated text UI testing",
            "messageBody": "",
            "fileTypesAndContributionMap": {
              "txt": {
                "insertions": 8,
                "deletions": 0
              },
              "bat": {
                "insertions": 1,
                "deletions": 1
              }
            }
          },
          {
            "hash": "f539175a590c1054217cceb5184b8fe7c02de3f7",
            "messageTitle": "Update runtest.bat",
            "messageBody": "",
            "fileTypesAndContributionMap": {
              "bat": {
                "insertions": 1,
                "deletions": 1
              }
            }
          },
          {
            "hash": "27ee880921b2560612af0f0aa7e01311694217b9",
            "messageTitle": "Remove additional whitespace",
            "messageBody": "",
            "tags": [
              "A-TextUiTesting"
            ],
            "fileTypesAndContributionMap": {
              "java": {
                "insertions": 2,
                "deletions": 2
              }
            }
          },
          {
            "hash": "766567b27a9a4a2c1db76d9ef32c1f656c0672d3",
            "messageTitle": "Handle exceptions and errors for Level-5",
            "messageBody": "",
            "tags": [
              "Level-5"
            ],
            "fileTypesAndContributionMap": {
              "java": {
                "insertions": 38,
                "deletions": 45
              }
            }
          },
          {
            "hash": "d91ffefb2a3503d4c1691ac4146da976a3c0f5e1",
            "messageTitle": "Add delete functionality and ListChange enum for Level-6 and A-Enums",
            "messageBody": "",
            "tags": [
              "Level-6",
              "A-Enums"
            ],
            "fileTypesAndContributionMap": {
              "java": {
                "insertions": 75,
                "deletions": 42
              }
            }
          },
          {
            "hash": "c5712451d72ea7ecb2819fd7c600ba7f4220cda9",
            "messageTitle": "Update input and expected output files",
            "messageBody": "",
            "tags": [
              "A-TextUiTesting2"
            ],
            "fileTypesAndContributionMap": {
              "txt": {
                "insertions": 8,
                "deletions": 4
              }
            }
          }
        ]
      }
    ]
  },
  "authorFileTypeContributionMap": {
    "gabztcr": {
      "java": 189,
      "md": 0,
      "fxml": 0,
      "sh": 0,
      "bat": 1,
      "gradle": 0,
      "txt": 12
    }
  },
  "authorContributionVariance": {
    "gabztcr": 21088.777
  },
  "authorDisplayNameMap": {
    "gabztcr": "TAN ..RIEL"
  }
}
