{
  "authorDailyContributionsMap": {
    "blackonyyx": [
      {
        "date": "2020-08-17",
        "commitResults": [
          {
            "hash": "04795bdf077f9f1ca07d2e8d1c8036f5054c6329",
            "messageTitle": "Level 1 added",
            "messageBody": "",
            "tags": [
              "Level-2",
              "Level-1-PostCommit"
            ],
            "fileTypesAndContributionMap": {
              "java": {
                "insertions": 23,
                "deletions": 0
              }
            }
          },
          {
            "hash": "af5284744133443eaea88a6fd5e1a4185095ca1d",
            "messageTitle": "Level 2 is here",
            "messageBody": "",
            "fileTypesAndContributionMap": {
              "java": {
                "insertions": 80,
                "deletions": 22
              }
            }
          }
        ]
      },
      {
        "date": "2020-08-18",
        "commitResults": [
          {
            "hash": "6dbdb5537b98899b70b0688b4f58f85fddd481b0",
            "messageTitle": "Level 3",
            "messageBody": "",
            "tags": [
              "Level-3",
              "A-Classes"
            ],
            "fileTypesAndContributionMap": {
              "java": {
                "insertions": 100,
                "deletions": 12
              }
            }
          },
          {
            "hash": "00166f50fe7c797653bfb158d3ffeb9aaec7a4c0",
            "messageTitle": "A-Classes used classes to represent tasks",
            "messageBody": "",
            "tags": [
              "Level-4"
            ],
            "fileTypesAndContributionMap": {
              "java": {
                "insertions": 1,
                "deletions": 3
              }
            }
          }
        ]
      },
      {
        "date": "2020-08-20",
        "commitResults": [
          {
            "hash": "962693b3f989f48f6df39bf6494a9221de4a0fa6",
            "messageTitle": "Added Inheritance for tasks and managed tasks via manager",
            "messageBody": "",
            "tags": [
              "A-TextUiTesting"
            ],
            "fileTypesAndContributionMap": {
              "java": {
                "insertions": 178,
                "deletions": 61
              }
            }
          },
          {
            "hash": "69ac44d916fddcc2690106c1debd43674b181bef",
            "messageTitle": "Added sh script automated testing",
            "messageBody": "",
            "fileTypesAndContributionMap": {
              "txt": {
                "insertions": 12,
                "deletions": 0
              },
              "java": {
                "insertions": 36,
                "deletions": 7
              },
              "sh": {
                "insertions": 2,
                "deletions": 2
              }
            }
          },
          {
            "hash": "379eb1c99bad6bfb05741013d0306614c8977b63",
            "messageTitle": "Added Enums, Packaged Related classes together, Error handling",
            "messageBody": "",
            "tags": [
              "Level-5",
              "A-Enums",
              "A-Collections"
            ],
            "fileTypesAndContributionMap": {
              "java": {
                "insertions": 426,
                "deletions": 145
              }
            }
          },
          {
            "hash": "8e70ce326aea97d63611ca7eee43d6bbc9afa2da",
            "messageTitle": "Added Delete command to the list of supported commands",
            "messageBody": "",
            "tags": [
              "Level-7",
              "Level-6",
              "A-Packages"
            ],
            "fileTypesAndContributionMap": {
              "java": {
                "insertions": 23,
                "deletions": 1
              }
            }
          }
        ]
      },
      {
        "date": "2020-08-25",
        "commitResults": [
          {
            "hash": "7287ce9461b8f339af5c00c4e7d0d2b0f8663be6",
            "messageTitle": "Added IO file handling to the Chatbot Application such that the Chatbot can now save the tasklist to a textfile. Also added tag for packages that was already done in a previous iteration of the project.",
            "messageBody": "",
            "fileTypesAndContributionMap": {
              "txt": {
                "insertions": 2,
                "deletions": 0
              },
              "java": {
                "insertions": 276,
                "deletions": 82
              }
            }
          },
          {
            "hash": "cd267744f735777eede4962af9b4bd86974b993e",
            "messageTitle": "Added datetime parsing to the TimedTask Classes 1. Added datetime functionalities to the timed task 2. Added datetime difference to response message by Duke 3. Added String cleaning strip() to Duke inputs. 4. Added new Help Messages 5. Added Autocorrect function using time of initial execution as default datetime. 6. Added Deadlines and Event occurance countdowns from given datetime parsed to the current date.",
            "messageBody": "",
            "fileTypesAndContributionMap": {
              "java": {
                "insertions": 56,
                "deletions": 17
              }
            }
          }
        ]
      },
      {
        "date": "2020-08-27",
        "commitResults": [
          {
            "hash": "f909eb34daaa63ceced62cda15fc385f2db16422",
            "messageTitle": "More OOP 1. Refactor Duke.java and ChatboxApplication.java with Mainloop in ChatboxApplication     This is in order to perform future UI implementations and allow     interfacing between Chatbot back end and front end. 2. Add Text Parser class     This is in order to perform text string parsing for user inputs.",
            "messageBody": "",
            "tags": [
              "A-MoreOOP",
              "A-Jar"
            ],
            "fileTypesAndContributionMap": {
              "java": {
                "insertions": 150,
                "deletions": 116
              }
            }
          }
        ]
      },
      {
        "date": "2020-08-28",
        "commitResults": [
          {
            "hash": "b90a157c8cd46a96d6d498ab3f36cf848c364a50",
            "messageTitle": "1. Add jUnit Testing on Timed Task and TextParser Class     Tested for Expected Exceptions and Expected returns from methods     called     This is due to these classes being most essential for proper     functioning of the main loop and to handle the user input.",
            "messageBody": "",
            "tags": [
              "A-JUnit"
            ],
            "fileTypesAndContributionMap": {
              "java": {
                "insertions": 64,
                "deletions": 0
              }
            }
          },
          {
            "hash": "04db2ff37712c19725798358f4b47916e69e1a0d",
            "messageTitle": "Branch for Level 9 of Duke Project. 1. Add find function     Find function performs a search in the description of each task     This is done using Regex to find matching patterns, rather than just     using CharSequences.",
            "messageBody": "",
            "tags": [
              "Level-9"
            ],
            "fileTypesAndContributionMap": {
              "txt": {
                "insertions": 3,
                "deletions": 0
              },
              "java": {
                "insertions": 29,
                "deletions": 2
              }
            }
          }
        ]
      },
      {
        "date": "2020-08-29",
        "commitResults": [
          {
            "hash": "8ad3c66fc22e9c2917f6ad992a79e68a41619936",
            "messageTitle": "Make Code adheres to java code standards of module.",
            "messageBody": "To allow for better code review and understanding by other peer\nreviewers\n",
            "tags": [
              "A-CodingStandard"
            ],
            "fileTypesAndContributionMap": {
              "java": {
                "insertions": 336,
                "deletions": 323
              }
            }
          },
          {
            "hash": "5a72d63823485d4a4f9c7b3692061e3c0edb3f86",
            "messageTitle": "Add javadocs for all constructors and class headers, as well as javadocs for most methods inside the classes",
            "messageBody": "",
            "fileTypesAndContributionMap": {
              "java": {
                "insertions": 251,
                "deletions": 42
              }
            }
          }
        ]
      }
    ]
  },
  "authorFileTypeContributionMap": {
    "blackonyyx": {
      "java": 1199,
      "md": 0,
      "fxml": 0,
      "sh": 2,
      "bat": 0,
      "gradle": 0,
      "txt": 12
    }
  },
  "authorContributionVariance": {
    "blackonyyx": 92575.164
  },
  "authorDisplayNameMap": {
    "blackonyyx": "CS2103T-F13-1 TAN ..PHEN"
  }
}
