{
  "authorDailyContributionsMap": {
    "blackonyyx": [
      {
        "date": "2020-08-17",
        "commitResults": [
          {
            "hash": "04795bdf077f9f1ca07d2e8d1c8036f5054c6329",
            "messageTitle": "Level 1 added",
            "messageBody": "",
            "tags": [
              "Level-2",
              "Level-1-PostCommit"
            ],
            "fileTypesAndContributionMap": {
              "java": {
                "insertions": 23,
                "deletions": 0
              }
            }
          },
          {
            "hash": "af5284744133443eaea88a6fd5e1a4185095ca1d",
            "messageTitle": "Level 2 is here",
            "messageBody": "",
            "fileTypesAndContributionMap": {
              "java": {
                "insertions": 80,
                "deletions": 22
              }
            }
          }
        ]
      },
      {
        "date": "2020-08-18",
        "commitResults": [
          {
            "hash": "6dbdb5537b98899b70b0688b4f58f85fddd481b0",
            "messageTitle": "Level 3",
            "messageBody": "",
            "tags": [
              "Level-3",
              "A-Classes"
            ],
            "fileTypesAndContributionMap": {
              "java": {
                "insertions": 100,
                "deletions": 12
              }
            }
          },
          {
            "hash": "00166f50fe7c797653bfb158d3ffeb9aaec7a4c0",
            "messageTitle": "A-Classes used classes to represent tasks",
            "messageBody": "",
            "tags": [
              "Level-4"
            ],
            "fileTypesAndContributionMap": {
              "java": {
                "insertions": 1,
                "deletions": 3
              }
            }
          }
        ]
      },
      {
        "date": "2020-08-20",
        "commitResults": [
          {
            "hash": "962693b3f989f48f6df39bf6494a9221de4a0fa6",
            "messageTitle": "Added Inheritance for tasks and managed tasks via manager",
            "messageBody": "",
            "tags": [
              "A-TextUiTesting"
            ],
            "fileTypesAndContributionMap": {
              "java": {
                "insertions": 178,
                "deletions": 61
              }
            }
          },
          {
            "hash": "69ac44d916fddcc2690106c1debd43674b181bef",
            "messageTitle": "Added sh script automated testing",
            "messageBody": "",
            "fileTypesAndContributionMap": {
              "txt": {
                "insertions": 12,
                "deletions": 0
              },
              "java": {
                "insertions": 36,
                "deletions": 7
              },
              "sh": {
                "insertions": 2,
                "deletions": 2
              }
            }
          },
          {
            "hash": "379eb1c99bad6bfb05741013d0306614c8977b63",
            "messageTitle": "Added Enums, Packaged Related classes together, Error handling",
            "messageBody": "",
            "tags": [
              "Level-5",
              "A-Enums",
              "A-Collections"
            ],
            "fileTypesAndContributionMap": {
              "java": {
                "insertions": 426,
                "deletions": 145
              }
            }
          },
          {
            "hash": "8e70ce326aea97d63611ca7eee43d6bbc9afa2da",
            "messageTitle": "Added Delete command to the list of supported commands",
            "messageBody": "",
            "tags": [
              "Level-7",
              "Level-6",
              "A-Packages"
            ],
            "fileTypesAndContributionMap": {
              "java": {
                "insertions": 23,
                "deletions": 1
              }
            }
          }
        ]
      },
      {
        "date": "2020-08-25",
        "commitResults": [
          {
            "hash": "7287ce9461b8f339af5c00c4e7d0d2b0f8663be6",
            "messageTitle": "Added IO file handling to the Chatbot Application such that the Chatbot can now save the tasklist to a textfile. Also added tag for packages that was already done in a previous iteration of the project.",
            "messageBody": "",
            "fileTypesAndContributionMap": {
              "txt": {
                "insertions": 2,
                "deletions": 0
              },
              "java": {
                "insertions": 276,
                "deletions": 82
              }
            }
          },
          {
            "hash": "cd267744f735777eede4962af9b4bd86974b993e",
            "messageTitle": "Added datetime parsing to the TimedTask Classes 1. Added datetime functionalities to the timed task 2. Added datetime difference to response message by Duke 3. Added String cleaning strip() to Duke inputs. 4. Added new Help Messages 5. Added Autocorrect function using time of initial execution as default datetime. 6. Added Deadlines and Event occurance countdowns from given datetime parsed to the current date.",
            "messageBody": "",
            "fileTypesAndContributionMap": {
              "java": {
                "insertions": 56,
                "deletions": 17
              }
            }
          }
        ]
      },
      {
        "date": "2020-08-27",
        "commitResults": [
          {
            "hash": "f909eb34daaa63ceced62cda15fc385f2db16422",
            "messageTitle": "More OOP 1. Refactor Duke.java and ChatboxApplication.java with Mainloop in ChatboxApplication     This is in order to perform future UI implementations and allow     interfacing between Chatbot back end and front end. 2. Add Text Parser class     This is in order to perform text string parsing for user inputs.",
            "messageBody": "",
            "tags": [
              "A-MoreOOP",
              "A-Jar"
            ],
            "fileTypesAndContributionMap": {
              "java": {
                "insertions": 150,
                "deletions": 116
              }
            }
          }
        ]
      },
      {
        "date": "2020-08-28",
        "commitResults": [
          {
            "hash": "b90a157c8cd46a96d6d498ab3f36cf848c364a50",
            "messageTitle": "1. Add jUnit Testing on Timed Task and TextParser Class     Tested for Expected Exceptions and Expected returns from methods     called     This is due to these classes being most essential for proper     functioning of the main loop and to handle the user input.",
            "messageBody": "",
            "tags": [
              "A-JUnit"
            ],
            "fileTypesAndContributionMap": {
              "java": {
                "insertions": 64,
                "deletions": 0
              }
            }
          },
          {
            "hash": "04db2ff37712c19725798358f4b47916e69e1a0d",
            "messageTitle": "Branch for Level 9 of Duke Project. 1. Add find function     Find function performs a search in the description of each task     This is done using Regex to find matching patterns, rather than just     using CharSequences.",
            "messageBody": "",
            "tags": [
              "Level-9"
            ],
            "fileTypesAndContributionMap": {
              "txt": {
                "insertions": 3,
                "deletions": 0
              },
              "java": {
                "insertions": 29,
                "deletions": 2
              }
            }
          }
        ]
      },
      {
        "date": "2020-08-29",
        "commitResults": [
          {
            "hash": "8ad3c66fc22e9c2917f6ad992a79e68a41619936",
            "messageTitle": "Make Code adheres to java code standards of module.",
            "messageBody": "To allow for better code review and understanding by other peer\nreviewers\n",
            "tags": [
              "A-CodingStandard"
            ],
            "fileTypesAndContributionMap": {
              "java": {
                "insertions": 336,
                "deletions": 323
              }
            }
          },
          {
            "hash": "5a72d63823485d4a4f9c7b3692061e3c0edb3f86",
            "messageTitle": "Add javadocs for all constructors and class headers, as well as javadocs for most methods inside the classes",
            "messageBody": "",
            "fileTypesAndContributionMap": {
              "java": {
                "insertions": 251,
                "deletions": 42
              }
            }
          }
        ]
      },
      {
        "date": "2020-08-31",
        "commitResults": [
          {
            "hash": "6261301e6a1d848eb4c4d3dfd08a12fdfc8086c1",
            "messageTitle": "Add gradle integration into master branch. This allows for more automated integration of testing and compilation for the production version. Use gradle to refactor and update more documentation for javadocs This allowed better updating of documentations",
            "messageBody": "",
            "tags": [
              "A-Gradle"
            ],
            "fileTypesAndContributionMap": {
              "java": {
                "insertions": 45,
                "deletions": 39
              }
            }
          }
        ]
      },
      {
        "date": "2020-09-02",
        "commitResults": [
          {
            "hash": "454fbd2bea576284121e0362cd805845a1de1c4d",
            "messageTitle": "Enforced CheckStyle on all violating code blocks This will make code more readable and comply with the code standards",
            "messageBody": "",
            "fileTypesAndContributionMap": {
              "gradle": {
                "insertions": 15,
                "deletions": 1
              },
              "java": {
                "insertions": 224,
                "deletions": 190
              },
              "sh": {
                "insertions": 74,
                "deletions": 0
              }
            }
          }
        ]
      },
      {
        "date": "2020-09-06",
        "commitResults": [
          {
            "hash": "0c58a00942695e4b288f5683c3555a0de4888280",
            "messageTitle": "Add a GUI for the Duke Application Add JavaFX for duke application todo: edit the linebreaks and wrappers to get a better display. TODO: Add initial message and username setting",
            "messageBody": "",
            "tags": [
              "Level-10"
            ],
            "fileTypesAndContributionMap": {
              "gradle": {
                "insertions": 0,
                "deletions": 1
              },
              "fxml": {
                "insertions": 35,
                "deletions": 0
              },
              "java": {
                "insertions": 391,
                "deletions": 167
              },
              "md": {
                "insertions": 2,
                "deletions": 2
              }
            }
          }
        ]
      },
      {
        "date": "2020-09-09",
        "commitResults": [
          {
            "hash": "bf9767984989ff301dee3d3773028c5fe038d25a",
            "messageTitle": "Add Major overhaul and refactor of code base to follow a more functional style.",
            "messageBody": "Refactor of Commands inside TaskList to the CommandList Library\nThis will prevent TaskManager Class from being overbulked with methods,\nand modularises command tasks to a functional interface.\n\nRefactor of User Interface into a Interface class that is to be used by both\nGUI and CLI methods of execution.\n",
            "tags": [
              "A-Streams",
              "A-Lambdas",
              "A-CodeQuality"
            ],
            "fileTypesAndContributionMap": {
              "fxml": {
                "insertions": 1,
                "deletions": 1
              },
              "txt": {
                "insertions": 4,
                "deletions": 0
              },
              "java": {
                "insertions": 524,
                "deletions": 490
              }
            }
          }
        ]
      },
      {
        "date": "2020-09-12",
        "commitResults": [
          {
            "hash": "4ab281c90cdcdf7dd5069a79a65131302cf662ec",
            "messageTitle": "Add new refactoring of GUI to have better feel. Refactor of GUI to use GUIHelper class to handle the interface between the backend and front end of script.",
            "messageBody": "Proper indentation of most tasks have been performed.\n\nHelp Command can now support command based help searches.\n",
            "tags": [
              "C-Help",
              "C-BetterSearch",
              "A-Assertions"
            ],
            "fileTypesAndContributionMap": {
              "gradle": {
                "insertions": 2,
                "deletions": 1
              },
              "fxml": {
                "insertions": 28,
                "deletions": 23
              },
              "txt": {
                "insertions": 2,
                "deletions": 0
              },
              "java": {
                "insertions": 322,
                "deletions": 244
              }
            }
          },
          {
            "hash": "ad6ee840a04b365f429639ff6675b53088254251",
            "messageTitle": "Amend Code to conform with Checkstyle requirements.",
            "messageBody": "",
            "tags": [
              "BCD-Extension"
            ],
            "fileTypesAndContributionMap": {
              "java": {
                "insertions": 102,
                "deletions": 73
              }
            }
          },
          {
            "hash": "34dc6db0ac6ace4cf27f6f49af1570e057df0148",
            "messageTitle": "Minor String Formatting modifications",
            "messageBody": "",
            "fileTypesAndContributionMap": {
              "java": {
                "insertions": 2,
                "deletions": 2
              }
            }
          },
          {
            "hash": "fa1e1bb7e37dc302b6de09770ccde6f477d4d2c1",
            "messageTitle": "Minor Code Formatting modifications",
            "messageBody": "",
            "fileTypesAndContributionMap": {
              "java": {
                "insertions": 2,
                "deletions": 4
              }
            }
          }
        ]
      },
      {
        "date": "2020-09-14",
        "commitResults": [
          {
            "hash": "42861a111709cf54ceed239b16f3fc8d4d066826",
            "messageTitle": "stuff",
            "messageBody": "",
            "fileTypesAndContributionMap": {
              "java": {
                "insertions": 9,
                "deletions": 7
              }
            }
          },
          {
            "hash": "9caac97eaac95ddeb5cad31e761fb7251d6b7d71",
            "messageTitle": "Amend Code to contain less this.\u003cattribute / method\u003e to conform with the code standards of module.",
            "messageBody": "",
            "tags": [
              "Level-8",
              "A-Release"
            ],
            "fileTypesAndContributionMap": {
              "java": {
                "insertions": 66,
                "deletions": 66
              }
            }
          },
          {
            "hash": "4f1586060dee08adf75299033d4a616421758582",
            "messageTitle": "Add User Guide to the project repository and update README.md to reflect the state of the project as being completed.",
            "messageBody": "User Guide will provide a good reference for enduser to understand how\nto execute commands and tasks using Duke.\n",
            "fileTypesAndContributionMap": {
              "gradle": {
                "insertions": 1,
                "deletions": 1
              },
              "fxml": {
                "insertions": 5,
                "deletions": 5
              },
              "txt": {
                "insertions": 2,
                "deletions": 6
              },
              "java": {
                "insertions": 82,
                "deletions": 19
              },
              "md": {
                "insertions": 156,
                "deletions": 26
              }
            }
          },
          {
            "hash": "40edbce7ce1727a8a44413f736e3c554dfadfb3e",
            "messageTitle": "Add README.md and Userguide help.",
            "messageBody": "",
            "tags": [
              "A-UserGuide",
              "A-BetterGui"
            ],
            "fileTypesAndContributionMap": {
              "md": {
                "insertions": 5,
                "deletions": 0
              }
            }
          }
        ]
      },
      {
        "date": "2020-09-15",
        "commitResults": [
          {
            "hash": "ec1386500bd46bc754fdafb4e81a1813259b1e24",
            "messageTitle": "Add README.md and Userguide help.",
            "messageBody": "",
            "fileTypesAndContributionMap": {
              "md": {
                "insertions": 1,
                "deletions": 1
              }
            }
          }
        ]
      },
      {
        "date": "2020-09-19",
        "commitResults": [
          {
            "hash": "bb34effe38bd163c083cabcb043b6e9f7b2c4b0f",
            "messageTitle": "Removed boiler plate code",
            "messageBody": "",
            "fileTypesAndContributionMap": {
              "md": {
                "insertions": 1,
                "deletions": 12
              }
            }
          }
        ]
      }
    ]
  },
  "authorFileTypeContributionMap": {
    "blackonyyx": {
      "java": 1669,
      "md": 158,
      "fxml": 40,
      "sh": 76,
      "bat": 0,
      "gradle": 16,
      "txt": 14
    }
  },
  "authorContributionVariance": {
    "blackonyyx": 92526.41
  },
  "authorDisplayNameMap": {
    "blackonyyx": "CS2103T-F13-1 TAN ..PHEN"
  }
}
