{
  "authorDailyContributionsMap": {
    "SherryWu178": [
      {
        "date": "2020-08-16",
        "commitResults": [
          {
            "hash": "2353fe0f73b3e9a54b541d753c44389ab5c7ad0b",
            "messageTitle": "Complete level1",
            "messageBody": "",
            "tags": [
              "Level-1"
            ],
            "fileTypesAndContributionMap": {
              "java": {
                "insertions": 29,
                "deletions": 6
              }
            }
          },
          {
            "hash": "7ec4d59fe8c5c9c6f2c462e866769724e49b01d0",
            "messageTitle": "Add list function (lvl2)",
            "messageBody": "",
            "tags": [
              "Level-2"
            ],
            "fileTypesAndContributionMap": {
              "java": {
                "insertions": 18,
                "deletions": 5
              }
            }
          },
          {
            "hash": "9b96c59de853efeec20429f9b3c34156cdac4a86",
            "messageTitle": "Add markasdone function and task class(lvl3)",
            "messageBody": "",
            "tags": [
              "Level-3"
            ],
            "fileTypesAndContributionMap": {
              "java": {
                "insertions": 33,
                "deletions": 6
              }
            }
          },
          {
            "hash": "7ef175383f4780cbdd35b881de4625c2c1ad2a91",
            "messageTitle": "Add todo, deadline and event (lvl4)",
            "messageBody": "",
            "tags": [
              "Level-4"
            ],
            "fileTypesAndContributionMap": {
              "java": {
                "insertions": 87,
                "deletions": 14
              }
            }
          },
          {
            "hash": "962710eaca23e9c5d8092a73109f382e9b281fa7",
            "messageTitle": "Implement testing",
            "messageBody": "",
            "tags": [
              "A-TextUiTesting"
            ],
            "fileTypesAndContributionMap": {
              "txt": {
                "insertions": 7,
                "deletions": 0
              },
              "sh": {
                "insertions": 4,
                "deletions": 4
              }
            }
          }
        ]
      },
      {
        "date": "2020-08-17",
        "commitResults": [
          {
            "hash": "85d9fac9c113f73ea05e9e56f338a00bf81d8b4e",
            "messageTitle": "Add exception handling (lvl5)",
            "messageBody": "",
            "tags": [
              "Level-5"
            ],
            "fileTypesAndContributionMap": {
              "java": {
                "insertions": 72,
                "deletions": 10
              }
            }
          },
          {
            "hash": "cd1250c0e9eab2d923deeeffee29e8f02bd20e10",
            "messageTitle": "Add delete function (lvl6)",
            "messageBody": "",
            "tags": [
              "Level-6"
            ],
            "fileTypesAndContributionMap": {
              "java": {
                "insertions": 35,
                "deletions": 3
              }
            }
          }
        ]
      },
      {
        "date": "2020-08-20",
        "commitResults": [
          {
            "hash": "133b5716e0846fb7e9deaf542f9e0b20f06d8eff",
            "messageTitle": "Use enum for different command",
            "messageBody": "",
            "tags": [
              "A-Enums"
            ],
            "fileTypesAndContributionMap": {
              "java": {
                "insertions": 88,
                "deletions": 64
              }
            }
          }
        ]
      },
      {
        "date": "2020-08-23",
        "commitResults": [
          {
            "hash": "9d63024650119bc5811e89d89d8906e53f1ece89",
            "messageTitle": "Add local storage for the tasks",
            "messageBody": "",
            "fileTypesAndContributionMap": {
              "txt": {
                "insertions": 4,
                "deletions": 0
              },
              "java": {
                "insertions": 207,
                "deletions": 86
              }
            }
          },
          {
            "hash": "d7114d3fd695de19e0f3a14528783a0b8956eafd",
            "messageTitle": "Add data.txt",
            "messageBody": "",
            "fileTypesAndContributionMap": {
              "txt": {
                "insertions": 0,
                "deletions": 0
              }
            }
          },
          {
            "hash": "f932a96062c35767cf88e815da1e5b46bb68c47c",
            "messageTitle": "Add content for data.txt",
            "messageBody": "",
            "fileTypesAndContributionMap": {
              "txt": {
                "insertions": 4,
                "deletions": 0
              }
            }
          },
          {
            "hash": "b954a3358a1786d6f2c570a7c24a7102bafbb56c",
            "messageTitle": "Change time field in Deadline and Event class to a LocalDate object",
            "messageBody": "",
            "fileTypesAndContributionMap": {
              "java": {
                "insertions": 93,
                "deletions": 12
              }
            }
          },
          {
            "hash": "6b74578a8d09f9ea31f887c566f0995c34be6bf8",
            "messageTitle": "Fix data.txt not found situation",
            "messageBody": "",
            "fileTypesAndContributionMap": {
              "txt": {
                "insertions": 4,
                "deletions": 4
              },
              "java": {
                "insertions": 25,
                "deletions": 24
              }
            }
          }
        ]
      },
      {
        "date": "2020-08-25",
        "commitResults": [
          {
            "hash": "542ebb86f1956d22109f7d3446965fe23ee1e54a",
            "messageTitle": "Add Command and its subclasses, Ui, TaskList, and Parser",
            "messageBody": "",
            "tags": [
              "A-Streams",
              "A-MoreOOP",
              "A-Lambdas"
            ],
            "fileTypesAndContributionMap": {
              "txt": {
                "insertions": 2,
                "deletions": 2
              },
              "java": {
                "insertions": 378,
                "deletions": 192
              }
            }
          },
          {
            "hash": "118650e97db3a1225f8936d49b2e33f706d0edff",
            "messageTitle": "Add package",
            "messageBody": "",
            "fileTypesAndContributionMap": {
              "java": {
                "insertions": 175,
                "deletions": 50
              }
            }
          },
          {
            "hash": "9d3cf6df85473aa920e2f32be7acbc1b4d3bb7a5",
            "messageTitle": "Complete package",
            "messageBody": "",
            "tags": [
              "A-Packages"
            ],
            "fileTypesAndContributionMap": {
              "java": {
                "insertions": 1,
                "deletions": 2
              }
            }
          },
          {
            "hash": "9c02bf11b3f70cbb549394110e59e7a63ac8794a",
            "messageTitle": "Complete test for Parser",
            "messageBody": "",
            "tags": [
              "A-JUnit"
            ],
            "fileTypesAndContributionMap": {
              "java": {
                "insertions": 54,
                "deletions": 22
              }
            }
          },
          {
            "hash": "ab4a0dbe5f0ed8ff308a2f90dd1d5d27f617c2ed",
            "messageTitle": "Include WrongDateFormatException",
            "messageBody": "",
            "fileTypesAndContributionMap": {
              "java": {
                "insertions": 10,
                "deletions": 0
              }
            }
          },
          {
            "hash": "a0981c0c815f9c26a2edd00acb567c8dd0f3ce1a",
            "messageTitle": "Add find function",
            "messageBody": "",
            "tags": [
              "Level-9"
            ],
            "fileTypesAndContributionMap": {
              "txt": {
                "insertions": 1,
                "deletions": 0
              },
              "java": {
                "insertions": 56,
                "deletions": 17
              }
            }
          },
          {
            "hash": "fc86a1825d469bd2cef1d3c13d45624b8fdc3095",
            "messageTitle": "Add Javadoc for some methods",
            "messageBody": "",
            "tags": [
              "A-JavaDoc"
            ],
            "fileTypesAndContributionMap": {
              "java": {
                "insertions": 76,
                "deletions": 12
              }
            }
          }
        ]
      },
      {
        "date": "2020-08-26",
        "commitResults": [
          {
            "hash": "baec05f21908c2b34b854e71d42a41ca2ff6aaee",
            "messageTitle": "Fix syntax error",
            "messageBody": "",
            "fileTypesAndContributionMap": {
              "java": {
                "insertions": 100,
                "deletions": 92
              }
            }
          }
        ]
      },
      {
        "date": "2020-08-31",
        "commitResults": [
          {
            "hash": "2344d3be5db9c9efd838d9834039074c729919fe",
            "messageTitle": "Modify files for gradle",
            "messageBody": "",
            "tags": [
              "A-Gradle",
              "A-CheckStyle"
            ],
            "fileTypesAndContributionMap": {
              "gradle": {
                "insertions": 2,
                "deletions": 2
              },
              "java": {
                "insertions": 21,
                "deletions": 31
              },
              "sh": {
                "insertions": 74,
                "deletions": 0
              }
            }
          },
          {
            "hash": "ba2045f3bd4dd858cd46abde9a8aaf25d54aef15",
            "messageTitle": "Add javafx",
            "messageBody": "",
            "fileTypesAndContributionMap": {
              "gradle": {
                "insertions": 19,
                "deletions": 0
              },
              "java": {
                "insertions": 35,
                "deletions": 1
              }
            }
          }
        ]
      },
      {
        "date": "2020-09-01",
        "commitResults": [
          {
            "hash": "5f89175cf25cd2c22b15678c7f81a038051059df",
            "messageTitle": "Set up controllers and views to use FXML",
            "messageBody": "",
            "fileTypesAndContributionMap": {
              "fxml": {
                "insertions": 35,
                "deletions": 0
              },
              "java": {
                "insertions": 165,
                "deletions": 15
              }
            }
          },
          {
            "hash": "c39320df9d0de99bbbcb35514a838b47e07bacbb",
            "messageTitle": "Gradle function",
            "messageBody": "",
            "fileTypesAndContributionMap": {
              "gradle": {
                "insertions": 1,
                "deletions": 1
              },
              "fxml": {
                "insertions": 2,
                "deletions": 2
              },
              "java": {
                "insertions": 174,
                "deletions": 152
              }
            }
          },
          {
            "hash": "457b0d8c70da2a554b60947a7313e082f2f93e0d",
            "messageTitle": "Complete ui",
            "messageBody": "",
            "fileTypesAndContributionMap": {
              "gradle": {
                "insertions": 1,
                "deletions": 1
              },
              "txt": {
                "insertions": 0,
                "deletions": 1
              },
              "fxml": {
                "insertions": 2,
                "deletions": 2
              },
              "java": {
                "insertions": 85,
                "deletions": 89
              }
            }
          },
          {
            "hash": "2b1bc56cb873e1668d4de9acf891368153d171a2",
            "messageTitle": "Fix checkstyle errors",
            "messageBody": "",
            "fileTypesAndContributionMap": {
              "fxml": {
                "insertions": 2,
                "deletions": 2
              },
              "java": {
                "insertions": 151,
                "deletions": 119
              }
            }
          }
        ]
      },
      {
        "date": "2020-09-07",
        "commitResults": [
          {
            "hash": "4a13c800fd4a75eea47c9c5bfbb08e7a3a32fc9c",
            "messageTitle": "Add assertions",
            "messageBody": "",
            "fileTypesAndContributionMap": {
              "java": {
                "insertions": 17,
                "deletions": 69
              }
            }
          },
          {
            "hash": "9bf776e12abb0fbc83e8abbd1486f49052194d18",
            "messageTitle": "Update code based on coding standard",
            "messageBody": "",
            "fileTypesAndContributionMap": {
              "java": {
                "insertions": 168,
                "deletions": 142
              }
            }
          },
          {
            "hash": "52c66180191cd7f349f2c71be4f0e40e6dc963e2",
            "messageTitle": "Add PeriodTask class",
            "messageBody": "",
            "fileTypesAndContributionMap": {
              "txt": {
                "insertions": 2,
                "deletions": 2
              },
              "java": {
                "insertions": 96,
                "deletions": 18
              }
            }
          }
        ]
      }
    ]
  },
  "authorFileTypeContributionMap": {
    "SherryWu178": {
      "java": 1271,
      "md": 0,
      "fxml": 35,
      "sh": 78,
      "bat": 0,
      "gradle": 21,
      "txt": 11
    }
  },
  "authorContributionVariance": {
    "SherryWu178": 85337.41
  },
  "authorDisplayNameMap": {
    "SherryWu178": "CS2103-W14-2 WU Y..UJIN"
  }
}
