{
  "authorDailyContributionsMap": {
    "chrisgzf": [
      {
        "date": "2020-08-20",
        "commitResults": [
          {
            "hash": "b73ad3720a750671dae1135897e32da1f086eee8",
            "messageTitle": "feat: Add command echo and exit",
            "messageBody": "",
            "tags": [
              "Level-1"
            ],
            "fileTypesAndContributionMap": {
              "java": {
                "insertions": 21,
                "deletions": 6
              }
            }
          },
          {
            "hash": "0058d76ba13192262862ae940fa97760ee456717",
            "messageTitle": "feat: Save user input to memory",
            "messageBody": "",
            "tags": [
              "A-Collections"
            ],
            "fileTypesAndContributionMap": {
              "java": {
                "insertions": 6,
                "deletions": 2
              }
            }
          },
          {
            "hash": "9d28687f8a1edcad9f23f450ae16aa1426824309",
            "messageTitle": "feat: Add ls command to list items",
            "messageBody": "",
            "tags": [
              "Level-2"
            ],
            "fileTypesAndContributionMap": {
              "java": {
                "insertions": 8,
                "deletions": 0
              }
            }
          },
          {
            "hash": "08bdb5d4bbc32e552b47c6e76c4f8b85ccaa16e7",
            "messageTitle": "refactor: Use Task class to store tasks",
            "messageBody": "",
            "tags": [
              "A-Classes"
            ],
            "fileTypesAndContributionMap": {
              "java": {
                "insertions": 21,
                "deletions": 3
              }
            }
          },
          {
            "hash": "45b3f42f638ecd12f2d1a17846092d386e2c5846",
            "messageTitle": "feat: Add done command to mark tasks as done",
            "messageBody": "",
            "tags": [
              "Level-3"
            ],
            "fileTypesAndContributionMap": {
              "java": {
                "insertions": 30,
                "deletions": 8
              }
            }
          },
          {
            "hash": "be9b4d6a85e5fe99ab18f9edc1d4532b96a47f66",
            "messageTitle": "feat: Add Todo, Deadline, Event classes",
            "messageBody": "",
            "tags": [
              "A-Inheritance"
            ],
            "fileTypesAndContributionMap": {
              "java": {
                "insertions": 37,
                "deletions": 2
              }
            }
          },
          {
            "hash": "2254a7de297569513616ca09d57d1ec506105a24",
            "messageTitle": "feat: Add support for todo",
            "messageBody": "",
            "fileTypesAndContributionMap": {
              "java": {
                "insertions": 26,
                "deletions": 8
              }
            }
          },
          {
            "hash": "252d674e5cc30a988e8c05bcb5ffbff09b1d894d",
            "messageTitle": "feat: Add support for deadline",
            "messageBody": "",
            "fileTypesAndContributionMap": {
              "java": {
                "insertions": 13,
                "deletions": 0
              }
            }
          },
          {
            "hash": "e7fedaf60161928bf412fb5e569399e0b488444d",
            "messageTitle": "refactor: Use toString for printing",
            "messageBody": "",
            "fileTypesAndContributionMap": {
              "java": {
                "insertions": 13,
                "deletions": 12
              }
            }
          },
          {
            "hash": "c1b30bab88f4c78d34dede1ff9ee746e96f5c14d",
            "messageTitle": "feat: Add support for event command",
            "messageBody": "",
            "tags": [
              "Level-4"
            ],
            "fileTypesAndContributionMap": {
              "java": {
                "insertions": 12,
                "deletions": 0
              }
            }
          },
          {
            "hash": "638a578b2ffb6cb4236bad9a4de9730ce8c5ff3c",
            "messageTitle": "chore: fix runtest.sh script",
            "messageBody": "",
            "fileTypesAndContributionMap": {
              "sh": {
                "insertions": 1,
                "deletions": 1
              }
            }
          },
          {
            "hash": "1bb68c33fe96bdbf9b4f098d7ec75d91c2386a01",
            "messageTitle": "refactor: Make tasks print tasks identifier",
            "messageBody": "",
            "fileTypesAndContributionMap": {
              "java": {
                "insertions": 7,
                "deletions": 2
              }
            }
          },
          {
            "hash": "b6d3f2e9e791c95cbfe99e31d06dc7a69d475d4e",
            "messageTitle": "feat: Update integration tests",
            "messageBody": "",
            "tags": [
              "A-TextUiTesting"
            ],
            "fileTypesAndContributionMap": {
              "txt": {
                "insertions": 22,
                "deletions": 0
              }
            }
          },
          {
            "hash": "0845c5fdca96e0aa674ec4f386c38f5523144a4b",
            "messageTitle": "feat: Add input validation for commands",
            "messageBody": "",
            "tags": [
              "A-Exceptions"
            ],
            "fileTypesAndContributionMap": {
              "java": {
                "insertions": 51,
                "deletions": 3
              }
            }
          },
          {
            "hash": "e65d5a1ee96ad2f23e9cf5d04b7bc499bbcada21",
            "messageTitle": "chore: Deprecate unrecognized commands",
            "messageBody": "",
            "tags": [
              "Level-5"
            ],
            "fileTypesAndContributionMap": {
              "java": {
                "insertions": 1,
                "deletions": 3
              }
            }
          },
          {
            "hash": "3284aeb1f5649f8464ab0af3ca996791c5172593",
            "messageTitle": "fix: Print better output if ls finds no tasks",
            "messageBody": "",
            "fileTypesAndContributionMap": {
              "java": {
                "insertions": 4,
                "deletions": 0
              }
            }
          },
          {
            "hash": "1695e499815dd07544e38d57e154eb277e338c22",
            "messageTitle": "refactor: Print task count only if handler succeeds",
            "messageBody": "",
            "fileTypesAndContributionMap": {
              "java": {
                "insertions": 4,
                "deletions": 4
              }
            }
          },
          {
            "hash": "d2eaaa7ab36dcd34d275030fabdb00bf33544cfe",
            "messageTitle": "test: Update integration tests with error cases",
            "messageBody": "",
            "fileTypesAndContributionMap": {
              "txt": {
                "insertions": 22,
                "deletions": 0
              },
              "java": {
                "insertions": 1,
                "deletions": 1
              }
            }
          },
          {
            "hash": "2680deb0326ae8d5b6d5b02e00d40b4a5975be32",
            "messageTitle": "chore: Fix indentation of switch statements",
            "messageBody": "",
            "fileTypesAndContributionMap": {
              "java": {
                "insertions": 24,
                "deletions": 24
              }
            }
          },
          {
            "hash": "0a736b17c1fbfd02b4f1b8a108932410bbf796f6",
            "messageTitle": "feat: Add support for delete command",
            "messageBody": "",
            "tags": [
              "Level-6"
            ],
            "fileTypesAndContributionMap": {
              "txt": {
                "insertions": 10,
                "deletions": 0
              },
              "java": {
                "insertions": 30,
                "deletions": 0
              }
            }
          },
          {
            "hash": "d9fb2a68eb91e65a1a95daa5c870119757433474",
            "messageTitle": "refactor: Process commands based on CommandType enum",
            "messageBody": "",
            "tags": [
              "A-Enums"
            ],
            "fileTypesAndContributionMap": {
              "java": {
                "insertions": 39,
                "deletions": 13
              }
            }
          }
        ]
      },
      {
        "date": "2020-08-26",
        "commitResults": [
          {
            "hash": "7ca2bc4bcc224963fdeff13f4372668b8dcc1749",
            "messageTitle": "refactor: Use package directory structure",
            "messageBody": "",
            "fileTypesAndContributionMap": {
              "java": {
                "insertions": 0,
                "deletions": 0
              },
              "sh": {
                "insertions": 1,
                "deletions": 1
              }
            }
          },
          {
            "hash": "00647bb90082359c73dd57ee399c9c8e504558c5",
            "messageTitle": "refactor: Split classes into proper packages",
            "messageBody": "",
            "tags": [
              "A-Packages"
            ],
            "fileTypesAndContributionMap": {
              "java": {
                "insertions": 18,
                "deletions": 1
              }
            }
          }
        ]
      }
    ]
  },
  "authorFileTypeContributionMap": {
    "chrisgzf": {
      "java": 280,
      "md": 0,
      "fxml": 0,
      "sh": 1,
      "bat": 0,
      "gradle": 0,
      "txt": 54
    }
  },
  "authorContributionVariance": {
    "chrisgzf": 17306.521
  },
  "authorDisplayNameMap": {
    "chrisgzf": "CHRI..FUNG"
  }
}
