{
  "authorDailyContributionsMap": {
    "jiaax": [
      {
        "date": "2020-08-17",
        "commitResults": [
          {
            "hash": "1939be39a4781bbcf422f68610571b5302158b1c",
            "messageTitle": "Level 1",
            "messageBody": "",
            "tags": [
              "Level-2.1"
            ],
            "fileTypesAndContributionMap": {
              "java": {
                "insertions": 12,
                "deletions": 1
              }
            }
          },
          {
            "hash": "aa2a5d515e3dc408fd23dc1e9a91ad8affb23ae6",
            "messageTitle": "Level 2",
            "messageBody": "",
            "fileTypesAndContributionMap": {
              "java": {
                "insertions": 11,
                "deletions": 6
              }
            }
          },
          {
            "hash": "ab877d8e3e862c25f7bb98152f9f2e789936723c",
            "messageTitle": "Level 3",
            "messageBody": "",
            "tags": [
              "Level-4"
            ],
            "fileTypesAndContributionMap": {
              "java": {
                "insertions": 39,
                "deletions": 7
              }
            }
          },
          {
            "hash": "c82a39543ab199986523d68e5f7efd378af7654b",
            "messageTitle": "Level 4",
            "messageBody": "",
            "tags": [
              "Level-5"
            ],
            "fileTypesAndContributionMap": {
              "java": {
                "insertions": 63,
                "deletions": 4
              }
            }
          }
        ]
      },
      {
        "date": "2020-08-19",
        "commitResults": [
          {
            "hash": "dcc965f249bdd38b8f47c7ef5b2de207984510ab",
            "messageTitle": "Level 5",
            "messageBody": "",
            "tags": [
              "Level-6"
            ],
            "fileTypesAndContributionMap": {
              "java": {
                "insertions": 49,
                "deletions": 17
              }
            }
          },
          {
            "hash": "13b7c4e7b4acf46c93f7ab97a9ef14386033efeb",
            "messageTitle": "Level 6",
            "messageBody": "",
            "tags": [
              "Level-7",
              "Level-2"
            ],
            "fileTypesAndContributionMap": {
              "java": {
                "insertions": 16,
                "deletions": 9
              }
            }
          }
        ]
      },
      {
        "date": "2020-08-24",
        "commitResults": [
          {
            "hash": "86db0f05f1d29fc057c2aea20de130af5af66dbb",
            "messageTitle": "Level-7",
            "messageBody": "",
            "tags": [
              "Level-8"
            ],
            "fileTypesAndContributionMap": {
              "java": {
                "insertions": 207,
                "deletions": 26
              }
            }
          },
          {
            "hash": "fe0bd71c24c66cefebf724d59d0fce696d1b1b94",
            "messageTitle": "Level-8",
            "messageBody": "",
            "fileTypesAndContributionMap": {
              "java": {
                "insertions": 26,
                "deletions": 34
              }
            }
          }
        ]
      }
    ]
  },
  "authorFileTypeContributionMap": {
    "jiaax": {
      "java": 324,
      "md": 0,
      "fxml": 0,
      "sh": 0,
      "bat": 0,
      "gradle": 0,
      "txt": 0
    }
  },
  "authorContributionVariance": {
    "jiaax": 8120.992
  },
  "authorDisplayNameMap": {
    "jiaax": "NG J.. XIN"
  }
}
