[
  {
    "path": "src/main/java/Botbot.java",
    "fileType": "java",
    "lines": [
      {
        "lineNumber": 1,
        "author": {
          "gitId": "wakululuu"
        },
        "content": "import java.util.Scanner;"
      },
      {
        "lineNumber": 2,
        "author": {
          "gitId": "wakululuu"
        },
        "content": ""
      },
      {
        "lineNumber": 3,
        "author": {
          "gitId": "wakululuu"
        },
        "content": "public class Botbot {"
      },
      {
        "lineNumber": 4,
        "author": {
          "gitId": "-"
        },
        "content": "    public static void main(String[] args) {"
      },
      {
        "lineNumber": 5,
        "author": {
          "gitId": "wakululuu"
        },
        "content": "        Scanner sc \u003d new Scanner(System.in);"
      },
      {
        "lineNumber": 6,
        "author": {
          "gitId": "wakululuu"
        },
        "content": "        Chat chat \u003d new Chat();"
      },
      {
        "lineNumber": 7,
        "author": {
          "gitId": "wakululuu"
        },
        "content": "        while (chat.isRunning()) {"
      },
      {
        "lineNumber": 8,
        "author": {
          "gitId": "wakululuu"
        },
        "content": "            String input \u003d sc.nextLine();"
      },
      {
        "lineNumber": 9,
        "author": {
          "gitId": "wakululuu"
        },
        "content": "            try {"
      },
      {
        "lineNumber": 10,
        "author": {
          "gitId": "wakululuu"
        },
        "content": "                chat.handleInput(input);"
      },
      {
        "lineNumber": 11,
        "author": {
          "gitId": "wakululuu"
        },
        "content": "            } catch (BotbotException e) {"
      },
      {
        "lineNumber": 12,
        "author": {
          "gitId": "wakululuu"
        },
        "content": "                System.out.println(e.getMessage());"
      },
      {
        "lineNumber": 13,
        "author": {
          "gitId": "wakululuu"
        },
        "content": "            }"
      },
      {
        "lineNumber": 14,
        "author": {
          "gitId": "-"
        },
        "content": "        }"
      },
      {
        "lineNumber": 15,
        "author": {
          "gitId": "-"
        },
        "content": "    }"
      },
      {
        "lineNumber": 16,
        "author": {
          "gitId": "wakululuu"
        },
        "content": "}"
      }
    ],
    "authorContributionMap": {
      "wakululuu": 13,
      "-": 3
    }
  },
  {
    "path": "src/main/java/BotbotException.java",
    "fileType": "java",
    "lines": [
      {
        "lineNumber": 1,
        "author": {
          "gitId": "wakululuu"
        },
        "content": "public class BotbotException extends Exception {"
      },
      {
        "lineNumber": 2,
        "author": {
          "gitId": "wakululuu"
        },
        "content": "    BotbotException(String e) {"
      },
      {
        "lineNumber": 3,
        "author": {
          "gitId": "wakululuu"
        },
        "content": "        super(\"    oops! \" + e + \"\\n\");"
      },
      {
        "lineNumber": 4,
        "author": {
          "gitId": "wakululuu"
        },
        "content": "    }"
      },
      {
        "lineNumber": 5,
        "author": {
          "gitId": "wakululuu"
        },
        "content": "}"
      }
    ],
    "authorContributionMap": {
      "wakululuu": 5
    }
  },
  {
    "path": "src/main/java/Chat.java",
    "fileType": "java",
    "lines": [
      {
        "lineNumber": 1,
        "author": {
          "gitId": "wakululuu"
        },
        "content": "import java.io.File;"
      },
      {
        "lineNumber": 2,
        "author": {
          "gitId": "wakululuu"
        },
        "content": "import java.io.FileInputStream;"
      },
      {
        "lineNumber": 3,
        "author": {
          "gitId": "wakululuu"
        },
        "content": "import java.io.FileNotFoundException;"
      },
      {
        "lineNumber": 4,
        "author": {
          "gitId": "wakululuu"
        },
        "content": "import java.io.FileWriter;"
      },
      {
        "lineNumber": 5,
        "author": {
          "gitId": "wakululuu"
        },
        "content": "import java.io.IOException;"
      },
      {
        "lineNumber": 6,
        "author": {
          "gitId": "wakululuu"
        },
        "content": "import java.util.LinkedList;"
      },
      {
        "lineNumber": 7,
        "author": {
          "gitId": "wakululuu"
        },
        "content": "import java.util.List;"
      },
      {
        "lineNumber": 8,
        "author": {
          "gitId": "wakululuu"
        },
        "content": "import java.util.Scanner;"
      },
      {
        "lineNumber": 9,
        "author": {
          "gitId": "wakululuu"
        },
        "content": ""
      },
      {
        "lineNumber": 10,
        "author": {
          "gitId": "wakululuu"
        },
        "content": "public class Chat {"
      },
      {
        "lineNumber": 11,
        "author": {
          "gitId": "wakululuu"
        },
        "content": "    private boolean isRunning;"
      },
      {
        "lineNumber": 12,
        "author": {
          "gitId": "wakululuu"
        },
        "content": "    private NumberedList\u003cTask\u003e list;"
      },
      {
        "lineNumber": 13,
        "author": {
          "gitId": "wakululuu"
        },
        "content": "    private static final String DATA_DIR_PATHNAME \u003d \"data/\";"
      },
      {
        "lineNumber": 14,
        "author": {
          "gitId": "wakululuu"
        },
        "content": "    private static final String DATA_FILE_PATHNAME \u003d DATA_DIR_PATHNAME + \"botbot.txt\";"
      },
      {
        "lineNumber": 15,
        "author": {
          "gitId": "wakululuu"
        },
        "content": ""
      },
      {
        "lineNumber": 16,
        "author": {
          "gitId": "wakululuu"
        },
        "content": "    Chat() {"
      },
      {
        "lineNumber": 17,
        "author": {
          "gitId": "wakululuu"
        },
        "content": "        isRunning \u003d true;"
      },
      {
        "lineNumber": 18,
        "author": {
          "gitId": "wakululuu"
        },
        "content": "        list \u003d new NumberedList\u003c\u003e();"
      },
      {
        "lineNumber": 19,
        "author": {
          "gitId": "wakululuu"
        },
        "content": "        loadData();"
      },
      {
        "lineNumber": 20,
        "author": {
          "gitId": "wakululuu"
        },
        "content": "        greet();"
      },
      {
        "lineNumber": 21,
        "author": {
          "gitId": "wakululuu"
        },
        "content": "    }"
      },
      {
        "lineNumber": 22,
        "author": {
          "gitId": "wakululuu"
        },
        "content": "    "
      },
      {
        "lineNumber": 23,
        "author": {
          "gitId": "wakululuu"
        },
        "content": "    void loadData() {"
      },
      {
        "lineNumber": 24,
        "author": {
          "gitId": "wakululuu"
        },
        "content": "        File dataDir \u003d new File(DATA_DIR_PATHNAME);"
      },
      {
        "lineNumber": 25,
        "author": {
          "gitId": "wakululuu"
        },
        "content": "        File dataFile \u003d new File(DATA_FILE_PATHNAME);"
      },
      {
        "lineNumber": 26,
        "author": {
          "gitId": "wakululuu"
        },
        "content": "        if (!dataDir.isDirectory()) {"
      },
      {
        "lineNumber": 27,
        "author": {
          "gitId": "wakululuu"
        },
        "content": "            dataDir.mkdir();"
      },
      {
        "lineNumber": 28,
        "author": {
          "gitId": "wakululuu"
        },
        "content": "            try {"
      },
      {
        "lineNumber": 29,
        "author": {
          "gitId": "wakululuu"
        },
        "content": "                dataFile.createNewFile();"
      },
      {
        "lineNumber": 30,
        "author": {
          "gitId": "wakululuu"
        },
        "content": "            } catch (IOException e) {"
      },
      {
        "lineNumber": 31,
        "author": {
          "gitId": "wakululuu"
        },
        "content": "                e.printStackTrace();"
      },
      {
        "lineNumber": 32,
        "author": {
          "gitId": "wakululuu"
        },
        "content": "            }"
      },
      {
        "lineNumber": 33,
        "author": {
          "gitId": "wakululuu"
        },
        "content": "        } else if (!dataFile.isFile()) {"
      },
      {
        "lineNumber": 34,
        "author": {
          "gitId": "wakululuu"
        },
        "content": "            try {"
      },
      {
        "lineNumber": 35,
        "author": {
          "gitId": "wakululuu"
        },
        "content": "                dataFile.createNewFile();"
      },
      {
        "lineNumber": 36,
        "author": {
          "gitId": "wakululuu"
        },
        "content": "            } catch (IOException e) {"
      },
      {
        "lineNumber": 37,
        "author": {
          "gitId": "wakululuu"
        },
        "content": "                e.printStackTrace();"
      },
      {
        "lineNumber": 38,
        "author": {
          "gitId": "wakululuu"
        },
        "content": "            }"
      },
      {
        "lineNumber": 39,
        "author": {
          "gitId": "wakululuu"
        },
        "content": "        } else {"
      },
      {
        "lineNumber": 40,
        "author": {
          "gitId": "wakululuu"
        },
        "content": "            readData();"
      },
      {
        "lineNumber": 41,
        "author": {
          "gitId": "wakululuu"
        },
        "content": "        }"
      },
      {
        "lineNumber": 42,
        "author": {
          "gitId": "wakululuu"
        },
        "content": "    }"
      },
      {
        "lineNumber": 43,
        "author": {
          "gitId": "wakululuu"
        },
        "content": "    "
      },
      {
        "lineNumber": 44,
        "author": {
          "gitId": "wakululuu"
        },
        "content": "    void readData() {"
      },
      {
        "lineNumber": 45,
        "author": {
          "gitId": "wakululuu"
        },
        "content": "        try {"
      },
      {
        "lineNumber": 46,
        "author": {
          "gitId": "wakululuu"
        },
        "content": "            FileInputStream file \u003d new FileInputStream(DATA_FILE_PATHNAME);"
      },
      {
        "lineNumber": 47,
        "author": {
          "gitId": "wakululuu"
        },
        "content": "            Scanner sc \u003d new Scanner(file);"
      },
      {
        "lineNumber": 48,
        "author": {
          "gitId": "wakululuu"
        },
        "content": "            while (sc.hasNextLine()) {"
      },
      {
        "lineNumber": 49,
        "author": {
          "gitId": "wakululuu"
        },
        "content": "                String data \u003d sc.nextLine();"
      },
      {
        "lineNumber": 50,
        "author": {
          "gitId": "wakululuu"
        },
        "content": "                String[] dataArr \u003d data.split(\"\\\\|\");"
      },
      {
        "lineNumber": 51,
        "author": {
          "gitId": "wakululuu"
        },
        "content": "                char taskType \u003d dataArr[0].charAt(0);"
      },
      {
        "lineNumber": 52,
        "author": {
          "gitId": "wakululuu"
        },
        "content": "                boolean isDone \u003d dataArr[1].equals(\"1\");"
      },
      {
        "lineNumber": 53,
        "author": {
          "gitId": "wakululuu"
        },
        "content": "                String description \u003d dataArr[2];"
      },
      {
        "lineNumber": 54,
        "author": {
          "gitId": "wakululuu"
        },
        "content": "                if (taskType \u003d\u003d Todo.TYPE_CODE) {"
      },
      {
        "lineNumber": 55,
        "author": {
          "gitId": "wakululuu"
        },
        "content": "                    list.add(new Todo(description, isDone));"
      },
      {
        "lineNumber": 56,
        "author": {
          "gitId": "wakululuu"
        },
        "content": "                } else if (taskType \u003d\u003d Deadline.TYPE_CODE) {"
      },
      {
        "lineNumber": 57,
        "author": {
          "gitId": "wakululuu"
        },
        "content": "                    String by \u003d dataArr[3];"
      },
      {
        "lineNumber": 58,
        "author": {
          "gitId": "wakululuu"
        },
        "content": "                    list.add(new Deadline(description, isDone, by));"
      },
      {
        "lineNumber": 59,
        "author": {
          "gitId": "wakululuu"
        },
        "content": "                } else if (taskType \u003d\u003d Event.TYPE_CODE) {"
      },
      {
        "lineNumber": 60,
        "author": {
          "gitId": "wakululuu"
        },
        "content": "                    String at \u003d dataArr[3];"
      },
      {
        "lineNumber": 61,
        "author": {
          "gitId": "wakululuu"
        },
        "content": "                    list.add(new Event(description, isDone, at));"
      },
      {
        "lineNumber": 62,
        "author": {
          "gitId": "wakululuu"
        },
        "content": "                }"
      },
      {
        "lineNumber": 63,
        "author": {
          "gitId": "wakululuu"
        },
        "content": "            }"
      },
      {
        "lineNumber": 64,
        "author": {
          "gitId": "wakululuu"
        },
        "content": "            sc.close();"
      },
      {
        "lineNumber": 65,
        "author": {
          "gitId": "wakululuu"
        },
        "content": "        } catch (FileNotFoundException e) {"
      },
      {
        "lineNumber": 66,
        "author": {
          "gitId": "wakululuu"
        },
        "content": "            System.out.println(\"    oops! your data file is missing!\");"
      },
      {
        "lineNumber": 67,
        "author": {
          "gitId": "wakululuu"
        },
        "content": "        }"
      },
      {
        "lineNumber": 68,
        "author": {
          "gitId": "wakululuu"
        },
        "content": "    }"
      },
      {
        "lineNumber": 69,
        "author": {
          "gitId": "wakululuu"
        },
        "content": "    "
      },
      {
        "lineNumber": 70,
        "author": {
          "gitId": "wakululuu"
        },
        "content": "    void saveData() {"
      },
      {
        "lineNumber": 71,
        "author": {
          "gitId": "wakululuu"
        },
        "content": "        try {"
      },
      {
        "lineNumber": 72,
        "author": {
          "gitId": "wakululuu"
        },
        "content": "            FileWriter fw \u003d new FileWriter(DATA_FILE_PATHNAME);"
      },
      {
        "lineNumber": 73,
        "author": {
          "gitId": "wakululuu"
        },
        "content": "            for (Task task : list) {"
      },
      {
        "lineNumber": 74,
        "author": {
          "gitId": "wakululuu"
        },
        "content": "                List\u003cString\u003e temp \u003d new LinkedList\u003c\u003e();"
      },
      {
        "lineNumber": 75,
        "author": {
          "gitId": "wakululuu"
        },
        "content": "                temp.add(String.valueOf(task.getType()));"
      },
      {
        "lineNumber": 76,
        "author": {
          "gitId": "wakululuu"
        },
        "content": "                temp.add(task.getStatus());"
      },
      {
        "lineNumber": 77,
        "author": {
          "gitId": "wakululuu"
        },
        "content": "                temp.add(task.getDescription());"
      },
      {
        "lineNumber": 78,
        "author": {
          "gitId": "wakululuu"
        },
        "content": "                if (task instanceof Deadline) {"
      },
      {
        "lineNumber": 79,
        "author": {
          "gitId": "wakululuu"
        },
        "content": "                    temp.add(task.getBy());"
      },
      {
        "lineNumber": 80,
        "author": {
          "gitId": "wakululuu"
        },
        "content": "                } else if (task instanceof Event) {"
      },
      {
        "lineNumber": 81,
        "author": {
          "gitId": "wakululuu"
        },
        "content": "                    temp.add(task.getAt());"
      },
      {
        "lineNumber": 82,
        "author": {
          "gitId": "wakululuu"
        },
        "content": "                }"
      },
      {
        "lineNumber": 83,
        "author": {
          "gitId": "wakululuu"
        },
        "content": "                String data \u003d String.join(\"|\", temp);"
      },
      {
        "lineNumber": 84,
        "author": {
          "gitId": "wakululuu"
        },
        "content": "                fw.write(data + \"\\n\");"
      },
      {
        "lineNumber": 85,
        "author": {
          "gitId": "wakululuu"
        },
        "content": "            }"
      },
      {
        "lineNumber": 86,
        "author": {
          "gitId": "wakululuu"
        },
        "content": "            fw.close();"
      },
      {
        "lineNumber": 87,
        "author": {
          "gitId": "wakululuu"
        },
        "content": "        } catch (IOException e) {"
      },
      {
        "lineNumber": 88,
        "author": {
          "gitId": "wakululuu"
        },
        "content": "            e.printStackTrace();"
      },
      {
        "lineNumber": 89,
        "author": {
          "gitId": "wakululuu"
        },
        "content": "        }"
      },
      {
        "lineNumber": 90,
        "author": {
          "gitId": "wakululuu"
        },
        "content": "    }"
      },
      {
        "lineNumber": 91,
        "author": {
          "gitId": "wakululuu"
        },
        "content": ""
      },
      {
        "lineNumber": 92,
        "author": {
          "gitId": "wakululuu"
        },
        "content": "    static void greet() {"
      },
      {
        "lineNumber": 93,
        "author": {
          "gitId": "wakululuu"
        },
        "content": "        String logo \u003d \"\\n.-. .-\u0027)                .-\u0027) _  .-. .-\u0027)                .-\u0027) _\\n\""
      },
      {
        "lineNumber": 94,
        "author": {
          "gitId": "wakululuu"
        },
        "content": "                + \"\\\\  ( OO )              (  OO) ) \\\\  ( OO )              (  OO) )\\n\""
      },
      {
        "lineNumber": 95,
        "author": {
          "gitId": "wakululuu"
        },
        "content": "                + \" ;-----.\\\\  .-\u0027),-----. /     \u0027._ ;-----.\\\\  .-\u0027),-----. /     \u0027._\\n\""
      },
      {
        "lineNumber": 96,
        "author": {
          "gitId": "wakululuu"
        },
        "content": "                + \" | .-.  | ( OO\u0027  .-.  \u0027|\u0027--...__)| .-.  | ( OO\u0027  .-.  \u0027|\u0027--...__)\\n\""
      },
      {
        "lineNumber": 97,
        "author": {
          "gitId": "wakululuu"
        },
        "content": "                + \" | \u0027-\u0027 /_)/   |  | |  |\u0027--.  .--\u0027| \u0027-\u0027 /_)/   |  | |  |\u0027--.  .--\u0027\\n\""
      },
      {
        "lineNumber": 98,
        "author": {
          "gitId": "wakululuu"
        },
        "content": "                + \" | .-. `. \\\\_) |  | |  |   |  |   | .-. `. \\\\_) |  | |  |   |  |\\n\""
      },
      {
        "lineNumber": 99,
        "author": {
          "gitId": "wakululuu"
        },
        "content": "                + \" | |  \\\\  |  \\\\ |  | |  |   |  |   | |  \\\\  |  \\\\ |  | |  |   |  |\\n\""
      },
      {
        "lineNumber": 100,
        "author": {
          "gitId": "wakululuu"
        },
        "content": "                + \" | \u0027--\u0027  /   `\u0027  \u0027-\u0027  \u0027   |  |   | \u0027--\u0027  /   `\u0027  \u0027-\u0027  \u0027   |  |\\n\""
      },
      {
        "lineNumber": 101,
        "author": {
          "gitId": "wakululuu"
        },
        "content": "                + \" `------\u0027      `-----\u0027    `--\u0027   `------\u0027      `-----\u0027    `--\u0027\\n\";"
      },
      {
        "lineNumber": 102,
        "author": {
          "gitId": "wakululuu"
        },
        "content": "        System.out.println(\"helluu! I\u0027m\\n\" + logo + \"\\nwhat would you like me to do?\\n\");"
      },
      {
        "lineNumber": 103,
        "author": {
          "gitId": "wakululuu"
        },
        "content": "    }"
      },
      {
        "lineNumber": 104,
        "author": {
          "gitId": "wakululuu"
        },
        "content": ""
      },
      {
        "lineNumber": 105,
        "author": {
          "gitId": "wakululuu"
        },
        "content": "    boolean isRunning() {"
      },
      {
        "lineNumber": 106,
        "author": {
          "gitId": "wakululuu"
        },
        "content": "        return isRunning;"
      },
      {
        "lineNumber": 107,
        "author": {
          "gitId": "wakululuu"
        },
        "content": "    }"
      },
      {
        "lineNumber": 108,
        "author": {
          "gitId": "wakululuu"
        },
        "content": ""
      },
      {
        "lineNumber": 109,
        "author": {
          "gitId": "wakululuu"
        },
        "content": "    void handleInput(String input) throws EmptyTaskException, EmptyTaskNumberException,"
      },
      {
        "lineNumber": 110,
        "author": {
          "gitId": "wakululuu"
        },
        "content": "            InvalidFormatException, NoSuchCommandException {"
      },
      {
        "lineNumber": 111,
        "author": {
          "gitId": "wakululuu"
        },
        "content": "        if (input.equals(\"bye\")) {"
      },
      {
        "lineNumber": 112,
        "author": {
          "gitId": "wakululuu"
        },
        "content": "            exit();"
      },
      {
        "lineNumber": 113,
        "author": {
          "gitId": "wakululuu"
        },
        "content": "        } else if (input.equals(\"list\")) {"
      },
      {
        "lineNumber": 114,
        "author": {
          "gitId": "wakululuu"
        },
        "content": "            list();"
      },
      {
        "lineNumber": 115,
        "author": {
          "gitId": "wakululuu"
        },
        "content": "        } else if (input.length() \u003e\u003d 8 \u0026\u0026 input.substring(0, 7).equals(\"delete \")) {"
      },
      {
        "lineNumber": 116,
        "author": {
          "gitId": "wakululuu"
        },
        "content": "            delete(input);"
      },
      {
        "lineNumber": 117,
        "author": {
          "gitId": "wakululuu"
        },
        "content": "        } else if (input.equals(\"delete\") || (input.length() \u003e\u003d 7 \u0026\u0026 input.substring(0, 7).equals(\"delete \"))) {"
      },
      {
        "lineNumber": 118,
        "author": {
          "gitId": "wakululuu"
        },
        "content": "            throw new EmptyTaskNumberException();"
      },
      {
        "lineNumber": 119,
        "author": {
          "gitId": "wakululuu"
        },
        "content": "        } else if (input.length() \u003e\u003d 6 \u0026\u0026 input.substring(0, 5).equals(\"done \")) {"
      },
      {
        "lineNumber": 120,
        "author": {
          "gitId": "wakululuu"
        },
        "content": "            markAsDone(input);"
      },
      {
        "lineNumber": 121,
        "author": {
          "gitId": "wakululuu"
        },
        "content": "        } else if (input.equals(\"done\") || (input.length() \u003e\u003d 5 \u0026\u0026 input.substring(0, 5).equals(\"done \"))) {"
      },
      {
        "lineNumber": 122,
        "author": {
          "gitId": "wakululuu"
        },
        "content": "            throw new EmptyTaskNumberException();"
      },
      {
        "lineNumber": 123,
        "author": {
          "gitId": "wakululuu"
        },
        "content": "        } else if (input.length() \u003e\u003d 6 \u0026\u0026 input.substring(0, 5).equals(\"todo \")) {"
      },
      {
        "lineNumber": 124,
        "author": {
          "gitId": "wakululuu"
        },
        "content": "            addToList(new Todo(input));"
      },
      {
        "lineNumber": 125,
        "author": {
          "gitId": "wakululuu"
        },
        "content": "        } else if (input.equals(\"todo\") || (input.length() \u003e\u003d 5 \u0026\u0026 input.substring(0, 5).equals(\"todo \"))) {"
      },
      {
        "lineNumber": 126,
        "author": {
          "gitId": "wakululuu"
        },
        "content": "            throw new EmptyTaskException(\"a todo\");"
      },
      {
        "lineNumber": 127,
        "author": {
          "gitId": "wakululuu"
        },
        "content": "        } else if (input.length() \u003e\u003d 10 \u0026\u0026 input.substring(0, 9).equals(\"deadline \")) {"
      },
      {
        "lineNumber": 128,
        "author": {
          "gitId": "wakululuu"
        },
        "content": "            if (!input.contains(\" /by \")) {"
      },
      {
        "lineNumber": 129,
        "author": {
          "gitId": "wakululuu"
        },
        "content": "                throw new InvalidFormatException(Deadline.FORMAT);"
      },
      {
        "lineNumber": 130,
        "author": {
          "gitId": "wakululuu"
        },
        "content": "            }"
      },
      {
        "lineNumber": 131,
        "author": {
          "gitId": "wakululuu"
        },
        "content": "            addToList(new Deadline(input));"
      },
      {
        "lineNumber": 132,
        "author": {
          "gitId": "wakululuu"
        },
        "content": "        } else if (input.equals(\"deadline\")"
      },
      {
        "lineNumber": 133,
        "author": {
          "gitId": "wakululuu"
        },
        "content": "                || (input.length() \u003e\u003d 9 \u0026\u0026 input.substring(0, 9).equals(\"deadline \"))) {"
      },
      {
        "lineNumber": 134,
        "author": {
          "gitId": "wakululuu"
        },
        "content": "            throw new EmptyTaskException(\"a deadline\");"
      },
      {
        "lineNumber": 135,
        "author": {
          "gitId": "wakululuu"
        },
        "content": "        } else if (input.length() \u003e\u003d 7 \u0026\u0026 input.substring(0, 6).equals(\"event \")) {"
      },
      {
        "lineNumber": 136,
        "author": {
          "gitId": "wakululuu"
        },
        "content": "            if (!input.contains(\" /at \")) {"
      },
      {
        "lineNumber": 137,
        "author": {
          "gitId": "wakululuu"
        },
        "content": "                throw new InvalidFormatException(Event.FORMAT);"
      },
      {
        "lineNumber": 138,
        "author": {
          "gitId": "wakululuu"
        },
        "content": "            }"
      },
      {
        "lineNumber": 139,
        "author": {
          "gitId": "wakululuu"
        },
        "content": "            addToList(new Event(input));"
      },
      {
        "lineNumber": 140,
        "author": {
          "gitId": "wakululuu"
        },
        "content": "        } else if (input.equals(\"event\")"
      },
      {
        "lineNumber": 141,
        "author": {
          "gitId": "wakululuu"
        },
        "content": "                || (input.length() \u003e\u003d 6 \u0026\u0026 input.substring(0, 6).equals(\"event \"))) {"
      },
      {
        "lineNumber": 142,
        "author": {
          "gitId": "wakululuu"
        },
        "content": "            throw new EmptyTaskException(\"an event\");"
      },
      {
        "lineNumber": 143,
        "author": {
          "gitId": "wakululuu"
        },
        "content": "        } else {"
      },
      {
        "lineNumber": 144,
        "author": {
          "gitId": "wakululuu"
        },
        "content": "            throw new NoSuchCommandException();"
      },
      {
        "lineNumber": 145,
        "author": {
          "gitId": "wakululuu"
        },
        "content": "        }"
      },
      {
        "lineNumber": 146,
        "author": {
          "gitId": "wakululuu"
        },
        "content": "    }"
      },
      {
        "lineNumber": 147,
        "author": {
          "gitId": "wakululuu"
        },
        "content": ""
      },
      {
        "lineNumber": 148,
        "author": {
          "gitId": "wakululuu"
        },
        "content": "    void addToList(Task task) {"
      },
      {
        "lineNumber": 149,
        "author": {
          "gitId": "wakululuu"
        },
        "content": "        list.add(task);"
      },
      {
        "lineNumber": 150,
        "author": {
          "gitId": "wakululuu"
        },
        "content": "        saveData();"
      },
      {
        "lineNumber": 151,
        "author": {
          "gitId": "wakululuu"
        },
        "content": "        int numOfTasks \u003d list.size();"
      },
      {
        "lineNumber": 152,
        "author": {
          "gitId": "wakululuu"
        },
        "content": "        System.out.println(String.format(\"    ok! I\u0027ve added this task:\\n      %s\\n    you now have %d task\""
      },
      {
        "lineNumber": 153,
        "author": {
          "gitId": "wakululuu"
        },
        "content": "                + (numOfTasks \u003e 1 ? \"s\" : \"\") + \" in your list\\n\", task, numOfTasks));"
      },
      {
        "lineNumber": 154,
        "author": {
          "gitId": "wakululuu"
        },
        "content": "    }"
      },
      {
        "lineNumber": 155,
        "author": {
          "gitId": "wakululuu"
        },
        "content": ""
      },
      {
        "lineNumber": 156,
        "author": {
          "gitId": "wakululuu"
        },
        "content": "    void delete(String input) {"
      },
      {
        "lineNumber": 157,
        "author": {
          "gitId": "wakululuu"
        },
        "content": "        try {"
      },
      {
        "lineNumber": 158,
        "author": {
          "gitId": "wakululuu"
        },
        "content": "            int id \u003d Integer.parseInt(input.substring(\"delete \".length())) - 1;"
      },
      {
        "lineNumber": 159,
        "author": {
          "gitId": "wakululuu"
        },
        "content": "            Task task \u003d list.get(id);"
      },
      {
        "lineNumber": 160,
        "author": {
          "gitId": "wakululuu"
        },
        "content": "            list.remove(id);"
      },
      {
        "lineNumber": 161,
        "author": {
          "gitId": "wakululuu"
        },
        "content": "            saveData();"
      },
      {
        "lineNumber": 162,
        "author": {
          "gitId": "wakululuu"
        },
        "content": "            int numOfTasks \u003d list.size();"
      },
      {
        "lineNumber": 163,
        "author": {
          "gitId": "wakululuu"
        },
        "content": "            System.out.println(String.format(\"    ok! I\u0027ve removed this task:\\n      %s\\n    you now have \""
      },
      {
        "lineNumber": 164,
        "author": {
          "gitId": "wakululuu"
        },
        "content": "                    + \"%d task\" + (numOfTasks \u003e 1 ? \"s\" : \"\") + \" in your list\\n\", task, numOfTasks));"
      },
      {
        "lineNumber": 165,
        "author": {
          "gitId": "wakululuu"
        },
        "content": "        } catch (NumberFormatException | IndexOutOfBoundsException e) {"
      },
      {
        "lineNumber": 166,
        "author": {
          "gitId": "wakululuu"
        },
        "content": "            System.out.println(\"    oops! invalid task number!\\n\");"
      },
      {
        "lineNumber": 167,
        "author": {
          "gitId": "wakululuu"
        },
        "content": "        }"
      },
      {
        "lineNumber": 168,
        "author": {
          "gitId": "wakululuu"
        },
        "content": "    }"
      },
      {
        "lineNumber": 169,
        "author": {
          "gitId": "wakululuu"
        },
        "content": ""
      },
      {
        "lineNumber": 170,
        "author": {
          "gitId": "wakululuu"
        },
        "content": "    void list() {"
      },
      {
        "lineNumber": 171,
        "author": {
          "gitId": "wakululuu"
        },
        "content": "        if (list.size() \u003c\u003d 0) {"
      },
      {
        "lineNumber": 172,
        "author": {
          "gitId": "wakululuu"
        },
        "content": "            System.out.println(\"    your list is empty!\\n\");"
      },
      {
        "lineNumber": 173,
        "author": {
          "gitId": "wakululuu"
        },
        "content": "        } else {"
      },
      {
        "lineNumber": 174,
        "author": {
          "gitId": "wakululuu"
        },
        "content": "            System.out.println(\"    here\u0027s your list:\\n\" + list);"
      },
      {
        "lineNumber": 175,
        "author": {
          "gitId": "wakululuu"
        },
        "content": "        }"
      },
      {
        "lineNumber": 176,
        "author": {
          "gitId": "wakululuu"
        },
        "content": "    }"
      },
      {
        "lineNumber": 177,
        "author": {
          "gitId": "wakululuu"
        },
        "content": ""
      },
      {
        "lineNumber": 178,
        "author": {
          "gitId": "wakululuu"
        },
        "content": "    void markAsDone(String input) {"
      },
      {
        "lineNumber": 179,
        "author": {
          "gitId": "wakululuu"
        },
        "content": "        try {"
      },
      {
        "lineNumber": 180,
        "author": {
          "gitId": "wakululuu"
        },
        "content": "            int id \u003d Integer.parseInt(input.substring(\"done \".length())) - 1;"
      },
      {
        "lineNumber": 181,
        "author": {
          "gitId": "wakululuu"
        },
        "content": "            Task task \u003d list.get(id);"
      },
      {
        "lineNumber": 182,
        "author": {
          "gitId": "wakululuu"
        },
        "content": "            task.markAsDone();"
      },
      {
        "lineNumber": 183,
        "author": {
          "gitId": "wakululuu"
        },
        "content": "            saveData();"
      },
      {
        "lineNumber": 184,
        "author": {
          "gitId": "wakululuu"
        },
        "content": "            System.out.println(\"    nice! I\u0027ve marked this task as done:\\n      \" + task + \"\\n\");"
      },
      {
        "lineNumber": 185,
        "author": {
          "gitId": "wakululuu"
        },
        "content": "        } catch (NumberFormatException | IndexOutOfBoundsException e) {"
      },
      {
        "lineNumber": 186,
        "author": {
          "gitId": "wakululuu"
        },
        "content": "            System.out.println(\"    oops! invalid task number!\\n\");"
      },
      {
        "lineNumber": 187,
        "author": {
          "gitId": "wakululuu"
        },
        "content": "        }"
      },
      {
        "lineNumber": 188,
        "author": {
          "gitId": "wakululuu"
        },
        "content": "    }"
      },
      {
        "lineNumber": 189,
        "author": {
          "gitId": "wakululuu"
        },
        "content": ""
      },
      {
        "lineNumber": 190,
        "author": {
          "gitId": "wakululuu"
        },
        "content": "    void exit() {"
      },
      {
        "lineNumber": 191,
        "author": {
          "gitId": "wakululuu"
        },
        "content": "        System.out.println(\"    bye! see you soon!\");"
      },
      {
        "lineNumber": 192,
        "author": {
          "gitId": "wakululuu"
        },
        "content": "        isRunning \u003d false;"
      },
      {
        "lineNumber": 193,
        "author": {
          "gitId": "wakululuu"
        },
        "content": "    }"
      },
      {
        "lineNumber": 194,
        "author": {
          "gitId": "wakululuu"
        },
        "content": "}"
      }
    ],
    "authorContributionMap": {
      "wakululuu": 194
    }
  },
  {
    "path": "src/main/java/Deadline.java",
    "fileType": "java",
    "lines": [
      {
        "lineNumber": 1,
        "author": {
          "gitId": "wakululuu"
        },
        "content": "import java.time.LocalDateTime;"
      },
      {
        "lineNumber": 2,
        "author": {
          "gitId": "wakululuu"
        },
        "content": "import java.time.format.DateTimeFormatter;"
      },
      {
        "lineNumber": 3,
        "author": {
          "gitId": "wakululuu"
        },
        "content": "import java.time.format.DateTimeParseException;"
      },
      {
        "lineNumber": 4,
        "author": {
          "gitId": "wakululuu"
        },
        "content": ""
      },
      {
        "lineNumber": 5,
        "author": {
          "gitId": "wakululuu"
        },
        "content": "public class Deadline extends Task {"
      },
      {
        "lineNumber": 6,
        "author": {
          "gitId": "wakululuu"
        },
        "content": "    private LocalDateTime by;"
      },
      {
        "lineNumber": 7,
        "author": {
          "gitId": "wakululuu"
        },
        "content": "    protected static final char TYPE_CODE \u003d \u0027D\u0027;"
      },
      {
        "lineNumber": 8,
        "author": {
          "gitId": "wakululuu"
        },
        "content": "    protected static final String FORMAT \u003d \"deadline \u003cdescription\u003e /by \u003cD-M-YYYY HHmm\u003e (eg. 17-3-2020 0945 \""
      },
      {
        "lineNumber": 9,
        "author": {
          "gitId": "wakululuu"
        },
        "content": "            + \"or 3-4-2020 with no time specified)\";"
      },
      {
        "lineNumber": 10,
        "author": {
          "gitId": "wakululuu"
        },
        "content": "    private static final String NO_TIME_FLAG \u003d String.format(\" 0%.0f\", Math.PI * Math.pow(10, 10));"
      },
      {
        "lineNumber": 11,
        "author": {
          "gitId": "wakululuu"
        },
        "content": ""
      },
      {
        "lineNumber": 12,
        "author": {
          "gitId": "wakululuu"
        },
        "content": "    Deadline(String command) throws InvalidFormatException {"
      },
      {
        "lineNumber": 13,
        "author": {
          "gitId": "wakululuu"
        },
        "content": "        super(TYPE_CODE, extractNameFromCommand(command));"
      },
      {
        "lineNumber": 14,
        "author": {
          "gitId": "wakululuu"
        },
        "content": "        int index \u003d command.indexOf(\"/by \") + 4;"
      },
      {
        "lineNumber": 15,
        "author": {
          "gitId": "wakululuu"
        },
        "content": "        String dateStr \u003d command.substring(index).strip();"
      },
      {
        "lineNumber": 16,
        "author": {
          "gitId": "wakululuu"
        },
        "content": "        if (dateStr.length() \u003c 13) {"
      },
      {
        "lineNumber": 17,
        "author": {
          "gitId": "wakululuu"
        },
        "content": "            dateStr +\u003d NO_TIME_FLAG;"
      },
      {
        "lineNumber": 18,
        "author": {
          "gitId": "wakululuu"
        },
        "content": "        }"
      },
      {
        "lineNumber": 19,
        "author": {
          "gitId": "wakululuu"
        },
        "content": "        try {"
      },
      {
        "lineNumber": 20,
        "author": {
          "gitId": "wakululuu"
        },
        "content": "            by \u003d LocalDateTime.parse(dateStr, DateTimeFormatter.ofPattern(\"d-M-yyyy HHmm[ssn]\"));"
      },
      {
        "lineNumber": 21,
        "author": {
          "gitId": "wakululuu"
        },
        "content": "        } catch (DateTimeParseException e) {"
      },
      {
        "lineNumber": 22,
        "author": {
          "gitId": "wakululuu"
        },
        "content": "            throw new InvalidFormatException(FORMAT);"
      },
      {
        "lineNumber": 23,
        "author": {
          "gitId": "wakululuu"
        },
        "content": "        }"
      },
      {
        "lineNumber": 24,
        "author": {
          "gitId": "wakululuu"
        },
        "content": "    }"
      },
      {
        "lineNumber": 25,
        "author": {
          "gitId": "wakululuu"
        },
        "content": ""
      },
      {
        "lineNumber": 26,
        "author": {
          "gitId": "wakululuu"
        },
        "content": "    Deadline(String description, boolean isDone, String by) {"
      },
      {
        "lineNumber": 27,
        "author": {
          "gitId": "wakululuu"
        },
        "content": "        super(TYPE_CODE, description, isDone);"
      },
      {
        "lineNumber": 28,
        "author": {
          "gitId": "wakululuu"
        },
        "content": "        this.by \u003d LocalDateTime.parse(by);"
      },
      {
        "lineNumber": 29,
        "author": {
          "gitId": "wakululuu"
        },
        "content": "    }"
      },
      {
        "lineNumber": 30,
        "author": {
          "gitId": "wakululuu"
        },
        "content": ""
      },
      {
        "lineNumber": 31,
        "author": {
          "gitId": "wakululuu"
        },
        "content": "    static String extractNameFromCommand(String command) {"
      },
      {
        "lineNumber": 32,
        "author": {
          "gitId": "wakululuu"
        },
        "content": "        int index \u003d command.indexOf(\" /by \");"
      },
      {
        "lineNumber": 33,
        "author": {
          "gitId": "wakululuu"
        },
        "content": "        return command.substring(9, index);"
      },
      {
        "lineNumber": 34,
        "author": {
          "gitId": "wakululuu"
        },
        "content": "    }"
      },
      {
        "lineNumber": 35,
        "author": {
          "gitId": "wakululuu"
        },
        "content": ""
      },
      {
        "lineNumber": 36,
        "author": {
          "gitId": "wakululuu"
        },
        "content": "    @Override"
      },
      {
        "lineNumber": 37,
        "author": {
          "gitId": "wakululuu"
        },
        "content": "    String getAt() {"
      },
      {
        "lineNumber": 38,
        "author": {
          "gitId": "wakululuu"
        },
        "content": "        return null;"
      },
      {
        "lineNumber": 39,
        "author": {
          "gitId": "wakululuu"
        },
        "content": "    }"
      },
      {
        "lineNumber": 40,
        "author": {
          "gitId": "wakululuu"
        },
        "content": ""
      },
      {
        "lineNumber": 41,
        "author": {
          "gitId": "wakululuu"
        },
        "content": "    @Override"
      },
      {
        "lineNumber": 42,
        "author": {
          "gitId": "wakululuu"
        },
        "content": "    String getBy() {"
      },
      {
        "lineNumber": 43,
        "author": {
          "gitId": "wakululuu"
        },
        "content": "        return by.toString();"
      },
      {
        "lineNumber": 44,
        "author": {
          "gitId": "wakululuu"
        },
        "content": "    }"
      },
      {
        "lineNumber": 45,
        "author": {
          "gitId": "wakululuu"
        },
        "content": ""
      },
      {
        "lineNumber": 46,
        "author": {
          "gitId": "wakululuu"
        },
        "content": "    @Override"
      },
      {
        "lineNumber": 47,
        "author": {
          "gitId": "wakululuu"
        },
        "content": "    public String toString() {"
      },
      {
        "lineNumber": 48,
        "author": {
          "gitId": "wakululuu"
        },
        "content": "        String format \u003d \"d MMM yyyy\";"
      },
      {
        "lineNumber": 49,
        "author": {
          "gitId": "wakululuu"
        },
        "content": "        if (by.getHour() !\u003d 3 || by.getMinute() !\u003d 14 || by.getSecond() !\u003d 15 || by.getNano() !\u003d 926536) {"
      },
      {
        "lineNumber": 50,
        "author": {
          "gitId": "wakululuu"
        },
        "content": "            if (by.getMinute() \u003d\u003d 0) {"
      },
      {
        "lineNumber": 51,
        "author": {
          "gitId": "wakululuu"
        },
        "content": "                format +\u003d \" ha\";"
      },
      {
        "lineNumber": 52,
        "author": {
          "gitId": "wakululuu"
        },
        "content": "            } else {"
      },
      {
        "lineNumber": 53,
        "author": {
          "gitId": "wakululuu"
        },
        "content": "                format +\u003d \" h.mma\";"
      },
      {
        "lineNumber": 54,
        "author": {
          "gitId": "wakululuu"
        },
        "content": "            }"
      },
      {
        "lineNumber": 55,
        "author": {
          "gitId": "wakululuu"
        },
        "content": "        }"
      },
      {
        "lineNumber": 56,
        "author": {
          "gitId": "wakululuu"
        },
        "content": "        String byStr \u003d by.format(DateTimeFormatter.ofPattern(format));"
      },
      {
        "lineNumber": 57,
        "author": {
          "gitId": "wakululuu"
        },
        "content": "        return String.format(\"[%c] [%s] %s (by: %s)\", TYPE_CODE, getStatusIcon(), description, byStr);"
      },
      {
        "lineNumber": 58,
        "author": {
          "gitId": "wakululuu"
        },
        "content": "    }"
      },
      {
        "lineNumber": 59,
        "author": {
          "gitId": "wakululuu"
        },
        "content": "}"
      }
    ],
    "authorContributionMap": {
      "wakululuu": 59
    }
  },
  {
    "path": "src/main/java/EmptyTaskException.java",
    "fileType": "java",
    "lines": [
      {
        "lineNumber": 1,
        "author": {
          "gitId": "wakululuu"
        },
        "content": "public class EmptyTaskException extends BotbotException {"
      },
      {
        "lineNumber": 2,
        "author": {
          "gitId": "wakululuu"
        },
        "content": "    EmptyTaskException(String e) {"
      },
      {
        "lineNumber": 3,
        "author": {
          "gitId": "wakululuu"
        },
        "content": "        super(\"the description of \" + e + \" cannot be empty!\");"
      },
      {
        "lineNumber": 4,
        "author": {
          "gitId": "wakululuu"
        },
        "content": "    }"
      },
      {
        "lineNumber": 5,
        "author": {
          "gitId": "wakululuu"
        },
        "content": "}"
      }
    ],
    "authorContributionMap": {
      "wakululuu": 5
    }
  },
  {
    "path": "src/main/java/EmptyTaskNumberException.java",
    "fileType": "java",
    "lines": [
      {
        "lineNumber": 1,
        "author": {
          "gitId": "wakululuu"
        },
        "content": "public class EmptyTaskNumberException extends BotbotException {"
      },
      {
        "lineNumber": 2,
        "author": {
          "gitId": "wakululuu"
        },
        "content": "    EmptyTaskNumberException() {"
      },
      {
        "lineNumber": 3,
        "author": {
          "gitId": "wakululuu"
        },
        "content": "        super(\"the task number to be marked as done cannot be empty!\");"
      },
      {
        "lineNumber": 4,
        "author": {
          "gitId": "wakululuu"
        },
        "content": "    }"
      },
      {
        "lineNumber": 5,
        "author": {
          "gitId": "wakululuu"
        },
        "content": "}"
      }
    ],
    "authorContributionMap": {
      "wakululuu": 5
    }
  },
  {
    "path": "src/main/java/Event.java",
    "fileType": "java",
    "lines": [
      {
        "lineNumber": 1,
        "author": {
          "gitId": "wakululuu"
        },
        "content": "import java.time.LocalDateTime;"
      },
      {
        "lineNumber": 2,
        "author": {
          "gitId": "wakululuu"
        },
        "content": "import java.time.format.DateTimeFormatter;"
      },
      {
        "lineNumber": 3,
        "author": {
          "gitId": "wakululuu"
        },
        "content": "import java.time.format.DateTimeParseException;"
      },
      {
        "lineNumber": 4,
        "author": {
          "gitId": "wakululuu"
        },
        "content": ""
      },
      {
        "lineNumber": 5,
        "author": {
          "gitId": "wakululuu"
        },
        "content": "public class Event extends Task {"
      },
      {
        "lineNumber": 6,
        "author": {
          "gitId": "wakululuu"
        },
        "content": "    private LocalDateTime at;"
      },
      {
        "lineNumber": 7,
        "author": {
          "gitId": "wakululuu"
        },
        "content": "    protected static final char TYPE_CODE \u003d \u0027E\u0027;"
      },
      {
        "lineNumber": 8,
        "author": {
          "gitId": "wakululuu"
        },
        "content": "    protected static final String FORMAT \u003d \"event \u003cdescription\u003e /at \u003cD-M-YYYY HHmm\u003e (eg. 17-3-2020 0945 \""
      },
      {
        "lineNumber": 9,
        "author": {
          "gitId": "wakululuu"
        },
        "content": "            + \"or 3-4-2020 with no time specified)\";"
      },
      {
        "lineNumber": 10,
        "author": {
          "gitId": "wakululuu"
        },
        "content": "    private static final String NO_TIME_FLAG \u003d String.format(\" 0%.0f\", Math.PI * Math.pow(10, 10));"
      },
      {
        "lineNumber": 11,
        "author": {
          "gitId": "wakululuu"
        },
        "content": ""
      },
      {
        "lineNumber": 12,
        "author": {
          "gitId": "wakululuu"
        },
        "content": "    Event(String command) throws InvalidFormatException {"
      },
      {
        "lineNumber": 13,
        "author": {
          "gitId": "wakululuu"
        },
        "content": "        super(TYPE_CODE, extractNameFromCommand(command));"
      },
      {
        "lineNumber": 14,
        "author": {
          "gitId": "wakululuu"
        },
        "content": "        int index \u003d command.indexOf(\"/at \") + 4;"
      },
      {
        "lineNumber": 15,
        "author": {
          "gitId": "wakululuu"
        },
        "content": "        String dateStr \u003d command.substring(index).strip();"
      },
      {
        "lineNumber": 16,
        "author": {
          "gitId": "wakululuu"
        },
        "content": "        if (dateStr.length() \u003c 13) {"
      },
      {
        "lineNumber": 17,
        "author": {
          "gitId": "wakululuu"
        },
        "content": "            dateStr +\u003d NO_TIME_FLAG;"
      },
      {
        "lineNumber": 18,
        "author": {
          "gitId": "wakululuu"
        },
        "content": "        }"
      },
      {
        "lineNumber": 19,
        "author": {
          "gitId": "wakululuu"
        },
        "content": "        try {"
      },
      {
        "lineNumber": 20,
        "author": {
          "gitId": "wakululuu"
        },
        "content": "            at \u003d LocalDateTime.parse(dateStr, DateTimeFormatter.ofPattern(\"d-M-yyyy HHmm[ssn]\"));"
      },
      {
        "lineNumber": 21,
        "author": {
          "gitId": "wakululuu"
        },
        "content": "        } catch (DateTimeParseException e) {"
      },
      {
        "lineNumber": 22,
        "author": {
          "gitId": "wakululuu"
        },
        "content": "            throw new InvalidFormatException(FORMAT);"
      },
      {
        "lineNumber": 23,
        "author": {
          "gitId": "wakululuu"
        },
        "content": "        }"
      },
      {
        "lineNumber": 24,
        "author": {
          "gitId": "wakululuu"
        },
        "content": "    }"
      },
      {
        "lineNumber": 25,
        "author": {
          "gitId": "wakululuu"
        },
        "content": ""
      },
      {
        "lineNumber": 26,
        "author": {
          "gitId": "wakululuu"
        },
        "content": "    Event(String description, boolean isDone, String at) {"
      },
      {
        "lineNumber": 27,
        "author": {
          "gitId": "wakululuu"
        },
        "content": "        super(TYPE_CODE, description, isDone);"
      },
      {
        "lineNumber": 28,
        "author": {
          "gitId": "wakululuu"
        },
        "content": "        this.at \u003d LocalDateTime.parse(at);"
      },
      {
        "lineNumber": 29,
        "author": {
          "gitId": "wakululuu"
        },
        "content": "    }"
      },
      {
        "lineNumber": 30,
        "author": {
          "gitId": "wakululuu"
        },
        "content": ""
      },
      {
        "lineNumber": 31,
        "author": {
          "gitId": "wakululuu"
        },
        "content": "    static String extractNameFromCommand(String command) {"
      },
      {
        "lineNumber": 32,
        "author": {
          "gitId": "wakululuu"
        },
        "content": "        int index \u003d command.indexOf(\" /at \");"
      },
      {
        "lineNumber": 33,
        "author": {
          "gitId": "wakululuu"
        },
        "content": "        return command.substring(6, index);"
      },
      {
        "lineNumber": 34,
        "author": {
          "gitId": "wakululuu"
        },
        "content": "    }"
      },
      {
        "lineNumber": 35,
        "author": {
          "gitId": "wakululuu"
        },
        "content": "    "
      },
      {
        "lineNumber": 36,
        "author": {
          "gitId": "wakululuu"
        },
        "content": "    @Override"
      },
      {
        "lineNumber": 37,
        "author": {
          "gitId": "wakululuu"
        },
        "content": "    String getAt() {"
      },
      {
        "lineNumber": 38,
        "author": {
          "gitId": "wakululuu"
        },
        "content": "        return at.toString();"
      },
      {
        "lineNumber": 39,
        "author": {
          "gitId": "wakululuu"
        },
        "content": "    }"
      },
      {
        "lineNumber": 40,
        "author": {
          "gitId": "wakululuu"
        },
        "content": "    "
      },
      {
        "lineNumber": 41,
        "author": {
          "gitId": "wakululuu"
        },
        "content": "    @Override"
      },
      {
        "lineNumber": 42,
        "author": {
          "gitId": "wakululuu"
        },
        "content": "    String getBy() {"
      },
      {
        "lineNumber": 43,
        "author": {
          "gitId": "wakululuu"
        },
        "content": "        return null;"
      },
      {
        "lineNumber": 44,
        "author": {
          "gitId": "wakululuu"
        },
        "content": "    }"
      },
      {
        "lineNumber": 45,
        "author": {
          "gitId": "wakululuu"
        },
        "content": "    "
      },
      {
        "lineNumber": 46,
        "author": {
          "gitId": "wakululuu"
        },
        "content": "    @Override"
      },
      {
        "lineNumber": 47,
        "author": {
          "gitId": "wakululuu"
        },
        "content": "    public String toString() {"
      },
      {
        "lineNumber": 48,
        "author": {
          "gitId": "wakululuu"
        },
        "content": "        String format \u003d \"d MMM yyyy\";"
      },
      {
        "lineNumber": 49,
        "author": {
          "gitId": "wakululuu"
        },
        "content": "        if (at.getHour() !\u003d 3 || at.getMinute() !\u003d 14 || at.getSecond() !\u003d 15 || at.getNano() !\u003d 926536) {"
      },
      {
        "lineNumber": 50,
        "author": {
          "gitId": "wakululuu"
        },
        "content": "            if (at.getMinute() \u003d\u003d 0) {"
      },
      {
        "lineNumber": 51,
        "author": {
          "gitId": "wakululuu"
        },
        "content": "                format +\u003d \" ha\";"
      },
      {
        "lineNumber": 52,
        "author": {
          "gitId": "wakululuu"
        },
        "content": "            } else {"
      },
      {
        "lineNumber": 53,
        "author": {
          "gitId": "wakululuu"
        },
        "content": "                format +\u003d \" h.mma\";"
      },
      {
        "lineNumber": 54,
        "author": {
          "gitId": "wakululuu"
        },
        "content": "            }"
      },
      {
        "lineNumber": 55,
        "author": {
          "gitId": "wakululuu"
        },
        "content": "        }"
      },
      {
        "lineNumber": 56,
        "author": {
          "gitId": "wakululuu"
        },
        "content": "        String atStr \u003d at.format(DateTimeFormatter.ofPattern(format));"
      },
      {
        "lineNumber": 57,
        "author": {
          "gitId": "wakululuu"
        },
        "content": "        return String.format(\"[%c] [%s] %s (at: %s)\", TYPE_CODE, getStatusIcon(), description, atStr);"
      },
      {
        "lineNumber": 58,
        "author": {
          "gitId": "wakululuu"
        },
        "content": "    }"
      },
      {
        "lineNumber": 59,
        "author": {
          "gitId": "wakululuu"
        },
        "content": "}"
      }
    ],
    "authorContributionMap": {
      "wakululuu": 59
    }
  },
  {
    "path": "src/main/java/InvalidFormatException.java",
    "fileType": "java",
    "lines": [
      {
        "lineNumber": 1,
        "author": {
          "gitId": "wakululuu"
        },
        "content": "public class InvalidFormatException extends BotbotException {"
      },
      {
        "lineNumber": 2,
        "author": {
          "gitId": "wakululuu"
        },
        "content": "    InvalidFormatException(String e) {"
      },
      {
        "lineNumber": 3,
        "author": {
          "gitId": "wakululuu"
        },
        "content": "        super(\"invalid format! please follow \u0027\" + e + \"\u0027!\");"
      },
      {
        "lineNumber": 4,
        "author": {
          "gitId": "wakululuu"
        },
        "content": "    }"
      },
      {
        "lineNumber": 5,
        "author": {
          "gitId": "wakululuu"
        },
        "content": "}"
      }
    ],
    "authorContributionMap": {
      "wakululuu": 5
    }
  },
  {
    "path": "src/main/java/NoSuchCommandException.java",
    "fileType": "java",
    "lines": [
      {
        "lineNumber": 1,
        "author": {
          "gitId": "wakululuu"
        },
        "content": "public class NoSuchCommandException extends BotbotException {"
      },
      {
        "lineNumber": 2,
        "author": {
          "gitId": "wakululuu"
        },
        "content": "    NoSuchCommandException() {"
      },
      {
        "lineNumber": 3,
        "author": {
          "gitId": "wakululuu"
        },
        "content": "        super(\"sorry, I don\u0027t know what that means!\");"
      },
      {
        "lineNumber": 4,
        "author": {
          "gitId": "wakululuu"
        },
        "content": "    }"
      },
      {
        "lineNumber": 5,
        "author": {
          "gitId": "wakululuu"
        },
        "content": "}"
      }
    ],
    "authorContributionMap": {
      "wakululuu": 5
    }
  },
  {
    "path": "src/main/java/NumberedList.java",
    "fileType": "java",
    "lines": [
      {
        "lineNumber": 1,
        "author": {
          "gitId": "wakululuu"
        },
        "content": "import java.util.LinkedList;"
      },
      {
        "lineNumber": 2,
        "author": {
          "gitId": "wakululuu"
        },
        "content": ""
      },
      {
        "lineNumber": 3,
        "author": {
          "gitId": "wakululuu"
        },
        "content": "public class NumberedList\u003cT\u003e extends LinkedList\u003cT\u003e {"
      },
      {
        "lineNumber": 4,
        "author": {
          "gitId": "wakululuu"
        },
        "content": "    NumberedList() {"
      },
      {
        "lineNumber": 5,
        "author": {
          "gitId": "wakululuu"
        },
        "content": "        super();"
      },
      {
        "lineNumber": 6,
        "author": {
          "gitId": "wakululuu"
        },
        "content": "    }"
      },
      {
        "lineNumber": 7,
        "author": {
          "gitId": "wakululuu"
        },
        "content": ""
      },
      {
        "lineNumber": 8,
        "author": {
          "gitId": "wakululuu"
        },
        "content": "    @Override"
      },
      {
        "lineNumber": 9,
        "author": {
          "gitId": "wakululuu"
        },
        "content": "    public String toString() {"
      },
      {
        "lineNumber": 10,
        "author": {
          "gitId": "wakululuu"
        },
        "content": "        String result \u003d \"\";"
      },
      {
        "lineNumber": 11,
        "author": {
          "gitId": "wakululuu"
        },
        "content": "        for (int i \u003d 0; i \u003c size(); i++) {"
      },
      {
        "lineNumber": 12,
        "author": {
          "gitId": "wakululuu"
        },
        "content": "            result +\u003d String.format(\"      %s. %s\\n\", i + 1, this.get(i));"
      },
      {
        "lineNumber": 13,
        "author": {
          "gitId": "wakululuu"
        },
        "content": "        }"
      },
      {
        "lineNumber": 14,
        "author": {
          "gitId": "wakululuu"
        },
        "content": "        return result;"
      },
      {
        "lineNumber": 15,
        "author": {
          "gitId": "wakululuu"
        },
        "content": "    }"
      },
      {
        "lineNumber": 16,
        "author": {
          "gitId": "wakululuu"
        },
        "content": "}"
      }
    ],
    "authorContributionMap": {
      "wakululuu": 16
    }
  },
  {
    "path": "src/main/java/Task.java",
    "fileType": "java",
    "lines": [
      {
        "lineNumber": 1,
        "author": {
          "gitId": "wakululuu"
        },
        "content": "public abstract class Task {"
      },
      {
        "lineNumber": 2,
        "author": {
          "gitId": "wakululuu"
        },
        "content": "    protected final char type;"
      },
      {
        "lineNumber": 3,
        "author": {
          "gitId": "wakululuu"
        },
        "content": "    protected final String description;"
      },
      {
        "lineNumber": 4,
        "author": {
          "gitId": "wakululuu"
        },
        "content": "    private boolean isDone;"
      },
      {
        "lineNumber": 5,
        "author": {
          "gitId": "wakululuu"
        },
        "content": ""
      },
      {
        "lineNumber": 6,
        "author": {
          "gitId": "wakululuu"
        },
        "content": "    Task(char type, String description) {"
      },
      {
        "lineNumber": 7,
        "author": {
          "gitId": "wakululuu"
        },
        "content": "        this.type \u003d type;"
      },
      {
        "lineNumber": 8,
        "author": {
          "gitId": "wakululuu"
        },
        "content": "        this.description \u003d description;"
      },
      {
        "lineNumber": 9,
        "author": {
          "gitId": "wakululuu"
        },
        "content": "        isDone \u003d false;"
      },
      {
        "lineNumber": 10,
        "author": {
          "gitId": "wakululuu"
        },
        "content": "    }"
      },
      {
        "lineNumber": 11,
        "author": {
          "gitId": "wakululuu"
        },
        "content": "    Task(char type, String description, boolean isDone) {"
      },
      {
        "lineNumber": 12,
        "author": {
          "gitId": "wakululuu"
        },
        "content": "        this.type \u003d type;"
      },
      {
        "lineNumber": 13,
        "author": {
          "gitId": "wakululuu"
        },
        "content": "        this.description \u003d description;"
      },
      {
        "lineNumber": 14,
        "author": {
          "gitId": "wakululuu"
        },
        "content": "        this.isDone \u003d isDone;"
      },
      {
        "lineNumber": 15,
        "author": {
          "gitId": "wakululuu"
        },
        "content": "    }"
      },
      {
        "lineNumber": 16,
        "author": {
          "gitId": "wakululuu"
        },
        "content": "    "
      },
      {
        "lineNumber": 17,
        "author": {
          "gitId": "wakululuu"
        },
        "content": "    char getType() {"
      },
      {
        "lineNumber": 18,
        "author": {
          "gitId": "wakululuu"
        },
        "content": "        return type;"
      },
      {
        "lineNumber": 19,
        "author": {
          "gitId": "wakululuu"
        },
        "content": "    }"
      },
      {
        "lineNumber": 20,
        "author": {
          "gitId": "wakululuu"
        },
        "content": "    "
      },
      {
        "lineNumber": 21,
        "author": {
          "gitId": "wakululuu"
        },
        "content": "    String getDescription() {"
      },
      {
        "lineNumber": 22,
        "author": {
          "gitId": "wakululuu"
        },
        "content": "        return description;"
      },
      {
        "lineNumber": 23,
        "author": {
          "gitId": "wakululuu"
        },
        "content": "    }"
      },
      {
        "lineNumber": 24,
        "author": {
          "gitId": "wakululuu"
        },
        "content": "    "
      },
      {
        "lineNumber": 25,
        "author": {
          "gitId": "wakululuu"
        },
        "content": "    String getStatus() {"
      },
      {
        "lineNumber": 26,
        "author": {
          "gitId": "wakululuu"
        },
        "content": "        return isDone ? \"1\" : \"0\";"
      },
      {
        "lineNumber": 27,
        "author": {
          "gitId": "wakululuu"
        },
        "content": "    }"
      },
      {
        "lineNumber": 28,
        "author": {
          "gitId": "wakululuu"
        },
        "content": ""
      },
      {
        "lineNumber": 29,
        "author": {
          "gitId": "wakululuu"
        },
        "content": "    String getStatusIcon() {"
      },
      {
        "lineNumber": 30,
        "author": {
          "gitId": "wakululuu"
        },
        "content": "        return isDone ? \"\\u2713\" : \"\\u2718\";"
      },
      {
        "lineNumber": 31,
        "author": {
          "gitId": "wakululuu"
        },
        "content": "    }"
      },
      {
        "lineNumber": 32,
        "author": {
          "gitId": "wakululuu"
        },
        "content": ""
      },
      {
        "lineNumber": 33,
        "author": {
          "gitId": "wakululuu"
        },
        "content": "    void markAsDone() {"
      },
      {
        "lineNumber": 34,
        "author": {
          "gitId": "wakululuu"
        },
        "content": "        isDone \u003d true;"
      },
      {
        "lineNumber": 35,
        "author": {
          "gitId": "wakululuu"
        },
        "content": "    }"
      },
      {
        "lineNumber": 36,
        "author": {
          "gitId": "wakululuu"
        },
        "content": "    "
      },
      {
        "lineNumber": 37,
        "author": {
          "gitId": "wakululuu"
        },
        "content": "    abstract String getAt();"
      },
      {
        "lineNumber": 38,
        "author": {
          "gitId": "wakululuu"
        },
        "content": "    "
      },
      {
        "lineNumber": 39,
        "author": {
          "gitId": "wakululuu"
        },
        "content": "    abstract String getBy();"
      },
      {
        "lineNumber": 40,
        "author": {
          "gitId": "wakululuu"
        },
        "content": "}"
      }
    ],
    "authorContributionMap": {
      "wakululuu": 40
    }
  },
  {
    "path": "src/main/java/Todo.java",
    "fileType": "java",
    "lines": [
      {
        "lineNumber": 1,
        "author": {
          "gitId": "wakululuu"
        },
        "content": "public class Todo extends Task {"
      },
      {
        "lineNumber": 2,
        "author": {
          "gitId": "wakululuu"
        },
        "content": "    protected static final char TYPE_CODE \u003d \u0027T\u0027;"
      },
      {
        "lineNumber": 3,
        "author": {
          "gitId": "wakululuu"
        },
        "content": "    "
      },
      {
        "lineNumber": 4,
        "author": {
          "gitId": "wakululuu"
        },
        "content": "    Todo(String command) {"
      },
      {
        "lineNumber": 5,
        "author": {
          "gitId": "wakululuu"
        },
        "content": "        super(TYPE_CODE, extractNameFromCommand(command));"
      },
      {
        "lineNumber": 6,
        "author": {
          "gitId": "wakululuu"
        },
        "content": "    }"
      },
      {
        "lineNumber": 7,
        "author": {
          "gitId": "wakululuu"
        },
        "content": "    "
      },
      {
        "lineNumber": 8,
        "author": {
          "gitId": "wakululuu"
        },
        "content": "    Todo(String description, boolean isDone) {"
      },
      {
        "lineNumber": 9,
        "author": {
          "gitId": "wakululuu"
        },
        "content": "        super(TYPE_CODE, description, isDone);"
      },
      {
        "lineNumber": 10,
        "author": {
          "gitId": "wakululuu"
        },
        "content": "    }"
      },
      {
        "lineNumber": 11,
        "author": {
          "gitId": "wakululuu"
        },
        "content": ""
      },
      {
        "lineNumber": 12,
        "author": {
          "gitId": "wakululuu"
        },
        "content": "    static String extractNameFromCommand(String command) {"
      },
      {
        "lineNumber": 13,
        "author": {
          "gitId": "wakululuu"
        },
        "content": "        return command.substring(5);"
      },
      {
        "lineNumber": 14,
        "author": {
          "gitId": "wakululuu"
        },
        "content": "    }"
      },
      {
        "lineNumber": 15,
        "author": {
          "gitId": "wakululuu"
        },
        "content": ""
      },
      {
        "lineNumber": 16,
        "author": {
          "gitId": "wakululuu"
        },
        "content": "    @Override"
      },
      {
        "lineNumber": 17,
        "author": {
          "gitId": "wakululuu"
        },
        "content": "    String getAt() {"
      },
      {
        "lineNumber": 18,
        "author": {
          "gitId": "wakululuu"
        },
        "content": "        return null;"
      },
      {
        "lineNumber": 19,
        "author": {
          "gitId": "wakululuu"
        },
        "content": "    }"
      },
      {
        "lineNumber": 20,
        "author": {
          "gitId": "wakululuu"
        },
        "content": ""
      },
      {
        "lineNumber": 21,
        "author": {
          "gitId": "wakululuu"
        },
        "content": "    @Override"
      },
      {
        "lineNumber": 22,
        "author": {
          "gitId": "wakululuu"
        },
        "content": "    String getBy() {"
      },
      {
        "lineNumber": 23,
        "author": {
          "gitId": "wakululuu"
        },
        "content": "        return null;"
      },
      {
        "lineNumber": 24,
        "author": {
          "gitId": "wakululuu"
        },
        "content": "    }"
      },
      {
        "lineNumber": 25,
        "author": {
          "gitId": "wakululuu"
        },
        "content": ""
      },
      {
        "lineNumber": 26,
        "author": {
          "gitId": "wakululuu"
        },
        "content": "    @Override"
      },
      {
        "lineNumber": 27,
        "author": {
          "gitId": "wakululuu"
        },
        "content": "    public String toString() {"
      },
      {
        "lineNumber": 28,
        "author": {
          "gitId": "wakululuu"
        },
        "content": "        return String.format(\"[%c] [%s] %s\", TYPE_CODE, getStatusIcon(), description);"
      },
      {
        "lineNumber": 29,
        "author": {
          "gitId": "wakululuu"
        },
        "content": "    }"
      },
      {
        "lineNumber": 30,
        "author": {
          "gitId": "wakululuu"
        },
        "content": "}"
      }
    ],
    "authorContributionMap": {
      "wakululuu": 30
    }
  },
  {
    "path": "text-ui-test/input.txt",
    "fileType": "txt",
    "lines": [
      {
        "lineNumber": 1,
        "author": {
          "gitId": "wakululuu"
        },
        "content": "todo borrow book"
      },
      {
        "lineNumber": 2,
        "author": {
          "gitId": "wakululuu"
        },
        "content": "deadline return book /by Sunday"
      },
      {
        "lineNumber": 3,
        "author": {
          "gitId": "wakululuu"
        },
        "content": "event project meeting /at Mon 2-4pm"
      },
      {
        "lineNumber": 4,
        "author": {
          "gitId": "wakululuu"
        },
        "content": "todo join sports club"
      },
      {
        "lineNumber": 5,
        "author": {
          "gitId": "wakululuu"
        },
        "content": "list"
      },
      {
        "lineNumber": 6,
        "author": {
          "gitId": "wakululuu"
        },
        "content": "done 1"
      },
      {
        "lineNumber": 7,
        "author": {
          "gitId": "wakululuu"
        },
        "content": "done 4"
      },
      {
        "lineNumber": 8,
        "author": {
          "gitId": "wakululuu"
        },
        "content": "list"
      },
      {
        "lineNumber": 9,
        "author": {
          "gitId": "wakululuu"
        },
        "content": "delete 2"
      },
      {
        "lineNumber": 10,
        "author": {
          "gitId": "wakululuu"
        },
        "content": "list"
      },
      {
        "lineNumber": 11,
        "author": {
          "gitId": "wakululuu"
        },
        "content": "blah"
      },
      {
        "lineNumber": 12,
        "author": {
          "gitId": "wakululuu"
        },
        "content": "todo"
      },
      {
        "lineNumber": 13,
        "author": {
          "gitId": "wakululuu"
        },
        "content": "event "
      },
      {
        "lineNumber": 14,
        "author": {
          "gitId": "wakululuu"
        },
        "content": "deadline"
      },
      {
        "lineNumber": 15,
        "author": {
          "gitId": "wakululuu"
        },
        "content": "done"
      },
      {
        "lineNumber": 16,
        "author": {
          "gitId": "wakululuu"
        },
        "content": "done 100"
      },
      {
        "lineNumber": 17,
        "author": {
          "gitId": "wakululuu"
        },
        "content": "delete"
      },
      {
        "lineNumber": 18,
        "author": {
          "gitId": "wakululuu"
        },
        "content": "delete 100"
      },
      {
        "lineNumber": 19,
        "author": {
          "gitId": "wakululuu"
        },
        "content": "bye"
      }
    ],
    "authorContributionMap": {
      "wakululuu": 19
    }
  },
  {
    "path": "text-ui-test/runtest.bat",
    "fileType": "bat",
    "lines": [
      {
        "lineNumber": 1,
        "author": {
          "gitId": "-"
        },
        "content": "@ECHO OFF"
      },
      {
        "lineNumber": 2,
        "author": {
          "gitId": "-"
        },
        "content": ""
      },
      {
        "lineNumber": 3,
        "author": {
          "gitId": "-"
        },
        "content": "REM create bin directory if it doesn\u0027t exist"
      },
      {
        "lineNumber": 4,
        "author": {
          "gitId": "-"
        },
        "content": "if not exist ..\\bin mkdir ..\\bin"
      },
      {
        "lineNumber": 5,
        "author": {
          "gitId": "-"
        },
        "content": ""
      },
      {
        "lineNumber": 6,
        "author": {
          "gitId": "-"
        },
        "content": "REM delete output from previous run"
      },
      {
        "lineNumber": 7,
        "author": {
          "gitId": "-"
        },
        "content": "del ACTUAL.TXT"
      },
      {
        "lineNumber": 8,
        "author": {
          "gitId": "-"
        },
        "content": ""
      },
      {
        "lineNumber": 9,
        "author": {
          "gitId": "-"
        },
        "content": "REM compile the code into the bin folder"
      },
      {
        "lineNumber": 10,
        "author": {
          "gitId": "wakululuu"
        },
        "content": "javac  -cp ..\\src -Xlint:none -d ..\\bin ..\\src\\main\\java\\Botbot.java"
      },
      {
        "lineNumber": 11,
        "author": {
          "gitId": "-"
        },
        "content": "IF ERRORLEVEL 1 ("
      },
      {
        "lineNumber": 12,
        "author": {
          "gitId": "-"
        },
        "content": "    echo ********** BUILD FAILURE **********"
      },
      {
        "lineNumber": 13,
        "author": {
          "gitId": "-"
        },
        "content": "    exit /b 1"
      },
      {
        "lineNumber": 14,
        "author": {
          "gitId": "-"
        },
        "content": ")"
      },
      {
        "lineNumber": 15,
        "author": {
          "gitId": "-"
        },
        "content": "REM no error here, errorlevel \u003d\u003d 0"
      },
      {
        "lineNumber": 16,
        "author": {
          "gitId": "-"
        },
        "content": ""
      },
      {
        "lineNumber": 17,
        "author": {
          "gitId": "-"
        },
        "content": "REM run the program, feed commands from input.txt file and redirect the output to the ACTUAL.TXT"
      },
      {
        "lineNumber": 18,
        "author": {
          "gitId": "wakululuu"
        },
        "content": "java -classpath ..\\bin Botbot \u003c input.txt \u003e ACTUAL.TXT"
      },
      {
        "lineNumber": 19,
        "author": {
          "gitId": "-"
        },
        "content": ""
      },
      {
        "lineNumber": 20,
        "author": {
          "gitId": "-"
        },
        "content": "REM compare the output to the expected output"
      },
      {
        "lineNumber": 21,
        "author": {
          "gitId": "-"
        },
        "content": "FC ACTUAL.TXT EXPECTED.TXT"
      }
    ],
    "authorContributionMap": {
      "wakululuu": 2,
      "-": 19
    }
  },
  {
    "path": "text-ui-test/runtest.sh",
    "fileType": "sh",
    "lines": [
      {
        "lineNumber": 1,
        "author": {
          "gitId": "-"
        },
        "content": "#!/usr/bin/env bash"
      },
      {
        "lineNumber": 2,
        "author": {
          "gitId": "wakululuu"
        },
        "content": "export LC_ALL\u003den_GB.UTF-8"
      },
      {
        "lineNumber": 3,
        "author": {
          "gitId": "-"
        },
        "content": ""
      },
      {
        "lineNumber": 4,
        "author": {
          "gitId": "-"
        },
        "content": "# create bin directory if it doesn\u0027t exist"
      },
      {
        "lineNumber": 5,
        "author": {
          "gitId": "-"
        },
        "content": "if [ ! -d \"../bin\" ]"
      },
      {
        "lineNumber": 6,
        "author": {
          "gitId": "-"
        },
        "content": "then"
      },
      {
        "lineNumber": 7,
        "author": {
          "gitId": "-"
        },
        "content": "    mkdir ../bin"
      },
      {
        "lineNumber": 8,
        "author": {
          "gitId": "-"
        },
        "content": "fi"
      },
      {
        "lineNumber": 9,
        "author": {
          "gitId": "-"
        },
        "content": ""
      },
      {
        "lineNumber": 10,
        "author": {
          "gitId": "-"
        },
        "content": "# delete output from previous run"
      },
      {
        "lineNumber": 11,
        "author": {
          "gitId": "-"
        },
        "content": "if [ -e \"./ACTUAL.TXT\" ]"
      },
      {
        "lineNumber": 12,
        "author": {
          "gitId": "-"
        },
        "content": "then"
      },
      {
        "lineNumber": 13,
        "author": {
          "gitId": "-"
        },
        "content": "    rm ACTUAL.TXT"
      },
      {
        "lineNumber": 14,
        "author": {
          "gitId": "-"
        },
        "content": "fi"
      },
      {
        "lineNumber": 15,
        "author": {
          "gitId": "-"
        },
        "content": ""
      },
      {
        "lineNumber": 16,
        "author": {
          "gitId": "-"
        },
        "content": "# compile the code into the bin folder, terminates if error occurred"
      },
      {
        "lineNumber": 17,
        "author": {
          "gitId": "wakululuu"
        },
        "content": "if ! javac -cp ../src/main/java -Xlint:none -d ../bin ../src/main/java/Botbot.java"
      },
      {
        "lineNumber": 18,
        "author": {
          "gitId": "-"
        },
        "content": "then"
      },
      {
        "lineNumber": 19,
        "author": {
          "gitId": "-"
        },
        "content": "    echo \"********** BUILD FAILURE **********\""
      },
      {
        "lineNumber": 20,
        "author": {
          "gitId": "-"
        },
        "content": "    exit 1"
      },
      {
        "lineNumber": 21,
        "author": {
          "gitId": "-"
        },
        "content": "fi"
      },
      {
        "lineNumber": 22,
        "author": {
          "gitId": "-"
        },
        "content": ""
      },
      {
        "lineNumber": 23,
        "author": {
          "gitId": "-"
        },
        "content": "# run the program, feed commands from input.txt file and redirect the output to the ACTUAL.TXT"
      },
      {
        "lineNumber": 24,
        "author": {
          "gitId": "wakululuu"
        },
        "content": "java -classpath ../bin Botbot \u003c input.txt \u003e ACTUAL.TXT"
      },
      {
        "lineNumber": 25,
        "author": {
          "gitId": "-"
        },
        "content": ""
      },
      {
        "lineNumber": 26,
        "author": {
          "gitId": "-"
        },
        "content": "# convert to UNIX format"
      },
      {
        "lineNumber": 27,
        "author": {
          "gitId": "-"
        },
        "content": "cp EXPECTED.TXT EXPECTED-UNIX.TXT"
      },
      {
        "lineNumber": 28,
        "author": {
          "gitId": "-"
        },
        "content": "dos2unix ACTUAL.TXT EXPECTED-UNIX.TXT"
      },
      {
        "lineNumber": 29,
        "author": {
          "gitId": "-"
        },
        "content": ""
      },
      {
        "lineNumber": 30,
        "author": {
          "gitId": "-"
        },
        "content": "# compare the output to the expected output"
      },
      {
        "lineNumber": 31,
        "author": {
          "gitId": "-"
        },
        "content": "diff ACTUAL.TXT EXPECTED-UNIX.TXT"
      },
      {
        "lineNumber": 32,
        "author": {
          "gitId": "-"
        },
        "content": "if [ $? -eq 0 ]"
      },
      {
        "lineNumber": 33,
        "author": {
          "gitId": "-"
        },
        "content": "then"
      },
      {
        "lineNumber": 34,
        "author": {
          "gitId": "-"
        },
        "content": "    echo \"Test result: PASSED\""
      },
      {
        "lineNumber": 35,
        "author": {
          "gitId": "-"
        },
        "content": "    exit 0"
      },
      {
        "lineNumber": 36,
        "author": {
          "gitId": "-"
        },
        "content": "else"
      },
      {
        "lineNumber": 37,
        "author": {
          "gitId": "-"
        },
        "content": "    echo \"Test result: FAILED\""
      },
      {
        "lineNumber": 38,
        "author": {
          "gitId": "-"
        },
        "content": "    exit 1"
      },
      {
        "lineNumber": 39,
        "author": {
          "gitId": "-"
        },
        "content": "fi"
      }
    ],
    "authorContributionMap": {
      "wakululuu": 3,
      "-": 36
    }
  }
]
