[
  {
    "path": "data/duke.txt",
    "fileType": "txt",
    "lines": [
      {
        "lineNumber": 1,
        "author": {
          "gitId": "gabrielsimbingyang"
        },
        "content": "T | 1 |  b"
      },
      {
        "lineNumber": 2,
        "author": {
          "gitId": "gabrielsimbingyang"
        },
        "content": "D | 0 |  drink | 2013-01-02"
      },
      {
        "lineNumber": 3,
        "author": {
          "gitId": "gabrielsimbingyang"
        },
        "content": "T | 0 |  a"
      },
      {
        "lineNumber": 4,
        "author": {
          "gitId": "gabrielsimbingyang"
        },
        "content": "T | 0 |  b"
      },
      {
        "lineNumber": 5,
        "author": {
          "gitId": "gabrielsimbingyang"
        },
        "content": "D | 0 |  a | 2019-02-02"
      }
    ],
    "authorContributionMap": {
      "gabrielsimbingyang": 5
    }
  },
  {
    "path": "src/main/java/Bot.java",
    "fileType": "java",
    "lines": [
      {
        "lineNumber": 1,
        "author": {
          "gitId": "gabrielsimbingyang"
        },
        "content": "import java.util.ArrayList;"
      },
      {
        "lineNumber": 2,
        "author": {
          "gitId": "gabrielsimbingyang"
        },
        "content": "import java.util.Scanner;"
      },
      {
        "lineNumber": 3,
        "author": {
          "gitId": "gabrielsimbingyang"
        },
        "content": ""
      },
      {
        "lineNumber": 4,
        "author": {
          "gitId": "gabrielsimbingyang"
        },
        "content": "public class Bot { //basically duke.java at this point"
      },
      {
        "lineNumber": 5,
        "author": {
          "gitId": "gabrielsimbingyang"
        },
        "content": "    public Bot() {"
      },
      {
        "lineNumber": 6,
        "author": {
          "gitId": "gabrielsimbingyang"
        },
        "content": "        printer.greeting();"
      },
      {
        "lineNumber": 7,
        "author": {
          "gitId": "gabrielsimbingyang"
        },
        "content": "    }"
      },
      {
        "lineNumber": 8,
        "author": {
          "gitId": "gabrielsimbingyang"
        },
        "content": ""
      },
      {
        "lineNumber": 9,
        "author": {
          "gitId": "gabrielsimbingyang"
        },
        "content": "    Printer printer \u003d new Printer(); //ui"
      },
      {
        "lineNumber": 10,
        "author": {
          "gitId": "gabrielsimbingyang"
        },
        "content": "    Parser parser \u003d new Parser();"
      },
      {
        "lineNumber": 11,
        "author": {
          "gitId": "gabrielsimbingyang"
        },
        "content": "    Storage storage \u003d new Storage(\"./data/duke.txt\");"
      },
      {
        "lineNumber": 12,
        "author": {
          "gitId": "gabrielsimbingyang"
        },
        "content": "    TaskList taskList \u003d new TaskList(storage.load());"
      },
      {
        "lineNumber": 13,
        "author": {
          "gitId": "gabrielsimbingyang"
        },
        "content": "    Scanner sc \u003d new Scanner(System.in);"
      },
      {
        "lineNumber": 14,
        "author": {
          "gitId": "gabrielsimbingyang"
        },
        "content": ""
      },
      {
        "lineNumber": 15,
        "author": {
          "gitId": "gabrielsimbingyang"
        },
        "content": "    public void serve() { //run"
      },
      {
        "lineNumber": 16,
        "author": {
          "gitId": "gabrielsimbingyang"
        },
        "content": ""
      },
      {
        "lineNumber": 17,
        "author": {
          "gitId": "gabrielsimbingyang"
        },
        "content": "        while (sc.hasNextLine()) {"
      },
      {
        "lineNumber": 18,
        "author": {
          "gitId": "gabrielsimbingyang"
        },
        "content": "            try {"
      },
      {
        "lineNumber": 19,
        "author": {
          "gitId": "gabrielsimbingyang"
        },
        "content": "                String s \u003d sc.nextLine();"
      },
      {
        "lineNumber": 20,
        "author": {
          "gitId": "gabrielsimbingyang"
        },
        "content": "                String[] parsedInfo \u003d parser.getDetails(s);"
      },
      {
        "lineNumber": 21,
        "author": {
          "gitId": "gabrielsimbingyang"
        },
        "content": "                String command \u003d parsedInfo[0];"
      },
      {
        "lineNumber": 22,
        "author": {
          "gitId": "gabrielsimbingyang"
        },
        "content": "                String commandDetail \u003d parsedInfo[1];"
      },
      {
        "lineNumber": 23,
        "author": {
          "gitId": "gabrielsimbingyang"
        },
        "content": "                String dateInfo \u003d parsedInfo[2];"
      },
      {
        "lineNumber": 24,
        "author": {
          "gitId": "gabrielsimbingyang"
        },
        "content": "                switch (command) {"
      },
      {
        "lineNumber": 25,
        "author": {
          "gitId": "gabrielsimbingyang"
        },
        "content": "                    case (\"bye\"):"
      },
      {
        "lineNumber": 26,
        "author": {
          "gitId": "gabrielsimbingyang"
        },
        "content": "                        printer.farewell();"
      },
      {
        "lineNumber": 27,
        "author": {
          "gitId": "gabrielsimbingyang"
        },
        "content": "                        return;"
      },
      {
        "lineNumber": 28,
        "author": {
          "gitId": "gabrielsimbingyang"
        },
        "content": "                    case (\"list\"):"
      },
      {
        "lineNumber": 29,
        "author": {
          "gitId": "gabrielsimbingyang"
        },
        "content": "                        taskList.printReturns();"
      },
      {
        "lineNumber": 30,
        "author": {
          "gitId": "gabrielsimbingyang"
        },
        "content": "                        break;"
      },
      {
        "lineNumber": 31,
        "author": {
          "gitId": "gabrielsimbingyang"
        },
        "content": "                    case (\"done\"):"
      },
      {
        "lineNumber": 32,
        "author": {
          "gitId": "gabrielsimbingyang"
        },
        "content": "                        taskList.doneListings(Integer.valueOf(commandDetail), printer, storage);"
      },
      {
        "lineNumber": 33,
        "author": {
          "gitId": "gabrielsimbingyang"
        },
        "content": "                        break;"
      },
      {
        "lineNumber": 34,
        "author": {
          "gitId": "gabrielsimbingyang"
        },
        "content": "                    case (\"todo\"):"
      },
      {
        "lineNumber": 35,
        "author": {
          "gitId": "gabrielsimbingyang"
        },
        "content": "                        if (commandDetail \u003d\u003d null) {"
      },
      {
        "lineNumber": 36,
        "author": {
          "gitId": "gabrielsimbingyang"
        },
        "content": "                            throw new NoDescriptionException(\"todo\");"
      },
      {
        "lineNumber": 37,
        "author": {
          "gitId": "gabrielsimbingyang"
        },
        "content": "                        } else {"
      },
      {
        "lineNumber": 38,
        "author": {
          "gitId": "gabrielsimbingyang"
        },
        "content": "                            taskList.addListings(parsedInfo, printer, storage);"
      },
      {
        "lineNumber": 39,
        "author": {
          "gitId": "gabrielsimbingyang"
        },
        "content": "                        }"
      },
      {
        "lineNumber": 40,
        "author": {
          "gitId": "gabrielsimbingyang"
        },
        "content": "                        break;"
      },
      {
        "lineNumber": 41,
        "author": {
          "gitId": "gabrielsimbingyang"
        },
        "content": "                    case (\"deadline\"):"
      },
      {
        "lineNumber": 42,
        "author": {
          "gitId": "gabrielsimbingyang"
        },
        "content": "                        if (commandDetail \u003d\u003d null || dateInfo \u003d\u003d null) {"
      },
      {
        "lineNumber": 43,
        "author": {
          "gitId": "gabrielsimbingyang"
        },
        "content": "                            throw new NoDescriptionException(\"deadline\");"
      },
      {
        "lineNumber": 44,
        "author": {
          "gitId": "gabrielsimbingyang"
        },
        "content": "                        } else {"
      },
      {
        "lineNumber": 45,
        "author": {
          "gitId": "gabrielsimbingyang"
        },
        "content": "                            taskList.addListings(parsedInfo, printer, storage);"
      },
      {
        "lineNumber": 46,
        "author": {
          "gitId": "gabrielsimbingyang"
        },
        "content": "                        }"
      },
      {
        "lineNumber": 47,
        "author": {
          "gitId": "gabrielsimbingyang"
        },
        "content": "                        break;"
      },
      {
        "lineNumber": 48,
        "author": {
          "gitId": "gabrielsimbingyang"
        },
        "content": "                    case (\"event\"):"
      },
      {
        "lineNumber": 49,
        "author": {
          "gitId": "gabrielsimbingyang"
        },
        "content": "                        if (commandDetail \u003d\u003d null || dateInfo \u003d\u003d null) {"
      },
      {
        "lineNumber": 50,
        "author": {
          "gitId": "gabrielsimbingyang"
        },
        "content": "                            throw new NoDescriptionException(\"event\");"
      },
      {
        "lineNumber": 51,
        "author": {
          "gitId": "gabrielsimbingyang"
        },
        "content": "                        } else {"
      },
      {
        "lineNumber": 52,
        "author": {
          "gitId": "gabrielsimbingyang"
        },
        "content": "                            taskList.addListings(parsedInfo, printer, storage);"
      },
      {
        "lineNumber": 53,
        "author": {
          "gitId": "gabrielsimbingyang"
        },
        "content": "                        }"
      },
      {
        "lineNumber": 54,
        "author": {
          "gitId": "gabrielsimbingyang"
        },
        "content": "                        break;"
      },
      {
        "lineNumber": 55,
        "author": {
          "gitId": "gabrielsimbingyang"
        },
        "content": "                    case (\"delete\"):"
      },
      {
        "lineNumber": 56,
        "author": {
          "gitId": "gabrielsimbingyang"
        },
        "content": "                        Integer number \u003d Integer.valueOf(parsedInfo[1]) - 1;"
      },
      {
        "lineNumber": 57,
        "author": {
          "gitId": "gabrielsimbingyang"
        },
        "content": "                        taskList.deleteListing(number, printer, storage);"
      },
      {
        "lineNumber": 58,
        "author": {
          "gitId": "gabrielsimbingyang"
        },
        "content": "                        break;"
      },
      {
        "lineNumber": 59,
        "author": {
          "gitId": "gabrielsimbingyang"
        },
        "content": "                    default:"
      },
      {
        "lineNumber": 60,
        "author": {
          "gitId": "gabrielsimbingyang"
        },
        "content": "                        throw new UndefinedException();"
      },
      {
        "lineNumber": 61,
        "author": {
          "gitId": "gabrielsimbingyang"
        },
        "content": "                }"
      },
      {
        "lineNumber": 62,
        "author": {
          "gitId": "gabrielsimbingyang"
        },
        "content": "            } catch (NoDescriptionException e) {"
      },
      {
        "lineNumber": 63,
        "author": {
          "gitId": "gabrielsimbingyang"
        },
        "content": "                printer.noDescriptionMessage(e.s);"
      },
      {
        "lineNumber": 64,
        "author": {
          "gitId": "gabrielsimbingyang"
        },
        "content": "            } catch (UndefinedException e) {"
      },
      {
        "lineNumber": 65,
        "author": {
          "gitId": "gabrielsimbingyang"
        },
        "content": "                printer.undefinedExceptionMessage();"
      },
      {
        "lineNumber": 66,
        "author": {
          "gitId": "gabrielsimbingyang"
        },
        "content": "            }"
      },
      {
        "lineNumber": 67,
        "author": {
          "gitId": "gabrielsimbingyang"
        },
        "content": "        }"
      },
      {
        "lineNumber": 68,
        "author": {
          "gitId": "gabrielsimbingyang"
        },
        "content": "    }"
      },
      {
        "lineNumber": 69,
        "author": {
          "gitId": "gabrielsimbingyang"
        },
        "content": ""
      },
      {
        "lineNumber": 70,
        "author": {
          "gitId": "gabrielsimbingyang"
        },
        "content": ""
      },
      {
        "lineNumber": 71,
        "author": {
          "gitId": "gabrielsimbingyang"
        },
        "content": "}"
      }
    ],
    "authorContributionMap": {
      "gabrielsimbingyang": 71
    }
  },
  {
    "path": "src/main/java/Deadline.java",
    "fileType": "java",
    "lines": [
      {
        "lineNumber": 1,
        "author": {
          "gitId": "gabrielsimbingyang"
        },
        "content": ""
      },
      {
        "lineNumber": 2,
        "author": {
          "gitId": "gabrielsimbingyang"
        },
        "content": "import java.time.LocalDate;"
      },
      {
        "lineNumber": 3,
        "author": {
          "gitId": "gabrielsimbingyang"
        },
        "content": "import java.time.format.DateTimeFormatter;"
      },
      {
        "lineNumber": 4,
        "author": {
          "gitId": "gabrielsimbingyang"
        },
        "content": ""
      },
      {
        "lineNumber": 5,
        "author": {
          "gitId": "gabrielsimbingyang"
        },
        "content": "public class Deadline extends Listing {"
      },
      {
        "lineNumber": 6,
        "author": {
          "gitId": "gabrielsimbingyang"
        },
        "content": ""
      },
      {
        "lineNumber": 7,
        "author": {
          "gitId": "gabrielsimbingyang"
        },
        "content": "    public Deadline(String s, String deadLine) {"
      },
      {
        "lineNumber": 8,
        "author": {
          "gitId": "gabrielsimbingyang"
        },
        "content": "        super(s);"
      },
      {
        "lineNumber": 9,
        "author": {
          "gitId": "gabrielsimbingyang"
        },
        "content": "        this.deadLine \u003d LocalDate.parse(deadLine);"
      },
      {
        "lineNumber": 10,
        "author": {
          "gitId": "gabrielsimbingyang"
        },
        "content": "    }"
      },
      {
        "lineNumber": 11,
        "author": {
          "gitId": "gabrielsimbingyang"
        },
        "content": "    LocalDate deadLine;"
      },
      {
        "lineNumber": 12,
        "author": {
          "gitId": "gabrielsimbingyang"
        },
        "content": ""
      },
      {
        "lineNumber": 13,
        "author": {
          "gitId": "gabrielsimbingyang"
        },
        "content": ""
      },
      {
        "lineNumber": 14,
        "author": {
          "gitId": "gabrielsimbingyang"
        },
        "content": "    public Deadline(String doneness, String s, String time) {"
      },
      {
        "lineNumber": 15,
        "author": {
          "gitId": "gabrielsimbingyang"
        },
        "content": "        super(s);"
      },
      {
        "lineNumber": 16,
        "author": {
          "gitId": "gabrielsimbingyang"
        },
        "content": "        checkDoneness(doneness);"
      },
      {
        "lineNumber": 17,
        "author": {
          "gitId": "gabrielsimbingyang"
        },
        "content": "        this.deadLine \u003d LocalDate.parse(time);"
      },
      {
        "lineNumber": 18,
        "author": {
          "gitId": "gabrielsimbingyang"
        },
        "content": "    }"
      },
      {
        "lineNumber": 19,
        "author": {
          "gitId": "gabrielsimbingyang"
        },
        "content": ""
      },
      {
        "lineNumber": 20,
        "author": {
          "gitId": "gabrielsimbingyang"
        },
        "content": "    public String[] toArray() {"
      },
      {
        "lineNumber": 21,
        "author": {
          "gitId": "gabrielsimbingyang"
        },
        "content": "        String[] details \u003d new String[4];"
      },
      {
        "lineNumber": 22,
        "author": {
          "gitId": "gabrielsimbingyang"
        },
        "content": "        details[0] \u003d \"D\";"
      },
      {
        "lineNumber": 23,
        "author": {
          "gitId": "gabrielsimbingyang"
        },
        "content": "        if (this.done) {"
      },
      {
        "lineNumber": 24,
        "author": {
          "gitId": "gabrielsimbingyang"
        },
        "content": "            details[1] \u003d \"1\";"
      },
      {
        "lineNumber": 25,
        "author": {
          "gitId": "gabrielsimbingyang"
        },
        "content": "        } else {"
      },
      {
        "lineNumber": 26,
        "author": {
          "gitId": "gabrielsimbingyang"
        },
        "content": "            details[1] \u003d \"0\";"
      },
      {
        "lineNumber": 27,
        "author": {
          "gitId": "gabrielsimbingyang"
        },
        "content": "        }"
      },
      {
        "lineNumber": 28,
        "author": {
          "gitId": "gabrielsimbingyang"
        },
        "content": "        details[2] \u003d this.title;"
      },
      {
        "lineNumber": 29,
        "author": {
          "gitId": "gabrielsimbingyang"
        },
        "content": "        details[3] \u003d this.deadLine.toString();"
      },
      {
        "lineNumber": 30,
        "author": {
          "gitId": "gabrielsimbingyang"
        },
        "content": "        return details;"
      },
      {
        "lineNumber": 31,
        "author": {
          "gitId": "gabrielsimbingyang"
        },
        "content": "    }"
      },
      {
        "lineNumber": 32,
        "author": {
          "gitId": "gabrielsimbingyang"
        },
        "content": ""
      },
      {
        "lineNumber": 33,
        "author": {
          "gitId": "gabrielsimbingyang"
        },
        "content": "    @Override"
      },
      {
        "lineNumber": 34,
        "author": {
          "gitId": "gabrielsimbingyang"
        },
        "content": "    public String toString() {"
      },
      {
        "lineNumber": 35,
        "author": {
          "gitId": "gabrielsimbingyang"
        },
        "content": "        return \"[D]\" + super.doneness() + this.title + \" (by:\" +"
      },
      {
        "lineNumber": 36,
        "author": {
          "gitId": "gabrielsimbingyang"
        },
        "content": "                deadLine.format(DateTimeFormatter.ofPattern(\"MMM d yyyy\")) + \")\";"
      },
      {
        "lineNumber": 37,
        "author": {
          "gitId": "gabrielsimbingyang"
        },
        "content": "    }"
      },
      {
        "lineNumber": 38,
        "author": {
          "gitId": "gabrielsimbingyang"
        },
        "content": ""
      },
      {
        "lineNumber": 39,
        "author": {
          "gitId": "gabrielsimbingyang"
        },
        "content": "}"
      }
    ],
    "authorContributionMap": {
      "gabrielsimbingyang": 39
    }
  },
  {
    "path": "src/main/java/Duke.java",
    "fileType": "java",
    "lines": [
      {
        "lineNumber": 1,
        "author": {
          "gitId": "-"
        },
        "content": "public class Duke {"
      },
      {
        "lineNumber": 2,
        "author": {
          "gitId": "-"
        },
        "content": "    public static void main(String[] args) {"
      },
      {
        "lineNumber": 3,
        "author": {
          "gitId": "gabrielsimbingyang"
        },
        "content": ""
      },
      {
        "lineNumber": 4,
        "author": {
          "gitId": "gabrielsimbingyang"
        },
        "content": "        Bot bot \u003d new Bot();"
      },
      {
        "lineNumber": 5,
        "author": {
          "gitId": "gabrielsimbingyang"
        },
        "content": "        bot.serve();"
      },
      {
        "lineNumber": 6,
        "author": {
          "gitId": "gabrielsimbingyang"
        },
        "content": ""
      },
      {
        "lineNumber": 7,
        "author": {
          "gitId": "-"
        },
        "content": "    }"
      },
      {
        "lineNumber": 8,
        "author": {
          "gitId": "-"
        },
        "content": "}"
      }
    ],
    "authorContributionMap": {
      "-": 4,
      "gabrielsimbingyang": 4
    }
  },
  {
    "path": "src/main/java/Event.java",
    "fileType": "java",
    "lines": [
      {
        "lineNumber": 1,
        "author": {
          "gitId": "gabrielsimbingyang"
        },
        "content": "public class Event extends Listing{"
      },
      {
        "lineNumber": 2,
        "author": {
          "gitId": "gabrielsimbingyang"
        },
        "content": ""
      },
      {
        "lineNumber": 3,
        "author": {
          "gitId": "gabrielsimbingyang"
        },
        "content": "    String deadLine;"
      },
      {
        "lineNumber": 4,
        "author": {
          "gitId": "gabrielsimbingyang"
        },
        "content": ""
      },
      {
        "lineNumber": 5,
        "author": {
          "gitId": "gabrielsimbingyang"
        },
        "content": "    public Event(String s, String deadLine) {"
      },
      {
        "lineNumber": 6,
        "author": {
          "gitId": "gabrielsimbingyang"
        },
        "content": "        super(s);"
      },
      {
        "lineNumber": 7,
        "author": {
          "gitId": "gabrielsimbingyang"
        },
        "content": "        this.deadLine \u003d deadLine;"
      },
      {
        "lineNumber": 8,
        "author": {
          "gitId": "gabrielsimbingyang"
        },
        "content": "    }"
      },
      {
        "lineNumber": 9,
        "author": {
          "gitId": "gabrielsimbingyang"
        },
        "content": ""
      },
      {
        "lineNumber": 10,
        "author": {
          "gitId": "gabrielsimbingyang"
        },
        "content": "    public Event(String doneness, String s, String time) {"
      },
      {
        "lineNumber": 11,
        "author": {
          "gitId": "gabrielsimbingyang"
        },
        "content": "        super(s);"
      },
      {
        "lineNumber": 12,
        "author": {
          "gitId": "gabrielsimbingyang"
        },
        "content": "        checkDoneness(doneness);"
      },
      {
        "lineNumber": 13,
        "author": {
          "gitId": "gabrielsimbingyang"
        },
        "content": "        this.deadLine \u003d time;"
      },
      {
        "lineNumber": 14,
        "author": {
          "gitId": "gabrielsimbingyang"
        },
        "content": "    }"
      },
      {
        "lineNumber": 15,
        "author": {
          "gitId": "gabrielsimbingyang"
        },
        "content": ""
      },
      {
        "lineNumber": 16,
        "author": {
          "gitId": "gabrielsimbingyang"
        },
        "content": "    public String[] toArray() {"
      },
      {
        "lineNumber": 17,
        "author": {
          "gitId": "gabrielsimbingyang"
        },
        "content": "        String[] details \u003d new String[4];"
      },
      {
        "lineNumber": 18,
        "author": {
          "gitId": "gabrielsimbingyang"
        },
        "content": "        details[0] \u003d \"E\";"
      },
      {
        "lineNumber": 19,
        "author": {
          "gitId": "gabrielsimbingyang"
        },
        "content": "        if (this.done) {"
      },
      {
        "lineNumber": 20,
        "author": {
          "gitId": "gabrielsimbingyang"
        },
        "content": "            details[1] \u003d \"1\";"
      },
      {
        "lineNumber": 21,
        "author": {
          "gitId": "gabrielsimbingyang"
        },
        "content": "        } else {"
      },
      {
        "lineNumber": 22,
        "author": {
          "gitId": "gabrielsimbingyang"
        },
        "content": "            details[1] \u003d \"0\";"
      },
      {
        "lineNumber": 23,
        "author": {
          "gitId": "gabrielsimbingyang"
        },
        "content": "        }"
      },
      {
        "lineNumber": 24,
        "author": {
          "gitId": "gabrielsimbingyang"
        },
        "content": "        details[2] \u003d this.title;"
      },
      {
        "lineNumber": 25,
        "author": {
          "gitId": "gabrielsimbingyang"
        },
        "content": "        details[3] \u003d this.deadLine;"
      },
      {
        "lineNumber": 26,
        "author": {
          "gitId": "gabrielsimbingyang"
        },
        "content": "        return details;"
      },
      {
        "lineNumber": 27,
        "author": {
          "gitId": "gabrielsimbingyang"
        },
        "content": "    }"
      },
      {
        "lineNumber": 28,
        "author": {
          "gitId": "gabrielsimbingyang"
        },
        "content": ""
      },
      {
        "lineNumber": 29,
        "author": {
          "gitId": "gabrielsimbingyang"
        },
        "content": "    @Override"
      },
      {
        "lineNumber": 30,
        "author": {
          "gitId": "gabrielsimbingyang"
        },
        "content": "    public String toString() {"
      },
      {
        "lineNumber": 31,
        "author": {
          "gitId": "gabrielsimbingyang"
        },
        "content": "        return \"[E]\" + super.doneness() + \" \" + this.title + \"(at:\" + this.deadLine + \")\";"
      },
      {
        "lineNumber": 32,
        "author": {
          "gitId": "gabrielsimbingyang"
        },
        "content": "    }"
      },
      {
        "lineNumber": 33,
        "author": {
          "gitId": "gabrielsimbingyang"
        },
        "content": "}"
      }
    ],
    "authorContributionMap": {
      "gabrielsimbingyang": 33
    }
  },
  {
    "path": "src/main/java/Listing.java",
    "fileType": "java",
    "lines": [
      {
        "lineNumber": 1,
        "author": {
          "gitId": "gabrielsimbingyang"
        },
        "content": "public class Listing {"
      },
      {
        "lineNumber": 2,
        "author": {
          "gitId": "gabrielsimbingyang"
        },
        "content": "    public Listing(String s) {"
      },
      {
        "lineNumber": 3,
        "author": {
          "gitId": "gabrielsimbingyang"
        },
        "content": "        this.title \u003d s;"
      },
      {
        "lineNumber": 4,
        "author": {
          "gitId": "gabrielsimbingyang"
        },
        "content": "    }"
      },
      {
        "lineNumber": 5,
        "author": {
          "gitId": "gabrielsimbingyang"
        },
        "content": "    String title;"
      },
      {
        "lineNumber": 6,
        "author": {
          "gitId": "gabrielsimbingyang"
        },
        "content": "    Boolean done \u003d false;"
      },
      {
        "lineNumber": 7,
        "author": {
          "gitId": "gabrielsimbingyang"
        },
        "content": ""
      },
      {
        "lineNumber": 8,
        "author": {
          "gitId": "gabrielsimbingyang"
        },
        "content": "    public void complete() {"
      },
      {
        "lineNumber": 9,
        "author": {
          "gitId": "gabrielsimbingyang"
        },
        "content": "        done \u003d true;"
      },
      {
        "lineNumber": 10,
        "author": {
          "gitId": "gabrielsimbingyang"
        },
        "content": "    }"
      },
      {
        "lineNumber": 11,
        "author": {
          "gitId": "gabrielsimbingyang"
        },
        "content": ""
      },
      {
        "lineNumber": 12,
        "author": {
          "gitId": "gabrielsimbingyang"
        },
        "content": "    public String doneness() {"
      },
      {
        "lineNumber": 13,
        "author": {
          "gitId": "gabrielsimbingyang"
        },
        "content": "        if (done) {"
      },
      {
        "lineNumber": 14,
        "author": {
          "gitId": "gabrielsimbingyang"
        },
        "content": "            return \"[✓]\";"
      },
      {
        "lineNumber": 15,
        "author": {
          "gitId": "gabrielsimbingyang"
        },
        "content": "        } else {"
      },
      {
        "lineNumber": 16,
        "author": {
          "gitId": "gabrielsimbingyang"
        },
        "content": "            return \"[✗]\";"
      },
      {
        "lineNumber": 17,
        "author": {
          "gitId": "gabrielsimbingyang"
        },
        "content": "        }"
      },
      {
        "lineNumber": 18,
        "author": {
          "gitId": "gabrielsimbingyang"
        },
        "content": "    }"
      },
      {
        "lineNumber": 19,
        "author": {
          "gitId": "gabrielsimbingyang"
        },
        "content": ""
      },
      {
        "lineNumber": 20,
        "author": {
          "gitId": "gabrielsimbingyang"
        },
        "content": "    public void checkDoneness(String s) {"
      },
      {
        "lineNumber": 21,
        "author": {
          "gitId": "gabrielsimbingyang"
        },
        "content": "        if (s.equals(\"1\")) {"
      },
      {
        "lineNumber": 22,
        "author": {
          "gitId": "gabrielsimbingyang"
        },
        "content": "            this.done \u003d true;"
      },
      {
        "lineNumber": 23,
        "author": {
          "gitId": "gabrielsimbingyang"
        },
        "content": "        } else {"
      },
      {
        "lineNumber": 24,
        "author": {
          "gitId": "gabrielsimbingyang"
        },
        "content": "            this.done \u003d false;"
      },
      {
        "lineNumber": 25,
        "author": {
          "gitId": "gabrielsimbingyang"
        },
        "content": "        }"
      },
      {
        "lineNumber": 26,
        "author": {
          "gitId": "gabrielsimbingyang"
        },
        "content": "    }"
      },
      {
        "lineNumber": 27,
        "author": {
          "gitId": "gabrielsimbingyang"
        },
        "content": ""
      },
      {
        "lineNumber": 28,
        "author": {
          "gitId": "gabrielsimbingyang"
        },
        "content": "    public String[] toArray() {"
      },
      {
        "lineNumber": 29,
        "author": {
          "gitId": "gabrielsimbingyang"
        },
        "content": "        return new String[2];"
      },
      {
        "lineNumber": 30,
        "author": {
          "gitId": "gabrielsimbingyang"
        },
        "content": "    }"
      },
      {
        "lineNumber": 31,
        "author": {
          "gitId": "gabrielsimbingyang"
        },
        "content": ""
      },
      {
        "lineNumber": 32,
        "author": {
          "gitId": "gabrielsimbingyang"
        },
        "content": "    public String toString(){"
      },
      {
        "lineNumber": 33,
        "author": {
          "gitId": "gabrielsimbingyang"
        },
        "content": "        return this.title;"
      },
      {
        "lineNumber": 34,
        "author": {
          "gitId": "gabrielsimbingyang"
        },
        "content": "    }"
      },
      {
        "lineNumber": 35,
        "author": {
          "gitId": "gabrielsimbingyang"
        },
        "content": "}"
      }
    ],
    "authorContributionMap": {
      "gabrielsimbingyang": 35
    }
  },
  {
    "path": "src/main/java/NoDescriptionException.java",
    "fileType": "java",
    "lines": [
      {
        "lineNumber": 1,
        "author": {
          "gitId": "gabrielsimbingyang"
        },
        "content": "public class NoDescriptionException extends Exception {"
      },
      {
        "lineNumber": 2,
        "author": {
          "gitId": "gabrielsimbingyang"
        },
        "content": "    public NoDescriptionException(String s) {"
      },
      {
        "lineNumber": 3,
        "author": {
          "gitId": "gabrielsimbingyang"
        },
        "content": "        this.s \u003d s;"
      },
      {
        "lineNumber": 4,
        "author": {
          "gitId": "gabrielsimbingyang"
        },
        "content": "    }"
      },
      {
        "lineNumber": 5,
        "author": {
          "gitId": "gabrielsimbingyang"
        },
        "content": "    String s;"
      },
      {
        "lineNumber": 6,
        "author": {
          "gitId": "gabrielsimbingyang"
        },
        "content": "}"
      }
    ],
    "authorContributionMap": {
      "gabrielsimbingyang": 6
    }
  },
  {
    "path": "src/main/java/Parser.java",
    "fileType": "java",
    "lines": [
      {
        "lineNumber": 1,
        "author": {
          "gitId": "gabrielsimbingyang"
        },
        "content": "public class Parser {"
      },
      {
        "lineNumber": 2,
        "author": {
          "gitId": "gabrielsimbingyang"
        },
        "content": "    public Parser() {"
      },
      {
        "lineNumber": 3,
        "author": {
          "gitId": "gabrielsimbingyang"
        },
        "content": "    }"
      },
      {
        "lineNumber": 4,
        "author": {
          "gitId": "gabrielsimbingyang"
        },
        "content": ""
      },
      {
        "lineNumber": 5,
        "author": {
          "gitId": "gabrielsimbingyang"
        },
        "content": "    /***"
      },
      {
        "lineNumber": 6,
        "author": {
          "gitId": "gabrielsimbingyang"
        },
        "content": "     * Returns a string array containing the command type, command details and date details. If there"
      },
      {
        "lineNumber": 7,
        "author": {
          "gitId": "gabrielsimbingyang"
        },
        "content": "     * are no details then the array slot is left as null. Reads the raw input from the user as"
      },
      {
        "lineNumber": 8,
        "author": {
          "gitId": "gabrielsimbingyang"
        },
        "content": "     * a string and split the based on whitespace"
      },
      {
        "lineNumber": 9,
        "author": {
          "gitId": "gabrielsimbingyang"
        },
        "content": "     * @param String input from the user"
      },
      {
        "lineNumber": 10,
        "author": {
          "gitId": "gabrielsimbingyang"
        },
        "content": "     * @return a size 3 string array containing command type, command detail and date detail"
      },
      {
        "lineNumber": 11,
        "author": {
          "gitId": "gabrielsimbingyang"
        },
        "content": "     */"
      },
      {
        "lineNumber": 12,
        "author": {
          "gitId": "gabrielsimbingyang"
        },
        "content": ""
      },
      {
        "lineNumber": 13,
        "author": {
          "gitId": "gabrielsimbingyang"
        },
        "content": "    public String[] getDetails(String s) {"
      },
      {
        "lineNumber": 14,
        "author": {
          "gitId": "gabrielsimbingyang"
        },
        "content": "        String[] rawData \u003d s.split(\" \");"
      },
      {
        "lineNumber": 15,
        "author": {
          "gitId": "gabrielsimbingyang"
        },
        "content": "        String[] extractedDetails \u003d extractDetails(rawData);"
      },
      {
        "lineNumber": 16,
        "author": {
          "gitId": "gabrielsimbingyang"
        },
        "content": "        return extractedDetails;"
      },
      {
        "lineNumber": 17,
        "author": {
          "gitId": "gabrielsimbingyang"
        },
        "content": "    }"
      },
      {
        "lineNumber": 18,
        "author": {
          "gitId": "gabrielsimbingyang"
        },
        "content": ""
      },
      {
        "lineNumber": 19,
        "author": {
          "gitId": "gabrielsimbingyang"
        },
        "content": "    /**"
      },
      {
        "lineNumber": 20,
        "author": {
          "gitId": "gabrielsimbingyang"
        },
        "content": "     * Returns a size 3 array containing command type, command detail and command date. Any array slots"
      },
      {
        "lineNumber": 21,
        "author": {
          "gitId": "gabrielsimbingyang"
        },
        "content": "     * that have no inputs are left as null. The original raw input is split and processed depending on"
      },
      {
        "lineNumber": 22,
        "author": {
          "gitId": "gabrielsimbingyang"
        },
        "content": "     * the command type. The command types available are todo, deadline, event, done and delete"
      },
      {
        "lineNumber": 23,
        "author": {
          "gitId": "gabrielsimbingyang"
        },
        "content": "     *"
      },
      {
        "lineNumber": 24,
        "author": {
          "gitId": "gabrielsimbingyang"
        },
        "content": "     * @param string array of the raw user input"
      },
      {
        "lineNumber": 25,
        "author": {
          "gitId": "gabrielsimbingyang"
        },
        "content": "     * @return a size 3 array containing command type, command detail and date detail."
      },
      {
        "lineNumber": 26,
        "author": {
          "gitId": "gabrielsimbingyang"
        },
        "content": "     **/"
      },
      {
        "lineNumber": 27,
        "author": {
          "gitId": "gabrielsimbingyang"
        },
        "content": "    public String[] extractDetails(String[] details) {"
      },
      {
        "lineNumber": 28,
        "author": {
          "gitId": "gabrielsimbingyang"
        },
        "content": "        String type \u003d details[0];"
      },
      {
        "lineNumber": 29,
        "author": {
          "gitId": "gabrielsimbingyang"
        },
        "content": "        String[] s \u003d new String[3];"
      },
      {
        "lineNumber": 30,
        "author": {
          "gitId": "gabrielsimbingyang"
        },
        "content": "        String s1 \u003d \"\";"
      },
      {
        "lineNumber": 31,
        "author": {
          "gitId": "gabrielsimbingyang"
        },
        "content": "        String s2 \u003d \"\";"
      },
      {
        "lineNumber": 32,
        "author": {
          "gitId": "gabrielsimbingyang"
        },
        "content": "        int counter \u003d 1;"
      },
      {
        "lineNumber": 33,
        "author": {
          "gitId": "gabrielsimbingyang"
        },
        "content": ""
      },
      {
        "lineNumber": 34,
        "author": {
          "gitId": "gabrielsimbingyang"
        },
        "content": "        switch (type) {"
      },
      {
        "lineNumber": 35,
        "author": {
          "gitId": "gabrielsimbingyang"
        },
        "content": "            case \"todo\":"
      },
      {
        "lineNumber": 36,
        "author": {
          "gitId": "gabrielsimbingyang"
        },
        "content": "                if (details.length \u003d\u003d 1) { //empty todo"
      },
      {
        "lineNumber": 37,
        "author": {
          "gitId": "gabrielsimbingyang"
        },
        "content": "                    s[1] \u003d null;"
      },
      {
        "lineNumber": 38,
        "author": {
          "gitId": "gabrielsimbingyang"
        },
        "content": "                    break;"
      },
      {
        "lineNumber": 39,
        "author": {
          "gitId": "gabrielsimbingyang"
        },
        "content": "                } else { // form a single string of detail"
      },
      {
        "lineNumber": 40,
        "author": {
          "gitId": "gabrielsimbingyang"
        },
        "content": "                    for (int i \u003d 1; i \u003c details.length; i++) {"
      },
      {
        "lineNumber": 41,
        "author": {
          "gitId": "gabrielsimbingyang"
        },
        "content": "                        s1 \u003d s1 + \" \" + details[i];"
      },
      {
        "lineNumber": 42,
        "author": {
          "gitId": "gabrielsimbingyang"
        },
        "content": "                    }"
      },
      {
        "lineNumber": 43,
        "author": {
          "gitId": "gabrielsimbingyang"
        },
        "content": "                    s[1] \u003d s1;"
      },
      {
        "lineNumber": 44,
        "author": {
          "gitId": "gabrielsimbingyang"
        },
        "content": "                    break;"
      },
      {
        "lineNumber": 45,
        "author": {
          "gitId": "gabrielsimbingyang"
        },
        "content": "                }"
      },
      {
        "lineNumber": 46,
        "author": {
          "gitId": "gabrielsimbingyang"
        },
        "content": ""
      },
      {
        "lineNumber": 47,
        "author": {
          "gitId": "gabrielsimbingyang"
        },
        "content": "            case \"deadline\":"
      },
      {
        "lineNumber": 48,
        "author": {
          "gitId": "gabrielsimbingyang"
        },
        "content": "                for (; counter \u003c details.length; counter++) {"
      },
      {
        "lineNumber": 49,
        "author": {
          "gitId": "gabrielsimbingyang"
        },
        "content": "                    if (details[counter].equals(\"/by\")) { //base case for task details"
      },
      {
        "lineNumber": 50,
        "author": {
          "gitId": "gabrielsimbingyang"
        },
        "content": "                        s[1] \u003d s1;  //enter detail into extracted details array"
      },
      {
        "lineNumber": 51,
        "author": {
          "gitId": "gabrielsimbingyang"
        },
        "content": "                        break;"
      },
      {
        "lineNumber": 52,
        "author": {
          "gitId": "gabrielsimbingyang"
        },
        "content": "                    }"
      },
      {
        "lineNumber": 53,
        "author": {
          "gitId": "gabrielsimbingyang"
        },
        "content": "                    s1 \u003d s1 + \" \" + details[counter]; //build a string of task details"
      },
      {
        "lineNumber": 54,
        "author": {
          "gitId": "gabrielsimbingyang"
        },
        "content": "                }"
      },
      {
        "lineNumber": 55,
        "author": {
          "gitId": "gabrielsimbingyang"
        },
        "content": "                for (counter++; counter \u003c details.length; counter++) {//build a string of time detail"
      },
      {
        "lineNumber": 56,
        "author": {
          "gitId": "gabrielsimbingyang"
        },
        "content": "                    if (counter \u003d\u003d details.length - 1) {"
      },
      {
        "lineNumber": 57,
        "author": {
          "gitId": "gabrielsimbingyang"
        },
        "content": "                        s2 \u003d s2 + details[counter];"
      },
      {
        "lineNumber": 58,
        "author": {
          "gitId": "gabrielsimbingyang"
        },
        "content": "                    } else {"
      },
      {
        "lineNumber": 59,
        "author": {
          "gitId": "gabrielsimbingyang"
        },
        "content": "                        s2 \u003d s2 + details[counter] + \" \";"
      },
      {
        "lineNumber": 60,
        "author": {
          "gitId": "gabrielsimbingyang"
        },
        "content": "                    }"
      },
      {
        "lineNumber": 61,
        "author": {
          "gitId": "gabrielsimbingyang"
        },
        "content": "                }"
      },
      {
        "lineNumber": 62,
        "author": {
          "gitId": "gabrielsimbingyang"
        },
        "content": "                s[2] \u003d s2; //enter time detail into extracted detail array"
      },
      {
        "lineNumber": 63,
        "author": {
          "gitId": "gabrielsimbingyang"
        },
        "content": "                break;"
      },
      {
        "lineNumber": 64,
        "author": {
          "gitId": "gabrielsimbingyang"
        },
        "content": "            case \"event\":"
      },
      {
        "lineNumber": 65,
        "author": {
          "gitId": "gabrielsimbingyang"
        },
        "content": "                for (; counter \u003c details.length; counter++) {"
      },
      {
        "lineNumber": 66,
        "author": {
          "gitId": "gabrielsimbingyang"
        },
        "content": "                    if (details[counter].equals(\"/at\")) { //base case for task details"
      },
      {
        "lineNumber": 67,
        "author": {
          "gitId": "gabrielsimbingyang"
        },
        "content": "                        s[1] \u003d s1; // enter detail into final array"
      },
      {
        "lineNumber": 68,
        "author": {
          "gitId": "gabrielsimbingyang"
        },
        "content": "                        break;"
      },
      {
        "lineNumber": 69,
        "author": {
          "gitId": "gabrielsimbingyang"
        },
        "content": "                    }"
      },
      {
        "lineNumber": 70,
        "author": {
          "gitId": "gabrielsimbingyang"
        },
        "content": "                    s1 \u003d s1 + details[counter] + \" \"; //build string of detail"
      },
      {
        "lineNumber": 71,
        "author": {
          "gitId": "gabrielsimbingyang"
        },
        "content": "                }"
      },
      {
        "lineNumber": 72,
        "author": {
          "gitId": "gabrielsimbingyang"
        },
        "content": "                for (counter++; counter \u003c details.length; counter++) {"
      },
      {
        "lineNumber": 73,
        "author": {
          "gitId": "gabrielsimbingyang"
        },
        "content": "                    if (counter \u003d\u003d details.length - 1) {"
      },
      {
        "lineNumber": 74,
        "author": {
          "gitId": "gabrielsimbingyang"
        },
        "content": "                        s2 \u003d s2 + details[counter];"
      },
      {
        "lineNumber": 75,
        "author": {
          "gitId": "gabrielsimbingyang"
        },
        "content": "                    } else {"
      },
      {
        "lineNumber": 76,
        "author": {
          "gitId": "gabrielsimbingyang"
        },
        "content": "                        s2 \u003d s2 + details[counter] + \" \";"
      },
      {
        "lineNumber": 77,
        "author": {
          "gitId": "gabrielsimbingyang"
        },
        "content": "                    }"
      },
      {
        "lineNumber": 78,
        "author": {
          "gitId": "gabrielsimbingyang"
        },
        "content": "                }"
      },
      {
        "lineNumber": 79,
        "author": {
          "gitId": "gabrielsimbingyang"
        },
        "content": "                s[2] \u003d s2; //enter time detail into final array"
      },
      {
        "lineNumber": 80,
        "author": {
          "gitId": "gabrielsimbingyang"
        },
        "content": "                break;"
      },
      {
        "lineNumber": 81,
        "author": {
          "gitId": "gabrielsimbingyang"
        },
        "content": "            case (\"done\"):"
      },
      {
        "lineNumber": 82,
        "author": {
          "gitId": "gabrielsimbingyang"
        },
        "content": "                s[1] \u003d details[1]; //expected to be an int"
      },
      {
        "lineNumber": 83,
        "author": {
          "gitId": "gabrielsimbingyang"
        },
        "content": "                break;"
      },
      {
        "lineNumber": 84,
        "author": {
          "gitId": "gabrielsimbingyang"
        },
        "content": "            case (\"delete\"):"
      },
      {
        "lineNumber": 85,
        "author": {
          "gitId": "gabrielsimbingyang"
        },
        "content": "                s[1] \u003d details[1]; //expected to be an int"
      },
      {
        "lineNumber": 86,
        "author": {
          "gitId": "gabrielsimbingyang"
        },
        "content": "                break;"
      },
      {
        "lineNumber": 87,
        "author": {
          "gitId": "gabrielsimbingyang"
        },
        "content": "            case(\"bye\"):"
      },
      {
        "lineNumber": 88,
        "author": {
          "gitId": "gabrielsimbingyang"
        },
        "content": "                break;"
      },
      {
        "lineNumber": 89,
        "author": {
          "gitId": "gabrielsimbingyang"
        },
        "content": "        }"
      },
      {
        "lineNumber": 90,
        "author": {
          "gitId": "gabrielsimbingyang"
        },
        "content": "        s[0] \u003d type;"
      },
      {
        "lineNumber": 91,
        "author": {
          "gitId": "gabrielsimbingyang"
        },
        "content": "        return s;"
      },
      {
        "lineNumber": 92,
        "author": {
          "gitId": "gabrielsimbingyang"
        },
        "content": "    }"
      },
      {
        "lineNumber": 93,
        "author": {
          "gitId": "gabrielsimbingyang"
        },
        "content": "}"
      }
    ],
    "authorContributionMap": {
      "gabrielsimbingyang": 93
    }
  },
  {
    "path": "src/main/java/Printer.java",
    "fileType": "java",
    "lines": [
      {
        "lineNumber": 1,
        "author": {
          "gitId": "gabrielsimbingyang"
        },
        "content": "import java.util.ArrayList;"
      },
      {
        "lineNumber": 2,
        "author": {
          "gitId": "gabrielsimbingyang"
        },
        "content": ""
      },
      {
        "lineNumber": 3,
        "author": {
          "gitId": "gabrielsimbingyang"
        },
        "content": "public class Printer {"
      },
      {
        "lineNumber": 4,
        "author": {
          "gitId": "gabrielsimbingyang"
        },
        "content": ""
      },
      {
        "lineNumber": 5,
        "author": {
          "gitId": "gabrielsimbingyang"
        },
        "content": "    public Printer() {"
      },
      {
        "lineNumber": 6,
        "author": {
          "gitId": "gabrielsimbingyang"
        },
        "content": "    }"
      },
      {
        "lineNumber": 7,
        "author": {
          "gitId": "gabrielsimbingyang"
        },
        "content": ""
      },
      {
        "lineNumber": 8,
        "author": {
          "gitId": "gabrielsimbingyang"
        },
        "content": ""
      },
      {
        "lineNumber": 9,
        "author": {
          "gitId": "gabrielsimbingyang"
        },
        "content": "    String GREETING \u003d \"     Hello! I\u0027m Duke\\n\" +"
      },
      {
        "lineNumber": 10,
        "author": {
          "gitId": "gabrielsimbingyang"
        },
        "content": "            \"     What can I do for you?\";"
      },
      {
        "lineNumber": 11,
        "author": {
          "gitId": "gabrielsimbingyang"
        },
        "content": "    String GOODBYE \u003d \"     Bye. Hope to see you again soon!\";"
      },
      {
        "lineNumber": 12,
        "author": {
          "gitId": "gabrielsimbingyang"
        },
        "content": "    String LINE \u003d \"    ____________________________________________________________\";"
      },
      {
        "lineNumber": 13,
        "author": {
          "gitId": "gabrielsimbingyang"
        },
        "content": "    String GOT_IT \u003d \"     Got it. I\u0027ve added this task: \";"
      },
      {
        "lineNumber": 14,
        "author": {
          "gitId": "gabrielsimbingyang"
        },
        "content": "    String WHITE_SPACE_SEVEN \u003d \"       \";"
      },
      {
        "lineNumber": 15,
        "author": {
          "gitId": "gabrielsimbingyang"
        },
        "content": ""
      },
      {
        "lineNumber": 16,
        "author": {
          "gitId": "gabrielsimbingyang"
        },
        "content": "    protected void greeting() {"
      },
      {
        "lineNumber": 17,
        "author": {
          "gitId": "gabrielsimbingyang"
        },
        "content": "        String s \u003d \"\";"
      },
      {
        "lineNumber": 18,
        "author": {
          "gitId": "gabrielsimbingyang"
        },
        "content": "        s \u003d LINE + \"\\n\" + GREETING + \"\\n\" + LINE;"
      },
      {
        "lineNumber": 19,
        "author": {
          "gitId": "gabrielsimbingyang"
        },
        "content": "        System.out.println(s);"
      },
      {
        "lineNumber": 20,
        "author": {
          "gitId": "gabrielsimbingyang"
        },
        "content": "    }"
      },
      {
        "lineNumber": 21,
        "author": {
          "gitId": "gabrielsimbingyang"
        },
        "content": ""
      },
      {
        "lineNumber": 22,
        "author": {
          "gitId": "gabrielsimbingyang"
        },
        "content": "    protected void farewell() {"
      },
      {
        "lineNumber": 23,
        "author": {
          "gitId": "gabrielsimbingyang"
        },
        "content": "        String s \u003d \"\";"
      },
      {
        "lineNumber": 24,
        "author": {
          "gitId": "gabrielsimbingyang"
        },
        "content": "        s \u003d LINE + \"\\n\" + GOODBYE + \"\\n\" + LINE;"
      },
      {
        "lineNumber": 25,
        "author": {
          "gitId": "gabrielsimbingyang"
        },
        "content": "        System.out.println(s);"
      },
      {
        "lineNumber": 26,
        "author": {
          "gitId": "gabrielsimbingyang"
        },
        "content": "    }"
      },
      {
        "lineNumber": 27,
        "author": {
          "gitId": "gabrielsimbingyang"
        },
        "content": ""
      },
      {
        "lineNumber": 28,
        "author": {
          "gitId": "gabrielsimbingyang"
        },
        "content": "    protected void printListing(Listing l, int size) {"
      },
      {
        "lineNumber": 29,
        "author": {
          "gitId": "gabrielsimbingyang"
        },
        "content": "        String s \u003d \"\";"
      },
      {
        "lineNumber": 30,
        "author": {
          "gitId": "gabrielsimbingyang"
        },
        "content": "        s \u003d LINE + \"\\n\" + GOT_IT + \"\\n\" + WHITE_SPACE_SEVEN + l.toString() +"
      },
      {
        "lineNumber": 31,
        "author": {
          "gitId": "gabrielsimbingyang"
        },
        "content": "                \"\\n\" + \"     Now you have \" + size + \" tasks in the list.\" + \"\\n\" + LINE;"
      },
      {
        "lineNumber": 32,
        "author": {
          "gitId": "gabrielsimbingyang"
        },
        "content": "        System.out.println(s);"
      },
      {
        "lineNumber": 33,
        "author": {
          "gitId": "gabrielsimbingyang"
        },
        "content": "    }"
      },
      {
        "lineNumber": 34,
        "author": {
          "gitId": "gabrielsimbingyang"
        },
        "content": ""
      },
      {
        "lineNumber": 35,
        "author": {
          "gitId": "gabrielsimbingyang"
        },
        "content": "    protected void undefinedExceptionMessage() {"
      },
      {
        "lineNumber": 36,
        "author": {
          "gitId": "gabrielsimbingyang"
        },
        "content": "        System.out.println(LINE + \"\\n\" + \"     ☹ OOPS!!! I\u0027m sorry, but I don\u0027t know what that means :-(\""
      },
      {
        "lineNumber": 37,
        "author": {
          "gitId": "gabrielsimbingyang"
        },
        "content": "                + \"\\n\" + LINE);"
      },
      {
        "lineNumber": 38,
        "author": {
          "gitId": "gabrielsimbingyang"
        },
        "content": "    }"
      },
      {
        "lineNumber": 39,
        "author": {
          "gitId": "gabrielsimbingyang"
        },
        "content": ""
      },
      {
        "lineNumber": 40,
        "author": {
          "gitId": "gabrielsimbingyang"
        },
        "content": "    protected void noDescriptionMessage(String s) {"
      },
      {
        "lineNumber": 41,
        "author": {
          "gitId": "gabrielsimbingyang"
        },
        "content": "        System.out.println(LINE + \"\\n\" + \"     ☹ OOPS!!! The description of a \" + s + \" cannot be empty.\""
      },
      {
        "lineNumber": 42,
        "author": {
          "gitId": "gabrielsimbingyang"
        },
        "content": "                + \"\\n\" + LINE);"
      },
      {
        "lineNumber": 43,
        "author": {
          "gitId": "gabrielsimbingyang"
        },
        "content": "    }"
      },
      {
        "lineNumber": 44,
        "author": {
          "gitId": "gabrielsimbingyang"
        },
        "content": ""
      },
      {
        "lineNumber": 45,
        "author": {
          "gitId": "gabrielsimbingyang"
        },
        "content": "    protected void deleteMessage(int size, String listing) {"
      },
      {
        "lineNumber": 46,
        "author": {
          "gitId": "gabrielsimbingyang"
        },
        "content": "        System.out.println(LINE + \"\\n\" + \"     Noted. I\u0027ve removed this task: \\n\" + WHITE_SPACE_SEVEN +"
      },
      {
        "lineNumber": 47,
        "author": {
          "gitId": "gabrielsimbingyang"
        },
        "content": "                listing + \"\\n\" + \"     Now you have \" + size + \" tasks in the list.\\n\" + LINE);"
      },
      {
        "lineNumber": 48,
        "author": {
          "gitId": "gabrielsimbingyang"
        },
        "content": "    }"
      },
      {
        "lineNumber": 49,
        "author": {
          "gitId": "gabrielsimbingyang"
        },
        "content": ""
      },
      {
        "lineNumber": 50,
        "author": {
          "gitId": "gabrielsimbingyang"
        },
        "content": "    protected void doneMessage(String s) {"
      },
      {
        "lineNumber": 51,
        "author": {
          "gitId": "gabrielsimbingyang"
        },
        "content": "        System.out.println(LINE + \"\\n\" + \"     Nice! I\u0027ve marked this task as done: \\n\" + \"     \""
      },
      {
        "lineNumber": 52,
        "author": {
          "gitId": "gabrielsimbingyang"
        },
        "content": "                + s + \"\\n\" + LINE);"
      },
      {
        "lineNumber": 53,
        "author": {
          "gitId": "gabrielsimbingyang"
        },
        "content": "    }"
      },
      {
        "lineNumber": 54,
        "author": {
          "gitId": "gabrielsimbingyang"
        },
        "content": ""
      },
      {
        "lineNumber": 55,
        "author": {
          "gitId": "gabrielsimbingyang"
        },
        "content": "}"
      }
    ],
    "authorContributionMap": {
      "gabrielsimbingyang": 55
    }
  },
  {
    "path": "src/main/java/Storage.java",
    "fileType": "java",
    "lines": [
      {
        "lineNumber": 1,
        "author": {
          "gitId": "gabrielsimbingyang"
        },
        "content": "import java.io.File;"
      },
      {
        "lineNumber": 2,
        "author": {
          "gitId": "gabrielsimbingyang"
        },
        "content": "import java.io.IOException;"
      },
      {
        "lineNumber": 3,
        "author": {
          "gitId": "gabrielsimbingyang"
        },
        "content": "import java.util.ArrayList;"
      },
      {
        "lineNumber": 4,
        "author": {
          "gitId": "gabrielsimbingyang"
        },
        "content": "import java.io.FileWriter;"
      },
      {
        "lineNumber": 5,
        "author": {
          "gitId": "gabrielsimbingyang"
        },
        "content": "import java.util.Scanner;"
      },
      {
        "lineNumber": 6,
        "author": {
          "gitId": "gabrielsimbingyang"
        },
        "content": ""
      },
      {
        "lineNumber": 7,
        "author": {
          "gitId": "gabrielsimbingyang"
        },
        "content": "public class Storage { //deals with loading task and saving task in file"
      },
      {
        "lineNumber": 8,
        "author": {
          "gitId": "gabrielsimbingyang"
        },
        "content": ""
      },
      {
        "lineNumber": 9,
        "author": {
          "gitId": "gabrielsimbingyang"
        },
        "content": "    private String filePath;"
      },
      {
        "lineNumber": 10,
        "author": {
          "gitId": "gabrielsimbingyang"
        },
        "content": "    private File file;"
      },
      {
        "lineNumber": 11,
        "author": {
          "gitId": "gabrielsimbingyang"
        },
        "content": ""
      },
      {
        "lineNumber": 12,
        "author": {
          "gitId": "gabrielsimbingyang"
        },
        "content": "    public Storage(String filePath) {"
      },
      {
        "lineNumber": 13,
        "author": {
          "gitId": "gabrielsimbingyang"
        },
        "content": "        this.filePath \u003d filePath;"
      },
      {
        "lineNumber": 14,
        "author": {
          "gitId": "gabrielsimbingyang"
        },
        "content": ""
      },
      {
        "lineNumber": 15,
        "author": {
          "gitId": "gabrielsimbingyang"
        },
        "content": "        try {"
      },
      {
        "lineNumber": 16,
        "author": {
          "gitId": "gabrielsimbingyang"
        },
        "content": "            File myFile \u003d new File(filePath);"
      },
      {
        "lineNumber": 17,
        "author": {
          "gitId": "gabrielsimbingyang"
        },
        "content": "            boolean exists \u003d myFile.exists();"
      },
      {
        "lineNumber": 18,
        "author": {
          "gitId": "gabrielsimbingyang"
        },
        "content": "            if (!exists) {"
      },
      {
        "lineNumber": 19,
        "author": {
          "gitId": "gabrielsimbingyang"
        },
        "content": "                myFile.createNewFile();"
      },
      {
        "lineNumber": 20,
        "author": {
          "gitId": "gabrielsimbingyang"
        },
        "content": "                this.file \u003d myFile;"
      },
      {
        "lineNumber": 21,
        "author": {
          "gitId": "gabrielsimbingyang"
        },
        "content": "                System.out.println(\"new duke.txt created\");"
      },
      {
        "lineNumber": 22,
        "author": {
          "gitId": "gabrielsimbingyang"
        },
        "content": "            } else if (exists) {"
      },
      {
        "lineNumber": 23,
        "author": {
          "gitId": "gabrielsimbingyang"
        },
        "content": "                this.file \u003d myFile;"
      },
      {
        "lineNumber": 24,
        "author": {
          "gitId": "gabrielsimbingyang"
        },
        "content": "                System.out.println(\"file exists\");"
      },
      {
        "lineNumber": 25,
        "author": {
          "gitId": "gabrielsimbingyang"
        },
        "content": "            } else {"
      },
      {
        "lineNumber": 26,
        "author": {
          "gitId": "gabrielsimbingyang"
        },
        "content": "                throw new IOException();"
      },
      {
        "lineNumber": 27,
        "author": {
          "gitId": "gabrielsimbingyang"
        },
        "content": "            }"
      },
      {
        "lineNumber": 28,
        "author": {
          "gitId": "gabrielsimbingyang"
        },
        "content": "        } catch (IOException e) {"
      },
      {
        "lineNumber": 29,
        "author": {
          "gitId": "gabrielsimbingyang"
        },
        "content": "            e.printStackTrace();"
      },
      {
        "lineNumber": 30,
        "author": {
          "gitId": "gabrielsimbingyang"
        },
        "content": "        }"
      },
      {
        "lineNumber": 31,
        "author": {
          "gitId": "gabrielsimbingyang"
        },
        "content": "    }"
      },
      {
        "lineNumber": 32,
        "author": {
          "gitId": "gabrielsimbingyang"
        },
        "content": ""
      },
      {
        "lineNumber": 33,
        "author": {
          "gitId": "gabrielsimbingyang"
        },
        "content": "    public ArrayList\u003cListing\u003e load() {"
      },
      {
        "lineNumber": 34,
        "author": {
          "gitId": "gabrielsimbingyang"
        },
        "content": "        ArrayList\u003cListing\u003e list \u003d new ArrayList\u003c\u003e();"
      },
      {
        "lineNumber": 35,
        "author": {
          "gitId": "gabrielsimbingyang"
        },
        "content": "        try {"
      },
      {
        "lineNumber": 36,
        "author": {
          "gitId": "gabrielsimbingyang"
        },
        "content": "            Scanner sc \u003d new Scanner(this.file);"
      },
      {
        "lineNumber": 37,
        "author": {
          "gitId": "gabrielsimbingyang"
        },
        "content": "            while (sc.hasNextLine()) {"
      },
      {
        "lineNumber": 38,
        "author": {
          "gitId": "gabrielsimbingyang"
        },
        "content": "                String[] details \u003d sc.nextLine().split(\" \\\\| \");"
      },
      {
        "lineNumber": 39,
        "author": {
          "gitId": "gabrielsimbingyang"
        },
        "content": "                switch (details[0]) {"
      },
      {
        "lineNumber": 40,
        "author": {
          "gitId": "gabrielsimbingyang"
        },
        "content": "                    case \"T\":"
      },
      {
        "lineNumber": 41,
        "author": {
          "gitId": "gabrielsimbingyang"
        },
        "content": "                        list.add(new ToDo(details[1], details[2]));"
      },
      {
        "lineNumber": 42,
        "author": {
          "gitId": "gabrielsimbingyang"
        },
        "content": "                        break;"
      },
      {
        "lineNumber": 43,
        "author": {
          "gitId": "gabrielsimbingyang"
        },
        "content": "                    case \"D\":"
      },
      {
        "lineNumber": 44,
        "author": {
          "gitId": "gabrielsimbingyang"
        },
        "content": "                        list.add(new Deadline(details[1], details[2], details[3]));"
      },
      {
        "lineNumber": 45,
        "author": {
          "gitId": "gabrielsimbingyang"
        },
        "content": "                        break;"
      },
      {
        "lineNumber": 46,
        "author": {
          "gitId": "gabrielsimbingyang"
        },
        "content": "                    case \"E\":"
      },
      {
        "lineNumber": 47,
        "author": {
          "gitId": "gabrielsimbingyang"
        },
        "content": "                        list.add(new Event(details[1], details[2], details[3]));"
      },
      {
        "lineNumber": 48,
        "author": {
          "gitId": "gabrielsimbingyang"
        },
        "content": "                        break;"
      },
      {
        "lineNumber": 49,
        "author": {
          "gitId": "gabrielsimbingyang"
        },
        "content": "                }"
      },
      {
        "lineNumber": 50,
        "author": {
          "gitId": "gabrielsimbingyang"
        },
        "content": "                //add to list"
      },
      {
        "lineNumber": 51,
        "author": {
          "gitId": "gabrielsimbingyang"
        },
        "content": "            }"
      },
      {
        "lineNumber": 52,
        "author": {
          "gitId": "gabrielsimbingyang"
        },
        "content": "        } catch (Exception e) {"
      },
      {
        "lineNumber": 53,
        "author": {
          "gitId": "gabrielsimbingyang"
        },
        "content": "            System.out.println(e);"
      },
      {
        "lineNumber": 54,
        "author": {
          "gitId": "gabrielsimbingyang"
        },
        "content": "        }"
      },
      {
        "lineNumber": 55,
        "author": {
          "gitId": "gabrielsimbingyang"
        },
        "content": "        return list;"
      },
      {
        "lineNumber": 56,
        "author": {
          "gitId": "gabrielsimbingyang"
        },
        "content": "    }"
      },
      {
        "lineNumber": 57,
        "author": {
          "gitId": "gabrielsimbingyang"
        },
        "content": ""
      },
      {
        "lineNumber": 58,
        "author": {
          "gitId": "gabrielsimbingyang"
        },
        "content": "    public void save(ArrayList\u003cListing\u003e list) {"
      },
      {
        "lineNumber": 59,
        "author": {
          "gitId": "gabrielsimbingyang"
        },
        "content": "        try {"
      },
      {
        "lineNumber": 60,
        "author": {
          "gitId": "gabrielsimbingyang"
        },
        "content": "            FileWriter fileWriter \u003d new FileWriter(filePath);"
      },
      {
        "lineNumber": 61,
        "author": {
          "gitId": "gabrielsimbingyang"
        },
        "content": "            for (Listing listing : list) {"
      },
      {
        "lineNumber": 62,
        "author": {
          "gitId": "gabrielsimbingyang"
        },
        "content": "                String[] details \u003d listing.toArray();"
      },
      {
        "lineNumber": 63,
        "author": {
          "gitId": "gabrielsimbingyang"
        },
        "content": "                String s \u003d \"\";"
      },
      {
        "lineNumber": 64,
        "author": {
          "gitId": "gabrielsimbingyang"
        },
        "content": "                for (int i \u003d 0; i \u003c details.length; i++) {"
      },
      {
        "lineNumber": 65,
        "author": {
          "gitId": "gabrielsimbingyang"
        },
        "content": "                    s \u003d s + details[i];"
      },
      {
        "lineNumber": 66,
        "author": {
          "gitId": "gabrielsimbingyang"
        },
        "content": "                    if (i \u003d\u003d details.length - 1) {"
      },
      {
        "lineNumber": 67,
        "author": {
          "gitId": "gabrielsimbingyang"
        },
        "content": "                        break;"
      },
      {
        "lineNumber": 68,
        "author": {
          "gitId": "gabrielsimbingyang"
        },
        "content": "                    }"
      },
      {
        "lineNumber": 69,
        "author": {
          "gitId": "gabrielsimbingyang"
        },
        "content": "                    s \u003d s + \" | \";"
      },
      {
        "lineNumber": 70,
        "author": {
          "gitId": "gabrielsimbingyang"
        },
        "content": "                }"
      },
      {
        "lineNumber": 71,
        "author": {
          "gitId": "gabrielsimbingyang"
        },
        "content": "                fileWriter.write(s + \"\\n\");"
      },
      {
        "lineNumber": 72,
        "author": {
          "gitId": "gabrielsimbingyang"
        },
        "content": ""
      },
      {
        "lineNumber": 73,
        "author": {
          "gitId": "gabrielsimbingyang"
        },
        "content": "            }"
      },
      {
        "lineNumber": 74,
        "author": {
          "gitId": "gabrielsimbingyang"
        },
        "content": "            fileWriter.close();"
      },
      {
        "lineNumber": 75,
        "author": {
          "gitId": "gabrielsimbingyang"
        },
        "content": "        } catch (Exception e) {"
      },
      {
        "lineNumber": 76,
        "author": {
          "gitId": "gabrielsimbingyang"
        },
        "content": "            System.out.println(e);"
      },
      {
        "lineNumber": 77,
        "author": {
          "gitId": "gabrielsimbingyang"
        },
        "content": "        }"
      },
      {
        "lineNumber": 78,
        "author": {
          "gitId": "gabrielsimbingyang"
        },
        "content": ""
      },
      {
        "lineNumber": 79,
        "author": {
          "gitId": "gabrielsimbingyang"
        },
        "content": ""
      },
      {
        "lineNumber": 80,
        "author": {
          "gitId": "gabrielsimbingyang"
        },
        "content": "        //parse list"
      },
      {
        "lineNumber": 81,
        "author": {
          "gitId": "gabrielsimbingyang"
        },
        "content": "        //write to duke.txt"
      },
      {
        "lineNumber": 82,
        "author": {
          "gitId": "gabrielsimbingyang"
        },
        "content": "        return;"
      },
      {
        "lineNumber": 83,
        "author": {
          "gitId": "gabrielsimbingyang"
        },
        "content": "    }"
      },
      {
        "lineNumber": 84,
        "author": {
          "gitId": "gabrielsimbingyang"
        },
        "content": ""
      },
      {
        "lineNumber": 85,
        "author": {
          "gitId": "gabrielsimbingyang"
        },
        "content": ""
      },
      {
        "lineNumber": 86,
        "author": {
          "gitId": "gabrielsimbingyang"
        },
        "content": "}"
      }
    ],
    "authorContributionMap": {
      "gabrielsimbingyang": 86
    }
  },
  {
    "path": "src/main/java/TaskList.java",
    "fileType": "java",
    "lines": [
      {
        "lineNumber": 1,
        "author": {
          "gitId": "gabrielsimbingyang"
        },
        "content": "import java.util.ArrayList;"
      },
      {
        "lineNumber": 2,
        "author": {
          "gitId": "gabrielsimbingyang"
        },
        "content": ""
      },
      {
        "lineNumber": 3,
        "author": {
          "gitId": "gabrielsimbingyang"
        },
        "content": "public class TaskList {"
      },
      {
        "lineNumber": 4,
        "author": {
          "gitId": "gabrielsimbingyang"
        },
        "content": ""
      },
      {
        "lineNumber": 5,
        "author": {
          "gitId": "gabrielsimbingyang"
        },
        "content": "    ArrayList\u003cListing\u003e list;"
      },
      {
        "lineNumber": 6,
        "author": {
          "gitId": "gabrielsimbingyang"
        },
        "content": "    public TaskList() {"
      },
      {
        "lineNumber": 7,
        "author": {
          "gitId": "gabrielsimbingyang"
        },
        "content": "        this.list \u003d new ArrayList\u003cListing\u003e();"
      },
      {
        "lineNumber": 8,
        "author": {
          "gitId": "gabrielsimbingyang"
        },
        "content": "    }"
      },
      {
        "lineNumber": 9,
        "author": {
          "gitId": "gabrielsimbingyang"
        },
        "content": ""
      },
      {
        "lineNumber": 10,
        "author": {
          "gitId": "gabrielsimbingyang"
        },
        "content": "    public TaskList(ArrayList\u003cListing\u003e l) {"
      },
      {
        "lineNumber": 11,
        "author": {
          "gitId": "gabrielsimbingyang"
        },
        "content": "        this.list \u003d l;"
      },
      {
        "lineNumber": 12,
        "author": {
          "gitId": "gabrielsimbingyang"
        },
        "content": "    }"
      },
      {
        "lineNumber": 13,
        "author": {
          "gitId": "gabrielsimbingyang"
        },
        "content": ""
      },
      {
        "lineNumber": 14,
        "author": {
          "gitId": "gabrielsimbingyang"
        },
        "content": "    protected void printReturns() {"
      },
      {
        "lineNumber": 15,
        "author": {
          "gitId": "gabrielsimbingyang"
        },
        "content": "        System.out.println(\"    ____________________________________________________________\");"
      },
      {
        "lineNumber": 16,
        "author": {
          "gitId": "gabrielsimbingyang"
        },
        "content": "        System.out.println(\"     Here are the tasks in your list:\");"
      },
      {
        "lineNumber": 17,
        "author": {
          "gitId": "gabrielsimbingyang"
        },
        "content": "        for (int i \u003d 0; i \u003c list.size(); i++) {"
      },
      {
        "lineNumber": 18,
        "author": {
          "gitId": "gabrielsimbingyang"
        },
        "content": "            String s \u003d \"     \" + (i + 1) + \".\" + list.get(i).toString();"
      },
      {
        "lineNumber": 19,
        "author": {
          "gitId": "gabrielsimbingyang"
        },
        "content": "            System.out.println(s);"
      },
      {
        "lineNumber": 20,
        "author": {
          "gitId": "gabrielsimbingyang"
        },
        "content": "        }"
      },
      {
        "lineNumber": 21,
        "author": {
          "gitId": "gabrielsimbingyang"
        },
        "content": "        System.out.println(\"    ____________________________________________________________\");"
      },
      {
        "lineNumber": 22,
        "author": {
          "gitId": "gabrielsimbingyang"
        },
        "content": "    }"
      },
      {
        "lineNumber": 23,
        "author": {
          "gitId": "gabrielsimbingyang"
        },
        "content": ""
      },
      {
        "lineNumber": 24,
        "author": {
          "gitId": "gabrielsimbingyang"
        },
        "content": "    public void doneListings(Integer value, Printer printer, Storage storage) {"
      },
      {
        "lineNumber": 25,
        "author": {
          "gitId": "gabrielsimbingyang"
        },
        "content": "        Listing item \u003d list.get(value - 1);"
      },
      {
        "lineNumber": 26,
        "author": {
          "gitId": "gabrielsimbingyang"
        },
        "content": "        item.complete(); //completes the list"
      },
      {
        "lineNumber": 27,
        "author": {
          "gitId": "gabrielsimbingyang"
        },
        "content": "        printer.doneMessage(item.toString());"
      },
      {
        "lineNumber": 28,
        "author": {
          "gitId": "gabrielsimbingyang"
        },
        "content": "        storage.save(list); // \u003c----- change this"
      },
      {
        "lineNumber": 29,
        "author": {
          "gitId": "gabrielsimbingyang"
        },
        "content": "    }"
      },
      {
        "lineNumber": 30,
        "author": {
          "gitId": "gabrielsimbingyang"
        },
        "content": ""
      },
      {
        "lineNumber": 31,
        "author": {
          "gitId": "gabrielsimbingyang"
        },
        "content": "    public void deleteListing(Integer num, Printer printer, Storage storage) {"
      },
      {
        "lineNumber": 32,
        "author": {
          "gitId": "gabrielsimbingyang"
        },
        "content": "        printer.deleteMessage(list.size()-1, list.get(num).toString());"
      },
      {
        "lineNumber": 33,
        "author": {
          "gitId": "gabrielsimbingyang"
        },
        "content": "        list.remove((int) num);"
      },
      {
        "lineNumber": 34,
        "author": {
          "gitId": "gabrielsimbingyang"
        },
        "content": "        storage.save(list); // \u003c----- change this"
      },
      {
        "lineNumber": 35,
        "author": {
          "gitId": "gabrielsimbingyang"
        },
        "content": "    }"
      },
      {
        "lineNumber": 36,
        "author": {
          "gitId": "gabrielsimbingyang"
        },
        "content": ""
      },
      {
        "lineNumber": 37,
        "author": {
          "gitId": "gabrielsimbingyang"
        },
        "content": "    public void addListings(String[] details, Printer printer, Storage storage) {"
      },
      {
        "lineNumber": 38,
        "author": {
          "gitId": "gabrielsimbingyang"
        },
        "content": "        int size \u003d list.size() + 1;"
      },
      {
        "lineNumber": 39,
        "author": {
          "gitId": "gabrielsimbingyang"
        },
        "content": "        String taskInfo \u003d details[1];"
      },
      {
        "lineNumber": 40,
        "author": {
          "gitId": "gabrielsimbingyang"
        },
        "content": "        String dateInfo \u003d details[2];"
      },
      {
        "lineNumber": 41,
        "author": {
          "gitId": "gabrielsimbingyang"
        },
        "content": "        switch (details[0]) {"
      },
      {
        "lineNumber": 42,
        "author": {
          "gitId": "gabrielsimbingyang"
        },
        "content": "            case (\"todo\"):"
      },
      {
        "lineNumber": 43,
        "author": {
          "gitId": "gabrielsimbingyang"
        },
        "content": "                ToDo todo \u003d new ToDo(taskInfo);"
      },
      {
        "lineNumber": 44,
        "author": {
          "gitId": "gabrielsimbingyang"
        },
        "content": "                list.add(todo);"
      },
      {
        "lineNumber": 45,
        "author": {
          "gitId": "gabrielsimbingyang"
        },
        "content": "                printer.printListing(todo, size);"
      },
      {
        "lineNumber": 46,
        "author": {
          "gitId": "gabrielsimbingyang"
        },
        "content": "                break;"
      },
      {
        "lineNumber": 47,
        "author": {
          "gitId": "gabrielsimbingyang"
        },
        "content": "            case (\"deadline\"):"
      },
      {
        "lineNumber": 48,
        "author": {
          "gitId": "gabrielsimbingyang"
        },
        "content": "                Deadline deadline \u003d new Deadline(taskInfo, dateInfo);"
      },
      {
        "lineNumber": 49,
        "author": {
          "gitId": "gabrielsimbingyang"
        },
        "content": "                list.add(deadline);"
      },
      {
        "lineNumber": 50,
        "author": {
          "gitId": "gabrielsimbingyang"
        },
        "content": "                printer.printListing(deadline, size);"
      },
      {
        "lineNumber": 51,
        "author": {
          "gitId": "gabrielsimbingyang"
        },
        "content": "                break;"
      },
      {
        "lineNumber": 52,
        "author": {
          "gitId": "gabrielsimbingyang"
        },
        "content": "            case (\"event\"):"
      },
      {
        "lineNumber": 53,
        "author": {
          "gitId": "gabrielsimbingyang"
        },
        "content": "                Event event \u003d new Event(taskInfo, dateInfo);"
      },
      {
        "lineNumber": 54,
        "author": {
          "gitId": "gabrielsimbingyang"
        },
        "content": "                list.add(event);"
      },
      {
        "lineNumber": 55,
        "author": {
          "gitId": "gabrielsimbingyang"
        },
        "content": "                printer.printListing(event, size);"
      },
      {
        "lineNumber": 56,
        "author": {
          "gitId": "gabrielsimbingyang"
        },
        "content": "                break;"
      },
      {
        "lineNumber": 57,
        "author": {
          "gitId": "gabrielsimbingyang"
        },
        "content": "        }"
      },
      {
        "lineNumber": 58,
        "author": {
          "gitId": "gabrielsimbingyang"
        },
        "content": "        storage.save(list);// \u003c----- change this"
      },
      {
        "lineNumber": 59,
        "author": {
          "gitId": "gabrielsimbingyang"
        },
        "content": "    }"
      },
      {
        "lineNumber": 60,
        "author": {
          "gitId": "gabrielsimbingyang"
        },
        "content": ""
      },
      {
        "lineNumber": 61,
        "author": {
          "gitId": "gabrielsimbingyang"
        },
        "content": "}"
      }
    ],
    "authorContributionMap": {
      "gabrielsimbingyang": 61
    }
  },
  {
    "path": "src/main/java/ToDo.java",
    "fileType": "java",
    "lines": [
      {
        "lineNumber": 1,
        "author": {
          "gitId": "gabrielsimbingyang"
        },
        "content": "public class ToDo extends Listing{"
      },
      {
        "lineNumber": 2,
        "author": {
          "gitId": "gabrielsimbingyang"
        },
        "content": ""
      },
      {
        "lineNumber": 3,
        "author": {
          "gitId": "gabrielsimbingyang"
        },
        "content": "    public ToDo(String s) {"
      },
      {
        "lineNumber": 4,
        "author": {
          "gitId": "gabrielsimbingyang"
        },
        "content": "        super(s);"
      },
      {
        "lineNumber": 5,
        "author": {
          "gitId": "gabrielsimbingyang"
        },
        "content": "    }"
      },
      {
        "lineNumber": 6,
        "author": {
          "gitId": "gabrielsimbingyang"
        },
        "content": ""
      },
      {
        "lineNumber": 7,
        "author": {
          "gitId": "gabrielsimbingyang"
        },
        "content": "    public ToDo(String doneness, String s) {"
      },
      {
        "lineNumber": 8,
        "author": {
          "gitId": "gabrielsimbingyang"
        },
        "content": "        super(s);"
      },
      {
        "lineNumber": 9,
        "author": {
          "gitId": "gabrielsimbingyang"
        },
        "content": "        checkDoneness(doneness);"
      },
      {
        "lineNumber": 10,
        "author": {
          "gitId": "gabrielsimbingyang"
        },
        "content": "    }"
      },
      {
        "lineNumber": 11,
        "author": {
          "gitId": "gabrielsimbingyang"
        },
        "content": ""
      },
      {
        "lineNumber": 12,
        "author": {
          "gitId": "gabrielsimbingyang"
        },
        "content": "    public String[] toArray() {"
      },
      {
        "lineNumber": 13,
        "author": {
          "gitId": "gabrielsimbingyang"
        },
        "content": "        String[] details \u003d new String[3];"
      },
      {
        "lineNumber": 14,
        "author": {
          "gitId": "gabrielsimbingyang"
        },
        "content": "        details[0] \u003d \"T\";"
      },
      {
        "lineNumber": 15,
        "author": {
          "gitId": "gabrielsimbingyang"
        },
        "content": "        if (this.done) {"
      },
      {
        "lineNumber": 16,
        "author": {
          "gitId": "gabrielsimbingyang"
        },
        "content": "            details[1] \u003d \"1\";"
      },
      {
        "lineNumber": 17,
        "author": {
          "gitId": "gabrielsimbingyang"
        },
        "content": "        } else {"
      },
      {
        "lineNumber": 18,
        "author": {
          "gitId": "gabrielsimbingyang"
        },
        "content": "            details[1] \u003d \"0\";"
      },
      {
        "lineNumber": 19,
        "author": {
          "gitId": "gabrielsimbingyang"
        },
        "content": "        }"
      },
      {
        "lineNumber": 20,
        "author": {
          "gitId": "gabrielsimbingyang"
        },
        "content": "        details[2] \u003d this.title;"
      },
      {
        "lineNumber": 21,
        "author": {
          "gitId": "gabrielsimbingyang"
        },
        "content": "        return details;"
      },
      {
        "lineNumber": 22,
        "author": {
          "gitId": "gabrielsimbingyang"
        },
        "content": "    }"
      },
      {
        "lineNumber": 23,
        "author": {
          "gitId": "gabrielsimbingyang"
        },
        "content": ""
      },
      {
        "lineNumber": 24,
        "author": {
          "gitId": "gabrielsimbingyang"
        },
        "content": "    @Override"
      },
      {
        "lineNumber": 25,
        "author": {
          "gitId": "gabrielsimbingyang"
        },
        "content": "    public String toString() {"
      },
      {
        "lineNumber": 26,
        "author": {
          "gitId": "gabrielsimbingyang"
        },
        "content": "        return \"[T]\" + super.doneness() + this.title;"
      },
      {
        "lineNumber": 27,
        "author": {
          "gitId": "gabrielsimbingyang"
        },
        "content": "    }"
      },
      {
        "lineNumber": 28,
        "author": {
          "gitId": "gabrielsimbingyang"
        },
        "content": "}"
      }
    ],
    "authorContributionMap": {
      "gabrielsimbingyang": 28
    }
  },
  {
    "path": "src/main/java/UndefinedException.java",
    "fileType": "java",
    "lines": [
      {
        "lineNumber": 1,
        "author": {
          "gitId": "gabrielsimbingyang"
        },
        "content": "public class UndefinedException extends Exception {"
      },
      {
        "lineNumber": 2,
        "author": {
          "gitId": "gabrielsimbingyang"
        },
        "content": "    public UndefinedException() {"
      },
      {
        "lineNumber": 3,
        "author": {
          "gitId": "gabrielsimbingyang"
        },
        "content": "    }"
      },
      {
        "lineNumber": 4,
        "author": {
          "gitId": "gabrielsimbingyang"
        },
        "content": ""
      },
      {
        "lineNumber": 5,
        "author": {
          "gitId": "gabrielsimbingyang"
        },
        "content": "}"
      }
    ],
    "authorContributionMap": {
      "gabrielsimbingyang": 5
    }
  }
]
