{"authorDailyContributionsMap":{"ruilingk":[{"date":"2020-08-14","commitResults":[{"hash":"989f6f47bb5ae246549907a7fd28c83a211de921","messageTitle":"Update Duke.java","messageBody":"Extracted out the codes for different commands (e.g. \"list\", \"done\", \"bye\")\ninto separate methods within Duke class.\n","fileTypesAndContributionMap":{"java":{"insertions":64,"deletions":32}}},{"hash":"17d170432d3483f7cd7e92a18c5126d4860a0f2d","messageTitle":"Add Level-3","messageBody":"","tags":["Level-3"],"fileTypesAndContributionMap":{"java":{"insertions":23,"deletions":15}}},{"hash":"32182e8e18dc3d56acdcf36ebe7e150cfb1a0ab7","messageTitle":"Add ToDo.java","messageBody":"Modified Duke class to incorporate adding of ToDo task.\nRemoved toString() method in Task class.\n","fileTypesAndContributionMap":{"java":{"insertions":30,"deletions":13}}},{"hash":"fc40669699b5cb4c9839c4c710379a89fdfb48e7","messageTitle":"Add Deadline.java","messageBody":"Modified Duke class to incorporate adding of Deadline task.\nAdded toString() method back into Task class.\n","fileTypesAndContributionMap":{"java":{"insertions":47,"deletions":21}}},{"hash":"a86e6b64c02cec15e8175c40d53b015c8bc59a54","messageTitle":"Add Level-4","messageBody":"Added Event class.\nModified Duke class to incorporate adding of Event task.\n","tags":["Level-4"],"fileTypesAndContributionMap":{"java":{"insertions":59,"deletions":30}}}]},{"date":"2020-08-15","commitResults":[{"hash":"d996ecf9f35de1d617d9bf128196b2ca9e18face","messageTitle":"Add Automated Text UI Testing","messageBody":"Modified runtest.bat\nModified EXPECTED.TXT and input.txt for testing purposes.\n","tags":["A-TextUiTesting"],"fileTypesAndContributionMap":{"txt":{"insertions":12,"deletions":0},"java":{"insertions":10,"deletions":11},"bat":{"insertions":6,"deletions":3}}},{"hash":"3347026f8181a165fd39ebdf078754ca4504ef57","messageTitle":"Add DukeErrorsHandler.java","messageBody":"Modified Duke.java to handle errors.\n","fileTypesAndContributionMap":{"txt":{"insertions":2,"deletions":0},"java":{"insertions":73,"deletions":11}}},{"hash":"4aaff34f67c9c7bc8b72df6fcccb4fa9d283113d","messageTitle":"Update input.txt and EXPECTED.TXT","messageBody":"","fileTypesAndContributionMap":{"txt":{"insertions":4,"deletions":2},"java":{"insertions":4,"deletions":4}}},{"hash":"2bbf9e2e5a9b04949fc1118f49b89cfbcae13e56","messageTitle":"Add Level-5","messageBody":"Added DukeCommandsHandler class to handle commands.\nModified DukeException class.\n","tags":["Level-5"],"fileTypesAndContributionMap":{"txt":{"insertions":1,"deletions":0},"java":{"insertions":151,"deletions":148}}}]},{"date":"2020-08-16","commitResults":[{"hash":"c02661c816e4a463183d96d1c9db54e096717d58","messageTitle":"Add Level-6","messageBody":"Updated DukeCommandsHandler class to incorporate deletion of tasks.\nUpdated DukeException class with clearer error messages.\nUpdated input.txt and EXPECTED.TXT\n","tags":["Level-6"],"fileTypesAndContributionMap":{"txt":{"insertions":7,"deletions":5},"java":{"insertions":121,"deletions":18}}},{"hash":"c4df25902699a6692c90cfc1f67d27efe3abb77e","messageTitle":"Personalise bot","messageBody":"Added more personality to the bot.\nUpdated EXPECTED.TXT and input.txt\n","fileTypesAndContributionMap":{"txt":{"insertions":1,"deletions":1},"java":{"insertions":18,"deletions":18}}}]},{"date":"2020-08-17","commitResults":[{"hash":"1312be50267dd0534936390fa1fca5c4ed66f044","messageTitle":"Replace tick and cross symbols with Y and N respectively","messageBody":"","fileTypesAndContributionMap":{"java":{"insertions":2,"deletions":2}}}]},{"date":"2020-08-19","commitResults":[{"hash":"d97e9c7af1fa0838eba98c993e9eddf3ceb8ed22","messageTitle":"Replace tick and cross symbols with ✓ and ✘ respectively","messageBody":"","fileTypesAndContributionMap":{"java":{"insertions":2,"deletions":2},"bat":{"insertions":1,"deletions":0}}}]},{"date":"2020-08-21","commitResults":[{"hash":"aa7df98c64765f7b269091f3b3559afcf9cab584","messageTitle":"Add Storage.java","messageBody":"Bot now can save and load data from user\u0027s directory.\n","fileTypesAndContributionMap":{"java":{"insertions":152,"deletions":7}}},{"hash":"f5eec52344a267e18fd3cbe33ae165de57013703","messageTitle":"Add Level-7","messageBody":"Updated DukeExceptions class so that exceptions are thrown now.\n","fileTypesAndContributionMap":{"txt":{"insertions":1,"deletions":0},"java":{"insertions":140,"deletions":130}}}]},{"date":"2020-08-22","commitResults":[{"hash":"7fb942ffd3089781892c2f31ca639f427f8b7461","messageTitle":"Add Level-8","messageBody":"Add date and time functionality.\nDeadline and Event objects now have associated date and time stamps, so\nthat users can input and bot can sense it.\nHandled exceptions for when users input incorrect format of date and\ntime.\n","fileTypesAndContributionMap":{"java":{"insertions":56,"deletions":14}}},{"hash":"12ee5309eb0b867b9ba7cbf5c81546be37c0ae9c","messageTitle":"Add Level-8 after merging","messageBody":"Updated input and EXPECTED text files to reflect most recent changes.\n","tags":["Level-8"],"fileTypesAndContributionMap":{"txt":{"insertions":5,"deletions":4},"java":{"insertions":38,"deletions":26}}},{"hash":"989ac484530d9d48564b4e4d7ab75203eab85bed","messageTitle":"Add TaskList.java","messageBody":"TaskList class has properties to add tasks, delete tasks, mark tasks\ndone, and listing tasks.\nMade minor updates to other classes to incorporate the changes.\n","fileTypesAndContributionMap":{"java":{"insertions":290,"deletions":267}}},{"hash":"e4a877a1140d9061deaf10a90b0c90195e9be3a6","messageTitle":"Add UI.java","messageBody":"UI class has the methods that is in charge of interacting with the user\nfor example, greeting of user and exiting.\nMade minor updates to other classes to incorporate the changes.\n","fileTypesAndContributionMap":{"java":{"insertions":53,"deletions":44}}},{"hash":"bffc4715628369cae4d3d5a4f30068bfd68f712e","messageTitle":"Add Parser.java and Command.java","messageBody":"Added all the other relevant commands classes too, to better organise\nthe code since all commands have their own behaviours.\n","fileTypesAndContributionMap":{"txt":{"insertions":10,"deletions":1},"java":{"insertions":290,"deletions":251}}},{"hash":"16021a93eeb2c8185fc142f68deeb57fa244d198","messageTitle":"Add A-MoreOOP","messageBody":"Moved textToTask method from Task class to Parser class.\nReplaced methods with public access modifier to be protected.\n","tags":["A-MoreOOP"],"fileTypesAndContributionMap":{"txt":{"insertions":3,"deletions":0},"java":{"insertions":57,"deletions":57}}},{"hash":"4e720a7ff43804851db41a38ddb1f802eaf703ad","messageTitle":"Add A-Packages","messageBody":"","tags":["A-Packages"],"fileTypesAndContributionMap":{"txt":{"insertions":16,"deletions":19},"java":{"insertions":140,"deletions":57}}}]},{"date":"2020-08-23","commitResults":[{"hash":"943f960b4024ed974e628124a19fe00cd85b7219","messageTitle":"Add JUnit tests for all commands","messageBody":"","fileTypesAndContributionMap":{"java":{"insertions":261,"deletions":0}}},{"hash":"0c2102b3002d365a2ccf42ccef86bf6dbffdf1e8","messageTitle":"Add A-JUnit","messageBody":"","tags":["A-Jar","A-JUnit"],"fileTypesAndContributionMap":{"java":{"insertions":137,"deletions":0}}},{"hash":"c1e8665c95e2ec857fe5c4388718040ff06e43a3","messageTitle":"Add A-JavaDoc","messageBody":"","fileTypesAndContributionMap":{"java":{"insertions":327,"deletions":1}}},{"hash":"5063b3a8776376784a427444b3af9ce35449d527","messageTitle":"Add A-CodingStandard","messageBody":"","fileTypesAndContributionMap":{"java":{"insertions":20,"deletions":10}}},{"hash":"af723923baf767ab37d5b27e39c0531c66332297","messageTitle":"Add Level-9","messageBody":"","fileTypesAndContributionMap":{"txt":{"insertions":6,"deletions":0},"java":{"insertions":6,"deletions":0}}},{"hash":"8b1327fc5bd345aceba715055d886853df1886cf","messageTitle":"Add Level-9","messageBody":"","fileTypesAndContributionMap":{"txt":{"insertions":3,"deletions":6},"java":{"insertions":90,"deletions":10}}},{"hash":"cd70ec7837b07560d5cf22d00567c739adeb090d","messageTitle":"Update Parser.java","messageBody":"","fileTypesAndContributionMap":{"java":{"insertions":8,"deletions":1}}},{"hash":"c9425bef21469ce7f7702f31d9397c7251fde224","messageTitle":"Add A-CodingStandard after merging","messageBody":"","tags":["A-CodingStandard"],"fileTypesAndContributionMap":{"java":{"insertions":2,"deletions":2}}}]},{"date":"2020-08-25","commitResults":[{"hash":"6649a4f29ce1e1e46fe507375c15ce584c8e2a14","messageTitle":"Add HelpCommand.java","messageBody":"HelpCommand class can help first-time users to understand the different\ncommands that Focus can do, so it will be easier for them.\nMade modifications to some classes to incorporate the changes, and\nupdated JUnit tests, EXPECTED.txt and input.txt\n","fileTypesAndContributionMap":{"txt":{"insertions":3,"deletions":0},"java":{"insertions":281,"deletions":120}}},{"hash":"ff50112e368ad8a452d15a8bd3a2ff99106038e1","messageTitle":"Remove comments from Duke.java","messageBody":"","fileTypesAndContributionMap":{"java":{"insertions":0,"deletions":19}}}]},{"date":"2020-08-27","commitResults":[{"hash":"a63929dd7660d7f6c9ec2e290a943b2f171d7ba0","messageTitle":"Make minor adjustment to UI.java","messageBody":"","fileTypesAndContributionMap":{"java":{"insertions":1,"deletions":1}}}]},{"date":"2020-08-28","commitResults":[{"hash":"49e04a2e688e9182750ab52be16b3ffc6121303e","messageTitle":"Add A-CheckStyle","messageBody":"","fileTypesAndContributionMap":{"gradle":{"insertions":2,"deletions":2},"java":{"insertions":101,"deletions":81}}}]},{"date":"2020-08-29","commitResults":[{"hash":"98cd1863ce0a2eef46e17ca5efbbc504c1d1643f","messageTitle":"Add skeleton structure for GUI","messageBody":"Followed the JavaFX guide.\n","fileTypesAndContributionMap":{"gradle":{"insertions":16,"deletions":1},"fxml":{"insertions":35,"deletions":0},"java":{"insertions":155,"deletions":0}}},{"hash":"a5b7f4e838892db8438ad43865796878cf557539","messageTitle":"Add functionality for different commands in GUI","messageBody":"Greetings to user is not yet implemented.\nGraphical interface is not as nice yet.\n","fileTypesAndContributionMap":{"fxml":{"insertions":15,"deletions":3},"java":{"insertions":174,"deletions":154}}},{"hash":"ce23b1f4dd9e374aa101249ba76f8f058df465c9","messageTitle":"Add greetings functionality to GUI","messageBody":"Changed fonts and font size, and size of panel. Images are also in\ncircle formats.\n","fileTypesAndContributionMap":{"gradle":{"insertions":1,"deletions":1},"fxml":{"insertions":35,"deletions":20},"java":{"insertions":131,"deletions":64}}},{"hash":"edb886517e1c71fcefc8c2bdf0dbfa154a77fced","messageTitle":"Add A-CheckStyle after merging","messageBody":"","tags":["A-CheckStyle"],"fileTypesAndContributionMap":{"gradle":{"insertions":1,"deletions":1},"java":{"insertions":86,"deletions":127}}}]},{"date":"2020-08-31","commitResults":[{"hash":"bf9270d68536072f374fb7ac9a044464c6f6110a","messageTitle":"Add new line after description of JavaDocs","messageBody":"","tags":["Level-10"],"fileTypesAndContributionMap":{"java":{"insertions":63,"deletions":0}}}]},{"date":"2020-09-02","commitResults":[{"hash":"23ca843f83d0a35ffd5a7f61e7714dd983cc37d2","messageTitle":"Change single-line Javadocs to one-liner","messageBody":"","fileTypesAndContributionMap":{"java":{"insertions":53,"deletions":156}}},{"hash":"6c415201429a9b4fd74da6c5079d4007e64e218c","messageTitle":"Beautify GUI for Focus","messageBody":"","fileTypesAndContributionMap":{"fxml":{"insertions":8,"deletions":23},"java":{"insertions":8,"deletions":9}}},{"hash":"1313e39db6f23fc536e2223f36e44860d60481ba","messageTitle":"Package new classes","messageBody":"","fileTypesAndContributionMap":{"fxml":{"insertions":1,"deletions":1},"txt":{"insertions":1,"deletions":1},"java":{"insertions":29,"deletions":18},"md":{"insertions":0,"deletions":1}}}]},{"date":"2020-09-03","commitResults":[{"hash":"166e2a1b0f395acf6849d453a40bc632ef3a32de","messageTitle":"Customise Focus further","messageBody":"Dialog boxes now have different colours for Pocus and User.\nImages of Pocus and User are now png so it is nicer.\nNaming of dialog boxes and tabbing of content so it is easier for\nusers to differentiate and see.\nWindow will close automatically after 5 seconds when user exits.\n","fileTypesAndContributionMap":{"fxml":{"insertions":5,"deletions":6},"java":{"insertions":191,"deletions":172}}}]},{"date":"2020-09-04","commitResults":[{"hash":"2eb2297064e3229d4e76e803cc0dae9d0a33c2e6","messageTitle":"Create new JAR file using Gradle","messageBody":"","fileTypesAndContributionMap":{"gradle":{"insertions":1,"deletions":1}}},{"hash":"af91888112bf788bda4488cbd76d3e45bfd6431f","messageTitle":"Change package and class names to match Focus","messageBody":"Edited some codes in response to peer reviews.\n","fileTypesAndContributionMap":{"gradle":{"insertions":2,"deletions":2},"fxml":{"insertions":2,"deletions":2},"txt":{"insertions":19,"deletions":19},"java":{"insertions":268,"deletions":264}}},{"hash":"7b82e56d571c9265a9c0d9546dba16c9f9604226","messageTitle":"Add A-Assertions","messageBody":"Included assertions for methods that have conditions which should hold\ntrue at certain points in time.\n","fileTypesAndContributionMap":{"java":{"insertions":35,"deletions":1}}}]},{"date":"2020-09-05","commitResults":[{"hash":"feb9dfc9871ac170c612a849f4b49a885ad7e459","messageTitle":"Add different types of Exceptions for Focus","messageBody":"Added different types of exceptions to extend from\nFocusException class.\nAdded Javadocs for the classes.\nUpdated tests.\n","fileTypesAndContributionMap":{"java":{"insertions":171,"deletions":176}}},{"hash":"1def66a4c071b792e47986ae462914c913e5bb8f","messageTitle":"Add A-CodeQuality","messageBody":"Refactored code to make it less cluttered, abiding the code quality.\nAbstracted out magic literals and extract out methods.\n","fileTypesAndContributionMap":{"java":{"insertions":112,"deletions":52}}},{"hash":"e2dce591d41bb55b43934fed44c951015f83b6bd","messageTitle":"Add A-CodeQuality after merging PR","messageBody":"Made some minor changes to incorporate assertions on new methods.\n","tags":["A-CodeQuality"],"fileTypesAndContributionMap":{"java":{"insertions":14,"deletions":11}}},{"hash":"55e6162c734d9d376ef8292bc21fdea44d302ba6","messageTitle":"Add B-Reminders","messageBody":"Reminders now work if user types in the Remind command.\n","fileTypesAndContributionMap":{"java":{"insertions":230,"deletions":50}}}]},{"date":"2020-09-06","commitResults":[{"hash":"cb043440522c1c0016c5199e6775d0538bd62d87","messageTitle":"Add Settings Command","messageBody":"Settings command allows user to change the number of days they want\ntheir reminders to be based on.\nIncluded new JUnit tests and Exception.\nSlight modifications to some classes to reflect most recent changes.\n","fileTypesAndContributionMap":{"java":{"insertions":205,"deletions":12}}}]},{"date":"2020-09-10","commitResults":[{"hash":"e5ed33822e1819e91d52e55b70b903169f1f800a","messageTitle":"Add different coloured messages for error messages","messageBody":"","fileTypesAndContributionMap":{"fxml":{"insertions":4,"deletions":4},"java":{"insertions":69,"deletions":47}}}]},{"date":"2020-09-11","commitResults":[{"hash":"8e50879e4f8063a3849f817033ef55e78ae1944e","messageTitle":"Add more personality to Focus","messageBody":"","fileTypesAndContributionMap":{"java":{"insertions":3,"deletions":3}}},{"hash":"0de1c6525ae616d77dd5cdf4268c05f0365cefc1","messageTitle":"Make minor changes","messageBody":"","tags":["A-BetterGui"],"fileTypesAndContributionMap":{"java":{"insertions":3,"deletions":3}}},{"hash":"a91021054dfdb73dab381af870b204092cf7d045","messageTitle":"Add skeleton for User Guide","messageBody":"","fileTypesAndContributionMap":{"java":{"insertions":1,"deletions":0},"md":{"insertions":157,"deletions":9}}},{"hash":"8179649f2f72fa35a73126b4f9aaa39691c0f6b8","messageTitle":"Update Ui.png and User Guide","messageBody":"","fileTypesAndContributionMap":{"md":{"insertions":13,"deletions":13}}},{"hash":"13ec0661f51015b5f77e9e2f394ea6fc3c7c7c66","messageTitle":"Update User Guide with proper images","messageBody":"","fileTypesAndContributionMap":{"md":{"insertions":13,"deletions":13}}}]},{"date":"2020-09-12","commitResults":[{"hash":"36d5512484906a9146ede43c240025af3c3f1996","messageTitle":"Add new Settings command and update User Guide","messageBody":"Focus now recognises users, and not prompting for their names whenever\nthey start the application.\nSettings command can now change user\u0027s name.\nUser Guide includes content page and acknowledgements.\n","fileTypesAndContributionMap":{"java":{"insertions":139,"deletions":35},"md":{"insertions":53,"deletions":19}}},{"hash":"4b6c238464dc40ba54e93c226dcde750a819451c","messageTitle":"Modify User Guide","messageBody":"","tags":["A-UserGuide"],"fileTypesAndContributionMap":{"md":{"insertions":3,"deletions":3}}}]},{"date":"2020-09-13","commitResults":[{"hash":"6b9d8f6bfc4f46f488d5d65fcebde4a43aef63be","messageTitle":"Update README and User Guide","messageBody":"","fileTypesAndContributionMap":{"md":{"insertions":23,"deletions":24}}},{"hash":"323b00b8f69d06c8be2c3a3c642d428a160d126a","messageTitle":"Update User Guide with link to Release","messageBody":"","fileTypesAndContributionMap":{"md":{"insertions":1,"deletions":1}}},{"hash":"ec5bc6fbff6314ef2cfc1e601d15801bff089765","messageTitle":"Update image","messageBody":"","fileTypesAndContributionMap":{"md":{"insertions":1,"deletions":1}}}]},{"date":"2020-09-16","commitResults":[{"hash":"063d2d29f5482c4d6e54eba8e51c980eb9ab4aa5","messageTitle":"Update User Guide - Help image","messageBody":"","fileTypesAndContributionMap":{"md":{"insertions":1,"deletions":1}}}]}]},"authorFileTypeContributionMap":{"ruilingk":{"java":2479,"md":196,"fxml":46,"sh":0,"bat":7,"gradle":18,"txt":36}},"authorContributionVariance":{"ruilingk":138483.98},"authorDisplayNameMap":{"ruilingk":"CS2103T-T10-2 KOH ..LING"}}
