{
  "authorDailyContributionsMap": {
    "WM71811": [
      {
        "date": "2020-08-17",
        "commitResults": [
          {
            "hash": "b9df6691d988f92206e66d2f811cfa42c25de162",
            "messageTitle": "implement level 1",
            "messageBody": "",
            "tags": [
              "Level-1"
            ],
            "fileTypesAndContributionMap": {
              "java": {
                "insertions": 38,
                "deletions": 6
              }
            }
          }
        ]
      },
      {
        "date": "2020-08-18",
        "commitResults": [
          {
            "hash": "d44484419a18337867097b2ebe768bbf4278335b",
            "messageTitle": "implement level 2",
            "messageBody": "",
            "tags": [
              "Level-2"
            ],
            "fileTypesAndContributionMap": {
              "java": {
                "insertions": 54,
                "deletions": 7
              }
            }
          },
          {
            "hash": "779e81f90b0697f626307a2384fcf2a4faac16cf",
            "messageTitle": "implement Task class and TaskSimulator class",
            "messageBody": "",
            "tags": [
              "A-Classes"
            ],
            "fileTypesAndContributionMap": {
              "java": {
                "insertions": 17,
                "deletions": 1
              }
            }
          },
          {
            "hash": "cd6cae8d8e685e0f200872ce39a952d36d02202c",
            "messageTitle": "implement level 3",
            "messageBody": "",
            "fileTypesAndContributionMap": {
              "java": {
                "insertions": 18,
                "deletions": 2
              }
            }
          },
          {
            "hash": "decaf08c50c17efee82db8a05ed2a16e00a56e56",
            "messageTitle": "implement level 3 (modified)",
            "messageBody": "",
            "tags": [
              "Level-3"
            ],
            "fileTypesAndContributionMap": {
              "java": {
                "insertions": 31,
                "deletions": 49
              }
            }
          },
          {
            "hash": "32cc6802b6426173be0cdc28abf15f20f0f8066c",
            "messageTitle": "implement A-inheritance",
            "messageBody": "",
            "tags": [
              "A-Inheritance"
            ],
            "fileTypesAndContributionMap": {
              "java": {
                "insertions": 46,
                "deletions": 4
              }
            }
          },
          {
            "hash": "1966b432f230f5705e6249c0e52fb3c7af9a0ddb",
            "messageTitle": "implement level 4",
            "messageBody": "",
            "tags": [
              "Level-4"
            ],
            "fileTypesAndContributionMap": {
              "java": {
                "insertions": 27,
                "deletions": 4
              }
            }
          },
          {
            "hash": "63d504ec5222aa4207b75a9d6ebb5b5e58a03214",
            "messageTitle": "implement A-TextUiTesting",
            "messageBody": "",
            "tags": [
              "A-TextUiTesting"
            ],
            "fileTypesAndContributionMap": {
              "txt": {
                "insertions": 12,
                "deletions": 0
              },
              "sh": {
                "insertions": 5,
                "deletions": 1
              }
            }
          }
        ]
      },
      {
        "date": "2020-08-19",
        "commitResults": [
          {
            "hash": "45e8d92f754b7f0301f785ed0b36c7ed655c6485",
            "messageTitle": "implement A-Exceptions",
            "messageBody": "",
            "tags": [
              "A-Exceptions"
            ],
            "fileTypesAndContributionMap": {
              "java": {
                "insertions": 21,
                "deletions": 0
              }
            }
          },
          {
            "hash": "38ba5794fd6b4f16036556f0a50638777b4385fe",
            "messageTitle": "implement level 5",
            "messageBody": "",
            "tags": [
              "Level-5"
            ],
            "fileTypesAndContributionMap": {
              "java": {
                "insertions": 96,
                "deletions": 42
              }
            }
          },
          {
            "hash": "795de68d054ee575e68156dfecd33e574a16c653",
            "messageTitle": "implement level 6",
            "messageBody": "",
            "tags": [
              "Level-6"
            ],
            "fileTypesAndContributionMap": {
              "java": {
                "insertions": 31,
                "deletions": 4
              }
            }
          },
          {
            "hash": "5c09c314ce15c065356e3921bd220fc54bc07d34",
            "messageTitle": "update A-TextUiTesting",
            "messageBody": "Include testing for delete and error-handling(Level 5 and Level 6)\n",
            "fileTypesAndContributionMap": {
              "txt": {
                "insertions": 12,
                "deletions": 0
              }
            }
          }
        ]
      }
    ]
  },
  "authorFileTypeContributionMap": {
    "WM71811": {
      "java": 261,
      "md": 0,
      "fxml": 0,
      "sh": 5,
      "bat": 0,
      "gradle": 0,
      "txt": 24
    }
  },
  "authorContributionVariance": {
    "WM71811": 12532.0
  },
  "authorDisplayNameMap": {
    "WM71811": "WANG..G MO"
  }
}
