{
  "authorDailyContributionsMap": {
    "yanbingtao": [
      {
        "date": "2020-08-17",
        "commitResults": [
          {
            "hash": "44ffb59c5a7ff4eb617527ff834adf2c67366536",
            "messageTitle": "add greeting and bye message for level 0",
            "messageBody": "",
            "tags": [
              "Level-0"
            ],
            "fileTypesAndContributionMap": {
              "java": {
                "insertions": 9,
                "deletions": 1
              }
            }
          },
          {
            "hash": "279365d3f3799f75dbeb83cdd3899085d1f1e29d",
            "messageTitle": "Implement greet, echo, exit features for level 1",
            "messageBody": "",
            "tags": [
              "Level-1"
            ],
            "fileTypesAndContributionMap": {
              "java": {
                "insertions": 34,
                "deletions": 10
              }
            }
          },
          {
            "hash": "4aec014b6af849240bc5d2844cd47eb1192ee29c",
            "messageTitle": "Added the ability to store whatever text entered by the user and display them back to the user when requested for level 2.",
            "messageBody": "",
            "fileTypesAndContributionMap": {
              "java": {
                "insertions": 38,
                "deletions": 7
              }
            }
          },
          {
            "hash": "acd0e0b54993a5cecaece17673f75ba5a42eb6bf",
            "messageTitle": "Added \u0027help\u0027 command to show all commands the chatbot can do when user type \u0027help\u0027. For level 2",
            "messageBody": "",
            "tags": [
              "Level-2"
            ],
            "fileTypesAndContributionMap": {
              "java": {
                "insertions": 13,
                "deletions": 0
              }
            }
          },
          {
            "hash": "c227dd8a832750992539ec6a099e395c2c5263fe",
            "messageTitle": "created class Task",
            "messageBody": "",
            "fileTypesAndContributionMap": {
              "java": {
                "insertions": 4,
                "deletions": 0
              }
            }
          },
          {
            "hash": "8dbba7d1758f76911773d1b35124b427290d5eed",
            "messageTitle": "Implemented class Task",
            "messageBody": "",
            "fileTypesAndContributionMap": {
              "java": {
                "insertions": 26,
                "deletions": 1
              }
            }
          },
          {
            "hash": "0741667a5beb4817727c69170365b085a3b10d8c",
            "messageTitle": "Implemented doneTask, InvalidDoneTaskIndex methods, and change \u0027tasks\u0027 ArrayList type from ArrayList\u003cString\u003e to ArrayList\u003cTask\u003e",
            "messageBody": "",
            "tags": [
              "Level-3"
            ],
            "fileTypesAndContributionMap": {
              "java": {
                "insertions": 41,
                "deletions": 8
              }
            }
          },
          {
            "hash": "0d106c7c753ea7aeb28736c185c5f499cd71357c",
            "messageTitle": "Created 3 classes: ToDos,Events,Deadlines",
            "messageBody": "",
            "fileTypesAndContributionMap": {
              "java": {
                "insertions": 32,
                "deletions": 0
              }
            }
          },
          {
            "hash": "d73804c9de404a1e36ced16f1340bd630a2d8f3e",
            "messageTitle": "Implemented Deadlines Class with constructor, createDeadline method and toString method (@override)",
            "messageBody": "",
            "fileTypesAndContributionMap": {
              "java": {
                "insertions": 13,
                "deletions": 3
              }
            }
          },
          {
            "hash": "4ba4c7630e39cdb7177b12b4dee822dae9120fa5",
            "messageTitle": "Implemented Events Class with constructor, createEvent method and toString method (@override)",
            "messageBody": "",
            "fileTypesAndContributionMap": {
              "java": {
                "insertions": 13,
                "deletions": 3
              }
            }
          },
          {
            "hash": "7519ea6d0fc91138302f2f5011f525f4f0c78c92",
            "messageTitle": "Implemented ToDos Class with createToDoTask method and toString method (@override)",
            "messageBody": "",
            "fileTypesAndContributionMap": {
              "java": {
                "insertions": 5,
                "deletions": 0
              }
            }
          },
          {
            "hash": "8c141ee3430765111351e800ef9fce5e37c02c05",
            "messageTitle": "updated items in method \u0027help\u0027. added instruction on how to add todo, deadline,event tasks",
            "messageBody": "",
            "fileTypesAndContributionMap": {
              "java": {
                "insertions": 6,
                "deletions": 3
              }
            }
          },
          {
            "hash": "600539e173b7b5db086f296bc05b7ab8b552a977",
            "messageTitle": "Added 3 static methods in Duke.java: 1. addTodoTask 2. addDeadlineTask 3.addEventTask",
            "messageBody": "these 3 methods are used to generate corresponding task in the correct type\n",
            "fileTypesAndContributionMap": {
              "java": {
                "insertions": 33,
                "deletions": 4
              }
            }
          },
          {
            "hash": "ac21fd92652541c06e20c45cc7b97cd8d093997a",
            "messageTitle": "Added 3 more cases in the main method in Duke.java. Now user can create a task by typing commands starting with \"todo\"/\"deadline\"/\"event\"",
            "messageBody": "",
            "fileTypesAndContributionMap": {
              "java": {
                "insertions": 26,
                "deletions": 7
              }
            }
          },
          {
            "hash": "7bc027173c81b68006d750bb95de86e0a4fc17fe",
            "messageTitle": "Improved the output message when user try to add different kinds of tasks",
            "messageBody": "",
            "tags": [
              "Level-4"
            ],
            "fileTypesAndContributionMap": {
              "java": {
                "insertions": 21,
                "deletions": 10
              }
            }
          }
        ]
      },
      {
        "date": "2020-08-18",
        "commitResults": [
          {
            "hash": "d665f7c04bd94e7298c0f50b36ef13be215ccd19",
            "messageTitle": "Deleted the general addTask method in Duke.java",
            "messageBody": "",
            "fileTypesAndContributionMap": {
              "java": {
                "insertions": 1,
                "deletions": 13
              }
            }
          },
          {
            "hash": "ddf586fa87f70963e8ec78a5a886d923a283537c",
            "messageTitle": "Added error handling parts for Duke for level 5",
            "messageBody": "",
            "tags": [
              "Level-5"
            ],
            "fileTypesAndContributionMap": {
              "java": {
                "insertions": 58,
                "deletions": 14
              }
            }
          },
          {
            "hash": "cbe851711c0a43d4ed893985f5cec1f0da7677e4",
            "messageTitle": "Implemented the delete method in Duke.java and error handling for this method, for level 6",
            "messageBody": "",
            "fileTypesAndContributionMap": {
              "java": {
                "insertions": 44,
                "deletions": 10
              }
            }
          },
          {
            "hash": "b17253d6ba163946d25f4e68144664104830caf1",
            "messageTitle": "1. Shifted create task methods to Event, Todos and Deadline class 2. Shifted get AllTasks, doneTask and deleteTask to Task class",
            "messageBody": "",
            "fileTypesAndContributionMap": {
              "java": {
                "insertions": 82,
                "deletions": 103
              }
            }
          }
        ]
      },
      {
        "date": "2020-08-19",
        "commitResults": [
          {
            "hash": "711af909282642abab0a5835237df93f3def3bb1",
            "messageTitle": "Added features so that program can catch NumberFormatException",
            "messageBody": "",
            "fileTypesAndContributionMap": {
              "java": {
                "insertions": 6,
                "deletions": 0
              }
            }
          },
          {
            "hash": "942ff2d2b4ea7a19792e88c84e03cce984e617b8",
            "messageTitle": "Created and grouped all output messages into Warnings and Feedbacks class",
            "messageBody": "",
            "fileTypesAndContributionMap": {
              "java": {
                "insertions": 192,
                "deletions": 174
              }
            }
          },
          {
            "hash": "50601b5e0a615a5d46f6c245b5beef853d6bb7b6",
            "messageTitle": "Added logo message and edited the warnings emoji text to fit the automated text ui testing",
            "messageBody": "",
            "tags": [
              "Level-6"
            ],
            "fileTypesAndContributionMap": {
              "java": {
                "insertions": 32,
                "deletions": 12
              }
            }
          },
          {
            "hash": "b237dae295a1c716c177a010bd2814ed1a440e85",
            "messageTitle": "Added pause instruction to runtest.bat",
            "messageBody": "",
            "fileTypesAndContributionMap": {
              "bat": {
                "insertions": 4,
                "deletions": 1
              }
            }
          },
          {
            "hash": "5f0cc6afedd5c85789ac5808104609763bef5193",
            "messageTitle": "added multiple input commands for automated text UI testing",
            "messageBody": "",
            "fileTypesAndContributionMap": {
              "txt": {
                "insertions": 12,
                "deletions": 0
              }
            }
          },
          {
            "hash": "24c6c057baaa2a545c6645ab4f40199c0730d285",
            "messageTitle": "Added TaskTypes Enum and added one more features, namely taskType, in all kinds of task classes",
            "messageBody": "",
            "tags": [
              "A-Enums"
            ],
            "fileTypesAndContributionMap": {
              "java": {
                "insertions": 37,
                "deletions": 17
              }
            }
          }
        ]
      },
      {
        "date": "2020-08-20",
        "commitResults": [
          {
            "hash": "f430bf20d60ba4ff11b60fcae95a75035c753828",
            "messageTitle": "Add comments for Duke.java",
            "messageBody": "",
            "fileTypesAndContributionMap": {
              "java": {
                "insertions": 11,
                "deletions": 0
              }
            }
          },
          {
            "hash": "f85399f794c55152a301a01ce06025f70c612909",
            "messageTitle": "Added throw exception in Duke.java main method",
            "messageBody": "",
            "fileTypesAndContributionMap": {
              "java": {
                "insertions": 4,
                "deletions": 1
              }
            }
          }
        ]
      },
      {
        "date": "2020-08-25",
        "commitResults": [
          {
            "hash": "fb4d03891d90e755d049392024d2e4f9582784c7",
            "messageTitle": "Implements the FileOperation Class for file input/ouput",
            "messageBody": "",
            "fileTypesAndContributionMap": {
              "java": {
                "insertions": 61,
                "deletions": 0
              }
            }
          },
          {
            "hash": "d9df675625172da3d57dc5d167f9ba2cc669c63e",
            "messageTitle": "Implements writeToFile and loadTask method for all different kinds of tasks for file input/output",
            "messageBody": "",
            "fileTypesAndContributionMap": {
              "java": {
                "insertions": 57,
                "deletions": 14
              }
            }
          },
          {
            "hash": "ec7a12a9305c22b3cbf708ae63f5ec737e2e105d",
            "messageTitle": "Adds warning messages for file input/output error",
            "messageBody": "",
            "fileTypesAndContributionMap": {
              "java": {
                "insertions": 24,
                "deletions": 0
              }
            }
          },
          {
            "hash": "951221034265e10eb41b1f630436fad8eda749b0",
            "messageTitle": "add commands to trigger file input/output operations",
            "messageBody": "",
            "fileTypesAndContributionMap": {
              "txt": {
                "insertions": 3,
                "deletions": 0
              },
              "java": {
                "insertions": 9,
                "deletions": 4
              }
            }
          },
          {
            "hash": "62bcb16e553e0b2cfbe4357f7a0ff795b92fc0ed",
            "messageTitle": "tells the user the task list has been saved when say bye",
            "messageBody": "",
            "fileTypesAndContributionMap": {
              "java": {
                "insertions": 2,
                "deletions": 0
              }
            }
          },
          {
            "hash": "a22aed9bb5b513a19a63fe5d1dd7d7a3043d8f4f",
            "messageTitle": "Uses the warning message if output file has an error",
            "messageBody": "",
            "fileTypesAndContributionMap": {
              "java": {
                "insertions": 1,
                "deletions": 1
              }
            }
          },
          {
            "hash": "5a881bacc199084d37fc06b7d0bbc8c7fb6cf473",
            "messageTitle": "implements features to allow deadline task and event task to change date time format",
            "messageBody": "",
            "fileTypesAndContributionMap": {
              "java": {
                "insertions": 21,
                "deletions": 10
              }
            }
          }
        ]
      },
      {
        "date": "2020-08-26",
        "commitResults": [
          {
            "hash": "4ae020b73bf898896250b0b31d8840f77e2eb9b6",
            "messageTitle": "Implements Parser/TaskList/Storage/Ui classes",
            "messageBody": "",
            "fileTypesAndContributionMap": {
              "java": {
                "insertions": 132,
                "deletions": 8
              }
            }
          },
          {
            "hash": "b1fdb70f7d7932d422e08178e5bdb5ce0067539a",
            "messageTitle": "amends content to fit new classes",
            "messageBody": "",
            "fileTypesAndContributionMap": {
              "txt": {
                "insertions": 3,
                "deletions": 1
              },
              "java": {
                "insertions": 51,
                "deletions": 109
              }
            }
          },
          {
            "hash": "7835972e04caf23c39b9301147a8b9458e36cd8f",
            "messageTitle": "load the stored tasklist, and pass it to tasks at begining",
            "messageBody": "",
            "fileTypesAndContributionMap": {
              "java": {
                "insertions": 7,
                "deletions": 5
              }
            }
          },
          {
            "hash": "6bbb807bea20b2e33d4ca36bddbd7b370563428d",
            "messageTitle": "A-MoreOOP",
            "messageBody": "",
            "tags": [
              "A-MoreOOP"
            ],
            "fileTypesAndContributionMap": {
              "txt": {
                "insertions": 0,
                "deletions": 3
              },
              "java": {
                "insertions": 2,
                "deletions": 12
              }
            }
          },
          {
            "hash": "6e409ec0308675739002b402a3a0b1e98bf9016c",
            "messageTitle": "puts to package \"duke\"",
            "messageBody": "",
            "tags": [
              "A-Packages"
            ],
            "fileTypesAndContributionMap": {
              "java": {
                "insertions": 21,
                "deletions": 32
              }
            }
          },
          {
            "hash": "f682741d9f7f00ef59fdd3357f35134f85f1d5ce",
            "messageTitle": "add JUnit tests",
            "messageBody": "",
            "tags": [
              "A-Jar",
              "A-JUnit"
            ],
            "fileTypesAndContributionMap": {
              "java": {
                "insertions": 67,
                "deletions": 0
              }
            }
          },
          {
            "hash": "bda17555fd91eed7223a939d737085f37b836e92",
            "messageTitle": "changes on the output data/tasks.txt file",
            "messageBody": "",
            "fileTypesAndContributionMap": {
              "txt": {
                "insertions": 8,
                "deletions": 0
              }
            }
          },
          {
            "hash": "32bb886e897823f99bf53795f8dfe472de593845",
            "messageTitle": "add find feature to duke",
            "messageBody": "",
            "fileTypesAndContributionMap": {
              "java": {
                "insertions": 39,
                "deletions": 0
              }
            }
          },
          {
            "hash": "be79c8dd43aec8abc654922a401e6f5ac6a49c34",
            "messageTitle": "create JavaDoc skeleton",
            "messageBody": "",
            "fileTypesAndContributionMap": {
              "java": {
                "insertions": 252,
                "deletions": 1
              }
            }
          },
          {
            "hash": "8d43cb624139090b358cff70b762722461f9970d",
            "messageTitle": "JavaDocs for all classes except TaskList.java",
            "messageBody": "",
            "fileTypesAndContributionMap": {
              "java": {
                "insertions": 106,
                "deletions": 79
              }
            }
          },
          {
            "hash": "855bd0d225fa96bcdedbb8eebe2270448b61a753",
            "messageTitle": "Update the help message",
            "messageBody": "",
            "fileTypesAndContributionMap": {
              "java": {
                "insertions": 3,
                "deletions": 2
              }
            }
          }
        ]
      },
      {
        "date": "2020-08-27",
        "commitResults": [
          {
            "hash": "c03c607a9f71b9578c7f95dc0bc0ebb312aa4f05",
            "messageTitle": "write javadoc for TaskList class",
            "messageBody": "",
            "fileTypesAndContributionMap": {
              "java": {
                "insertions": 23,
                "deletions": 16
              }
            }
          },
          {
            "hash": "2dae63b9e9140dc974902a211451ba838b7dabf0",
            "messageTitle": "Change java coding standard for all java classes",
            "messageBody": "",
            "fileTypesAndContributionMap": {
              "txt": {
                "insertions": 1,
                "deletions": 1
              },
              "java": {
                "insertions": 41,
                "deletions": 30
              }
            }
          }
        ]
      },
      {
        "date": "2020-09-01",
        "commitResults": [
          {
            "hash": "e513da60773dad9e4d2325ab0dc0b721602c19fa",
            "messageTitle": "Merge branch \u0027add-gradle-support\u0027 of https://github.com/yanbingtao/ip into add-gradle-support",
            "messageBody": "",
            "fileTypesAndContributionMap": {
              "gradle": {
                "insertions": 8,
                "deletions": 1
              }
            }
          },
          {
            "hash": "ac1d9fe394cbbab2099feb89013f18279d79dac3",
            "messageTitle": "Revert \"Merge branch \u0027add-gradle-support\u0027 of https://github.com/yanbingtao/ip into add-gradle-support\"",
            "messageBody": "This reverts commit e513da60773dad9e4d2325ab0dc0b721602c19fa.\n",
            "fileTypesAndContributionMap": {
              "gradle": {
                "insertions": 1,
                "deletions": 8
              }
            }
          },
          {
            "hash": "5494ee22601c527f7df8dca533dac6639629648f",
            "messageTitle": "Revert \"Revert \"Merge branch \u0027add-gradle-support\u0027 of https://github.com/yanbingtao/ip into add-gradle-support\"\"",
            "messageBody": "This reverts commit ac1d9fe394cbbab2099feb89013f18279d79dac3.\n",
            "tags": [
              "A-Gradle"
            ],
            "fileTypesAndContributionMap": {
              "gradle": {
                "insertions": 8,
                "deletions": 1
              }
            }
          },
          {
            "hash": "597fef0bba9f31e6a8119a7a37ad171111a3f6ec",
            "messageTitle": "add checkstyle.xml and suppressions.xml for checkstyle",
            "messageBody": "",
            "fileTypesAndContributionMap": {
              "gradle": {
                "insertions": 1,
                "deletions": 1
              }
            }
          },
          {
            "hash": "a5828b5575526be30c2bed86f871d497bf658990",
            "messageTitle": "edits the code to comply code stype guide",
            "messageBody": "",
            "fileTypesAndContributionMap": {
              "java": {
                "insertions": 29,
                "deletions": 26
              }
            }
          },
          {
            "hash": "3886d96af14366071b153876ded52cb1ede439d6",
            "messageTitle": "set up Java FX by using Gradle",
            "messageBody": "",
            "fileTypesAndContributionMap": {
              "gradle": {
                "insertions": 15,
                "deletions": 0
              }
            }
          },
          {
            "hash": "ede94419d1431f35b5dd324055e051d2c0864623",
            "messageTitle": "implement JavaFX tutorial part 1",
            "messageBody": "",
            "fileTypesAndContributionMap": {
              "gradle": {
                "insertions": 1,
                "deletions": 1
              },
              "java": {
                "insertions": 28,
                "deletions": 0
              }
            }
          },
          {
            "hash": "0e4f53eda8619e77f5295b82702a46e869e47899",
            "messageTitle": "implement JavaFX tutorial part 2",
            "messageBody": "",
            "fileTypesAndContributionMap": {
              "java": {
                "insertions": 60,
                "deletions": 5
              }
            }
          },
          {
            "hash": "25fced6d90927d2517f60497338bfb7f2c76e59d",
            "messageTitle": "implement JavaFX tutorial part 3",
            "messageBody": "",
            "fileTypesAndContributionMap": {
              "java": {
                "insertions": 112,
                "deletions": 1
              }
            }
          }
        ]
      },
      {
        "date": "2020-09-02",
        "commitResults": [
          {
            "hash": "0f184d00ca89793526a145165b8d0da23f371866",
            "messageTitle": "implement JavaFX tutorial part 4",
            "messageBody": "",
            "fileTypesAndContributionMap": {
              "fxml": {
                "insertions": 37,
                "deletions": 0
              },
              "java": {
                "insertions": 247,
                "deletions": 264
              }
            }
          },
          {
            "hash": "1ecc6b7f1e8fd1a70033653730c22927e6e77124",
            "messageTitle": "Make all the returned String response from Ui Class, instead from both Ui Class and TaskList Class.",
            "messageBody": "",
            "fileTypesAndContributionMap": {
              "java": {
                "insertions": 36,
                "deletions": 30
              }
            }
          },
          {
            "hash": "fd08b42675a218ef761914b0b1e74d1f79064cd5",
            "messageTitle": "Duke method overloading, one with storage filepath, the other one without storage fileparh (will use the default filepath at background)",
            "messageBody": "",
            "fileTypesAndContributionMap": {
              "java": {
                "insertions": 11,
                "deletions": 1
              }
            }
          },
          {
            "hash": "9309a1db3ae8040a1f0c7ce627cc3d9a85891243",
            "messageTitle": "add greeting message and close panel function when user types \"bye\"",
            "messageBody": "",
            "fileTypesAndContributionMap": {
              "java": {
                "insertions": 9,
                "deletions": 2
              }
            }
          },
          {
            "hash": "5b0151158dac67f4d107539cb73100f2de289d18",
            "messageTitle": "implememt save method in duke, so that the GUI panel can save the file before exit",
            "messageBody": "",
            "fileTypesAndContributionMap": {
              "txt": {
                "insertions": 0,
                "deletions": 1
              },
              "java": {
                "insertions": 4,
                "deletions": 0
              }
            }
          }
        ]
      },
      {
        "date": "2020-09-03",
        "commitResults": [
          {
            "hash": "307c64221e6406764b1960865417682ccbc8d6c5",
            "messageTitle": "delay the exit so that bye message can be displayed to user",
            "messageBody": "",
            "fileTypesAndContributionMap": {
              "txt": {
                "insertions": 2,
                "deletions": 0
              },
              "java": {
                "insertions": 21,
                "deletions": 2
              }
            }
          },
          {
            "hash": "89de1d5aba33547a0722a1b83c54c1cf3a1744c6",
            "messageTitle": "improve the GUI",
            "messageBody": "",
            "fileTypesAndContributionMap": {
              "fxml": {
                "insertions": 25,
                "deletions": 11
              },
              "java": {
                "insertions": 51,
                "deletions": 63
              }
            }
          },
          {
            "hash": "820ba54c9db85a94f178bfb9f2f518d12b8bd1f4",
            "messageTitle": "Correct some typos",
            "messageBody": "",
            "tags": [
              "Level-10"
            ],
            "fileTypesAndContributionMap": {
              "java": {
                "insertions": 5,
                "deletions": 5
              }
            }
          }
        ]
      }
    ]
  },
  "authorFileTypeContributionMap": {
    "yanbingtao": {
      "java": 1211,
      "md": 0,
      "fxml": 51,
      "sh": 0,
      "bat": 4,
      "gradle": 24,
      "txt": 21
    }
  },
  "authorContributionVariance": {
    "yanbingtao": 64311.48
  },
  "authorDisplayNameMap": {
    "yanbingtao": "CS2103T-T12-2 YAN ..GTAO"
  }
}
