{
  "authorDailyContributionsMap": {
    "jzwoo": [
      {
        "date": "2020-08-18",
        "commitResults": [
          {
            "hash": "a1f5101025d689527aae2aedfd5c77a893b9c28e",
            "messageTitle": "Implemented Level-1",
            "messageBody": "",
            "tags": [
              "Level-1"
            ],
            "fileTypesAndContributionMap": {
              "java": {
                "insertions": 13,
                "deletions": 6
              }
            }
          },
          {
            "hash": "1d9a0568b253cb9a90047aa402a4f9db9e54f1d6",
            "messageTitle": "Implemented Level-2",
            "messageBody": "",
            "tags": [
              "Level-2"
            ],
            "fileTypesAndContributionMap": {
              "java": {
                "insertions": 28,
                "deletions": 9
              }
            }
          },
          {
            "hash": "1d1e6a37ef241655b052a4cbee3efc5a6773f5c0",
            "messageTitle": "Implemented Level-3",
            "messageBody": "",
            "fileTypesAndContributionMap": {
              "java": {
                "insertions": 39,
                "deletions": 4
              }
            }
          },
          {
            "hash": "226854627257de6027e622637bb25f1881b406d1",
            "messageTitle": "Implemented level-3 with Task class",
            "messageBody": "",
            "tags": [
              "Level-3"
            ],
            "fileTypesAndContributionMap": {
              "java": {
                "insertions": 68,
                "deletions": 33
              }
            }
          }
        ]
      },
      {
        "date": "2020-08-19",
        "commitResults": [
          {
            "hash": "6dc72cbabe25f1826d686f6cd85e70fc4631f531",
            "messageTitle": "Implemented Level-4",
            "messageBody": "",
            "tags": [
              "Level-4"
            ],
            "fileTypesAndContributionMap": {
              "java": {
                "insertions": 102,
                "deletions": 21
              }
            }
          },
          {
            "hash": "78237887eceb06de9daa465687b74bd8c10a86cb",
            "messageTitle": "Tried the Automated Text UI Testing",
            "messageBody": "",
            "tags": [
              "A-TextUiTesting"
            ],
            "fileTypesAndContributionMap": {
              "txt": {
                "insertions": 14,
                "deletions": 0
              },
              "java": {
                "insertions": 8,
                "deletions": 8
              },
              "sh": {
                "insertions": 7,
                "deletions": 1
              }
            }
          },
          {
            "hash": "b7ef48b1085f3836aea294dd06f33fd0b8c83a66",
            "messageTitle": "Implemented Level-5",
            "messageBody": "",
            "tags": [
              "Level-5"
            ],
            "fileTypesAndContributionMap": {
              "txt": {
                "insertions": 2,
                "deletions": 0
              },
              "java": {
                "insertions": 154,
                "deletions": 50
              }
            }
          },
          {
            "hash": "4c83e81750bd5f1bb5f3446800201b4b7177c8bf",
            "messageTitle": "Implemented Level-6 delete feature",
            "messageBody": "",
            "tags": [
              "Level-6"
            ],
            "fileTypesAndContributionMap": {
              "java": {
                "insertions": 51,
                "deletions": 24
              }
            }
          }
        ]
      },
      {
        "date": "2020-08-26",
        "commitResults": [
          {
            "hash": "e8135a5ecd63b90dc2aabf75f0a368bbce5f034d",
            "messageTitle": "Implemented Level-7 with trivial handling of exceptions",
            "messageBody": "",
            "fileTypesAndContributionMap": {
              "txt": {
                "insertions": 3,
                "deletions": 0
              },
              "java": {
                "insertions": 181,
                "deletions": 20
              }
            }
          },
          {
            "hash": "3e982215a4cf1f8b3e8d7495e7c1d966d1d741ba",
            "messageTitle": "Implemented Level-8 without stretch",
            "messageBody": "",
            "fileTypesAndContributionMap": {
              "java": {
                "insertions": 78,
                "deletions": 22
              }
            }
          },
          {
            "hash": "5f9f3959e71ce7d5a4c631c0c500d0e3c7623aed",
            "messageTitle": "Made IP more OOP",
            "messageBody": "",
            "tags": [
              "A-MoreOOP"
            ],
            "fileTypesAndContributionMap": {
              "txt": {
                "insertions": 3,
                "deletions": 0
              },
              "java": {
                "insertions": 489,
                "deletions": 5
              }
            }
          },
          {
            "hash": "9cba17557a7cafa1721e8bcdebc3a06c05e045c5",
            "messageTitle": "Added JUnit test class",
            "messageBody": "",
            "tags": [
              "A-JUnit"
            ],
            "fileTypesAndContributionMap": {
              "java": {
                "insertions": 94,
                "deletions": 1
              }
            }
          },
          {
            "hash": "1c7b296f6c9112aecc98a7bad312408b224db3f8",
            "messageTitle": "Added java docs to almost all methods",
            "messageBody": "",
            "tags": [
              "A-JavaDoc"
            ],
            "fileTypesAndContributionMap": {
              "txt": {
                "insertions": 3,
                "deletions": 3
              },
              "java": {
                "insertions": 112,
                "deletions": 23
              }
            }
          },
          {
            "hash": "7c476c454e981145e45d9cd633ec65795296649c",
            "messageTitle": "Complied with coding standard",
            "messageBody": "",
            "fileTypesAndContributionMap": {
              "java": {
                "insertions": 15,
                "deletions": 21
              }
            }
          },
          {
            "hash": "893ad9ee1af8df2cecd5b31aed4ef29d61a98b10",
            "messageTitle": "Implemented Level 9 find feature",
            "messageBody": "",
            "fileTypesAndContributionMap": {
              "txt": {
                "insertions": 4,
                "deletions": 3
              },
              "java": {
                "insertions": 21,
                "deletions": 2
              }
            }
          }
        ]
      },
      {
        "date": "2020-08-31",
        "commitResults": [
          {
            "hash": "f81042ea64f9db57802afd254da0a3e827a81fdb",
            "messageTitle": "Cleared up the code and added JavaDocs to all classes",
            "messageBody": "",
            "fileTypesAndContributionMap": {
              "txt": {
                "insertions": 5,
                "deletions": 5
              },
              "java": {
                "insertions": 363,
                "deletions": 617
              }
            }
          },
          {
            "hash": "de2e1e09f2b6a0c48e4abf0a5d6d599cf6f45f95",
            "messageTitle": "Updated Junit test class",
            "messageBody": "",
            "fileTypesAndContributionMap": {
              "txt": {
                "insertions": 2,
                "deletions": 1
              },
              "java": {
                "insertions": 161,
                "deletions": 14
              }
            }
          }
        ]
      },
      {
        "date": "2020-09-01",
        "commitResults": [
          {
            "hash": "f02d7f058a76c946c17deb13075e9b57c27e4d77",
            "messageTitle": "Minor changes",
            "messageBody": "",
            "fileTypesAndContributionMap": {
              "txt": {
                "insertions": 4,
                "deletions": 2
              },
              "java": {
                "insertions": 3,
                "deletions": 5
              }
            }
          },
          {
            "hash": "b73c104bf0f89b71d41f1717bb98e4444c412582",
            "messageTitle": "Set up gradle",
            "messageBody": "",
            "tags": [
              "A-Gradle"
            ],
            "fileTypesAndContributionMap": {
              "gradle": {
                "insertions": 1,
                "deletions": 1
              }
            }
          },
          {
            "hash": "62c83e24ee529f2c9aef7fa2eb9c8677e99cb8d2",
            "messageTitle": "Implemented GUI",
            "messageBody": "",
            "fileTypesAndContributionMap": {
              "gradle": {
                "insertions": 19,
                "deletions": 0
              },
              "fxml": {
                "insertions": 41,
                "deletions": 0
              },
              "java": {
                "insertions": 268,
                "deletions": 1
              }
            }
          }
        ]
      },
      {
        "date": "2020-09-02",
        "commitResults": [
          {
            "hash": "d9fc2a7ac933843fdfb8671654ccca8220957805",
            "messageTitle": "Integrated duke with the GUI",
            "messageBody": "",
            "tags": [
              "Level-10"
            ],
            "fileTypesAndContributionMap": {
              "gradle": {
                "insertions": 0,
                "deletions": 4
              },
              "txt": {
                "insertions": 1,
                "deletions": 4
              },
              "java": {
                "insertions": 94,
                "deletions": 16
              }
            }
          }
        ]
      }
    ]
  },
  "authorFileTypeContributionMap": {
    "jzwoo": {
      "java": 1470,
      "md": 0,
      "fxml": 41,
      "sh": 7,
      "bat": 0,
      "gradle": 20,
      "txt": 19
    }
  },
  "authorContributionVariance": {
    "jzwoo": 118958.836
  },
  "authorDisplayNameMap": {
    "jzwoo": "CS2103-T14-1 WOO .. ZHE"
  }
}
