{
  "authorDailyContributionsMap": {
    "justintzuriel": [
      {
        "date": "2020-08-15",
        "commitResults": [
          {
            "hash": "8f5b80a8f367f22899e90258dcce7173c1570ed4",
            "messageTitle": "Greet, Echo, Exit",
            "messageBody": "",
            "tags": [
              "Level-1"
            ],
            "fileTypesAndContributionMap": {
              "java": {
                "insertions": 22,
                "deletions": 6
              }
            }
          },
          {
            "hash": "9840f90a44b446c5530cba3ef93ce3238fbbc31a",
            "messageTitle": "Add, List",
            "messageBody": "",
            "tags": [
              "Level-2"
            ],
            "fileTypesAndContributionMap": {
              "java": {
                "insertions": 23,
                "deletions": 10
              }
            }
          },
          {
            "hash": "6f89f4d417ac4f33b25dbdf600089600033025d6",
            "messageTitle": "Added Task class",
            "messageBody": "",
            "tags": [
              "A-Classes"
            ],
            "fileTypesAndContributionMap": {
              "java": {
                "insertions": 20,
                "deletions": 0
              }
            }
          },
          {
            "hash": "f8e0d9e284b2f8d631471b61756ec03f15045a28",
            "messageTitle": "Mark as Done, changed String to Task",
            "messageBody": "",
            "tags": [
              "Level-3"
            ],
            "fileTypesAndContributionMap": {
              "java": {
                "insertions": 12,
                "deletions": 4
              }
            }
          },
          {
            "hash": "1f3dfe5b83a072f68abeaf64796f6ba1edcf225e",
            "messageTitle": "Refactored printing code, added task count",
            "messageBody": "",
            "fileTypesAndContributionMap": {
              "java": {
                "insertions": 33,
                "deletions": 26
              }
            }
          },
          {
            "hash": "e0fdb6ab357eee1c5b9a056dda9d6d0cd951cfcd",
            "messageTitle": "Switch statement for command",
            "messageBody": "",
            "fileTypesAndContributionMap": {
              "java": {
                "insertions": 28,
                "deletions": 24
              }
            }
          },
          {
            "hash": "048d075434c8f07c59ab63750a3b9b17d305e068",
            "messageTitle": "Added Todo, Deadline, and Event",
            "messageBody": "",
            "tags": [
              "A-Inheritance"
            ],
            "fileTypesAndContributionMap": {
              "java": {
                "insertions": 40,
                "deletions": 0
              }
            }
          },
          {
            "hash": "89a675f646ca45b3e06a5ba200f1764f5ae2dbac",
            "messageTitle": "\"At\" to \"By\"",
            "messageBody": "",
            "fileTypesAndContributionMap": {
              "java": {
                "insertions": 1,
                "deletions": 1
              }
            }
          },
          {
            "hash": "c7e642778479b1081bc94c3414251609e80651e1",
            "messageTitle": "Support for ToDos, Events, and Deadlines",
            "messageBody": "",
            "tags": [
              "Level-4"
            ],
            "fileTypesAndContributionMap": {
              "java": {
                "insertions": 16,
                "deletions": 1
              }
            }
          }
        ]
      },
      {
        "date": "2020-08-18",
        "commitResults": [
          {
            "hash": "721d518e5f37213f46494f6c7a66ceadb4bfe5d4",
            "messageTitle": "Changed to X and V, overridden done methods in subclasses",
            "messageBody": "",
            "fileTypesAndContributionMap": {
              "java": {
                "insertions": 24,
                "deletions": 3
              }
            }
          },
          {
            "hash": "a4d8e8e227c8aeb293b63c1709f4d42636980c61",
            "messageTitle": "Modified EXPECTED and input for testing, modified runtest.bat to compile all files",
            "messageBody": "",
            "tags": [
              "A-TextUiTesting"
            ],
            "fileTypesAndContributionMap": {
              "txt": {
                "insertions": 10,
                "deletions": 0
              },
              "bat": {
                "insertions": 1,
                "deletions": 1
              }
            }
          },
          {
            "hash": "7254fd84f0531ae2766cb1e44d988698491ca7e5",
            "messageTitle": "Added DukeException, exception handling",
            "messageBody": "",
            "tags": [
              "Level-5",
              "A-Exceptions"
            ],
            "fileTypesAndContributionMap": {
              "java": {
                "insertions": 58,
                "deletions": 26
              }
            }
          },
          {
            "hash": "47acd7e7971a7afdb169b9968531f79159bd69fc",
            "messageTitle": "Implemented task deletion",
            "messageBody": "",
            "tags": [
              "Level-6",
              "A-Collections"
            ],
            "fileTypesAndContributionMap": {
              "java": {
                "insertions": 11,
                "deletions": 0
              }
            }
          }
        ]
      },
      {
        "date": "2020-08-21",
        "commitResults": [
          {
            "hash": "15d80b03236d4d0f4ad86fafa2888936ac4a1dd3",
            "messageTitle": "Follow Java coding standard",
            "messageBody": "",
            "fileTypesAndContributionMap": {
              "java": {
                "insertions": 51,
                "deletions": 51
              }
            }
          },
          {
            "hash": "25d6be5456d2e0909d6d419b933b3a3be0477c7c",
            "messageTitle": "Support task saving",
            "messageBody": "",
            "fileTypesAndContributionMap": {
              "java": {
                "insertions": 141,
                "deletions": 24
              }
            }
          },
          {
            "hash": "5e5f45621260a438ee8a391df67b5d9fa36e703e",
            "messageTitle": "Support date and time for deadlines and events",
            "messageBody": "",
            "fileTypesAndContributionMap": {
              "java": {
                "insertions": 75,
                "deletions": 14
              }
            }
          },
          {
            "hash": "2283e93d33b5318a07519e454dbde5d50d4354ca",
            "messageTitle": "Change DateTimeParseException output",
            "messageBody": "",
            "fileTypesAndContributionMap": {
              "java": {
                "insertions": 3,
                "deletions": 1
              }
            }
          },
          {
            "hash": "89edcd652ebfef79c1253c231f43a7d89198c8ab",
            "messageTitle": "Fix and handle parse exceptions, format code",
            "messageBody": "",
            "tags": [
              "Level-8"
            ],
            "fileTypesAndContributionMap": {
              "java": {
                "insertions": 116,
                "deletions": 113
              }
            }
          }
        ]
      },
      {
        "date": "2020-08-25",
        "commitResults": [
          {
            "hash": "de03526537a2e60b824e19e27da5a4ed5b844e45",
            "messageTitle": "Create Ui, TaskList, Storage, Parser, and Command classes, refactor code",
            "messageBody": "",
            "tags": [
              "A-MoreOOP"
            ],
            "fileTypesAndContributionMap": {
              "java": {
                "insertions": 435,
                "deletions": 214
              }
            }
          },
          {
            "hash": "ec3396738504cc6c5426a013e6cbc482d5ade294",
            "messageTitle": "Put all classes in duke package",
            "messageBody": "",
            "tags": [
              "A-Packages"
            ],
            "fileTypesAndContributionMap": {
              "java": {
                "insertions": 22,
                "deletions": 0
              }
            }
          },
          {
            "hash": "e742834d037ea9347ec18a2ec7d6778dadd52672",
            "messageTitle": "Add equals method",
            "messageBody": "",
            "fileTypesAndContributionMap": {
              "java": {
                "insertions": 23,
                "deletions": 0
              }
            }
          },
          {
            "hash": "10478b714821b3ad0b29ee49ebddb98368b312c6",
            "messageTitle": "Modify formatTask method",
            "messageBody": "",
            "fileTypesAndContributionMap": {
              "java": {
                "insertions": 3,
                "deletions": 3
              }
            }
          },
          {
            "hash": "26e8f68ac632ce2ff6b51e4dccbf7d3f9d74a3b6",
            "messageTitle": "Add JUnit tests",
            "messageBody": "",
            "tags": [
              "A-Jar",
              "A-JUnit"
            ],
            "fileTypesAndContributionMap": {
              "java": {
                "insertions": 42,
                "deletions": 0
              }
            }
          },
          {
            "hash": "b78b02f13b182f001315d7d1775c5f14955f9d09",
            "messageTitle": "Add JavaDoc",
            "messageBody": "",
            "fileTypesAndContributionMap": {
              "java": {
                "insertions": 317,
                "deletions": 3
              }
            }
          },
          {
            "hash": "a0300cf49ae6103f55a3eed3e3887bd9065539cd",
            "messageTitle": "Add space after method description",
            "messageBody": "",
            "fileTypesAndContributionMap": {
              "java": {
                "insertions": 50,
                "deletions": 0
              }
            }
          },
          {
            "hash": "2bb169577e2fdc4a7e200e753a5921712ba40928",
            "messageTitle": "Follow Java Coding Standard",
            "messageBody": "",
            "fileTypesAndContributionMap": {
              "java": {
                "insertions": 102,
                "deletions": 92
              }
            }
          },
          {
            "hash": "0898b43261ee2496c588e83f6d8ebf29d46277c3",
            "messageTitle": "Fix curly braces",
            "messageBody": "",
            "fileTypesAndContributionMap": {
              "java": {
                "insertions": 2,
                "deletions": 1
              }
            }
          },
          {
            "hash": "f958510841b61ec03cb09bb81151545d91fb6ddb",
            "messageTitle": "Implement find command",
            "messageBody": "",
            "fileTypesAndContributionMap": {
              "java": {
                "insertions": 28,
                "deletions": 1
              }
            }
          },
          {
            "hash": "94d03fe7ce23ccecaa5e1c0b8114d4af8e70bac2",
            "messageTitle": "Handle NumberFormatException",
            "messageBody": "",
            "fileTypesAndContributionMap": {
              "java": {
                "insertions": 3,
                "deletions": 1
              }
            }
          }
        ]
      },
      {
        "date": "2020-08-29",
        "commitResults": [
          {
            "hash": "49480657dc9ce42fc6e5557d7ff451d02b57845d",
            "messageTitle": "Separate commands",
            "messageBody": "",
            "fileTypesAndContributionMap": {
              "java": {
                "insertions": 458,
                "deletions": 186
              }
            }
          }
        ]
      },
      {
        "date": "2020-09-01",
        "commitResults": [
          {
            "hash": "4728a9918a21250913c1bd115313773f4a52afbc",
            "messageTitle": "Handle no timestamp exceptions",
            "messageBody": "",
            "fileTypesAndContributionMap": {
              "java": {
                "insertions": 19,
                "deletions": 11
              }
            }
          }
        ]
      },
      {
        "date": "2020-09-02",
        "commitResults": [
          {
            "hash": "a9b620a1533a6e289b6cfd643765c1465f37ff06",
            "messageTitle": "Add JavaFX GUI with FXML",
            "messageBody": "",
            "fileTypesAndContributionMap": {
              "gradle": {
                "insertions": 16,
                "deletions": 0
              },
              "fxml": {
                "insertions": 47,
                "deletions": 0
              },
              "java": {
                "insertions": 307,
                "deletions": 84
              }
            }
          }
        ]
      },
      {
        "date": "2020-09-03",
        "commitResults": [
          {
            "hash": "8d27251699f91734bd8493d23400eaf333ea947a",
            "messageTitle": "Add Checkstyle",
            "messageBody": "",
            "fileTypesAndContributionMap": {
              "gradle": {
                "insertions": 1,
                "deletions": 1
              }
            }
          }
        ]
      },
      {
        "date": "2020-09-04",
        "commitResults": [
          {
            "hash": "6e4fd226cff3ad6557de1ad8fd41e2d8b2f46a57",
            "messageTitle": "Format code according to checkstyle",
            "messageBody": "",
            "fileTypesAndContributionMap": {
              "java": {
                "insertions": 48,
                "deletions": 59
              }
            }
          }
        ]
      },
      {
        "date": "2020-09-07",
        "commitResults": [
          {
            "hash": "cbd43f25aba821475f4987e3f1c33d559e40ad77",
            "messageTitle": "Change main class name",
            "messageBody": "",
            "fileTypesAndContributionMap": {
              "gradle": {
                "insertions": 1,
                "deletions": 1
              }
            }
          }
        ]
      }
    ]
  },
  "authorFileTypeContributionMap": {
    "justintzuriel": {
      "java": 1590,
      "md": 0,
      "fxml": 47,
      "sh": 0,
      "bat": 1,
      "gradle": 18,
      "txt": 10
    }
  },
  "authorContributionVariance": {
    "justintzuriel": 94410.29
  },
  "authorDisplayNameMap": {
    "justintzuriel": "CS2103-T14-1 JUST..HADI"
  }
}
