{
  "authorDailyContributionsMap": {
    "constancensq": [
      {
        "date": "2020-08-16",
        "commitResults": [
          {
            "hash": "b8315a650f99e346cfbd332d15246824c9d5389e",
            "messageTitle": "Able to greet, echo, exit",
            "messageBody": "",
            "tags": [
              "Level-1"
            ],
            "fileTypesAndContributionMap": {
              "java": {
                "insertions": 38,
                "deletions": 5
              }
            }
          },
          {
            "hash": "871d2c533b19a1e65e301e156069a26485582754",
            "messageTitle": "Store text entered by user and display in chronological order when requested",
            "messageBody": "",
            "tags": [
              "Level-2"
            ],
            "fileTypesAndContributionMap": {
              "java": {
                "insertions": 32,
                "deletions": 7
              }
            }
          },
          {
            "hash": "dc04b32fe5a60b27acf7231ad8a495602a1145fc",
            "messageTitle": "Added ability to mark tasks as done",
            "messageBody": "",
            "tags": [
              "Level-3"
            ],
            "fileTypesAndContributionMap": {
              "java": {
                "insertions": 48,
                "deletions": 10
              }
            }
          }
        ]
      },
      {
        "date": "2020-08-17",
        "commitResults": [
          {
            "hash": "e9fd9d54e88be525f3c89256d943ca75d63c1ab2",
            "messageTitle": "Added support for tracking ToDos, Deadlines, and Events tasks",
            "messageBody": "",
            "fileTypesAndContributionMap": {
              "java": {
                "insertions": 135,
                "deletions": 22
              }
            }
          },
          {
            "hash": "bd22fb940797dd9f4579e3cb4d026d75945bce38",
            "messageTitle": "Minor edits to output of tasks",
            "messageBody": "",
            "tags": [
              "Level-4"
            ],
            "fileTypesAndContributionMap": {
              "java": {
                "insertions": 4,
                "deletions": 4
              }
            }
          },
          {
            "hash": "c75ade0aa96cb9949cec95eb1779fc3652856e51",
            "messageTitle": "Automated Text UI Testing",
            "messageBody": "",
            "tags": [
              "A-TextUiTesting"
            ],
            "fileTypesAndContributionMap": {
              "txt": {
                "insertions": 14,
                "deletions": 0
              },
              "sh": {
                "insertions": 3,
                "deletions": 1
              }
            }
          }
        ]
      },
      {
        "date": "2020-08-18",
        "commitResults": [
          {
            "hash": "6b960718c60a7dc4bcbd2c49c9a5c6c0091ef2d9",
            "messageTitle": "Able to handle incorrect inputs from user (invalid commands, empty task description/duration/deadline)",
            "messageBody": "",
            "tags": [
              "Level-5"
            ],
            "fileTypesAndContributionMap": {
              "java": {
                "insertions": 120,
                "deletions": 65
              }
            }
          },
          {
            "hash": "df527d37b40d7cec5f39304e8909f1addb6223e4",
            "messageTitle": "Added test cases for exceptions for automated text UI Testing",
            "messageBody": "",
            "fileTypesAndContributionMap": {
              "txt": {
                "insertions": 10,
                "deletions": 1
              },
              "java": {
                "insertions": 3,
                "deletions": 3
              }
            }
          },
          {
            "hash": "a5becf041d53fb6f210ddc6bba7cab2f23ae30db",
            "messageTitle": "Added support for deleting tasks from tasks list",
            "messageBody": "",
            "tags": [
              "Level-6"
            ],
            "fileTypesAndContributionMap": {
              "java": {
                "insertions": 41,
                "deletions": 13
              }
            }
          },
          {
            "hash": "2b3ce5bf14e115e9dde50c2495167435a4ad594f",
            "messageTitle": "Added test cases for deletion of tasks.",
            "messageBody": "",
            "fileTypesAndContributionMap": {
              "txt": {
                "insertions": 3,
                "deletions": 0
              }
            }
          }
        ]
      },
      {
        "date": "2020-08-26",
        "commitResults": [
          {
            "hash": "bef74d8fde662501e425322597e775585a2485fd",
            "messageTitle": "Add ability to save and update changes to hard disk and load data from hard disk when Duke starts up",
            "messageBody": "",
            "fileTypesAndContributionMap": {
              "txt": {
                "insertions": 4,
                "deletions": 0
              },
              "java": {
                "insertions": 100,
                "deletions": 8
              }
            }
          }
        ]
      },
      {
        "date": "2020-08-27",
        "commitResults": [
          {
            "hash": "29ec7589daa6a6020ad41a7d51d10bbb32d25174",
            "messageTitle": "Accept only timings of format yyyy-mm-dd HH:mm for event and deadline tasks and output as MMM d yyyy hh:mm a",
            "messageBody": "",
            "fileTypesAndContributionMap": {
              "java": {
                "insertions": 65,
                "deletions": 28
              }
            }
          },
          {
            "hash": "96b18040d0b178e4855175dd8a606ef079f4a67a",
            "messageTitle": "Make code more OOP - Refactor code to extract out Ui, Storage, Parser, TaskList, Command classes",
            "messageBody": "",
            "tags": [
              "A-MoreOOP"
            ],
            "fileTypesAndContributionMap": {
              "java": {
                "insertions": 470,
                "deletions": 290
              }
            }
          },
          {
            "hash": "f36ad8fe1fa2813ed0b51af4bfdf3d6b852ff3e6",
            "messageTitle": "Add JUnit tests to test behaviour of ToDo, Deadline, Event, Parser class",
            "messageBody": "",
            "tags": [
              "v0.1",
              "A-JUnit"
            ],
            "fileTypesAndContributionMap": {
              "java": {
                "insertions": 194,
                "deletions": 3
              }
            }
          },
          {
            "hash": "d330b37afe9b64a483d6d1430310cd2375fa3d02",
            "messageTitle": "Add JavaDoc comments to the code",
            "messageBody": "",
            "fileTypesAndContributionMap": {
              "txt": {
                "insertions": 9,
                "deletions": 0
              },
              "java": {
                "insertions": 200,
                "deletions": 12
              }
            }
          },
          {
            "hash": "6f7ddf86cb690340a95022aaff5e92a733af413b",
            "messageTitle": "Edit code to comply with coding standard",
            "messageBody": "",
            "fileTypesAndContributionMap": {
              "java": {
                "insertions": 29,
                "deletions": 40
              }
            }
          },
          {
            "hash": "6b3c10c60fad0193300b3c8e4c342756dfd529a2",
            "messageTitle": "Add ability to find task by searching for a keyword",
            "messageBody": "",
            "fileTypesAndContributionMap": {
              "java": {
                "insertions": 48,
                "deletions": 0
              }
            }
          },
          {
            "hash": "7a3017af35e64400b10025b46fa5b2439f03c581",
            "messageTitle": "Edit JavaDoc to follow coding conventions (Spacing between description and parameters)",
            "messageBody": "",
            "fileTypesAndContributionMap": {
              "java": {
                "insertions": 44,
                "deletions": 3
              }
            }
          }
        ]
      }
    ]
  },
  "authorFileTypeContributionMap": {
    "constancensq": {
      "java": 1081,
      "md": 0,
      "fxml": 0,
      "sh": 3,
      "bat": 0,
      "gradle": 0,
      "txt": 26
    }
  },
  "authorContributionVariance": {
    "constancensq": 133441.36
  },
  "authorDisplayNameMap": {
    "constancensq": "CS2103-F09-2 NG S..ANCE"
  }
}
