{
  "authorDailyContributionsMap": {
    "nuovonatura": [
      {
        "date": "2020-08-20",
        "commitResults": [
          {
            "hash": "3ca8439fc8337ab6c01f6c7cacdac3c949908619",
            "messageTitle": "Level-1",
            "messageBody": "Level 1. Greet, Echo, Exit\n",
            "tags": [
              "Level-1"
            ],
            "fileTypesAndContributionMap": {
              "java": {
                "insertions": 17,
                "deletions": 6
              }
            }
          },
          {
            "hash": "8820f34cd5831a1fc288ed434d4f745675fa2077",
            "messageTitle": "Level-2",
            "messageBody": "Level 2. Add, List\n",
            "tags": [
              "Level-2"
            ],
            "fileTypesAndContributionMap": {
              "java": {
                "insertions": 11,
                "deletions": 3
              }
            }
          },
          {
            "hash": "e076acbfd45bbe357596b290cc2161daaefac166",
            "messageTitle": "Level-3 prototype",
            "messageBody": "Standard level-3 implementation without error handling and customized behaviors.\n",
            "fileTypesAndContributionMap": {
              "java": {
                "insertions": 35,
                "deletions": 3
              }
            }
          },
          {
            "hash": "ac8b29f426c2ec3e9beeab7f8e6deae7ec70aaf6",
            "messageTitle": "Level-3 Customize",
            "messageBody": "Customized Level-3 bot:\nShow other undone tasks when one is done.\nMove done tasks to the end of the list.\nNewly added task is before all done tasks.\n",
            "tags": [
              "Level-3"
            ],
            "fileTypesAndContributionMap": {
              "java": {
                "insertions": 35,
                "deletions": 14
              }
            }
          },
          {
            "hash": "d206caa760710914b6ed76a05bfb13d48922a3b4",
            "messageTitle": "Level-4",
            "messageBody": "Implement level 4\n",
            "tags": [
              "Level-4"
            ],
            "fileTypesAndContributionMap": {
              "java": {
                "insertions": 58,
                "deletions": 2
              }
            }
          },
          {
            "hash": "2b4a8c13e2ff36292e20697924d86929247ce7d9",
            "messageTitle": "A-TextUiTesting",
            "messageBody": "Implement A-TextUiTesting\n",
            "tags": [
              "A-TextUiTesting"
            ],
            "fileTypesAndContributionMap": {
              "txt": {
                "insertions": 10,
                "deletions": 0
              },
              "java": {
                "insertions": 1,
                "deletions": 1
              },
              "bat": {
                "insertions": 2,
                "deletions": 1
              }
            }
          },
          {
            "hash": "5ef951e9c79aa8a9c17808d1ce232995d42429f9",
            "messageTitle": "Level-5",
            "messageBody": "Implement Level-5\n",
            "tags": [
              "Level-5"
            ],
            "fileTypesAndContributionMap": {
              "java": {
                "insertions": 80,
                "deletions": 40
              }
            }
          },
          {
            "hash": "ae6e53af635fe52517e62a4001871857d266385d",
            "messageTitle": "Level-6",
            "messageBody": "Implement level 6\n",
            "fileTypesAndContributionMap": {
              "java": {
                "insertions": 9,
                "deletions": 5
              }
            }
          },
          {
            "hash": "f86909f31fa6cd15379828c577a78caf12c6029b",
            "messageTitle": "Improve delete feature and update test cases",
            "messageBody": "",
            "tags": [
              "Level-6"
            ],
            "fileTypesAndContributionMap": {
              "txt": {
                "insertions": 12,
                "deletions": 3
              },
              "java": {
                "insertions": 7,
                "deletions": 3
              }
            }
          }
        ]
      },
      {
        "date": "2020-08-26",
        "commitResults": [
          {
            "hash": "d0318a1eb1a74a7ddaeb39b496a2c3f26f8b41e3",
            "messageTitle": "Implement Level 7",
            "messageBody": "",
            "tags": [
              "Level-7"
            ],
            "fileTypesAndContributionMap": {
              "txt": {
                "insertions": 3,
                "deletions": 0
              },
              "java": {
                "insertions": 106,
                "deletions": 9
              }
            }
          },
          {
            "hash": "4934afe7a1947238485ecb83b4ec4ce846079897",
            "messageTitle": "Implement Level 8",
            "messageBody": "",
            "fileTypesAndContributionMap": {
              "java": {
                "insertions": 58,
                "deletions": 27
              }
            }
          },
          {
            "hash": "c076f6de524852d91a5da635f38afeb0a5a4bb06",
            "messageTitle": "Revert \"Implement Level 7\"",
            "messageBody": "This reverts commit d0318a1eb1a74a7ddaeb39b496a2c3f26f8b41e3.\n",
            "fileTypesAndContributionMap": {
              "txt": {
                "insertions": 0,
                "deletions": 3
              },
              "java": {
                "insertions": 9,
                "deletions": 106
              }
            }
          },
          {
            "hash": "dc53ac3146c207c7cef670a1ad8e966a8ac82c6e",
            "messageTitle": "Revert \"Revert \"Implement Level 7\"\"",
            "messageBody": "This reverts commit c076f6de524852d91a5da635f38afeb0a5a4bb06.\n",
            "fileTypesAndContributionMap": {
              "txt": {
                "insertions": 3,
                "deletions": 0
              },
              "java": {
                "insertions": 106,
                "deletions": 9
              }
            }
          }
        ]
      },
      {
        "date": "2020-08-27",
        "commitResults": [
          {
            "hash": "6d074fab9cd7bdd4544bd596d3ef201de10ce659",
            "messageTitle": "Implement A-MoreOOP",
            "messageBody": "with some bugs\n",
            "tags": [
              "A-Packages",
              "A-MoreOOP",
              "A-Enums"
            ],
            "fileTypesAndContributionMap": {
              "txt": {
                "insertions": 4,
                "deletions": 0
              },
              "java": {
                "insertions": 602,
                "deletions": 311
              },
              "md": {
                "insertions": 2,
                "deletions": 2
              }
            }
          },
          {
            "hash": "e05111072b6a898a0590b8150976d59dca6375e8",
            "messageTitle": "Implement A-JUnit",
            "messageBody": "",
            "tags": [
              "A-JUnit"
            ],
            "fileTypesAndContributionMap": {
              "txt": {
                "insertions": 1,
                "deletions": 0
              },
              "java": {
                "insertions": 52,
                "deletions": 0
              }
            }
          }
        ]
      },
      {
        "date": "2020-08-31",
        "commitResults": [
          {
            "hash": "805dd705d51030bf75b5b00f9fdfcbd913857cf5",
            "messageTitle": "Add javadoc for all public classes and methods",
            "messageBody": "",
            "tags": [
              "A-JavaDoc"
            ],
            "fileTypesAndContributionMap": {
              "txt": {
                "insertions": 1,
                "deletions": 3
              },
              "java": {
                "insertions": 428,
                "deletions": 90
              }
            }
          },
          {
            "hash": "fa13209879c973d40dfe7e164e2bcf1b0c291abe",
            "messageTitle": "Implement Level 9",
            "messageBody": "",
            "tags": [
              "Level-9",
              "A-CodingStandard"
            ],
            "fileTypesAndContributionMap": {
              "txt": {
                "insertions": 1,
                "deletions": 0
              },
              "java": {
                "insertions": 50,
                "deletions": 14
              }
            }
          },
          {
            "hash": "a5091d6a9c88c988e6b885856b5a196cb1768099",
            "messageTitle": "Revert \"Implement Level 9\"",
            "messageBody": "This reverts commit fa13209879c973d40dfe7e164e2bcf1b0c291abe.\n",
            "fileTypesAndContributionMap": {
              "txt": {
                "insertions": 0,
                "deletions": 1
              },
              "java": {
                "insertions": 14,
                "deletions": 50
              }
            }
          }
        ]
      },
      {
        "date": "2020-09-02",
        "commitResults": [
          {
            "hash": "2fff1fea6d28a9b3cdc4ff410f250bc246731805",
            "messageTitle": "Update StorageTest.java",
            "messageBody": "",
            "fileTypesAndContributionMap": {
              "java": {
                "insertions": 4,
                "deletions": 0
              }
            }
          },
          {
            "hash": "fe2189b8b701b4bbe50124cabd6978f04368d5bb",
            "messageTitle": "Revert \"Revert \"Implement Level 9\"\"",
            "messageBody": "This reverts commit a5091d6a9c88c988e6b885856b5a196cb1768099.\n",
            "fileTypesAndContributionMap": {
              "txt": {
                "insertions": 1,
                "deletions": 0
              },
              "java": {
                "insertions": 50,
                "deletions": 14
              }
            }
          }
        ]
      }
    ]
  },
  "authorFileTypeContributionMap": {
    "nuovonatura": {
      "java": 1036,
      "md": 2,
      "fxml": 0,
      "sh": 0,
      "bat": 2,
      "gradle": 0,
      "txt": 26
    }
  },
  "authorContributionVariance": {
    "nuovonatura": 69446.14
  },
  "authorDisplayNameMap": {
    "nuovonatura": "CS2103T-T12-3 LI G..GWEI"
  }
}
