{
  "authorDailyContributionsMap": {
    "Door-oof": [
      {
        "date": "2020-08-16",
        "commitResults": [
          {
            "hash": "21762157d5ffac08271a886335fae3be470b09d0",
            "messageTitle": "completed level-1",
            "messageBody": "",
            "fileTypesAndContributionMap": {
              "java": {
                "insertions": 20,
                "deletions": 0
              }
            }
          },
          {
            "hash": "1144c3bbd4d98e831e4471535f28f82244f55c08",
            "messageTitle": "modified level-1",
            "messageBody": "",
            "fileTypesAndContributionMap": {
              "java": {
                "insertions": 83,
                "deletions": 6
              }
            }
          },
          {
            "hash": "55a92fae55f72a8964372acb9ac500b8a3781dce",
            "messageTitle": "completed level-2",
            "messageBody": "",
            "fileTypesAndContributionMap": {
              "java": {
                "insertions": 40,
                "deletions": 4
              },
              "md": {
                "insertions": 2,
                "deletions": 2
              }
            }
          },
          {
            "hash": "c6b0dced5e340bfb52736b2a792092f3a419512c",
            "messageTitle": "README title change",
            "messageBody": "",
            "fileTypesAndContributionMap": {
              "md": {
                "insertions": 1,
                "deletions": 1
              }
            }
          },
          {
            "hash": "9f75308d28ec7be34fcbce376a3659c61a7760d6",
            "messageTitle": "completed level-3",
            "messageBody": "",
            "fileTypesAndContributionMap": {
              "java": {
                "insertions": 85,
                "deletions": 27
              }
            }
          },
          {
            "hash": "b772679578b391d232821aa1a48167ca66ddedf2",
            "messageTitle": "completed level-4",
            "messageBody": "",
            "fileTypesAndContributionMap": {
              "java": {
                "insertions": 90,
                "deletions": 6
              }
            }
          }
        ]
      },
      {
        "date": "2020-08-17",
        "commitResults": [
          {
            "hash": "528dfb857f34e28af5d68c558102c7b6f7da58f4",
            "messageTitle": "completed A-TextUiTesting",
            "messageBody": "",
            "fileTypesAndContributionMap": {
              "txt": {
                "insertions": 9,
                "deletions": 0
              },
              "java": {
                "insertions": 79,
                "deletions": 109
              },
              "sh": {
                "insertions": 4,
                "deletions": 1
              },
              "md": {
                "insertions": 1,
                "deletions": 1
              }
            }
          },
          {
            "hash": "8aa850e8c5285a5842ce2644af6d498fba7f0fea",
            "messageTitle": "completed level-5",
            "messageBody": "",
            "fileTypesAndContributionMap": {
              "java": {
                "insertions": 162,
                "deletions": 84
              },
              "md": {
                "insertions": 2,
                "deletions": 2
              }
            }
          },
          {
            "hash": "e878d2644630b8ac89307f6e1961f3608f8c85d3",
            "messageTitle": "completed level-6",
            "messageBody": "",
            "fileTypesAndContributionMap": {
              "java": {
                "insertions": 27,
                "deletions": 0
              }
            }
          }
        ]
      },
      {
        "date": "2020-08-20",
        "commitResults": [
          {
            "hash": "7cf06867bc1780a8ba55bc5d6537869fa9988b2d",
            "messageTitle": "completed level-8",
            "messageBody": "",
            "fileTypesAndContributionMap": {
              "java": {
                "insertions": 81,
                "deletions": 3
              },
              "md": {
                "insertions": 1,
                "deletions": 1
              }
            }
          }
        ]
      },
      {
        "date": "2020-08-22",
        "commitResults": [
          {
            "hash": "e258bd7761710288d91c6ee9e39b902e45c2cf79",
            "messageTitle": "Add level-1",
            "messageBody": "",
            "fileTypesAndContributionMap": {
              "java": {
                "insertions": 20,
                "deletions": 0
              }
            }
          },
          {
            "hash": "aa76475772e519c76883acb00e89770845d5ad3a",
            "messageTitle": "Modify level-1",
            "messageBody": "",
            "tags": [
              "Level-1"
            ],
            "fileTypesAndContributionMap": {
              "java": {
                "insertions": 83,
                "deletions": 6
              }
            }
          },
          {
            "hash": "dac83c7a5d90eb257bd33a90c158b7aeb509115a",
            "messageTitle": "Add level-2",
            "messageBody": "",
            "tags": [
              "Level-2"
            ],
            "fileTypesAndContributionMap": {
              "java": {
                "insertions": 40,
                "deletions": 4
              },
              "md": {
                "insertions": 2,
                "deletions": 2
              }
            }
          },
          {
            "hash": "274aa59cdac12e0c2046261ae1da9fcc63db339c",
            "messageTitle": "Update README title",
            "messageBody": "",
            "fileTypesAndContributionMap": {
              "md": {
                "insertions": 1,
                "deletions": 1
              }
            }
          },
          {
            "hash": "8eb86fd06661ca6b5e586265684c97a7af6ccfc5",
            "messageTitle": "Add level-3",
            "messageBody": "",
            "tags": [
              "Level-3"
            ],
            "fileTypesAndContributionMap": {
              "java": {
                "insertions": 85,
                "deletions": 27
              }
            }
          },
          {
            "hash": "1bfbe0913b929e2be947110fa41dcbd7810e95ca",
            "messageTitle": "Add level-4",
            "messageBody": "",
            "tags": [
              "Level-4"
            ],
            "fileTypesAndContributionMap": {
              "java": {
                "insertions": 90,
                "deletions": 6
              }
            }
          },
          {
            "hash": "e74e6666fa019ea7efef0040e8457620e03dcb76",
            "messageTitle": "Add A-TextUiTesting",
            "messageBody": "",
            "tags": [
              "A-TextUiTesting"
            ],
            "fileTypesAndContributionMap": {
              "txt": {
                "insertions": 9,
                "deletions": 0
              },
              "java": {
                "insertions": 79,
                "deletions": 109
              },
              "sh": {
                "insertions": 4,
                "deletions": 1
              },
              "md": {
                "insertions": 1,
                "deletions": 1
              }
            }
          },
          {
            "hash": "b949435827e332b648fa041a57d9ff3fed32b46e",
            "messageTitle": "Add level-5",
            "messageBody": "",
            "tags": [
              "Level-5"
            ],
            "fileTypesAndContributionMap": {
              "java": {
                "insertions": 162,
                "deletions": 84
              },
              "md": {
                "insertions": 2,
                "deletions": 2
              }
            }
          },
          {
            "hash": "4a85241a2fabd4a30814a3c860b58323b178216c",
            "messageTitle": "Add level-6",
            "messageBody": "",
            "tags": [
              "Level-6"
            ],
            "fileTypesAndContributionMap": {
              "java": {
                "insertions": 27,
                "deletions": 0
              }
            }
          },
          {
            "hash": "0fb8a0dc56d8ee977b3d8b63c1eb06098201e09e",
            "messageTitle": "Update README title",
            "messageBody": "",
            "fileTypesAndContributionMap": {
              "md": {
                "insertions": 1,
                "deletions": 1
              }
            }
          },
          {
            "hash": "89c64617f4c289810a6595a46134f1ad81e8d059",
            "messageTitle": "Add level-7",
            "messageBody": "",
            "tags": [
              "Level-7"
            ],
            "fileTypesAndContributionMap": {
              "txt": {
                "insertions": 4,
                "deletions": 0
              },
              "java": {
                "insertions": 107,
                "deletions": 30
              }
            }
          },
          {
            "hash": "75a28629dfb6af4121abae4d775a4b7ef3afdf4d",
            "messageTitle": "Add level-8",
            "messageBody": "",
            "tags": [
              "Level-8"
            ],
            "fileTypesAndContributionMap": {
              "java": {
                "insertions": 81,
                "deletions": 3
              }
            }
          },
          {
            "hash": "a0bfcacc644043eb6127380dc180ab8a86e2e146",
            "messageTitle": "Add A-MoreOOP",
            "messageBody": "",
            "tags": [
              "A-MoreOOP"
            ],
            "fileTypesAndContributionMap": {
              "txt": {
                "insertions": 2,
                "deletions": 2
              },
              "java": {
                "insertions": 298,
                "deletions": 178
              }
            }
          },
          {
            "hash": "3499fc5d1a48ed733027798f7c0f99bcd8e1271c",
            "messageTitle": "Add A-Packages",
            "messageBody": "",
            "tags": [
              "A-Packages"
            ],
            "fileTypesAndContributionMap": {
              "java": {
                "insertions": 48,
                "deletions": 9
              }
            }
          },
          {
            "hash": "452a19b95390f3ec22a268dfd27196e487e6621d",
            "messageTitle": "Add JUnit tests",
            "messageBody": "",
            "tags": [
              "A-JUnit"
            ],
            "fileTypesAndContributionMap": {
              "java": {
                "insertions": 346,
                "deletions": 17
              }
            }
          },
          {
            "hash": "a531d6eb3051edb385ad9067eaf7e74f6d7315a1",
            "messageTitle": "Add level-8",
            "messageBody": "",
            "fileTypesAndContributionMap": {
              "java": {
                "insertions": 81,
                "deletions": 3
              },
              "md": {
                "insertions": 1,
                "deletions": 1
              }
            }
          },
          {
            "hash": "6cacd9d30c9a155c8e47c34f75667efddf18b2c3",
            "messageTitle": "Add files",
            "messageBody": "",
            "fileTypesAndContributionMap": {
              "java": {
                "insertions": 174,
                "deletions": 0
              }
            }
          },
          {
            "hash": "0da3ec12d433a80ab34d9b4181392e536ac6d0a1",
            "messageTitle": "Add duke.txt",
            "messageBody": "",
            "fileTypesAndContributionMap": {
              "txt": {
                "insertions": 4,
                "deletions": 0
              }
            }
          },
          {
            "hash": "ac9c5d4f647ffc5ded29c347c8fc839f2f545af8",
            "messageTitle": "Delete Command.java",
            "messageBody": "",
            "fileTypesAndContributionMap": {
              "java": {
                "insertions": 0,
                "deletions": 32
              }
            }
          },
          {
            "hash": "3869eb1ce34f02610fee9f07acb54c09d7edf795",
            "messageTitle": "Delete ListCommand.java",
            "messageBody": "",
            "fileTypesAndContributionMap": {
              "java": {
                "insertions": 0,
                "deletions": 40
              }
            }
          },
          {
            "hash": "daf15a8ab761fa938893ca76e2f17df8e7821a9c",
            "messageTitle": "Delete AddCommand.java",
            "messageBody": "",
            "fileTypesAndContributionMap": {
              "java": {
                "insertions": 0,
                "deletions": 108
              }
            }
          },
          {
            "hash": "39d040b91d648bd9c18856f0b385ff1ee4a0bed7",
            "messageTitle": "Delete CompleteCommand.java",
            "messageBody": "",
            "fileTypesAndContributionMap": {
              "java": {
                "insertions": 0,
                "deletions": 27
              }
            }
          },
          {
            "hash": "28b02f41b3347f235e50f61f8030185dddfc8882",
            "messageTitle": "Delete DeleteCommand.java",
            "messageBody": "",
            "fileTypesAndContributionMap": {
              "java": {
                "insertions": 0,
                "deletions": 35
              }
            }
          },
          {
            "hash": "20bb7074e800fe111460e2891c3947663ff07fb3",
            "messageTitle": "Add command files",
            "messageBody": "",
            "fileTypesAndContributionMap": {
              "java": {
                "insertions": 211,
                "deletions": 0
              }
            }
          },
          {
            "hash": "0309fcaa1f01f31f6b45f8b6e877cf0b73bd8b8b",
            "messageTitle": "Delete AddCommand.java",
            "messageBody": "",
            "fileTypesAndContributionMap": {
              "java": {
                "insertions": 0,
                "deletions": 108
              }
            }
          },
          {
            "hash": "f8b285ee90b5e925b3f927f02a0252a863b14f31",
            "messageTitle": "Add command files",
            "messageBody": "",
            "fileTypesAndContributionMap": {
              "java": {
                "insertions": 94,
                "deletions": 0
              }
            }
          },
          {
            "hash": "07c11e25539b5abe7742594fd798a577b32fe60a",
            "messageTitle": "Update command files",
            "messageBody": "",
            "tags": [
              "A-Jar"
            ],
            "fileTypesAndContributionMap": {
              "txt": {
                "insertions": 1,
                "deletions": 6
              },
              "java": {
                "insertions": 4,
                "deletions": 171
              }
            }
          },
          {
            "hash": "8aa33c8af8495dd0ea9ce3dc1978ca3bfc279e2f",
            "messageTitle": "Update Javadoc",
            "messageBody": "",
            "tags": [
              "A-JavaDoc"
            ],
            "fileTypesAndContributionMap": {
              "txt": {
                "insertions": 1,
                "deletions": 1
              },
              "java": {
                "insertions": 118,
                "deletions": 6
              }
            }
          },
          {
            "hash": "49e431e48f1cea7957f36b2fb8d8b5d34d80b0f1",
            "messageTitle": "Tidy code",
            "messageBody": "",
            "tags": [
              "A-CodingStandard"
            ],
            "fileTypesAndContributionMap": {
              "txt": {
                "insertions": 1,
                "deletions": 1
              },
              "java": {
                "insertions": 57,
                "deletions": 52
              }
            }
          },
          {
            "hash": "2fed308a4aa5c3aa1b7bb2568a4023dc98cab575",
            "messageTitle": "Add level-9",
            "messageBody": "",
            "tags": [
              "Level-9"
            ],
            "fileTypesAndContributionMap": {
              "txt": {
                "insertions": 1,
                "deletions": 1
              },
              "java": {
                "insertions": 53,
                "deletions": 7
              }
            }
          },
          {
            "hash": "1d40e5f10fae72d3f67e078372190369df7fb13b",
            "messageTitle": "Edit duke.txt",
            "messageBody": "",
            "fileTypesAndContributionMap": {
              "txt": {
                "insertions": 4,
                "deletions": 3
              }
            }
          },
          {
            "hash": "a90ccca6c57c56f8a97cb9b3f78ce3f397ae0482",
            "messageTitle": "Edit duke.txt",
            "messageBody": "",
            "fileTypesAndContributionMap": {
              "txt": {
                "insertions": 4,
                "deletions": 4
              }
            }
          },
          {
            "hash": "90e4b5d18ae3a3272bfeb46e323c23095ef8d2e7",
            "messageTitle": "Improve coding standard",
            "messageBody": "",
            "fileTypesAndContributionMap": {
              "java": {
                "insertions": 40,
                "deletions": 40
              }
            }
          },
          {
            "hash": "85a0e740382032ede0715853f74a666282217e8c",
            "messageTitle": "Edit Parser.java",
            "messageBody": "",
            "fileTypesAndContributionMap": {
              "txt": {
                "insertions": 0,
                "deletions": 1
              },
              "java": {
                "insertions": 4,
                "deletions": 0
              }
            }
          }
        ]
      },
      {
        "date": "2020-08-23",
        "commitResults": [
          {
            "hash": "c2b2e4137484fd2f56da8d8c3c36e72e9667f2a4",
            "messageTitle": "Edit filePath",
            "messageBody": "",
            "fileTypesAndContributionMap": {
              "java": {
                "insertions": 1,
                "deletions": 1
              }
            }
          }
        ]
      },
      {
        "date": "2020-08-26",
        "commitResults": [
          {
            "hash": "879be93b25aa51da5ca9ef4933ab822dbfbaaed7",
            "messageTitle": "Configure Gradle",
            "messageBody": "",
            "tags": [
              "A-Gradle"
            ],
            "fileTypesAndContributionMap": {
              "gradle": {
                "insertions": 1,
                "deletions": 1
              }
            }
          },
          {
            "hash": "fcc718173d1a0356e8d0dc21d0265e659bab0fc5",
            "messageTitle": "Edit ParserTest.java import statements",
            "messageBody": "",
            "fileTypesAndContributionMap": {
              "java": {
                "insertions": 6,
                "deletions": 1
              }
            }
          },
          {
            "hash": "bca198ac7a4beea06109c6bd6c341cf8f64acbe4",
            "messageTitle": "Improve JavaDoc and Coding Standards",
            "messageBody": "",
            "fileTypesAndContributionMap": {
              "java": {
                "insertions": 55,
                "deletions": 28
              }
            }
          }
        ]
      },
      {
        "date": "2020-08-28",
        "commitResults": [
          {
            "hash": "50e2e1186ef9fa0a7f864e9b3c51d3b86d95ebbc",
            "messageTitle": "Add level-10",
            "messageBody": "",
            "tags": [
              "Level-10"
            ],
            "fileTypesAndContributionMap": {
              "gradle": {
                "insertions": 7,
                "deletions": 1
              },
              "fxml": {
                "insertions": 35,
                "deletions": 0
              },
              "java": {
                "insertions": 404,
                "deletions": 157
              }
            }
          }
        ]
      },
      {
        "date": "2020-08-29",
        "commitResults": [
          {
            "hash": "59c5e1ea5d9099b479e24027f608e934019fe22a",
            "messageTitle": "Update JavaDoc and Coding standards",
            "messageBody": "",
            "fileTypesAndContributionMap": {
              "gradle": {
                "insertions": 1,
                "deletions": 1
              },
              "java": {
                "insertions": 124,
                "deletions": 53
              }
            }
          },
          {
            "hash": "2cb3579c03b6108c8c3d8f701a241a413f4da064",
            "messageTitle": "Add A-Varargs",
            "messageBody": "",
            "tags": [
              "A-Varargs"
            ],
            "fileTypesAndContributionMap": {
              "java": {
                "insertions": 13,
                "deletions": 7
              }
            }
          }
        ]
      },
      {
        "date": "2020-08-31",
        "commitResults": [
          {
            "hash": "321e17cc964d9482fafb3057ea54cf42291afca5",
            "messageTitle": "Update AddCommand.java and rename packages",
            "messageBody": "",
            "fileTypesAndContributionMap": {
              "java": {
                "insertions": 173,
                "deletions": 143
              }
            }
          },
          {
            "hash": "4d137f25dcc0bdb6e86910cb98513ef8e0af8baf",
            "messageTitle": "Add more JUnit tests",
            "messageBody": "",
            "fileTypesAndContributionMap": {
              "java": {
                "insertions": 188,
                "deletions": 0
              }
            }
          },
          {
            "hash": "c1737ba243c23a01e14381529b4fd02abc88daec",
            "messageTitle": "Re-configure gradle",
            "messageBody": "",
            "fileTypesAndContributionMap": {
              "gradle": {
                "insertions": 4,
                "deletions": 2
              },
              "fxml": {
                "insertions": 9,
                "deletions": 5
              },
              "java": {
                "insertions": 3,
                "deletions": 3
              }
            }
          }
        ]
      },
      {
        "date": "2020-09-02",
        "commitResults": [
          {
            "hash": "ec55dce485f2f9062063b05910e00bb11add37fd",
            "messageTitle": "Update coding standards",
            "messageBody": "",
            "fileTypesAndContributionMap": {
              "java": {
                "insertions": 2,
                "deletions": 2
              }
            }
          },
          {
            "hash": "3f4b88377081f13263958cc778fffc571892d4ef",
            "messageTitle": "Update coding standards",
            "messageBody": "",
            "fileTypesAndContributionMap": {
              "java": {
                "insertions": 29,
                "deletions": 28
              }
            }
          },
          {
            "hash": "ac9ce9a36394bfb8ee099a44690ce46054693064",
            "messageTitle": "Update GUI",
            "messageBody": "",
            "fileTypesAndContributionMap": {
              "gradle": {
                "insertions": 1,
                "deletions": 1
              },
              "fxml": {
                "insertions": 6,
                "deletions": 6
              },
              "java": {
                "insertions": 25,
                "deletions": 13
              }
            }
          }
        ]
      },
      {
        "date": "2020-09-03",
        "commitResults": [
          {
            "hash": "64f1bd8547e339df3c217357010672d26e35c011",
            "messageTitle": "Add A-Assertions",
            "messageBody": "",
            "fileTypesAndContributionMap": {
              "java": {
                "insertions": 9,
                "deletions": 0
              }
            }
          }
        ]
      }
    ]
  },
  "authorFileTypeContributionMap": {
    "Door-oof": {
      "java": 1499,
      "md": 1,
      "fxml": 39,
      "sh": 4,
      "bat": 0,
      "gradle": 8,
      "txt": 13
    }
  },
  "authorContributionVariance": {
    "Door-oof": 545968.44
  },
  "authorDisplayNameMap": {
    "Door-oof": "CS2103T-T11-3 DORA.. QIN"
  }
}
