{
  "authorDailyContributionsMap": {
    "BILLXYR": [
      {
        "date": "2020-08-17",
        "commitResults": [
          {
            "hash": "ff68755859c80a894afdd5de2d58216789b96d03",
            "messageTitle": "Done with Level 1",
            "messageBody": "",
            "tags": [
              "Level-2"
            ],
            "fileTypesAndContributionMap": {
              "java": {
                "insertions": 43,
                "deletions": 10
              }
            }
          }
        ]
      },
      {
        "date": "2020-08-18",
        "commitResults": [
          {
            "hash": "5c19ffdeea5e27cd06be89a54292b3489e6efb55",
            "messageTitle": "Done with Level 2",
            "messageBody": "",
            "tags": [
              "Level-3"
            ],
            "fileTypesAndContributionMap": {
              "java": {
                "insertions": 49,
                "deletions": 7
              }
            }
          }
        ]
      },
      {
        "date": "2020-08-19",
        "commitResults": [
          {
            "hash": "4b0bacdf1f795414812fdfc51412b27230a41543",
            "messageTitle": "Done with Level 3",
            "messageBody": "",
            "fileTypesAndContributionMap": {
              "java": {
                "insertions": 71,
                "deletions": 0
              }
            }
          },
          {
            "hash": "14df0022787d8af0b1fd47f2957c7b36119607c0",
            "messageTitle": "Done with Level 3",
            "messageBody": "",
            "tags": [
              "Level-4"
            ],
            "fileTypesAndContributionMap": {
              "java": {
                "insertions": 73,
                "deletions": 1
              }
            }
          },
          {
            "hash": "fa624c19e4ba46de9c5b60bd9b8d1270b6c601b2",
            "messageTitle": "Done with Level 4",
            "messageBody": "",
            "tags": [
              "A-TextUiTesting"
            ],
            "fileTypesAndContributionMap": {
              "java": {
                "insertions": 55,
                "deletions": 2
              }
            }
          },
          {
            "hash": "91f823ba8bee37e2fcd9f14dda7f6d8c8d8695f9",
            "messageTitle": "Done with A-TextUiTesting",
            "messageBody": "",
            "fileTypesAndContributionMap": {
              "txt": {
                "insertions": 13,
                "deletions": 0
              },
              "sh": {
                "insertions": 7,
                "deletions": 2
              }
            }
          }
        ]
      },
      {
        "date": "2020-08-20",
        "commitResults": [
          {
            "hash": "0457c1760f95dada9739f00d10d64d899649e27c",
            "messageTitle": "Done with A-TextUiTesting",
            "messageBody": "",
            "fileTypesAndContributionMap": {
              "sh": {
                "insertions": 1,
                "deletions": 0
              }
            }
          },
          {
            "hash": "aa5a84b2aa58895849cabd766598f647521fd94d",
            "messageTitle": "Modification to uphold OOP standard",
            "messageBody": "",
            "tags": [
              "Level-5_Handle_Error"
            ],
            "fileTypesAndContributionMap": {
              "java": {
                "insertions": 179,
                "deletions": 28
              }
            }
          },
          {
            "hash": "7a6d482fd93ad578b2f3194331b114bb2d333648",
            "messageTitle": "Done with level 5",
            "messageBody": "",
            "tags": [
              "Level-5"
            ],
            "fileTypesAndContributionMap": {
              "java": {
                "insertions": 83,
                "deletions": 8
              }
            }
          },
          {
            "hash": "67638632b4ece3a2f91d55d5eaa238ab5d25431c",
            "messageTitle": "Done with level 6",
            "messageBody": "",
            "fileTypesAndContributionMap": {
              "java": {
                "insertions": 2,
                "deletions": 0
              }
            }
          },
          {
            "hash": "d75281594f1af1b88ca544d8f1dd9d7598658d16",
            "messageTitle": "Done with level 6",
            "messageBody": "",
            "tags": [
              "Level-6"
            ],
            "fileTypesAndContributionMap": {
              "java": {
                "insertions": 31,
                "deletions": 1
              }
            }
          },
          {
            "hash": "b0bbdbce0e050ae18efa34dce866b9d4f10ca52e",
            "messageTitle": "Modify the Automate testing",
            "messageBody": "",
            "fileTypesAndContributionMap": {
              "txt": {
                "insertions": 22,
                "deletions": 7
              },
              "java": {
                "insertions": 6,
                "deletions": 4
              },
              "sh": {
                "insertions": 1,
                "deletions": 1
              }
            }
          }
        ]
      },
      {
        "date": "2020-08-25",
        "commitResults": [
          {
            "hash": "051f63f47a2de06aec7d4b5ca13a8d18174458de",
            "messageTitle": "Done with Level 7",
            "messageBody": "",
            "fileTypesAndContributionMap": {
              "txt": {
                "insertions": 3,
                "deletions": 0
              },
              "java": {
                "insertions": 87,
                "deletions": 1
              }
            }
          },
          {
            "hash": "959a1f98ad4eb05d19458cdd1d32cecda7d25213",
            "messageTitle": "minor modification on the coding style",
            "messageBody": "",
            "tags": [
              "Level-8",
              "Level-7"
            ],
            "fileTypesAndContributionMap": {
              "java": {
                "insertions": 2,
                "deletions": 0
              }
            }
          },
          {
            "hash": "78998b4ac447838a80e06a1d70b343d5aae44ff2",
            "messageTitle": "Done with level 8",
            "messageBody": "",
            "fileTypesAndContributionMap": {
              "txt": {
                "insertions": 5,
                "deletions": 0
              },
              "java": {
                "insertions": 150,
                "deletions": 6
              }
            }
          },
          {
            "hash": "c1c911fd64c6f190156ded17a1ad175fe3a7e1e9",
            "messageTitle": "Implement find book feature for level 9",
            "messageBody": "",
            "tags": [
              "Level-9"
            ],
            "fileTypesAndContributionMap": {
              "txt": {
                "insertions": 0,
                "deletions": 10
              },
              "java": {
                "insertions": 36,
                "deletions": 68
              }
            }
          }
        ]
      },
      {
        "date": "2020-08-26",
        "commitResults": [
          {
            "hash": "00a1512edbf0c257564425d62e31866d4c6d87ac",
            "messageTitle": "Modify the level 8 time features",
            "messageBody": "",
            "tags": [
              "A-MoreOOP"
            ],
            "fileTypesAndContributionMap": {
              "txt": {
                "insertions": 2,
                "deletions": 0
              },
              "java": {
                "insertions": 12,
                "deletions": 3
              }
            }
          },
          {
            "hash": "473687161735498bf0d415e6e40d519e3e03f7f4",
            "messageTitle": "Add more oop",
            "messageBody": "",
            "tags": [
              "A-JUnit",
              "A-Inheritance",
              "A-Exceptions"
            ],
            "fileTypesAndContributionMap": {
              "txt": {
                "insertions": 2,
                "deletions": 0
              },
              "java": {
                "insertions": 600,
                "deletions": 230
              }
            }
          },
          {
            "hash": "133fba1f15e5a1acf45c926f2b886959c6c322d4",
            "messageTitle": "Add JUnit test",
            "messageBody": "",
            "tags": [
              "1.0"
            ],
            "fileTypesAndContributionMap": {
              "java": {
                "insertions": 34,
                "deletions": 0
              }
            }
          },
          {
            "hash": "cf7ca58f34eb7fcd43c5f4bae94ec9b8c0080ac8",
            "messageTitle": "Done with Level 9",
            "messageBody": "",
            "fileTypesAndContributionMap": {
              "java": {
                "insertions": 1,
                "deletions": 1
              }
            }
          },
          {
            "hash": "3585cd091fd21fb8163dbc300c7ea43e2942528d",
            "messageTitle": "Comply with the coding standard",
            "messageBody": "",
            "tags": [
              "A-CodingStandard"
            ],
            "fileTypesAndContributionMap": {
              "java": {
                "insertions": 1,
                "deletions": 1
              }
            }
          },
          {
            "hash": "fd71788d135b4cc74c7d048ddb450ef851a65bf1",
            "messageTitle": "Comply with the coding standard",
            "messageBody": "",
            "tags": [
              "A-JavaDoc"
            ],
            "fileTypesAndContributionMap": {
              "java": {
                "insertions": 168,
                "deletions": 31
              }
            }
          },
          {
            "hash": "bd33c5911608e64ad675ef9021d1d038003c31dc",
            "messageTitle": "updates on Coding Standard",
            "messageBody": "",
            "fileTypesAndContributionMap": {
              "java": {
                "insertions": 25,
                "deletions": 39
              }
            }
          }
        ]
      },
      {
        "date": "2020-08-31",
        "commitResults": [
          {
            "hash": "bbd603c1ad0aeddfe55296c38a48f95876df03e9",
            "messageTitle": "Test with the Gradle added",
            "messageBody": "",
            "fileTypesAndContributionMap": {
              "java": {
                "insertions": 1,
                "deletions": 1
              }
            }
          }
        ]
      },
      {
        "date": "2020-09-02",
        "commitResults": [
          {
            "hash": "036dda7df4d14c8c1c9632a29a906029bd8a8416",
            "messageTitle": "Test with the Gradle added",
            "messageBody": "",
            "fileTypesAndContributionMap": {
              "gradle": {
                "insertions": 1,
                "deletions": 1
              }
            }
          },
          {
            "hash": "491178d5cb525aa42dc49fde108453d0eeaef47b",
            "messageTitle": "Done with level 10",
            "messageBody": "",
            "tags": [
              "Level-10"
            ],
            "fileTypesAndContributionMap": {
              "gradle": {
                "insertions": 16,
                "deletions": 0
              },
              "txt": {
                "insertions": 2,
                "deletions": 0
              },
              "fxml": {
                "insertions": 35,
                "deletions": 0
              },
              "java": {
                "insertions": 333,
                "deletions": 51
              },
              "md": {
                "insertions": 4529,
                "deletions": 0
              }
            }
          },
          {
            "hash": "a64660af0b06bb86d59162b108625e687f5c69fa",
            "messageTitle": "Done level 10",
            "messageBody": "",
            "fileTypesAndContributionMap": {
              "java": {
                "insertions": 0,
                "deletions": 20
              }
            }
          },
          {
            "hash": "18f76ccb155f0525d2a1f68826d72d7f7e809df9",
            "messageTitle": "Test Gradle",
            "messageBody": "",
            "tags": [
              "branch-Level-10",
              "A-Gradle"
            ],
            "fileTypesAndContributionMap": {
              "gradle": {
                "insertions": 1,
                "deletions": 1
              }
            }
          }
        ]
      },
      {
        "date": "2020-09-03",
        "commitResults": [
          {
            "hash": "aed89f5afafd119c9b1982ef90e7db564e0d40d9",
            "messageTitle": "Done with level 10",
            "messageBody": "",
            "fileTypesAndContributionMap": {
              "java": {
                "insertions": 1,
                "deletions": 1
              }
            }
          },
          {
            "hash": "f03dc7464f75ed2ac888f23d0b776f0e3cf3fc49",
            "messageTitle": "Enhancement on the Gui",
            "messageBody": "",
            "fileTypesAndContributionMap": {
              "txt": {
                "insertions": 4,
                "deletions": 0
              },
              "fxml": {
                "insertions": 1,
                "deletions": 1
              },
              "java": {
                "insertions": 9,
                "deletions": 4
              }
            }
          },
          {
            "hash": "1755856a79c49921d034581f809cb1e1474a9d6b",
            "messageTitle": "CheckStyle",
            "messageBody": "",
            "fileTypesAndContributionMap": {
              "gradle": {
                "insertions": 1,
                "deletions": 1
              }
            }
          },
          {
            "hash": "203f0601e65d573b00fd535a7704e0c194122cb7",
            "messageTitle": "Done A-CheckStyle",
            "messageBody": "",
            "tags": [
              "branch-A-CheckStyle"
            ],
            "fileTypesAndContributionMap": {
              "gradle": {
                "insertions": 1,
                "deletions": 1
              }
            }
          }
        ]
      },
      {
        "date": "2020-09-04",
        "commitResults": [
          {
            "hash": "114702a17faa3162191d055e9f216f689fe4f22a",
            "messageTitle": "Remove javafx sdk",
            "messageBody": "",
            "fileTypesAndContributionMap": {
              "md": {
                "insertions": 0,
                "deletions": 2198
              }
            }
          },
          {
            "hash": "b2d2da867795fc55a8a1bf847d09d6d989f99111",
            "messageTitle": "Remove javafx sdk",
            "messageBody": "",
            "fileTypesAndContributionMap": {
              "md": {
                "insertions": 0,
                "deletions": 2331
              }
            }
          }
        ]
      },
      {
        "date": "2020-09-09",
        "commitResults": [
          {
            "hash": "bccd097fbcd74728e16d6b9375718cee065cf155",
            "messageTitle": "Done with A-Assertions",
            "messageBody": "",
            "fileTypesAndContributionMap": {
              "java": {
                "insertions": 4,
                "deletions": 1
              }
            }
          },
          {
            "hash": "f3a8840ee513d4e0eac27352f75603002cb76a26",
            "messageTitle": "Done with A-Code-Quality",
            "messageBody": "",
            "fileTypesAndContributionMap": {
              "txt": {
                "insertions": 3,
                "deletions": 0
              },
              "java": {
                "insertions": 26,
                "deletions": 26
              }
            }
          }
        ]
      },
      {
        "date": "2020-09-10",
        "commitResults": [
          {
            "hash": "f9089cc8571bdc03e3b1a1e4d95ea733f4c367f0",
            "messageTitle": "Done with BCD-Extension-C-DetectDuplicates",
            "messageBody": "",
            "fileTypesAndContributionMap": {
              "java": {
                "insertions": 36,
                "deletions": 24
              }
            }
          }
        ]
      },
      {
        "date": "2020-09-14",
        "commitResults": [
          {
            "hash": "0ab924d0d5c461f91d7080e478bd2e6044bf1da9",
            "messageTitle": "Modify the code to comply with the Coding Standard",
            "messageBody": "",
            "fileTypesAndContributionMap": {
              "java": {
                "insertions": 195,
                "deletions": 809
              }
            }
          },
          {
            "hash": "ab6a0d7ed19b9ccc0aa2c66d737c844f3f6a76ba",
            "messageTitle": "Handle corner case exception when taking in weird input",
            "messageBody": "",
            "fileTypesAndContributionMap": {
              "java": {
                "insertions": 14,
                "deletions": 0
              }
            }
          }
        ]
      },
      {
        "date": "2020-09-15",
        "commitResults": [
          {
            "hash": "aa2f53b25cb2d47ff594e5a41d40761f73ccdf4a",
            "messageTitle": "Add in the user guide",
            "messageBody": "",
            "fileTypesAndContributionMap": {
              "md": {
                "insertions": 129,
                "deletions": 10
              }
            }
          },
          {
            "hash": "e9350510c505a0124dd225571074916d05542775",
            "messageTitle": "Update on User Guide",
            "messageBody": "",
            "fileTypesAndContributionMap": {
              "md": {
                "insertions": 9,
                "deletions": 1
              }
            }
          },
          {
            "hash": "6f62d361a85969a7aacd5002ca2ab9f7b8973cea",
            "messageTitle": "Add in one more help function + add in more details error handling message",
            "messageBody": "",
            "fileTypesAndContributionMap": {
              "gradle": {
                "insertions": 11,
                "deletions": 2
              },
              "java": {
                "insertions": 42,
                "deletions": 36
              }
            }
          },
          {
            "hash": "ffb22332116e6d34d91ad627ae49327b63c1fd99",
            "messageTitle": "Update on the README",
            "messageBody": "",
            "fileTypesAndContributionMap": {
              "md": {
                "insertions": 21,
                "deletions": 12
              }
            }
          },
          {
            "hash": "13818cee73e427403a2dffa480931adb9d9e6869",
            "messageTitle": "Update on the README",
            "messageBody": "",
            "fileTypesAndContributionMap": {
              "md": {
                "insertions": 9,
                "deletions": 9
              }
            }
          },
          {
            "hash": "47ea84e2b16d8af0ed34bf6c4fba04b80cde5413",
            "messageTitle": "Modify the java test",
            "messageBody": "",
            "fileTypesAndContributionMap": {
              "java": {
                "insertions": 2,
                "deletions": 1
              }
            }
          },
          {
            "hash": "238cdcef552c04a0c9e453791f5615ec0068f5fa",
            "messageTitle": "Update on the README",
            "messageBody": "",
            "fileTypesAndContributionMap": {
              "java": {
                "insertions": 2,
                "deletions": 2
              },
              "md": {
                "insertions": 50,
                "deletions": 28
              }
            }
          },
          {
            "hash": "b8898560b546788853a8ebd280f437ff5cb83433",
            "messageTitle": "Update on the README",
            "messageBody": "",
            "fileTypesAndContributionMap": {
              "md": {
                "insertions": 1,
                "deletions": 1
              }
            }
          },
          {
            "hash": "063a2194d3a8a3c2bb955afd423efc246eb8809d",
            "messageTitle": "Design a better GUI",
            "messageBody": "",
            "fileTypesAndContributionMap": {
              "java": {
                "insertions": 18,
                "deletions": 0
              }
            }
          },
          {
            "hash": "a1698772368fc5b6817ae86af7f1b8d0d0ace597",
            "messageTitle": "Modify the filepath problem",
            "messageBody": "",
            "fileTypesAndContributionMap": {
              "txt": {
                "insertions": 5,
                "deletions": 13
              },
              "java": {
                "insertions": 121,
                "deletions": 30
              }
            }
          },
          {
            "hash": "09c0aa8f51de32db36475a9abeee9b55f7f367b2",
            "messageTitle": "Modify the main page README",
            "messageBody": "",
            "fileTypesAndContributionMap": {
              "md": {
                "insertions": 173,
                "deletions": 21
              }
            }
          }
        ]
      },
      {
        "date": "2020-09-16",
        "commitResults": [
          {
            "hash": "2a9cab9f2f2a3bbf45b1d537c82255b5766e4742",
            "messageTitle": "Modify the exit function",
            "messageBody": "",
            "fileTypesAndContributionMap": {
              "txt": {
                "insertions": 3,
                "deletions": 5
              },
              "java": {
                "insertions": 23,
                "deletions": 2
              }
            }
          }
        ]
      }
    ]
  },
  "authorFileTypeContributionMap": {
    "BILLXYR": {
      "java": 1061,
      "md": 333,
      "fxml": 35,
      "sh": 8,
      "bat": 0,
      "gradle": 28,
      "txt": 31
    }
  },
  "authorContributionVariance": {
    "BILLXYR": 1269590.4
  },
  "authorDisplayNameMap": {
    "BILLXYR": "CS2103T-W10-1 XIE ..OREN"
  }
}
