{
  "authorDailyContributionsMap": {
    "BILLXYR": [
      {
        "date": "2020-08-17",
        "commitResults": [
          {
            "hash": "ff68755859c80a894afdd5de2d58216789b96d03",
            "messageTitle": "Done with Level 1",
            "messageBody": "",
            "tags": [
              "Level-2"
            ],
            "fileTypesAndContributionMap": {
              "java": {
                "insertions": 43,
                "deletions": 10
              }
            }
          }
        ]
      },
      {
        "date": "2020-08-18",
        "commitResults": [
          {
            "hash": "5c19ffdeea5e27cd06be89a54292b3489e6efb55",
            "messageTitle": "Done with Level 2",
            "messageBody": "",
            "tags": [
              "Level-3"
            ],
            "fileTypesAndContributionMap": {
              "java": {
                "insertions": 49,
                "deletions": 7
              }
            }
          }
        ]
      },
      {
        "date": "2020-08-19",
        "commitResults": [
          {
            "hash": "4b0bacdf1f795414812fdfc51412b27230a41543",
            "messageTitle": "Done with Level 3",
            "messageBody": "",
            "fileTypesAndContributionMap": {
              "java": {
                "insertions": 71,
                "deletions": 0
              }
            }
          },
          {
            "hash": "14df0022787d8af0b1fd47f2957c7b36119607c0",
            "messageTitle": "Done with Level 3",
            "messageBody": "",
            "tags": [
              "Level-4"
            ],
            "fileTypesAndContributionMap": {
              "java": {
                "insertions": 73,
                "deletions": 1
              }
            }
          },
          {
            "hash": "fa624c19e4ba46de9c5b60bd9b8d1270b6c601b2",
            "messageTitle": "Done with Level 4",
            "messageBody": "",
            "tags": [
              "A-TextUiTesting"
            ],
            "fileTypesAndContributionMap": {
              "java": {
                "insertions": 55,
                "deletions": 2
              }
            }
          },
          {
            "hash": "91f823ba8bee37e2fcd9f14dda7f6d8c8d8695f9",
            "messageTitle": "Done with A-TextUiTesting",
            "messageBody": "",
            "fileTypesAndContributionMap": {
              "txt": {
                "insertions": 13,
                "deletions": 0
              },
              "sh": {
                "insertions": 7,
                "deletions": 2
              }
            }
          }
        ]
      },
      {
        "date": "2020-08-20",
        "commitResults": [
          {
            "hash": "0457c1760f95dada9739f00d10d64d899649e27c",
            "messageTitle": "Done with A-TextUiTesting",
            "messageBody": "",
            "fileTypesAndContributionMap": {
              "sh": {
                "insertions": 1,
                "deletions": 0
              }
            }
          },
          {
            "hash": "aa5a84b2aa58895849cabd766598f647521fd94d",
            "messageTitle": "Modification to uphold OOP standard",
            "messageBody": "",
            "tags": [
              "Level-5_Handle_Error"
            ],
            "fileTypesAndContributionMap": {
              "java": {
                "insertions": 179,
                "deletions": 28
              }
            }
          },
          {
            "hash": "7a6d482fd93ad578b2f3194331b114bb2d333648",
            "messageTitle": "Done with level 5",
            "messageBody": "",
            "tags": [
              "Level-5"
            ],
            "fileTypesAndContributionMap": {
              "java": {
                "insertions": 83,
                "deletions": 8
              }
            }
          },
          {
            "hash": "67638632b4ece3a2f91d55d5eaa238ab5d25431c",
            "messageTitle": "Done with level 6",
            "messageBody": "",
            "fileTypesAndContributionMap": {
              "java": {
                "insertions": 2,
                "deletions": 0
              }
            }
          },
          {
            "hash": "d75281594f1af1b88ca544d8f1dd9d7598658d16",
            "messageTitle": "Done with level 6",
            "messageBody": "",
            "tags": [
              "Level-6"
            ],
            "fileTypesAndContributionMap": {
              "java": {
                "insertions": 31,
                "deletions": 1
              }
            }
          },
          {
            "hash": "b0bbdbce0e050ae18efa34dce866b9d4f10ca52e",
            "messageTitle": "Modify the Automate testing",
            "messageBody": "",
            "fileTypesAndContributionMap": {
              "txt": {
                "insertions": 22,
                "deletions": 7
              },
              "java": {
                "insertions": 6,
                "deletions": 4
              },
              "sh": {
                "insertions": 1,
                "deletions": 1
              }
            }
          }
        ]
      },
      {
        "date": "2020-08-25",
        "commitResults": [
          {
            "hash": "051f63f47a2de06aec7d4b5ca13a8d18174458de",
            "messageTitle": "Done with Level 7",
            "messageBody": "",
            "fileTypesAndContributionMap": {
              "txt": {
                "insertions": 3,
                "deletions": 0
              },
              "java": {
                "insertions": 87,
                "deletions": 1
              }
            }
          },
          {
            "hash": "959a1f98ad4eb05d19458cdd1d32cecda7d25213",
            "messageTitle": "minor modification on the coding style",
            "messageBody": "",
            "tags": [
              "Level-8",
              "Level-7"
            ],
            "fileTypesAndContributionMap": {
              "java": {
                "insertions": 2,
                "deletions": 0
              }
            }
          },
          {
            "hash": "78998b4ac447838a80e06a1d70b343d5aae44ff2",
            "messageTitle": "Done with level 8",
            "messageBody": "",
            "fileTypesAndContributionMap": {
              "txt": {
                "insertions": 5,
                "deletions": 0
              },
              "java": {
                "insertions": 150,
                "deletions": 6
              }
            }
          },
          {
            "hash": "c1c911fd64c6f190156ded17a1ad175fe3a7e1e9",
            "messageTitle": "Implement find book feature for level 9",
            "messageBody": "",
            "tags": [
              "Level-9"
            ],
            "fileTypesAndContributionMap": {
              "txt": {
                "insertions": 0,
                "deletions": 10
              },
              "java": {
                "insertions": 36,
                "deletions": 68
              }
            }
          }
        ]
      },
      {
        "date": "2020-08-26",
        "commitResults": [
          {
            "hash": "00a1512edbf0c257564425d62e31866d4c6d87ac",
            "messageTitle": "Modify the level 8 time features",
            "messageBody": "",
            "tags": [
              "A-MoreOOP"
            ],
            "fileTypesAndContributionMap": {
              "txt": {
                "insertions": 2,
                "deletions": 0
              },
              "java": {
                "insertions": 12,
                "deletions": 3
              }
            }
          },
          {
            "hash": "473687161735498bf0d415e6e40d519e3e03f7f4",
            "messageTitle": "Add more oop",
            "messageBody": "",
            "tags": [
              "A-JUnit",
              "A-Inheritance",
              "A-Exceptions"
            ],
            "fileTypesAndContributionMap": {
              "txt": {
                "insertions": 2,
                "deletions": 0
              },
              "java": {
                "insertions": 600,
                "deletions": 230
              }
            }
          },
          {
            "hash": "133fba1f15e5a1acf45c926f2b886959c6c322d4",
            "messageTitle": "Add JUnit test",
            "messageBody": "",
            "tags": [
              "1.0"
            ],
            "fileTypesAndContributionMap": {
              "java": {
                "insertions": 34,
                "deletions": 0
              }
            }
          },
          {
            "hash": "cf7ca58f34eb7fcd43c5f4bae94ec9b8c0080ac8",
            "messageTitle": "Done with Level 9",
            "messageBody": "",
            "fileTypesAndContributionMap": {
              "java": {
                "insertions": 1,
                "deletions": 1
              }
            }
          },
          {
            "hash": "3585cd091fd21fb8163dbc300c7ea43e2942528d",
            "messageTitle": "Comply with the coding standard",
            "messageBody": "",
            "tags": [
              "A-CodingStandard"
            ],
            "fileTypesAndContributionMap": {
              "java": {
                "insertions": 1,
                "deletions": 1
              }
            }
          },
          {
            "hash": "fd71788d135b4cc74c7d048ddb450ef851a65bf1",
            "messageTitle": "Comply with the coding standard",
            "messageBody": "",
            "tags": [
              "A-JavaDoc"
            ],
            "fileTypesAndContributionMap": {
              "java": {
                "insertions": 168,
                "deletions": 31
              }
            }
          },
          {
            "hash": "bd33c5911608e64ad675ef9021d1d038003c31dc",
            "messageTitle": "updates on Coding Standard",
            "messageBody": "",
            "fileTypesAndContributionMap": {
              "java": {
                "insertions": 25,
                "deletions": 39
              }
            }
          }
        ]
      }
    ]
  },
  "authorFileTypeContributionMap": {
    "BILLXYR": {
      "java": 1242,
      "md": 0,
      "fxml": 0,
      "sh": 8,
      "bat": 0,
      "gradle": 0,
      "txt": 32
    }
  },
  "authorContributionVariance": {
    "BILLXYR": 97931.055
  },
  "authorDisplayNameMap": {
    "BILLXYR": "CS2103T-W10-1 XIE ..OREN"
  }
}
