{
  "authorDailyContributionsMap": {
    "pennhanlee": [
      {
        "date": "2020-08-15",
        "commitResults": [
          {
            "hash": "31ca06e83ef84f70d50d198b80adf736476c92f0",
            "messageTitle": "Level 1, Greet, Echo, Exit",
            "messageBody": "",
            "tags": [
              "Level-1"
            ],
            "fileTypesAndContributionMap": {
              "java": {
                "insertions": 15,
                "deletions": 1
              }
            }
          },
          {
            "hash": "c1e0e4003e4bfdf40ebb11096bcfa7c8bd29ede4",
            "messageTitle": "Level 2, Add, List",
            "messageBody": "",
            "tags": [
              "Level-2"
            ],
            "fileTypesAndContributionMap": {
              "java": {
                "insertions": 16,
                "deletions": 2
              }
            }
          },
          {
            "hash": "42419bb2fc8a749f3eacf44d79486a3bda0c12c6",
            "messageTitle": "Level 3 (Part 1): Create Task Object",
            "messageBody": "",
            "fileTypesAndContributionMap": {
              "java": {
                "insertions": 25,
                "deletions": 0
              }
            }
          }
        ]
      },
      {
        "date": "2020-08-16",
        "commitResults": [
          {
            "hash": "b15393e316996ddc738ba4214a4e5554eb046d2d",
            "messageTitle": "Level 3 (Part 2): Mark as Done",
            "messageBody": "",
            "fileTypesAndContributionMap": {
              "java": {
                "insertions": 15,
                "deletions": 5
              }
            }
          },
          {
            "hash": "6bc26f0dc17178177257e0c94814e15df727600c",
            "messageTitle": "Level 3 (Part 3): Abstract into Processor Class",
            "messageBody": "",
            "tags": [
              "Level-3"
            ],
            "fileTypesAndContributionMap": {
              "java": {
                "insertions": 28,
                "deletions": 13
              }
            }
          },
          {
            "hash": "ac2845a6bce64360c11dff10e2c379de09774292",
            "messageTitle": "Level 4 (Part 1): Child Classes and ProcessorAdd Method",
            "messageBody": "",
            "fileTypesAndContributionMap": {
              "java": {
                "insertions": 68,
                "deletions": 4
              }
            }
          }
        ]
      },
      {
        "date": "2020-08-17",
        "commitResults": [
          {
            "hash": "e39c18f791d5001e466b7f4fd5d571da2d3f5599",
            "messageTitle": "Level 4: ToDo, Event, Deadline",
            "messageBody": "",
            "tags": [
              "Level-4"
            ],
            "fileTypesAndContributionMap": {
              "java": {
                "insertions": 33,
                "deletions": 22
              }
            }
          },
          {
            "hash": "8163a7eb8b1803a0ba4ba887b4ef5da7d7cc79cd",
            "messageTitle": "A-TextUiTesting",
            "messageBody": "",
            "tags": [
              "A-TextUiTesting"
            ],
            "fileTypesAndContributionMap": {
              "txt": {
                "insertions": 13,
                "deletions": 0
              },
              "java": {
                "insertions": 21,
                "deletions": 19
              },
              "bat": {
                "insertions": 3,
                "deletions": 1
              }
            }
          },
          {
            "hash": "c97424ff3d554174a1ad0ce3986200d26e148575",
            "messageTitle": "Level-5",
            "messageBody": "",
            "tags": [
              "Level-5"
            ],
            "fileTypesAndContributionMap": {
              "java": {
                "insertions": 46,
                "deletions": 23
              }
            }
          },
          {
            "hash": "b2e7b1905bfeb2677b8b0e341aa7f0c276d293d1",
            "messageTitle": "Level-6",
            "messageBody": "",
            "fileTypesAndContributionMap": {
              "java": {
                "insertions": 18,
                "deletions": 2
              }
            }
          }
        ]
      },
      {
        "date": "2020-08-20",
        "commitResults": [
          {
            "hash": "8d4b6ce57016ea31901c55632dfdd27f4598ac22",
            "messageTitle": "Updated runtest testing commands",
            "messageBody": "",
            "fileTypesAndContributionMap": {
              "txt": {
                "insertions": 3,
                "deletions": 0
              }
            }
          },
          {
            "hash": "17b08eb6d3ad72722615a44750e13326004904f9",
            "messageTitle": "Update NotDone and Done symbols",
            "messageBody": "",
            "tags": [
              "Level-6"
            ],
            "fileTypesAndContributionMap": {
              "java": {
                "insertions": 3,
                "deletions": 3
              },
              "bat": {
                "insertions": 2,
                "deletions": 0
              }
            }
          }
        ]
      },
      {
        "date": "2020-08-23",
        "commitResults": [
          {
            "hash": "aeed138b7be7573b845bde716a965b313edcb69d",
            "messageTitle": "Set up basic FileSaving class",
            "messageBody": "",
            "fileTypesAndContributionMap": {
              "java": {
                "insertions": 25,
                "deletions": 0
              }
            }
          },
          {
            "hash": "8e4391bffe04894244b4989166e9a85fb2b98a64",
            "messageTitle": "Add Record Saving methods and properties to DukeFile class",
            "messageBody": "",
            "fileTypesAndContributionMap": {
              "java": {
                "insertions": 47,
                "deletions": 13
              }
            }
          },
          {
            "hash": "7653d721c3fecfde4a73bf1d2ccb175ad49e40e7",
            "messageTitle": "Resolve Bugs in DukeFile class",
            "messageBody": "",
            "fileTypesAndContributionMap": {
              "java": {
                "insertions": 8,
                "deletions": 6
              }
            }
          }
        ]
      },
      {
        "date": "2020-08-24",
        "commitResults": [
          {
            "hash": "74b1efad09898494e304959d67d7f0b95e02ecbd",
            "messageTitle": "Implement LocalDate object in Deadline",
            "messageBody": "",
            "fileTypesAndContributionMap": {
              "java": {
                "insertions": 11,
                "deletions": 5
              }
            }
          },
          {
            "hash": "cb47b49286da2872a8aa879fae68f0ec946c5c56",
            "messageTitle": "Create properties in Duke Class",
            "messageBody": "",
            "fileTypesAndContributionMap": {
              "java": {
                "insertions": 24,
                "deletions": 12
              }
            }
          },
          {
            "hash": "f5282655aea6111acbd9a43827dc7f50a917cab3",
            "messageTitle": "Abstract Main method into DukeUi class and Processor class",
            "messageBody": "",
            "fileTypesAndContributionMap": {
              "java": {
                "insertions": 58,
                "deletions": 28
              }
            }
          },
          {
            "hash": "ca49953d82824e0a80b4e3852391785294dd4cb9",
            "messageTitle": "Add Junit Test for DukeFile class and Processor class",
            "messageBody": "",
            "tags": [
              "A-JUnit"
            ],
            "fileTypesAndContributionMap": {
              "java": {
                "insertions": 94,
                "deletions": 0
              }
            }
          }
        ]
      },
      {
        "date": "2020-08-25",
        "commitResults": [
          {
            "hash": "299a5ccc821aedd99ebdfbf938987a4b21b0f75c",
            "messageTitle": "Add processorFind method to matching tasks in list",
            "messageBody": "",
            "fileTypesAndContributionMap": {
              "java": {
                "insertions": 15,
                "deletions": 2
              }
            }
          },
          {
            "hash": "fc1ec4afea34f0e1af9818acc8c0153be29c8138",
            "messageTitle": "Change cmd and find to accept Upper and Lowercase",
            "messageBody": "",
            "fileTypesAndContributionMap": {
              "java": {
                "insertions": 2,
                "deletions": 2
              }
            }
          },
          {
            "hash": "21a49758139a88e77929ee3eeb3d689438dc9969",
            "messageTitle": "Javadoc for DukeClass",
            "messageBody": "",
            "fileTypesAndContributionMap": {
              "java": {
                "insertions": 27,
                "deletions": 1
              }
            }
          },
          {
            "hash": "2021b2b7a349d96e6ccf2a87ecf4a590bec96ac0",
            "messageTitle": "Javadoc for DukeFile Class",
            "messageBody": "",
            "fileTypesAndContributionMap": {
              "java": {
                "insertions": 59,
                "deletions": 0
              }
            }
          },
          {
            "hash": "b0fc949af577858ebaddec8052ed355b6ed5d853",
            "messageTitle": "Javadoc for DukeFile Class",
            "messageBody": "",
            "fileTypesAndContributionMap": {
              "java": {
                "insertions": 13,
                "deletions": 13
              }
            }
          },
          {
            "hash": "80be7a77aa675e488608ec22950bc9af63e4e206",
            "messageTitle": "Javadoc for Processor Class",
            "messageBody": "",
            "fileTypesAndContributionMap": {
              "java": {
                "insertions": 25,
                "deletions": 5
              }
            }
          },
          {
            "hash": "f7fa1ee4ce11379d75bca4836d4b9390f12227df",
            "messageTitle": "Javadoc for Task Class",
            "messageBody": "",
            "fileTypesAndContributionMap": {
              "java": {
                "insertions": 33,
                "deletions": 2
              }
            }
          },
          {
            "hash": "347ca68b3314011e5ad5b24fee3e4466c262a2d4",
            "messageTitle": "Javadoc for DukeUi Class",
            "messageBody": "",
            "fileTypesAndContributionMap": {
              "java": {
                "insertions": 27,
                "deletions": 0
              }
            }
          },
          {
            "hash": "77a5a15bcba4674b7ec8ee9ecdfb52bdc7abe25c",
            "messageTitle": "Javadoc for Event Class",
            "messageBody": "",
            "fileTypesAndContributionMap": {
              "java": {
                "insertions": 11,
                "deletions": 0
              }
            }
          },
          {
            "hash": "ad3fabd01d95301c54d03135f40b520ac3e8ce8d",
            "messageTitle": "Javadoc for Deadline Class",
            "messageBody": "",
            "fileTypesAndContributionMap": {
              "java": {
                "insertions": 11,
                "deletions": 0
              }
            }
          },
          {
            "hash": "0546dfcb62278a534230fc25f271d02a62c17e56",
            "messageTitle": "Javadoc for Todo Class",
            "messageBody": "",
            "fileTypesAndContributionMap": {
              "java": {
                "insertions": 11,
                "deletions": 0
              }
            }
          },
          {
            "hash": "82e5979040b2820d6c6bcd8e28988b047d55b4df",
            "messageTitle": "Align coding standard for Duke Class",
            "messageBody": "",
            "fileTypesAndContributionMap": {
              "java": {
                "insertions": 3,
                "deletions": 5
              }
            }
          },
          {
            "hash": "b7123c5a41ebaca629e45cdf15eb65bd2bbf563c",
            "messageTitle": "Align coding standard for Processor Class",
            "messageBody": "",
            "fileTypesAndContributionMap": {
              "java": {
                "insertions": 28,
                "deletions": 28
              }
            }
          },
          {
            "hash": "d0429822a087f3e72d544fff77ccc6779d815f2e",
            "messageTitle": "Align coding standard for Task Class",
            "messageBody": "",
            "fileTypesAndContributionMap": {
              "java": {
                "insertions": 1,
                "deletions": 1
              }
            }
          }
        ]
      },
      {
        "date": "2020-08-27",
        "commitResults": [
          {
            "hash": "67a74490cef682140e5d2d5b226d944e1ea6bff8",
            "messageTitle": "Refactor class names and javadoc",
            "messageBody": "",
            "fileTypesAndContributionMap": {
              "txt": {
                "insertions": 1,
                "deletions": 1
              },
              "java": {
                "insertions": 74,
                "deletions": 85
              }
            }
          },
          {
            "hash": "0d8f89bb0a4940582a4cf52849f373cc8bdddcac",
            "messageTitle": "Add TaskList class and refactor Parser class",
            "messageBody": "",
            "tags": [
              "A-MoreOOP"
            ],
            "fileTypesAndContributionMap": {
              "java": {
                "insertions": 60,
                "deletions": 46
              }
            }
          },
          {
            "hash": "74f15841aa11bdc01bcc2c167238e5d445bb5e0a",
            "messageTitle": "Ui methods are static and Remove Ui as a property of Duke class",
            "messageBody": "",
            "fileTypesAndContributionMap": {
              "java": {
                "insertions": 15,
                "deletions": 15
              }
            }
          },
          {
            "hash": "0c106db40f44dfe6828b56caa5d3caa5216b648e",
            "messageTitle": "Javadoc edit from arrayLst to taskList after refactoring",
            "messageBody": "",
            "fileTypesAndContributionMap": {
              "java": {
                "insertions": 1,
                "deletions": 1
              }
            }
          },
          {
            "hash": "b30990d3df7690a383e4e5ffe89fe88859d67cb5",
            "messageTitle": "Improve Ui methods",
            "messageBody": "",
            "fileTypesAndContributionMap": {
              "java": {
                "insertions": 35,
                "deletions": 20
              }
            }
          },
          {
            "hash": "7ad2eb787c177f138e690ce676acf7ed75bad062",
            "messageTitle": "Resolve emptystring bug",
            "messageBody": "",
            "fileTypesAndContributionMap": {
              "java": {
                "insertions": 2,
                "deletions": 6
              }
            }
          },
          {
            "hash": "6ca8ebd914bbe32bc7918bf5ff8facfb86566d7a",
            "messageTitle": "Remove Task printing while saving",
            "messageBody": "",
            "fileTypesAndContributionMap": {
              "java": {
                "insertions": 1,
                "deletions": 1
              }
            }
          },
          {
            "hash": "e986c376e3b9318aa2469946e6e5e6953f7aa909",
            "messageTitle": "Add Saving Task UI method",
            "messageBody": "",
            "fileTypesAndContributionMap": {
              "java": {
                "insertions": 11,
                "deletions": 5
              }
            }
          },
          {
            "hash": "49d9512f8df679d2b54c6773801add2355ebbb9b",
            "messageTitle": "Edit code to abide by Coding Standards",
            "messageBody": "",
            "fileTypesAndContributionMap": {
              "java": {
                "insertions": 11,
                "deletions": 12
              }
            }
          }
        ]
      }
    ]
  },
  "authorFileTypeContributionMap": {
    "pennhanlee": {
      "java": 634,
      "md": 0,
      "fxml": 0,
      "sh": 0,
      "bat": 5,
      "gradle": 0,
      "txt": 16
    }
  },
  "authorContributionVariance": {
    "pennhanlee": 17176.25
  },
  "authorDisplayNameMap": {
    "pennhanlee": "LEE .. HAN"
  }
}
