{
  "authorDailyContributionsMap": {
    "pennhanlee": [
      {
        "date": "2020-08-15",
        "commitResults": [
          {
            "hash": "31ca06e83ef84f70d50d198b80adf736476c92f0",
            "messageTitle": "Level 1, Greet, Echo, Exit",
            "messageBody": "",
            "tags": [
              "Level-1"
            ],
            "fileTypesAndContributionMap": {
              "java": {
                "insertions": 15,
                "deletions": 1
              }
            }
          },
          {
            "hash": "c1e0e4003e4bfdf40ebb11096bcfa7c8bd29ede4",
            "messageTitle": "Level 2, Add, List",
            "messageBody": "",
            "tags": [
              "Level-2"
            ],
            "fileTypesAndContributionMap": {
              "java": {
                "insertions": 16,
                "deletions": 2
              }
            }
          },
          {
            "hash": "42419bb2fc8a749f3eacf44d79486a3bda0c12c6",
            "messageTitle": "Level 3 (Part 1): Create Task Object",
            "messageBody": "",
            "fileTypesAndContributionMap": {
              "java": {
                "insertions": 25,
                "deletions": 0
              }
            }
          }
        ]
      },
      {
        "date": "2020-08-16",
        "commitResults": [
          {
            "hash": "b15393e316996ddc738ba4214a4e5554eb046d2d",
            "messageTitle": "Level 3 (Part 2): Mark as Done",
            "messageBody": "",
            "fileTypesAndContributionMap": {
              "java": {
                "insertions": 15,
                "deletions": 5
              }
            }
          },
          {
            "hash": "6bc26f0dc17178177257e0c94814e15df727600c",
            "messageTitle": "Level 3 (Part 3): Abstract into Processor Class",
            "messageBody": "",
            "tags": [
              "Level-3"
            ],
            "fileTypesAndContributionMap": {
              "java": {
                "insertions": 28,
                "deletions": 13
              }
            }
          },
          {
            "hash": "ac2845a6bce64360c11dff10e2c379de09774292",
            "messageTitle": "Level 4 (Part 1): Child Classes and ProcessorAdd Method",
            "messageBody": "",
            "fileTypesAndContributionMap": {
              "java": {
                "insertions": 68,
                "deletions": 4
              }
            }
          }
        ]
      },
      {
        "date": "2020-08-17",
        "commitResults": [
          {
            "hash": "e39c18f791d5001e466b7f4fd5d571da2d3f5599",
            "messageTitle": "Level 4: ToDo, Event, Deadline",
            "messageBody": "",
            "tags": [
              "Level-4"
            ],
            "fileTypesAndContributionMap": {
              "java": {
                "insertions": 33,
                "deletions": 22
              }
            }
          },
          {
            "hash": "8163a7eb8b1803a0ba4ba887b4ef5da7d7cc79cd",
            "messageTitle": "A-TextUiTesting",
            "messageBody": "",
            "tags": [
              "A-TextUiTesting"
            ],
            "fileTypesAndContributionMap": {
              "txt": {
                "insertions": 13,
                "deletions": 0
              },
              "java": {
                "insertions": 21,
                "deletions": 19
              },
              "bat": {
                "insertions": 3,
                "deletions": 1
              }
            }
          },
          {
            "hash": "c97424ff3d554174a1ad0ce3986200d26e148575",
            "messageTitle": "Level-5",
            "messageBody": "",
            "tags": [
              "Level-5"
            ],
            "fileTypesAndContributionMap": {
              "java": {
                "insertions": 46,
                "deletions": 23
              }
            }
          },
          {
            "hash": "b2e7b1905bfeb2677b8b0e341aa7f0c276d293d1",
            "messageTitle": "Level-6",
            "messageBody": "",
            "fileTypesAndContributionMap": {
              "java": {
                "insertions": 18,
                "deletions": 2
              }
            }
          }
        ]
      },
      {
        "date": "2020-08-20",
        "commitResults": [
          {
            "hash": "8d4b6ce57016ea31901c55632dfdd27f4598ac22",
            "messageTitle": "Updated runtest testing commands",
            "messageBody": "",
            "fileTypesAndContributionMap": {
              "txt": {
                "insertions": 3,
                "deletions": 0
              }
            }
          },
          {
            "hash": "17b08eb6d3ad72722615a44750e13326004904f9",
            "messageTitle": "Update NotDone and Done symbols",
            "messageBody": "",
            "tags": [
              "Level-6"
            ],
            "fileTypesAndContributionMap": {
              "java": {
                "insertions": 3,
                "deletions": 3
              },
              "bat": {
                "insertions": 2,
                "deletions": 0
              }
            }
          }
        ]
      }
    ]
  },
  "authorFileTypeContributionMap": {
    "pennhanlee": {
      "java": 195,
      "md": 0,
      "fxml": 0,
      "sh": 0,
      "bat": 5,
      "gradle": 0,
      "txt": 16
    }
  },
  "authorContributionVariance": {
    "pennhanlee": 5482.203
  },
  "authorDisplayNameMap": {
    "pennhanlee": "LEE .. HAN"
  }
}
