{
  "authorDailyContributionsMap": {
    "hogantan": [
      {
        "date": "2020-08-17",
        "commitResults": [
          {
            "hash": "3c859697ffdeda427c0af6eae21eb78e6987dcd4",
            "messageTitle": "Level 1. Greet, Echo, Exit",
            "messageBody": "",
            "tags": [
              "Level-1"
            ],
            "fileTypesAndContributionMap": {
              "java": {
                "insertions": 32,
                "deletions": 6
              }
            }
          },
          {
            "hash": "1b33c0208872158ab9a52aabe718a76785f93631",
            "messageTitle": "Level 2. Add, List",
            "messageBody": "Updated code structure of Duke\n",
            "tags": [
              "Level-2"
            ],
            "fileTypesAndContributionMap": {
              "java": {
                "insertions": 53,
                "deletions": 14
              }
            }
          },
          {
            "hash": "a337f8152630f306e12e0dc77439b57fc76a7327",
            "messageTitle": "Level 3. Mark as Done",
            "messageBody": "",
            "tags": [
              "Level-3"
            ],
            "fileTypesAndContributionMap": {
              "java": {
                "insertions": 80,
                "deletions": 10
              }
            }
          }
        ]
      },
      {
        "date": "2020-08-18",
        "commitResults": [
          {
            "hash": "88d3be28c5618fcc8feffc0046a70d684b355c76",
            "messageTitle": "Level 4. ToDos, Events, Deadlines",
            "messageBody": "Restructured Duke Significantly in terms of detecting keywords\nIntroduced Enums for commands\n",
            "tags": [
              "Level-4",
              "A-Enums"
            ],
            "fileTypesAndContributionMap": {
              "java": {
                "insertions": 210,
                "deletions": 46
              }
            }
          },
          {
            "hash": "2b0db0965ab09bcf65f742d2f9468bbe49d28cb1",
            "messageTitle": "Automated Text UI Testing",
            "messageBody": "Added testidea text file to explain test implementation\n",
            "tags": [
              "A-TextUiTesting"
            ],
            "fileTypesAndContributionMap": {
              "txt": {
                "insertions": 62,
                "deletions": 0
              },
              "bat": {
                "insertions": 5,
                "deletions": 3
              },
              "sh": {
                "insertions": 3,
                "deletions": 3
              }
            }
          },
          {
            "hash": "776435685af164a8b0a83b153c730ad0acd385cf",
            "messageTitle": "Level 5. Handle Errors",
            "messageBody": "Introduced several exceptions\nImplemented try catch block\nImplemented checks for follow up commands such as \u0027/\u0027\n",
            "tags": [
              "Level-5"
            ],
            "fileTypesAndContributionMap": {
              "java": {
                "insertions": 143,
                "deletions": 89
              }
            }
          },
          {
            "hash": "1763990d46e53bfa4b32b2e40daecea1a68c5360",
            "messageTitle": "Level 6. Delete",
            "messageBody": "Customised Duke\u0027s personality\nUpdated checks for user input (done and delete command)\nUpdated deadline and event command to respond more accurately (whitespaces issue)\n",
            "tags": [
              "Level-6"
            ],
            "fileTypesAndContributionMap": {
              "txt": {
                "insertions": 16,
                "deletions": 0
              },
              "java": {
                "insertions": 91,
                "deletions": 43
              }
            }
          }
        ]
      },
      {
        "date": "2020-08-20",
        "commitResults": [
          {
            "hash": "7574cb1fd9525aa724c2899ad0be873ca0e99067",
            "messageTitle": "Fixed deadline and event bug such as empty descriptions and date and time",
            "messageBody": "",
            "fileTypesAndContributionMap": {
              "java": {
                "insertions": 43,
                "deletions": 24
              }
            }
          }
        ]
      },
      {
        "date": "2020-08-23",
        "commitResults": [
          {
            "hash": "fbcb8639e3bc15b4a8c2f096a2e8c555d3629cf2",
            "messageTitle": "Level 7. Save",
            "messageBody": "Implement save and load function (update commands accordingly)\n",
            "fileTypesAndContributionMap": {
              "java": {
                "insertions": 125,
                "deletions": 3
              }
            }
          },
          {
            "hash": "82ff76923ae8d1882d650b0fe549b05e0c25c041",
            "messageTitle": "Revert \"Level 7. Save\"",
            "messageBody": "This reverts commit fbcb8639e3bc15b4a8c2f096a2e8c555d3629cf2.\n",
            "fileTypesAndContributionMap": {
              "java": {
                "insertions": 3,
                "deletions": 125
              }
            }
          },
          {
            "hash": "9536beef517dba4061f5ed6822d7865a74a649a4",
            "messageTitle": "Level 7. Save",
            "messageBody": "",
            "fileTypesAndContributionMap": {
              "java": {
                "insertions": 125,
                "deletions": 3
              }
            }
          },
          {
            "hash": "dddf7280de3733984c49d6f753bbf2d7c25a6f6b",
            "messageTitle": "Level 8. Dates and Times",
            "messageBody": "Update exceptions to be more succint\n\nUpdate check commans to be more succint\n",
            "fileTypesAndContributionMap": {
              "java": {
                "insertions": 159,
                "deletions": 184
              }
            }
          },
          {
            "hash": "6ca0312511ab821262fa95b6303627fb2bd23679",
            "messageTitle": "Fix minor bugs due to merge branch 7 and 8",
            "messageBody": "",
            "fileTypesAndContributionMap": {
              "java": {
                "insertions": 13,
                "deletions": 10
              }
            }
          }
        ]
      },
      {
        "date": "2020-08-24",
        "commitResults": [
          {
            "hash": "a0734778a755ad375c60e9eb33355681ee2f9eb3",
            "messageTitle": "Use More OOP",
            "messageBody": "",
            "tags": [
              "A-MoreOOP"
            ],
            "fileTypesAndContributionMap": {
              "txt": {
                "insertions": 3,
                "deletions": 0
              },
              "java": {
                "insertions": 494,
                "deletions": 322
              }
            }
          },
          {
            "hash": "c1b9c38f9d382aa6c5c26c9e8c3a2ae5af359582",
            "messageTitle": "Divide classes into packages",
            "messageBody": "",
            "tags": [
              "A-Packages"
            ],
            "fileTypesAndContributionMap": {
              "txt": {
                "insertions": 1,
                "deletions": 1
              },
              "java": {
                "insertions": 112,
                "deletions": 6
              }
            }
          },
          {
            "hash": "19b6ede0fbad8ebda5866cdf162c8bc6dbd6ce77",
            "messageTitle": "Add JUnit tests",
            "messageBody": "",
            "tags": [
              "A-JUnit"
            ],
            "fileTypesAndContributionMap": {
              "txt": {
                "insertions": 10,
                "deletions": 1
              },
              "java": {
                "insertions": 371,
                "deletions": 6
              }
            }
          }
        ]
      },
      {
        "date": "2020-08-25",
        "commitResults": [
          {
            "hash": "2cbde18804671017f04b97f3f010248ca325f3e6",
            "messageTitle": "Add JavaDoc comments",
            "messageBody": "",
            "fileTypesAndContributionMap": {
              "java": {
                "insertions": 210,
                "deletions": 23
              }
            }
          },
          {
            "hash": "772a2c272e5cd34d13a9e733aad03bbc2b033ac3",
            "messageTitle": "Tweak the code to comply with a coding standard.",
            "messageBody": "",
            "fileTypesAndContributionMap": {
              "java": {
                "insertions": 78,
                "deletions": 54
              }
            }
          },
          {
            "hash": "c9ad50f0498639b7c329084ed10d458ee2795e46",
            "messageTitle": "Give users a way to find a task by searching for a keyword.",
            "messageBody": "",
            "fileTypesAndContributionMap": {
              "java": {
                "insertions": 232,
                "deletions": 30
              }
            }
          },
          {
            "hash": "b6b9e4bae9e1d78c1a19b3f11f99df5b9abf2c48",
            "messageTitle": "Fix minor import bugs.",
            "messageBody": "",
            "fileTypesAndContributionMap": {
              "java": {
                "insertions": 2,
                "deletions": 0
              }
            }
          }
        ]
      },
      {
        "date": "2020-08-30",
        "commitResults": [
          {
            "hash": "b009a734007117955ca3cc74669a96f6080fe3ee",
            "messageTitle": "Automate project builds using Gradle",
            "messageBody": "",
            "fileTypesAndContributionMap": {
              "gradle": {
                "insertions": 1,
                "deletions": 6
              },
              "txt": {
                "insertions": 6,
                "deletions": 0
              },
              "java": {
                "insertions": 10,
                "deletions": 6
              }
            }
          },
          {
            "hash": "4434c1d3ea2442fbfd5d04da604aebd56bc2a60e",
            "messageTitle": "Use CheckStyle",
            "messageBody": "",
            "fileTypesAndContributionMap": {
              "gradle": {
                "insertions": 2,
                "deletions": 2
              }
            }
          }
        ]
      },
      {
        "date": "2020-08-31",
        "commitResults": [
          {
            "hash": "f8b531bd5e230a729b6711220e23993b1bb8908f",
            "messageTitle": "Add a GUI to Duke. Use the JavaFX technology to implement the GUI.",
            "messageBody": "",
            "fileTypesAndContributionMap": {
              "gradle": {
                "insertions": 16,
                "deletions": 1
              },
              "txt": {
                "insertions": 5,
                "deletions": 1
              },
              "fxml": {
                "insertions": 39,
                "deletions": 0
              },
              "java": {
                "insertions": 188,
                "deletions": 0
              }
            }
          },
          {
            "hash": "de53af1ab39a8b6709277657fc6148ff8a9bbd6d",
            "messageTitle": "Fix minor gradle bug",
            "messageBody": "",
            "fileTypesAndContributionMap": {
              "gradle": {
                "insertions": 1,
                "deletions": 0
              }
            }
          }
        ]
      }
    ]
  },
  "authorFileTypeContributionMap": {
    "hogantan": {
      "java": 1773,
      "md": 0,
      "fxml": 39,
      "sh": 3,
      "bat": 4,
      "gradle": 18,
      "txt": 97
    }
  },
  "authorContributionVariance": {
    "hogantan": 136757.11
  },
  "authorDisplayNameMap": {
    "hogantan": "CS2103T-W15-2 HOGA.. HAN"
  }
}
