{
  "authorDailyContributionsMap": {
    "Persdre": [
      {
        "date": "2020-08-17",
        "commitResults": [
          {
            "hash": "4d504dab96b91eb46f0800449ce0fff7f6050896",
            "messageTitle": "Update Duke.java",
            "messageBody": "",
            "tags": [
              "Level-1"
            ],
            "fileTypesAndContributionMap": {
              "java": {
                "insertions": 16,
                "deletions": 6
              }
            }
          },
          {
            "hash": "9550e36df8a7f172186da57b89707bf61b8d44b8",
            "messageTitle": "add level 2 implementation",
            "messageBody": "",
            "tags": [
              "Level-2"
            ],
            "fileTypesAndContributionMap": {
              "java": {
                "insertions": 19,
                "deletions": 2
              }
            }
          },
          {
            "hash": "1f45ce28f224ffb765db21f972aa34d359a20a2e",
            "messageTitle": "add mark as done feature",
            "messageBody": "",
            "tags": [
              "Level-3"
            ],
            "fileTypesAndContributionMap": {
              "java": {
                "insertions": 42,
                "deletions": 10
              }
            }
          }
        ]
      },
      {
        "date": "2020-08-18",
        "commitResults": [
          {
            "hash": "8910b960f0fc5810ae46a57e255babe986dd465b",
            "messageTitle": "add todo, event, and deadline features",
            "messageBody": "",
            "tags": [
              "Level-4"
            ],
            "fileTypesAndContributionMap": {
              "java": {
                "insertions": 73,
                "deletions": 19
              }
            }
          },
          {
            "hash": "61b3b04cd885f447c1a5fe6519bc91d03c735672",
            "messageTitle": "add A-TextUiTesting feature",
            "messageBody": "",
            "tags": [
              "A-TextUiTesting"
            ],
            "fileTypesAndContributionMap": {
              "txt": {
                "insertions": 2,
                "deletions": 0
              },
              "sh": {
                "insertions": 1,
                "deletions": 1
              }
            }
          },
          {
            "hash": "ff335ee40f553d0e18903b277503c3f62c806a50",
            "messageTitle": "Add support for deleting tasks from the list.",
            "messageBody": "",
            "tags": [
              "Level-6"
            ],
            "fileTypesAndContributionMap": {
              "txt": {
                "insertions": 5,
                "deletions": 0
              },
              "java": {
                "insertions": 8,
                "deletions": 0
              }
            }
          }
        ]
      },
      {
        "date": "2020-08-19",
        "commitResults": [
          {
            "hash": "663706f220a5c4de32ec004a4f79c54d8cbc419c",
            "messageTitle": "Teach Duke to deal with errors such as incorrect inputs entered by the user.",
            "messageBody": "",
            "tags": [
              "Level-5"
            ],
            "fileTypesAndContributionMap": {
              "java": {
                "insertions": 151,
                "deletions": 24
              }
            }
          },
          {
            "hash": "fa17fbe4e3ab2ea591c1a16712302f41f7cccaba",
            "messageTitle": "add more information about error handling",
            "messageBody": "",
            "fileTypesAndContributionMap": {
              "java": {
                "insertions": 113,
                "deletions": 24
              }
            }
          },
          {
            "hash": "6b440fbb64efe75d98efffb73e043028238fd89e",
            "messageTitle": "Add some error handlings",
            "messageBody": "",
            "fileTypesAndContributionMap": {
              "java": {
                "insertions": 31,
                "deletions": 1
              }
            }
          }
        ]
      },
      {
        "date": "2020-08-23",
        "commitResults": [
          {
            "hash": "8d6366cdabd2e0ca985efd9645cb1c9b055e68e5",
            "messageTitle": "Add basic read and save functions",
            "messageBody": "",
            "tags": [
              "Level-7"
            ],
            "fileTypesAndContributionMap": {
              "txt": {
                "insertions": 1,
                "deletions": 0
              },
              "java": {
                "insertions": 62,
                "deletions": 5
              }
            }
          }
        ]
      },
      {
        "date": "2020-08-26",
        "commitResults": [
          {
            "hash": "29687efd64710f80c2e3b714a0ba01ea6078759d",
            "messageTitle": "Change code style to the standard style",
            "messageBody": "",
            "fileTypesAndContributionMap": {
              "java": {
                "insertions": 47,
                "deletions": 77
              }
            }
          }
        ]
      },
      {
        "date": "2020-08-27",
        "commitResults": [
          {
            "hash": "3733a2c253ab948f483bbd1378fc93749fb32ce2",
            "messageTitle": "Add time formatter for deadline",
            "messageBody": "",
            "tags": [
              "Level-8"
            ],
            "fileTypesAndContributionMap": {
              "txt": {
                "insertions": 1,
                "deletions": 1
              },
              "java": {
                "insertions": 65,
                "deletions": 25
              }
            }
          },
          {
            "hash": "47608c60b6c2708140ab163c2fdbbbe2f3d09282",
            "messageTitle": "Add schemes for more oop operation",
            "messageBody": "",
            "tags": [
              "A-MoreOOP"
            ],
            "fileTypesAndContributionMap": {
              "java": {
                "insertions": 9,
                "deletions": 0
              }
            }
          },
          {
            "hash": "75afa1c1a258c3dd93f19f8d00295c13fbf50a81",
            "messageTitle": "Add duke package",
            "messageBody": "",
            "tags": [
              "A-Packages"
            ],
            "fileTypesAndContributionMap": {
              "java": {
                "insertions": 34,
                "deletions": 0
              }
            }
          },
          {
            "hash": "58a02d70b87cbde0abd6f5e3eaf2570e8936a129",
            "messageTitle": "Add JUnit test frame",
            "messageBody": "",
            "tags": [
              "v0.1",
              "A-JUnit"
            ],
            "fileTypesAndContributionMap": {
              "java": {
                "insertions": 12,
                "deletions": 0
              }
            }
          },
          {
            "hash": "9e54db047d3ab1eaad7548dc2899d2f7e865a5ee",
            "messageTitle": "Add JavaDoc comments",
            "messageBody": "",
            "fileTypesAndContributionMap": {
              "java": {
                "insertions": 31,
                "deletions": 7
              }
            }
          },
          {
            "hash": "2d9d97e5e05e9e7ae15504769b230f121aa6a358",
            "messageTitle": "Add more Javadoc comments",
            "messageBody": "",
            "tags": [
              "A-JavaDoc"
            ],
            "fileTypesAndContributionMap": {
              "java": {
                "insertions": 15,
                "deletions": 1
              }
            }
          },
          {
            "hash": "2f3e2fd4f839fc03dfcf94d1db755e6466c8007e",
            "messageTitle": "Tweak the code to comply with a coding standard",
            "messageBody": "",
            "tags": [
              "A-CodingStandard"
            ],
            "fileTypesAndContributionMap": {
              "java": {
                "insertions": 5,
                "deletions": 4
              }
            }
          },
          {
            "hash": "339c09cf476e37516f6143b70a33761c161cc09d",
            "messageTitle": "Find a task by searching for a keyword.",
            "messageBody": "",
            "fileTypesAndContributionMap": {
              "java": {
                "insertions": 26,
                "deletions": 1
              }
            }
          }
        ]
      },
      {
        "date": "2020-08-31",
        "commitResults": [
          {
            "hash": "5d8160b8621f5b1bcc1aedb6950c1710775d08c0",
            "messageTitle": "Add more OOP classes",
            "messageBody": "",
            "fileTypesAndContributionMap": {
              "java": {
                "insertions": 380,
                "deletions": 303
              }
            }
          },
          {
            "hash": "7e5329174794f95c9285f19e0ce738b84efddd68",
            "messageTitle": "Write commands for concise code in Duke.java",
            "messageBody": "",
            "fileTypesAndContributionMap": {
              "txt": {
                "insertions": 3,
                "deletions": 0
              },
              "java": {
                "insertions": 238,
                "deletions": 0
              }
            }
          },
          {
            "hash": "93ebfd3bcaa2bbb12e7c35acea0dee8566719627",
            "messageTitle": "Add some changes to the UI",
            "messageBody": "",
            "fileTypesAndContributionMap": {
              "txt": {
                "insertions": 1,
                "deletions": 0
              },
              "java": {
                "insertions": 30,
                "deletions": 7
              }
            }
          }
        ]
      },
      {
        "date": "2020-09-02",
        "commitResults": [
          {
            "hash": "e7c130c652c6417b57312095006e326044f5a3a5",
            "messageTitle": "Change some UI words",
            "messageBody": "",
            "fileTypesAndContributionMap": {
              "txt": {
                "insertions": 0,
                "deletions": 2
              },
              "java": {
                "insertions": 1,
                "deletions": 1
              }
            }
          },
          {
            "hash": "2a9b193e89de537096486a796dc7c2534943a5b2",
            "messageTitle": "Add gradle to the master",
            "messageBody": "",
            "fileTypesAndContributionMap": {
              "bat": {
                "insertions": 84,
                "deletions": 0
              }
            }
          },
          {
            "hash": "d5450e3908ebaa9107e8c99ec97dfe08ee9e5e16",
            "messageTitle": "Add build.gradle",
            "messageBody": "",
            "fileTypesAndContributionMap": {
              "gradle": {
                "insertions": 60,
                "deletions": 0
              },
              "txt": {
                "insertions": 0,
                "deletions": 1
              }
            }
          },
          {
            "hash": "d171084503ee00bbf3b7a8184d52ff73481f12bc",
            "messageTitle": "delete dependencies",
            "messageBody": "",
            "tags": [
              "A-Gradle"
            ],
            "fileTypesAndContributionMap": {
              "gradle": {
                "insertions": 0,
                "deletions": 17
              }
            }
          },
          {
            "hash": "790b6c4e3f37b36626cb440211e30f16c308d7ba",
            "messageTitle": "Delete conflicts",
            "messageBody": "",
            "fileTypesAndContributionMap": {
              "gradle": {
                "insertions": 1,
                "deletions": 9
              }
            }
          },
          {
            "hash": "ff244b7c35302762aabe664c495638e2fc64fde3",
            "messageTitle": "Add GUI",
            "messageBody": "",
            "fileTypesAndContributionMap": {
              "gradle": {
                "insertions": 16,
                "deletions": 5
              },
              "txt": {
                "insertions": 2,
                "deletions": 0
              },
              "fxml": {
                "insertions": 35,
                "deletions": 0
              },
              "java": {
                "insertions": 124,
                "deletions": 88
              }
            }
          },
          {
            "hash": "2f56907da2a84a5f1ae78428c416fa2a6eeb079d",
            "messageTitle": "Add GUI window information",
            "messageBody": "",
            "tags": [
              "Level-10"
            ],
            "fileTypesAndContributionMap": {
              "java": {
                "insertions": 145,
                "deletions": 0
              }
            }
          }
        ]
      },
      {
        "date": "2020-09-04",
        "commitResults": [
          {
            "hash": "41486f0e5194d1cde522dbd1d0965916ca7fe69c",
            "messageTitle": "Add checkstyle information",
            "messageBody": "",
            "fileTypesAndContributionMap": {
              "gradle": {
                "insertions": 5,
                "deletions": 0
              },
              "txt": {
                "insertions": 0,
                "deletions": 1
              },
              "fxml": {
                "insertions": 4,
                "deletions": 4
              },
              "java": {
                "insertions": 9,
                "deletions": 59
              }
            }
          },
          {
            "hash": "559fcddd4f6f793f7232903a69e5ce755ce2e545",
            "messageTitle": "Add checkstyle file and branch",
            "messageBody": "",
            "tags": [
              "A-CheckStyle"
            ],
            "fileTypesAndContributionMap": {
              "java": {
                "insertions": 3,
                "deletions": 2
              }
            }
          }
        ]
      },
      {
        "date": "2020-09-06",
        "commitResults": [
          {
            "hash": "2c258965184f34e96fe6b57cda4d38e8a0152e98",
            "messageTitle": "Add branch-level-10 and then merge it",
            "messageBody": "",
            "tags": [
              "v0.2"
            ],
            "fileTypesAndContributionMap": {
              "gradle": {
                "insertions": 2,
                "deletions": 2
              },
              "java": {
                "insertions": 2,
                "deletions": 11
              }
            }
          },
          {
            "hash": "981b4ee8daa561e4e7b859b8cda5c9795abf04d5",
            "messageTitle": "Add assert in two occasions",
            "messageBody": "",
            "tags": [
              "A-Assertions"
            ],
            "fileTypesAndContributionMap": {
              "java": {
                "insertions": 4,
                "deletions": 2
              }
            }
          },
          {
            "hash": "75d24c51e929e10e4eab736b9550ba615c08c3b5",
            "messageTitle": "Improve code quality by obeying the checkstyle and CS2103 textbook.",
            "messageBody": "",
            "tags": [
              "A-CodeQuality"
            ],
            "fileTypesAndContributionMap": {
              "txt": {
                "insertions": 1,
                "deletions": 0
              },
              "java": {
                "insertions": 37,
                "deletions": 65
              }
            }
          },
          {
            "hash": "3567b5c877ed70b184b1d651fcd6b39b6854ee03",
            "messageTitle": "Add help command and improve the GUI",
            "messageBody": "",
            "tags": [
              "BCD-Extension"
            ],
            "fileTypesAndContributionMap": {
              "txt": {
                "insertions": 2,
                "deletions": 2
              },
              "fxml": {
                "insertions": 7,
                "deletions": 6
              },
              "java": {
                "insertions": 39,
                "deletions": 5
              }
            }
          },
          {
            "hash": "71d67af0d0a357d3c2534667c8c2a8ef0d5fc574",
            "messageTitle": "Change GUI photos",
            "messageBody": "",
            "tags": [
              "A-BetterGui"
            ],
            "fileTypesAndContributionMap": {
              "java": {
                "insertions": 1,
                "deletions": 1
              }
            }
          }
        ]
      },
      {
        "date": "2020-09-07",
        "commitResults": [
          {
            "hash": "605bb3c425d288510a2705a46bf9845b8ab47dd1",
            "messageTitle": "Change GUI\u0027s parameters",
            "messageBody": "",
            "fileTypesAndContributionMap": {
              "txt": {
                "insertions": 1,
                "deletions": 1
              },
              "fxml": {
                "insertions": 4,
                "deletions": 4
              }
            }
          },
          {
            "hash": "df0d777bd6d027510a857be06c48d5ca1811ea60",
            "messageTitle": "Change application in build.gradle \u0026 Add create file",
            "messageBody": "",
            "fileTypesAndContributionMap": {
              "gradle": {
                "insertions": 1,
                "deletions": 1
              },
              "txt": {
                "insertions": 2,
                "deletions": 3
              },
              "java": {
                "insertions": 21,
                "deletions": 12
              }
            }
          }
        ]
      },
      {
        "date": "2020-09-09",
        "commitResults": [
          {
            "hash": "13b1abef61f5a96f9e2f56b9d102034258ff1090",
            "messageTitle": "Repair some checkstyle bugs",
            "messageBody": "",
            "fileTypesAndContributionMap": {
              "java": {
                "insertions": 25,
                "deletions": 27
              }
            }
          },
          {
            "hash": "16223147dd2a186e1981583ea8bdeccb57076425",
            "messageTitle": "Rename Todo.java to ToDo.java",
            "messageBody": "",
            "fileTypesAndContributionMap": {
              "java": {
                "insertions": 0,
                "deletions": 0
              }
            }
          }
        ]
      },
      {
        "date": "2020-09-13",
        "commitResults": [
          {
            "hash": "0ec46c4af8beedc3810a97ca10ef2cdc2e78ea29",
            "messageTitle": "Add user guide",
            "messageBody": "",
            "tags": [
              "A-UserGuide"
            ],
            "fileTypesAndContributionMap": {
              "txt": {
                "insertions": 2,
                "deletions": 1
              },
              "md": {
                "insertions": 51,
                "deletions": 8
              }
            }
          },
          {
            "hash": "d714aef5c087fe04a26cc0b7ece507ac8e7b923c",
            "messageTitle": "Update README.md",
            "messageBody": "",
            "fileTypesAndContributionMap": {
              "md": {
                "insertions": 1,
                "deletions": 1
              }
            }
          }
        ]
      },
      {
        "date": "2020-09-15",
        "commitResults": [
          {
            "hash": "b784cdd8bcd28afe57881b429f2ccc10e6c4cff7",
            "messageTitle": "Update README.md",
            "messageBody": "",
            "fileTypesAndContributionMap": {
              "md": {
                "insertions": 1,
                "deletions": 1
              }
            }
          }
        ]
      },
      {
        "date": "2020-09-16",
        "commitResults": [
          {
            "hash": "e64a9bb6ef3e8a75078fabb1c87b77c4504717ff",
            "messageTitle": "Update README",
            "messageBody": "",
            "fileTypesAndContributionMap": {
              "md": {
                "insertions": 9,
                "deletions": 8
              }
            }
          },
          {
            "hash": "c7653f5b84ac08f6268dec044aac09d64ee5a4b1",
            "messageTitle": "Add delete error handling",
            "messageBody": "",
            "fileTypesAndContributionMap": {
              "txt": {
                "insertions": 1,
                "deletions": 2
              },
              "java": {
                "insertions": 2,
                "deletions": 1
              }
            }
          },
          {
            "hash": "e3918c718fdf245350236a49857d8fc74c4ea2bf",
            "messageTitle": "Delete original script in the user guide",
            "messageBody": "",
            "fileTypesAndContributionMap": {
              "txt": {
                "insertions": 1,
                "deletions": 1
              },
              "md": {
                "insertions": 0,
                "deletions": 2
              }
            }
          }
        ]
      }
    ]
  },
  "authorFileTypeContributionMap": {
    "Persdre": {
      "java": 1036,
      "md": 48,
      "fxml": 36,
      "sh": 1,
      "bat": 87,
      "gradle": 23,
      "txt": 10
    }
  },
  "authorContributionVariance": {
    "Persdre": 37605.19
  },
  "authorDisplayNameMap": {
    "Persdre": "CS2103T-T12-2 WANG..QIAN"
  }
}
