{"authorDailyContributionsMap":{"YuunoKun":[{"date":"2020-08-18","commitResults":[{"hash":"02fd75ef1186d91392d92040685e35c8e7c9cf49","messageTitle":"Level-1","messageBody":"","tags":["Level-1"],"fileTypesAndContributionMap":{"java":{"insertions":43,"deletions":7}}},{"hash":"80dc9fd22bfa82cd2fe9e65ca84bca467dae5ed6","messageTitle":"Level-2","messageBody":"","tags":["Level-2"],"fileTypesAndContributionMap":{"java":{"insertions":25,"deletions":3}}},{"hash":"fd8574f3cc83c741f263b1688864a777edadc995","messageTitle":"Level-3","messageBody":"","tags":["Level-3"],"fileTypesAndContributionMap":{"java":{"insertions":41,"deletions":5}}},{"hash":"0f7af9f90785ef9c4aa033b1128f33a0f4422fc3","messageTitle":"Level-4","messageBody":"","tags":["Level-4"],"fileTypesAndContributionMap":{"java":{"insertions":99,"deletions":6}}},{"hash":"331ab1aea76be6191742c5f66b7ac11f645109ab","messageTitle":"A-TextUiTesting","messageBody":"","tags":["A-TextUiTesting"],"fileTypesAndContributionMap":{"txt":{"insertions":5,"deletions":0},"bat":{"insertions":3,"deletions":1}}},{"hash":"d2f15268f0e22f94405d195f2df31d75c0b08155","messageTitle":"Level-5","messageBody":"","fileTypesAndContributionMap":{"java":{"insertions":105,"deletions":84}}},{"hash":"343936864924426f66fe0c9d33ffb3b40e7b4d80","messageTitle":"Level-5 Fixed typo in regex : deadline \u003d\u003e event","messageBody":"","fileTypesAndContributionMap":{"java":{"insertions":1,"deletions":1}}},{"hash":"6f042bcbf55304e637cf46c75a98fb844bc546e3","messageTitle":"Level-5 Fixed type in regex : /by \u003d\u003e /at","messageBody":"","tags":["Level-5"],"fileTypesAndContributionMap":{"java":{"insertions":1,"deletions":1}}},{"hash":"74ff5611e1f32167b123b47a95b352b34e716131","messageTitle":"Level-6","messageBody":"","tags":["Level-6"],"fileTypesAndContributionMap":{"txt":{"insertions":12,"deletions":0},"java":{"insertions":24,"deletions":5},"bat":{"insertions":1,"deletions":1}}},{"hash":"7d807d5c682fcba9094b2e95ec710803b8abbfd7","messageTitle":"A-Enums","messageBody":"","tags":["A-Enums"],"fileTypesAndContributionMap":{"java":{"insertions":170,"deletions":127}}}]},{"date":"2020-08-25","commitResults":[{"hash":"922cb1fbdc1d4e2e9a690d4b82f10d451205b1da","messageTitle":"Level-7","messageBody":"","fileTypesAndContributionMap":{"java":{"insertions":64,"deletions":11}}},{"hash":"be65ae3116e1b271525ab083ec593b8a558feafe","messageTitle":"Level-8","messageBody":"","fileTypesAndContributionMap":{"java":{"insertions":65,"deletions":20}}},{"hash":"8df46584b3c3626a6a3178ce8b32d8b4f48d66e8","messageTitle":"Level-7","messageBody":"","tags":["Level-7"],"fileTypesAndContributionMap":{"java":{"insertions":34,"deletions":16}}},{"hash":"b829b6f204fd0b04dda08c2ca44d53ba653cbd5e","messageTitle":"A-MoreOOP","messageBody":"","tags":["A-MoreOOP"],"fileTypesAndContributionMap":{"java":{"insertions":455,"deletions":258}}},{"hash":"d556d55fea9678151c88b634a4ed160e4ed2ed3c","messageTitle":"A-Packages","messageBody":"","tags":["A-Packages"],"fileTypesAndContributionMap":{"txt":{"insertions":9,"deletions":13},"java":{"insertions":150,"deletions":12},"bat":{"insertions":2,"deletions":2},"md":{"insertions":2,"deletions":2}}}]},{"date":"2020-08-26","commitResults":[{"hash":"e4de1a4409ba2887a6a09156a5a29e734537553b","messageTitle":"A-JUnit","messageBody":"","tags":["A-JUnit"],"fileTypesAndContributionMap":{"java":{"insertions":225,"deletions":0}}}]},{"date":"2020-08-27","commitResults":[{"hash":"f33d865d14d2faa603ba6deed9aaf851d6770704","messageTitle":"Update JavaDoc","messageBody":"","tags":["A-JavaDoc"],"fileTypesAndContributionMap":{"java":{"insertions":233,"deletions":27}}},{"hash":"d6fe1420f577d860ae88bd4b61f01d2ce9d6351d","messageTitle":"Update A-CodingStandard","messageBody":"","fileTypesAndContributionMap":{"java":{"insertions":234,"deletions":29}}},{"hash":"478cacb798d64c9ce2ceffb321f593ed252f33d5","messageTitle":"Add find command","messageBody":"","fileTypesAndContributionMap":{"java":{"insertions":281,"deletions":28}}}]},{"date":"2020-08-31","commitResults":[{"hash":"a5b40a5efe4671aa911880a10d5ebf3726ce3656","messageTitle":"Add gradle and checkstyle","messageBody":"","fileTypesAndContributionMap":{"java":{"insertions":213,"deletions":148}}},{"hash":"d005a47d75f392e0bd513546f04877f05ed51059","messageTitle":"Amend gradle main classname","messageBody":"","tags":["A-Gradle"],"fileTypesAndContributionMap":{"gradle":{"insertions":1,"deletions":1}}}]},{"date":"2020-09-01","commitResults":[{"hash":"66aa3ff706515b0809dbefb3b2249f599336ccdf","messageTitle":"Implement GUI via JavaFx","messageBody":"","tags":["Level-10"],"fileTypesAndContributionMap":{"gradle":{"insertions":22,"deletions":1},"fxml":{"insertions":33,"deletions":0},"java":{"insertions":288,"deletions":63}}}]},{"date":"2020-09-06","commitResults":[{"hash":"afc053710f734dc26d865045efdd66b12ee7410e","messageTitle":"Add assertions for date to be future","messageBody":"","fileTypesAndContributionMap":{"java":{"insertions":4,"deletions":2}}},{"hash":"c416a0cd590928909cbbfef977fad1bf9916d9be","messageTitle":"Update code according to coding standard","messageBody":"","fileTypesAndContributionMap":{"java":{"insertions":53,"deletions":47}}},{"hash":"dc1bce25adc522b326e7336cbd4c29605b6305e6","messageTitle":"Update duke command enum(remove fields)","messageBody":"","fileTypesAndContributionMap":{"java":{"insertions":5,"deletions":25}}},{"hash":"389b22b0b20dfb077231c87861cec5b39fb738c6","messageTitle":"Update stream implementation","messageBody":"","fileTypesAndContributionMap":{"java":{"insertions":2,"deletions":2}}}]},{"date":"2020-09-07","commitResults":[{"hash":"1f304cbce015cc62a335490d18de270c9c5c35c8","messageTitle":"Implement B-Reminder","messageBody":"","tags":["BCD-Extension"],"fileTypesAndContributionMap":{"java":{"insertions":100,"deletions":2}}}]},{"date":"2020-09-08","commitResults":[{"hash":"948290bf19de44a88d16c6f7293d33f5b9169047","messageTitle":"Amend assertion implementation","messageBody":"","fileTypesAndContributionMap":{"java":{"insertions":5,"deletions":0}}}]},{"date":"2020-09-14","commitResults":[{"hash":"c2ce82bf4a66dfd7d92b43ed285c9890066b1954","messageTitle":"Update GUI and stage title","messageBody":"","tags":["A-BetterGui"],"fileTypesAndContributionMap":{"fxml":{"insertions":5,"deletions":2},"java":{"insertions":1,"deletions":0}}},{"hash":"082e0290aa577ea1df2fcdadb1746ff0d526f677","messageTitle":"Add ClearallCommand.java Implement final features Fix date parsing issues","messageBody":"","fileTypesAndContributionMap":{"java":{"insertions":95,"deletions":17}}}]},{"date":"2020-09-15","commitResults":[{"hash":"daae823520eff85ea5726972487f2c67e3c5c7ba","messageTitle":"Add userguide","messageBody":"","tags":["A-UserGuide"],"fileTypesAndContributionMap":{"gradle":{"insertions":1,"deletions":1},"md":{"insertions":133,"deletions":10}}},{"hash":"7b514462ece6caac25561b5d78e006b0c2c8c646","messageTitle":"Fix systemTray not removing trayIcon after notification","messageBody":"","fileTypesAndContributionMap":{"java":{"insertions":6,"deletions":2},"md":{"insertions":1,"deletions":1}}}]},{"date":"2020-09-23","commitResults":[{"hash":"2bd43461a30d6a966e59dce1625046946a7f844c","messageTitle":"Final amend","messageBody":"","tags":["v0.2.1"],"fileTypesAndContributionMap":{"gradle":{"insertions":1,"deletions":7},"java":{"insertions":0,"deletions":55}}}]}]},"authorFileTypeContributionMap":{"YuunoKun":{"java":1628,"md":135,"fxml":36,"sh":0,"bat":4,"gradle":17,"txt":13}},"authorContributionVariance":{"YuunoKun":60970.76},"authorDisplayNameMap":{"YuunoKun":"CS2103T-W16-4 ZHAN..YANG"}}
