{
  "authorDailyContributionsMap": {
    "EthanTheGoondu": [
      {
        "date": "2020-08-18",
        "commitResults": [
          {
            "hash": "8e349581f83487a59305c10879a1fbb40a0c109e",
            "messageTitle": "Level 1 done",
            "messageBody": "",
            "fileTypesAndContributionMap": {
              "java": {
                "insertions": 19,
                "deletions": 2
              }
            }
          },
          {
            "hash": "099433ad1a14647e9808073735dfd737df83080a",
            "messageTitle": "Level 1 done",
            "messageBody": "",
            "fileTypesAndContributionMap": {
              "java": {
                "insertions": 13,
                "deletions": 6
              }
            }
          },
          {
            "hash": "dc1f9751234340f17cc1f9898693bfec54b9e93c",
            "messageTitle": "Level 1 done",
            "messageBody": "",
            "fileTypesAndContributionMap": {
              "java": {
                "insertions": 1,
                "deletions": 1
              }
            }
          },
          {
            "hash": "6a4aacd588504af4e4fa5d9ed254cfa98a798046",
            "messageTitle": "Level 1 done",
            "messageBody": "",
            "tags": [
              "Level-1"
            ],
            "fileTypesAndContributionMap": {
              "java": {
                "insertions": 10,
                "deletions": 7
              }
            }
          }
        ]
      },
      {
        "date": "2020-08-19",
        "commitResults": [
          {
            "hash": "8c3f219c30a91119391f073b5e3cf0a50e134221",
            "messageTitle": "Level 2 done",
            "messageBody": "",
            "fileTypesAndContributionMap": {
              "java": {
                "insertions": 57,
                "deletions": 7
              }
            }
          },
          {
            "hash": "e919304812dff6daa79fcb8e9201ce22c4c056dc",
            "messageTitle": "Level 2 done",
            "messageBody": "",
            "fileTypesAndContributionMap": {
              "java": {
                "insertions": 0,
                "deletions": 8
              }
            }
          },
          {
            "hash": "5c6be50ebb9e8fe1c80b199b0360186c3d18c498",
            "messageTitle": "Level 2 done",
            "messageBody": "",
            "fileTypesAndContributionMap": {
              "java": {
                "insertions": 1,
                "deletions": 1
              }
            }
          },
          {
            "hash": "2abe50e4da11d2a0fa42656a1f41e9c6bf8bdd60",
            "messageTitle": "Level 2 done",
            "messageBody": "",
            "tags": [
              "Level-2"
            ],
            "fileTypesAndContributionMap": {
              "java": {
                "insertions": 3,
                "deletions": 2
              }
            }
          },
          {
            "hash": "d79b89e11afa21996bfeff79d5f37b420e8cfa7b",
            "messageTitle": "Level 3 done",
            "messageBody": "",
            "tags": [
              "Level-3"
            ],
            "fileTypesAndContributionMap": {
              "java": {
                "insertions": 39,
                "deletions": 7
              }
            }
          },
          {
            "hash": "9bc81a992f5a1ddf739a13b42145f63674d406ff",
            "messageTitle": "Level 4 done",
            "messageBody": "",
            "fileTypesAndContributionMap": {
              "java": {
                "insertions": 65,
                "deletions": 3
              }
            }
          },
          {
            "hash": "2f13e2237aa8ec02f30e33716cc4bed13895f98f",
            "messageTitle": "Level 4 done",
            "messageBody": "",
            "tags": [
              "Level-4"
            ],
            "fileTypesAndContributionMap": {
              "java": {
                "insertions": 1,
                "deletions": 0
              }
            }
          },
          {
            "hash": "8b684e33bdca17333f68a8f4a91a72dc3c1420fc",
            "messageTitle": "Auto testing done",
            "messageBody": "",
            "tags": [
              "A-TextUiTesting"
            ],
            "fileTypesAndContributionMap": {
              "txt": {
                "insertions": 6,
                "deletions": 0
              }
            }
          }
        ]
      },
      {
        "date": "2020-08-20",
        "commitResults": [
          {
            "hash": "e11c938e6c6f1fd4353e4eb4c219ba98daddd777",
            "messageTitle": "Level 5 done",
            "messageBody": "",
            "tags": [
              "Level-5"
            ],
            "fileTypesAndContributionMap": {
              "java": {
                "insertions": 122,
                "deletions": 34
              }
            }
          },
          {
            "hash": "3f04e0979d7e3de8086eb6fcb3d06dba80ae3c93",
            "messageTitle": "Level 6 done",
            "messageBody": "",
            "tags": [
              "Level-6"
            ],
            "fileTypesAndContributionMap": {
              "java": {
                "insertions": 10,
                "deletions": 0
              }
            }
          }
        ]
      },
      {
        "date": "2020-08-26",
        "commitResults": [
          {
            "hash": "a6b96ded51caef52d17e61d2b4e747787aaca487",
            "messageTitle": "Working on L7",
            "messageBody": "",
            "fileTypesAndContributionMap": {
              "java": {
                "insertions": 266,
                "deletions": 217
              }
            }
          },
          {
            "hash": "0ed1e9b650bbd2e7d862bffe8392292f54abe839",
            "messageTitle": "Working on L7",
            "messageBody": "",
            "fileTypesAndContributionMap": {
              "java": {
                "insertions": 140,
                "deletions": 49
              }
            }
          },
          {
            "hash": "88e6be6e01f94dc8300d19c11f1ec58cc7143ddb",
            "messageTitle": "Working on L7",
            "messageBody": "",
            "fileTypesAndContributionMap": {
              "java": {
                "insertions": 0,
                "deletions": 1
              }
            }
          },
          {
            "hash": "1292be6944bee045c4f46c1c7311fa191f7722a2",
            "messageTitle": "Working on L8",
            "messageBody": "",
            "fileTypesAndContributionMap": {
              "java": {
                "insertions": 12,
                "deletions": 217
              }
            }
          },
          {
            "hash": "8fcc52b3cf65b11d283da177e83cff8956db4f44",
            "messageTitle": "Working on L8",
            "messageBody": "",
            "tags": [
              "Level-8"
            ],
            "fileTypesAndContributionMap": {
              "java": {
                "insertions": 279,
                "deletions": 0
              }
            }
          },
          {
            "hash": "dbacfb0c41dd0907398d81a82a746e8781933006",
            "messageTitle": "Working on L7",
            "messageBody": "",
            "fileTypesAndContributionMap": {
              "java": {
                "insertions": 0,
                "deletions": 1
              }
            }
          },
          {
            "hash": "8244de27e9f8a3f3b04f7063a511d8b750c4ad22",
            "messageTitle": "Merged properly, features work together",
            "messageBody": "",
            "fileTypesAndContributionMap": {
              "java": {
                "insertions": 8,
                "deletions": 2
              }
            }
          },
          {
            "hash": "a3e8013957fa23459b61ac68ce56ba827f671c94",
            "messageTitle": "MoreOOP",
            "messageBody": "",
            "tags": [
              "A-MoreOOP"
            ],
            "fileTypesAndContributionMap": {
              "java": {
                "insertions": 0,
                "deletions": 4
              }
            }
          },
          {
            "hash": "fb99c32c029d222a8784208b89fe70466814f330",
            "messageTitle": "JUnit",
            "messageBody": "",
            "fileTypesAndContributionMap": {
              "java": {
                "insertions": 40,
                "deletions": 0
              }
            }
          },
          {
            "hash": "c16a9613cfd43aa9161dece7dce45283350be281",
            "messageTitle": "JUnit",
            "messageBody": "",
            "tags": [
              "A-Jar",
              "A-JUnit"
            ],
            "fileTypesAndContributionMap": {
              "java": {
                "insertions": 14,
                "deletions": 4
              }
            }
          },
          {
            "hash": "45f1816230c0cf44607f4fad235efcd6880b99b7",
            "messageTitle": "Small Fixes",
            "messageBody": "",
            "fileTypesAndContributionMap": {
              "java": {
                "insertions": 10,
                "deletions": 11
              }
            }
          },
          {
            "hash": "0b35a1b14fbb0a03ba53835da47e5f4289f77c21",
            "messageTitle": "L9 done",
            "messageBody": "",
            "tags": [
              "Level-9"
            ],
            "fileTypesAndContributionMap": {
              "java": {
                "insertions": 94,
                "deletions": 29
              }
            }
          },
          {
            "hash": "1abae15412aa1e12c4e17ef25d749ecbb9bdd93c",
            "messageTitle": "Small Edit",
            "messageBody": "",
            "fileTypesAndContributionMap": {
              "java": {
                "insertions": 0,
                "deletions": 3
              }
            }
          }
        ]
      },
      {
        "date": "2020-09-01",
        "commitResults": [
          {
            "hash": "6a37cae874b8d1046c031db6d75b3b3090d01264",
            "messageTitle": "Added Gradle",
            "messageBody": "",
            "fileTypesAndContributionMap": {
              "java": {
                "insertions": 2,
                "deletions": 2
              }
            }
          },
          {
            "hash": "d2765b77b42e078c7d54596c3937a18f1d0dba13",
            "messageTitle": "Fixed bugs that came with installing gradle",
            "messageBody": "",
            "tags": [
              "A-Gradle"
            ],
            "fileTypesAndContributionMap": {
              "java": {
                "insertions": 1,
                "deletions": 1
              }
            }
          },
          {
            "hash": "2af3a9e55c6309c7976f5a3e6e9555539c4460f2",
            "messageTitle": "Checkstyle added, some small style fixes",
            "messageBody": "",
            "fileTypesAndContributionMap": {
              "gradle": {
                "insertions": 1,
                "deletions": 1
              },
              "java": {
                "insertions": 72,
                "deletions": 67
              }
            }
          },
          {
            "hash": "d563edf35903a7a0b60e7e0d22cb0366c2d3826d",
            "messageTitle": "Small fix, gradle able to run CheckStyle now",
            "messageBody": "",
            "tags": [
              "A-CheckStyle"
            ],
            "fileTypesAndContributionMap": {
              "gradle": {
                "insertions": 1,
                "deletions": 1
              }
            }
          },
          {
            "hash": "3b6cf00cd192d483084d5b93174c6c86c94f66a5",
            "messageTitle": "Working on GUI, Duke only echos the user",
            "messageBody": "",
            "fileTypesAndContributionMap": {
              "java": {
                "insertions": 158,
                "deletions": 1
              }
            }
          },
          {
            "hash": "a8eacdb66766cfa24b0787d8a826da2fe3674e58",
            "messageTitle": "Working on GUI, Duke only echos the user",
            "messageBody": "",
            "fileTypesAndContributionMap": {
              "java": {
                "insertions": 29,
                "deletions": 2
              }
            }
          },
          {
            "hash": "1b550c8a696b25e4c3bb5a904d6eb31c436c1638",
            "messageTitle": "Working on GUI, Duke works for the most part, but still extremely buggy and cannot close.",
            "messageBody": "",
            "fileTypesAndContributionMap": {
              "java": {
                "insertions": 68,
                "deletions": 38
              }
            }
          },
          {
            "hash": "3ee2e5b164b507a5d6b72bea579169c912dad4a8",
            "messageTitle": "Small fixes",
            "messageBody": "",
            "fileTypesAndContributionMap": {
              "java": {
                "insertions": 2,
                "deletions": 2
              }
            }
          },
          {
            "hash": "eb916e62320c6c35b81857152cb429b1f8befe4f",
            "messageTitle": "Small fixes again, loading saves works proerly now",
            "messageBody": "",
            "fileTypesAndContributionMap": {
              "java": {
                "insertions": 3,
                "deletions": 3
              }
            }
          }
        ]
      },
      {
        "date": "2020-09-02",
        "commitResults": [
          {
            "hash": "5e765fc3a1c34b04b245fcb913a472a0d6441fa0",
            "messageTitle": "Small fixes again",
            "messageBody": "",
            "fileTypesAndContributionMap": {
              "gradle": {
                "insertions": 1,
                "deletions": 1
              },
              "java": {
                "insertions": 0,
                "deletions": 28
              }
            }
          },
          {
            "hash": "b687990d73ab25670021a7f6e16de0241f6f3313",
            "messageTitle": "Small fixes again",
            "messageBody": "",
            "fileTypesAndContributionMap": {
              "gradle": {
                "insertions": 1,
                "deletions": 1
              }
            }
          }
        ]
      },
      {
        "date": "2020-09-08",
        "commitResults": [
          {
            "hash": "d35d9348f97ab1943c09226be86456e51d555899",
            "messageTitle": "Small fixes again",
            "messageBody": "",
            "fileTypesAndContributionMap": {
              "gradle": {
                "insertions": 2,
                "deletions": 1
              },
              "java": {
                "insertions": 5,
                "deletions": 1
              }
            }
          },
          {
            "hash": "34716d58fc912c70920c1a2c1d96ecb929e8057e",
            "messageTitle": "Added assertions",
            "messageBody": "",
            "fileTypesAndContributionMap": {
              "java": {
                "insertions": 5,
                "deletions": 0
              }
            }
          },
          {
            "hash": "b267e1278d0584de5d6a182a88a07ad93e48acdf",
            "messageTitle": "Added assertions",
            "messageBody": "",
            "fileTypesAndContributionMap": {
              "java": {
                "insertions": 2,
                "deletions": 0
              }
            }
          },
          {
            "hash": "1c3c6607f7da3a716dc168a8de44fb5105f6fe02",
            "messageTitle": "Small changes",
            "messageBody": "",
            "tags": [
              "A-Assertions"
            ],
            "fileTypesAndContributionMap": {
              "java": {
                "insertions": 0,
                "deletions": 1
              }
            }
          },
          {
            "hash": "3696bb98981822ac27fa1ef52da109efdbb7cbc8",
            "messageTitle": "Improved code quality",
            "messageBody": "",
            "tags": [
              "A-CodeQuality"
            ],
            "fileTypesAndContributionMap": {
              "java": {
                "insertions": 0,
                "deletions": 15
              }
            }
          },
          {
            "hash": "95765fc9b02b8710fdab2a3897ea1eef66891f4c",
            "messageTitle": "Added duplicate management, does not allow addition of duplicate tasks.",
            "messageBody": "",
            "tags": [
              "BCD-Extension"
            ],
            "fileTypesAndContributionMap": {
              "java": {
                "insertions": 90,
                "deletions": 8
              }
            }
          }
        ]
      },
      {
        "date": "2020-09-17",
        "commitResults": [
          {
            "hash": "5c18f7bed401fe98652345b9eb96e5182a5ecfad",
            "messageTitle": "Implement FXML, still buggy",
            "messageBody": "",
            "fileTypesAndContributionMap": {
              "fxml": {
                "insertions": 35,
                "deletions": 0
              },
              "java": {
                "insertions": 195,
                "deletions": 97
              }
            }
          },
          {
            "hash": "68b17f024f20accff1a58cfa447ceff73161a2fe",
            "messageTitle": "Major refactor. Lots of deleted lines and massive improvements for JavaDocs",
            "messageBody": "",
            "fileTypesAndContributionMap": {
              "gradle": {
                "insertions": 16,
                "deletions": 2
              },
              "fxml": {
                "insertions": 1,
                "deletions": 1
              },
              "java": {
                "insertions": 119,
                "deletions": 189
              }
            }
          },
          {
            "hash": "0a27dedbc51be027847e19b6a973d17bcbb6f00c",
            "messageTitle": "Add new exceptions, make new JavaDoc lines.",
            "messageBody": "",
            "fileTypesAndContributionMap": {
              "java": {
                "insertions": 31,
                "deletions": 17
              }
            }
          },
          {
            "hash": "8d171a29e77412853dca3ac5cc4f5ebc9f23003a",
            "messageTitle": "Bug fixes, make new JavaDoc lines.",
            "messageBody": "",
            "fileTypesAndContributionMap": {
              "fxml": {
                "insertions": 1,
                "deletions": 1
              },
              "java": {
                "insertions": 23,
                "deletions": 3
              }
            }
          }
        ]
      },
      {
        "date": "2020-09-18",
        "commitResults": [
          {
            "hash": "4d84525927eba5b10c23473e98c06cb2f4be40ec",
            "messageTitle": "Aesthetic changes to UI, and addition of title, final touches.",
            "messageBody": "",
            "tags": [
              "A-BetterGui"
            ],
            "fileTypesAndContributionMap": {
              "fxml": {
                "insertions": 7,
                "deletions": 3
              },
              "java": {
                "insertions": 1,
                "deletions": 0
              }
            }
          },
          {
            "hash": "aeab7b15f297e4cfdcac59b35261a5469c4ca368",
            "messageTitle": "Add Ui screenshot, updated README",
            "messageBody": "",
            "tags": [
              "A-Release"
            ],
            "fileTypesAndContributionMap": {
              "md": {
                "insertions": 117,
                "deletions": 11
              }
            }
          },
          {
            "hash": "828718850e2b030a5e02f2791b51ad12e07d0731",
            "messageTitle": "Small changes, final touches, README updated.",
            "messageBody": "",
            "tags": [
              "A-UserGuide"
            ],
            "fileTypesAndContributionMap": {
              "gradle": {
                "insertions": 1,
                "deletions": 1
              },
              "fxml": {
                "insertions": 1,
                "deletions": 1
              },
              "java": {
                "insertions": 1,
                "deletions": 4
              },
              "md": {
                "insertions": 1,
                "deletions": 1
              }
            }
          }
        ]
      }
    ]
  },
  "authorFileTypeContributionMap": {
    "EthanTheGoondu": {
      "java": 869,
      "md": 117,
      "fxml": 39,
      "sh": 0,
      "bat": 0,
      "gradle": 19,
      "txt": 6
    }
  },
  "authorContributionVariance": {
    "EthanTheGoondu": 69687.03
  },
  "authorDisplayNameMap": {
    "EthanTheGoondu": "CS2103T-W12-2 ETHA..ARIO"
  }
}
