{
  "authorDailyContributionsMap": {
    "ypinhsuan": [
      {
        "date": "2020-08-14",
        "commitResults": [
          {
            "hash": "679c180ed6bddc63b796fabcef5d09c9f8e8e989",
            "messageTitle": "Added level 1",
            "messageBody": "",
            "fileTypesAndContributionMap": {
              "java": {
                "insertions": 26,
                "deletions": 6
              }
            }
          },
          {
            "hash": "9c8e4bda86b1d86d6c961ad47bbe8db799432ecf",
            "messageTitle": "Added level 2",
            "messageBody": "",
            "tags": [
              "Level-2"
            ],
            "fileTypesAndContributionMap": {
              "java": {
                "insertions": 13,
                "deletions": 1
              }
            }
          },
          {
            "hash": "4f249dbbac35961e29712dcdbbc0d6b7f26b865b",
            "messageTitle": "Added level 3",
            "messageBody": "",
            "tags": [
              "Level-3"
            ],
            "fileTypesAndContributionMap": {
              "java": {
                "insertions": 43,
                "deletions": 5
              }
            }
          }
        ]
      },
      {
        "date": "2020-08-15",
        "commitResults": [
          {
            "hash": "ba8d6fe157bd7caa9e9b1d3dda5785fabc5cf2c8",
            "messageTitle": "Added level 4",
            "messageBody": "",
            "tags": [
              "Level-4"
            ],
            "fileTypesAndContributionMap": {
              "java": {
                "insertions": 70,
                "deletions": 13
              }
            }
          }
        ]
      },
      {
        "date": "2020-08-16",
        "commitResults": [
          {
            "hash": "ee4cf9b2e9de3236319c3cdaa864e77513803954",
            "messageTitle": "Added A-TextUiTesting",
            "messageBody": "",
            "tags": [
              "A-TextUiTesting"
            ],
            "fileTypesAndContributionMap": {
              "txt": {
                "insertions": 8,
                "deletions": 0
              },
              "java": {
                "insertions": 3,
                "deletions": 3
              },
              "bat": {
                "insertions": 3,
                "deletions": 1
              }
            }
          },
          {
            "hash": "c1fa591450b92b9dff533e7de465f01a5d60b571",
            "messageTitle": "Handle errors",
            "messageBody": "",
            "tags": [
              "Level-5"
            ],
            "fileTypesAndContributionMap": {
              "txt": {
                "insertions": 4,
                "deletions": 0
              },
              "java": {
                "insertions": 104,
                "deletions": 64
              },
              "bat": {
                "insertions": 1,
                "deletions": 0
              }
            }
          },
          {
            "hash": "1347980aadd611529876818d8e2ddd6fd70ff345",
            "messageTitle": "Delete",
            "messageBody": "",
            "tags": [
              "Level-6"
            ],
            "fileTypesAndContributionMap": {
              "txt": {
                "insertions": 4,
                "deletions": 0
              },
              "java": {
                "insertions": 18,
                "deletions": 1
              }
            }
          }
        ]
      },
      {
        "date": "2020-08-22",
        "commitResults": [
          {
            "hash": "79afe3337d8a4589fc4bd4dc671ac240b5bbc16d",
            "messageTitle": "Add save task",
            "messageBody": "",
            "fileTypesAndContributionMap": {
              "java": {
                "insertions": 140,
                "deletions": 8
              },
              "bat": {
                "insertions": 2,
                "deletions": 0
              }
            }
          }
        ]
      },
      {
        "date": "2020-08-23",
        "commitResults": [
          {
            "hash": "e3deb4ca3c65e16829b414484cdec29eb0efde34",
            "messageTitle": "Add LocalDateTime to event and deadline",
            "messageBody": "",
            "fileTypesAndContributionMap": {
              "txt": {
                "insertions": 2,
                "deletions": 2
              },
              "java": {
                "insertions": 31,
                "deletions": 13
              }
            }
          }
        ]
      },
      {
        "date": "2020-08-24",
        "commitResults": [
          {
            "hash": "3c5a694adfeb4418433df68ee34bca55fdb8ec92",
            "messageTitle": "Make the code more OOP",
            "messageBody": "",
            "tags": [
              "A-MoreOOP"
            ],
            "fileTypesAndContributionMap": {
              "java": {
                "insertions": 407,
                "deletions": 225
              }
            }
          },
          {
            "hash": "987d0346b09f4a6405fcec8aa72cb8eb37ecb048",
            "messageTitle": "Divide classes into packages",
            "messageBody": "",
            "tags": [
              "A-Packages"
            ],
            "fileTypesAndContributionMap": {
              "java": {
                "insertions": 82,
                "deletions": 0
              }
            }
          },
          {
            "hash": "1be3d79d53114054ca16986e2eb8c6e08f0a8152",
            "messageTitle": "Add JUnit test for class ToDo, Event and Deadline",
            "messageBody": "",
            "tags": [
              "A-Jar",
              "A-JUnit"
            ],
            "fileTypesAndContributionMap": {
              "java": {
                "insertions": 118,
                "deletions": 22
              },
              "bat": {
                "insertions": 3,
                "deletions": 2
              }
            }
          }
        ]
      },
      {
        "date": "2020-08-25",
        "commitResults": [
          {
            "hash": "90efce507c4e241d7bf7a7f24e9b78504a5f0544",
            "messageTitle": "Add JavaDoc comments to code.",
            "messageBody": "",
            "fileTypesAndContributionMap": {
              "java": {
                "insertions": 315,
                "deletions": 18
              }
            }
          },
          {
            "hash": "1f523489de24eecafc973a8c67684073251cc7ea",
            "messageTitle": "Edit code to comply with coding standard.",
            "messageBody": "",
            "fileTypesAndContributionMap": {
              "java": {
                "insertions": 76,
                "deletions": 78
              }
            }
          },
          {
            "hash": "7aeb0edb00dede59de33dfb0160266751b0441a6",
            "messageTitle": "Allow users to find a task by searching for keyword.",
            "messageBody": "",
            "fileTypesAndContributionMap": {
              "txt": {
                "insertions": 3,
                "deletions": 0
              },
              "java": {
                "insertions": 45,
                "deletions": 0
              }
            }
          },
          {
            "hash": "be1b035c06aa4fd46497134ca5ece241ef8881ae",
            "messageTitle": "Add JavaDoc comments to FindCommand.",
            "messageBody": "",
            "fileTypesAndContributionMap": {
              "java": {
                "insertions": 10,
                "deletions": 0
              }
            }
          }
        ]
      },
      {
        "date": "2020-08-27",
        "commitResults": [
          {
            "hash": "cf57dd5893d1d1430efef9e25fc4acb4be2f5342",
            "messageTitle": "Add parse dates in multiple formats",
            "messageBody": "",
            "fileTypesAndContributionMap": {
              "txt": {
                "insertions": 2,
                "deletions": 2
              },
              "java": {
                "insertions": 48,
                "deletions": 17
              }
            }
          }
        ]
      },
      {
        "date": "2020-08-28",
        "commitResults": [
          {
            "hash": "3c464978fee07e975fcac70cfea48ed95165c227",
            "messageTitle": "Use single class import",
            "messageBody": "",
            "fileTypesAndContributionMap": {
              "java": {
                "insertions": 11,
                "deletions": 3
              }
            }
          },
          {
            "hash": "ff20902774625ca1fc440314853ec7a6e67806de",
            "messageTitle": "Use checkstyle to detect coding style violations and edit code to follow style.",
            "messageBody": "",
            "fileTypesAndContributionMap": {
              "gradle": {
                "insertions": 2,
                "deletions": 1
              },
              "java": {
                "insertions": 31,
                "deletions": 24
              }
            }
          }
        ]
      },
      {
        "date": "2020-08-30",
        "commitResults": [
          {
            "hash": "acccd4ce91654414962fbe95b2186ec14b7b70b7",
            "messageTitle": "Add a GUI to Duke.",
            "messageBody": "",
            "fileTypesAndContributionMap": {
              "gradle": {
                "insertions": 15,
                "deletions": 0
              },
              "fxml": {
                "insertions": 39,
                "deletions": 0
              },
              "java": {
                "insertions": 168,
                "deletions": 7
              }
            }
          },
          {
            "hash": "d652cc377962a5ee3a8e2af43c8d7a5853b5af6c",
            "messageTitle": "More OOP.",
            "messageBody": "",
            "fileTypesAndContributionMap": {
              "fxml": {
                "insertions": 0,
                "deletions": 0
              },
              "java": {
                "insertions": 141,
                "deletions": 188
              }
            }
          }
        ]
      },
      {
        "date": "2020-08-31",
        "commitResults": [
          {
            "hash": "297ca3e6fafc981dceefd1d2e12dea8955fe52de",
            "messageTitle": "Improve Gui",
            "messageBody": "",
            "fileTypesAndContributionMap": {
              "fxml": {
                "insertions": 9,
                "deletions": 5
              },
              "java": {
                "insertions": 62,
                "deletions": 83
              }
            }
          },
          {
            "hash": "65933a42714c63210ece4619d1a1e337806c1b34",
            "messageTitle": "Add javadoc comments.",
            "messageBody": "",
            "fileTypesAndContributionMap": {
              "java": {
                "insertions": 51,
                "deletions": 10
              }
            }
          },
          {
            "hash": "af7587c8923830d532844bdd2bf01c4995d63c22",
            "messageTitle": "Edit code to follow checkstyle.",
            "messageBody": "",
            "tags": [
              "Level-10"
            ],
            "fileTypesAndContributionMap": {
              "java": {
                "insertions": 18,
                "deletions": 19
              }
            }
          }
        ]
      },
      {
        "date": "2020-09-04",
        "commitResults": [
          {
            "hash": "6d31d9eff9c2c69c6d78fa4a4cafa8909a15583b",
            "messageTitle": "Edit code to follow checkstyle.",
            "messageBody": "",
            "fileTypesAndContributionMap": {
              "java": {
                "insertions": 161,
                "deletions": 98
              }
            }
          },
          {
            "hash": "098903affb4618a7eb4fa8f8b0b9ba95e64cb5d5",
            "messageTitle": "Add assertions.",
            "messageBody": "",
            "fileTypesAndContributionMap": {
              "java": {
                "insertions": 3,
                "deletions": 0
              }
            }
          },
          {
            "hash": "6cef14b5b9dc6e5b00bf3146a6319528e8a89365",
            "messageTitle": "Improve code quality.",
            "messageBody": "",
            "fileTypesAndContributionMap": {
              "java": {
                "insertions": 29,
                "deletions": 12
              }
            }
          },
          {
            "hash": "d6ce9cc343c4e947a6e8ca58261f49ce451d3d9d",
            "messageTitle": "Add assertion in Storage class.",
            "messageBody": "",
            "fileTypesAndContributionMap": {
              "java": {
                "insertions": 12,
                "deletions": 9
              }
            }
          },
          {
            "hash": "c53efd0e7e35059bd357a24087f161fd00e99921",
            "messageTitle": "Edit build.gradle to create jar file.",
            "messageBody": "",
            "tags": [
              "A-Streams",
              "A-Lambdas"
            ],
            "fileTypesAndContributionMap": {
              "gradle": {
                "insertions": 3,
                "deletions": 2
              }
            }
          }
        ]
      },
      {
        "date": "2020-09-05",
        "commitResults": [
          {
            "hash": "e281e1bc9b23d997b8b3f4a13d215b528907e7fa",
            "messageTitle": "Add sort feature",
            "messageBody": "",
            "tags": [
              "C-Sort",
              "BCD-Extension"
            ],
            "fileTypesAndContributionMap": {
              "java": {
                "insertions": 98,
                "deletions": 12
              }
            }
          }
        ]
      },
      {
        "date": "2020-09-06",
        "commitResults": [
          {
            "hash": "798e06f76f92709c90975f6b8b3539ac71a4cce5",
            "messageTitle": "Fix encoding issues",
            "messageBody": "",
            "fileTypesAndContributionMap": {
              "java": {
                "insertions": 1,
                "deletions": 1
              }
            }
          },
          {
            "hash": "7bffe21475efaf8901ebdc8c5a19f4968ecf4082",
            "messageTitle": "Fix bugs in Event class",
            "messageBody": "",
            "fileTypesAndContributionMap": {
              "java": {
                "insertions": 38,
                "deletions": 19
              }
            }
          },
          {
            "hash": "635b32a76fb7bd6f2fa3319de9f2322e96d4f916",
            "messageTitle": "Edit JUnit test",
            "messageBody": "",
            "fileTypesAndContributionMap": {
              "java": {
                "insertions": 29,
                "deletions": 8
              }
            }
          }
        ]
      },
      {
        "date": "2020-09-11",
        "commitResults": [
          {
            "hash": "7e1071af8dbeff1ff5ed83455e1e61a3058ffd9c",
            "messageTitle": "Refactor code",
            "messageBody": "",
            "fileTypesAndContributionMap": {
              "java": {
                "insertions": 79,
                "deletions": 23
              }
            }
          },
          {
            "hash": "e4602717c5d58ed5848ee07cd6d7816a08ab028d",
            "messageTitle": "Organize into package",
            "messageBody": "",
            "fileTypesAndContributionMap": {
              "fxml": {
                "insertions": 1,
                "deletions": 1
              },
              "java": {
                "insertions": 19,
                "deletions": 15
              }
            }
          }
        ]
      },
      {
        "date": "2020-09-12",
        "commitResults": [
          {
            "hash": "eb33c0f151c54e2a3b5028ddbcdeb0997bf8619e",
            "messageTitle": "Improve the GUI",
            "messageBody": "",
            "tags": [
              "A-BetterGui"
            ],
            "fileTypesAndContributionMap": {
              "fxml": {
                "insertions": 8,
                "deletions": 8
              },
              "java": {
                "insertions": 37,
                "deletions": 17
              }
            }
          },
          {
            "hash": "877ce62277c3e57fa4b1584c8f76ec4dcd268c9f",
            "messageTitle": "Add help page",
            "messageBody": "",
            "fileTypesAndContributionMap": {
              "fxml": {
                "insertions": 4,
                "deletions": 4
              },
              "java": {
                "insertions": 39,
                "deletions": 2
              }
            }
          },
          {
            "hash": "0a2d53083b17952c473bcef8a91f582a787c759b",
            "messageTitle": "Update README.md",
            "messageBody": "",
            "tags": [
              "A-UserGuide"
            ],
            "fileTypesAndContributionMap": {
              "md": {
                "insertions": 73,
                "deletions": 9
              }
            }
          },
          {
            "hash": "308256d3a9a2315db497a9ff6d2cf93e0f7ad08b",
            "messageTitle": "Fix bug in HelpCommand",
            "messageBody": "",
            "fileTypesAndContributionMap": {
              "java": {
                "insertions": 1,
                "deletions": 1
              }
            }
          },
          {
            "hash": "bee631d98a15e4135eba17ca68c8dbada2c26115",
            "messageTitle": "Fix typos",
            "messageBody": "",
            "fileTypesAndContributionMap": {
              "java": {
                "insertions": 2,
                "deletions": 2
              }
            }
          }
        ]
      },
      {
        "date": "2020-09-14",
        "commitResults": [
          {
            "hash": "f2e82aec4ad39ca6ddb93165b7fb8ad3390e4710",
            "messageTitle": "Make find command case insensitive",
            "messageBody": "",
            "fileTypesAndContributionMap": {
              "java": {
                "insertions": 25,
                "deletions": 14
              }
            }
          },
          {
            "hash": "2b465ffd7783be54c8d1314c0e5f097d572c9796",
            "messageTitle": "Fix bugs when creating event",
            "messageBody": "",
            "fileTypesAndContributionMap": {
              "java": {
                "insertions": 4,
                "deletions": 8
              }
            }
          }
        ]
      },
      {
        "date": "2020-09-15",
        "commitResults": [
          {
            "hash": "7675246f39be7d4e9d06fbf922b30de598d1d4a9",
            "messageTitle": "Add whitespace",
            "messageBody": "",
            "fileTypesAndContributionMap": {
              "java": {
                "insertions": 1,
                "deletions": 1
              }
            }
          },
          {
            "hash": "672025cdadebd4ce3b791560d5c42b7b32fc9446",
            "messageTitle": "Fix encoding issues when storing data",
            "messageBody": "",
            "tags": [
              "v0.3",
              "A-Release"
            ],
            "fileTypesAndContributionMap": {
              "java": {
                "insertions": 2,
                "deletions": 2
              }
            }
          }
        ]
      }
    ]
  },
  "authorFileTypeContributionMap": {
    "ypinhsuan": {
      "java": 1578,
      "md": 73,
      "fxml": 43,
      "sh": 0,
      "bat": 8,
      "gradle": 20,
      "txt": 19
    }
  },
  "authorContributionVariance": {
    "ypinhsuan": 37729.406
  },
  "authorDisplayNameMap": {
    "ypinhsuan": "CS2103T-T10-4 YEN ..SUAN"
  }
}
