{
  "authorDailyContributionsMap": {
    "ethanso56": [
      {
        "date": "2020-08-14",
        "commitResults": [
          {
            "hash": "41a651b86d5f9342fd6a56e6330e2d1b4e7dc604",
            "messageTitle": "Level1 done",
            "messageBody": "",
            "tags": [
              "Level-1"
            ],
            "fileTypesAndContributionMap": {
              "java": {
                "insertions": 11,
                "deletions": 0
              }
            }
          },
          {
            "hash": "3eeb86fad1e1b79fbd2de770bbafe04d18f85b2e",
            "messageTitle": "Level2 done",
            "messageBody": "",
            "tags": [
              "Level-2"
            ],
            "fileTypesAndContributionMap": {
              "java": {
                "insertions": 17,
                "deletions": 1
              }
            }
          },
          {
            "hash": "497b862f0683f1183f255cccd267b4afb51930e6",
            "messageTitle": "Level3 done",
            "messageBody": "",
            "tags": [
              "Level-3"
            ],
            "fileTypesAndContributionMap": {
              "java": {
                "insertions": 57,
                "deletions": 10
              }
            }
          }
        ]
      },
      {
        "date": "2020-08-15",
        "commitResults": [
          {
            "hash": "6173890dbcde38e1164fdd1d39f1024a25c63dfa",
            "messageTitle": "Level 4 done",
            "messageBody": "",
            "tags": [
              "Level-4"
            ],
            "fileTypesAndContributionMap": {
              "java": {
                "insertions": 87,
                "deletions": 25
              }
            }
          },
          {
            "hash": "d029a3662ab5a7eecd8589b1bb65c1ec754e5cdf",
            "messageTitle": "Level5 done",
            "messageBody": "",
            "tags": [
              "Level-5"
            ],
            "fileTypesAndContributionMap": {
              "txt": {
                "insertions": 1,
                "deletions": 0
              },
              "java": {
                "insertions": 26,
                "deletions": 7
              },
              "sh": {
                "insertions": 1,
                "deletions": 1
              }
            }
          },
          {
            "hash": "7b703c41e2d1b4ed150902161b08e65c66c17eeb",
            "messageTitle": "Level6 done",
            "messageBody": "",
            "tags": [
              "Level-6"
            ],
            "fileTypesAndContributionMap": {
              "java": {
                "insertions": 18,
                "deletions": 3
              }
            }
          }
        ]
      },
      {
        "date": "2020-08-17",
        "commitResults": [
          {
            "hash": "755822f8838127203379f2e73ba624f3030c2ee4",
            "messageTitle": "edited testing files",
            "messageBody": "",
            "fileTypesAndContributionMap": {
              "sh": {
                "insertions": 1,
                "deletions": 1
              }
            }
          }
        ]
      },
      {
        "date": "2020-08-22",
        "commitResults": [
          {
            "hash": "85239cfff916bc80513b32c7560376ffd835315a",
            "messageTitle": "Done Level 7 and Level 8",
            "messageBody": "",
            "fileTypesAndContributionMap": {
              "txt": {
                "insertions": 0,
                "deletions": 0
              }
            }
          },
          {
            "hash": "ecb79666a8996fe3851bdae01924da06b6a1ee2d",
            "messageTitle": "Done Level 7 and Level 8",
            "messageBody": "",
            "tags": [
              "Level-8",
              "A-TextUiTesting"
            ],
            "fileTypesAndContributionMap": {
              "txt": {
                "insertions": 2,
                "deletions": 0
              },
              "java": {
                "insertions": 34,
                "deletions": 7
              }
            }
          }
        ]
      },
      {
        "date": "2020-08-23",
        "commitResults": [
          {
            "hash": "216b0608cdc9e31f64cf233643a7e8629ebb7e38",
            "messageTitle": "Done MoreOOP",
            "messageBody": "",
            "tags": [
              "MoreOOP",
              "Level-7"
            ],
            "fileTypesAndContributionMap": {
              "txt": {
                "insertions": 0,
                "deletions": 2
              },
              "java": {
                "insertions": 238,
                "deletions": 110
              }
            }
          },
          {
            "hash": "e0188a0ace991bee076639e826f72fa92b6934c9",
            "messageTitle": "Deal with duke.txt not found",
            "messageBody": "",
            "fileTypesAndContributionMap": {
              "java": {
                "insertions": 21,
                "deletions": 4
              }
            }
          }
        ]
      },
      {
        "date": "2020-08-24",
        "commitResults": [
          {
            "hash": "955a11560f7eb57cea71042684e1579dc80ee36c",
            "messageTitle": "Put all classes in Duke package",
            "messageBody": "",
            "tags": [
              "A-Packages"
            ],
            "fileTypesAndContributionMap": {
              "txt": {
                "insertions": 2,
                "deletions": 0
              },
              "java": {
                "insertions": 53,
                "deletions": 27
              }
            }
          },
          {
            "hash": "0c5aae69e50a25a37fb2a7a38b45014c6fdd3ec3",
            "messageTitle": "Fix loading of data",
            "messageBody": "",
            "tags": [
              "Level-7-Updated"
            ],
            "fileTypesAndContributionMap": {
              "txt": {
                "insertions": 5,
                "deletions": 2
              },
              "java": {
                "insertions": 33,
                "deletions": 17
              }
            }
          },
          {
            "hash": "82a6bf1bb396354acdb9764ced652f185987742f",
            "messageTitle": "Done A-JUnit",
            "messageBody": "",
            "tags": [
              "A-JUnit"
            ],
            "fileTypesAndContributionMap": {
              "java": {
                "insertions": 46,
                "deletions": 7
              }
            }
          },
          {
            "hash": "a642825413932883410248b6a77730f2baa7420e",
            "messageTitle": "Create jar file",
            "messageBody": "",
            "tags": [
              "A-Jar"
            ],
            "fileTypesAndContributionMap": {
              "txt": {
                "insertions": 0,
                "deletions": 4
              },
              "java": {
                "insertions": 3,
                "deletions": 2
              }
            }
          },
          {
            "hash": "168a3ed2051c4cb70471bb345e2befe38e6afed0",
            "messageTitle": "Add javadocs",
            "messageBody": "",
            "tags": [
              "A-JavaDoc"
            ],
            "fileTypesAndContributionMap": {
              "java": {
                "insertions": 68,
                "deletions": 11
              }
            }
          },
          {
            "hash": "15b4aec17fa593bdca4eb58e0facff450fc09da6",
            "messageTitle": "Done coding standard",
            "messageBody": "",
            "tags": [
              "A-CodingStandard"
            ],
            "fileTypesAndContributionMap": {
              "txt": {
                "insertions": 0,
                "deletions": 1
              },
              "java": {
                "insertions": 83,
                "deletions": 45
              }
            }
          }
        ]
      },
      {
        "date": "2020-08-25",
        "commitResults": [
          {
            "hash": "465f609152cca108258f38a06ccfd4c0305920f3",
            "messageTitle": "Done find feature",
            "messageBody": "",
            "tags": [
              "Level-9"
            ],
            "fileTypesAndContributionMap": {
              "txt": {
                "insertions": 4,
                "deletions": 0
              },
              "java": {
                "insertions": 107,
                "deletions": 60
              }
            }
          }
        ]
      },
      {
        "date": "2020-08-29",
        "commitResults": [
          {
            "hash": "35877b36081df0e337eb98f8aafbe08ebf3c9692",
            "messageTitle": "Done gradle",
            "messageBody": "",
            "tags": [
              "A-Gradle"
            ],
            "fileTypesAndContributionMap": {
              "gradle": {
                "insertions": 1,
                "deletions": 1
              },
              "txt": {
                "insertions": 1,
                "deletions": 0
              },
              "java": {
                "insertions": 3,
                "deletions": 15
              }
            }
          }
        ]
      }
    ]
  },
  "authorFileTypeContributionMap": {
    "ethanso56": {
      "java": 561,
      "md": 0,
      "fxml": 0,
      "sh": 1,
      "bat": 0,
      "gradle": 1,
      "txt": 6
    }
  },
  "authorContributionVariance": {
    "ethanso56": 17115.984
  },
  "authorDisplayNameMap": {
    "ethanso56": "CS2103T-W11-3 SO W..THAN"
  }
}
