[
  {
    "path": "src/main/java/Deadline.java",
    "fileType": "java",
    "lines": [
      {
        "lineNumber": 1,
        "author": {
          "gitId": "wilinetan"
        },
        "content": "public class Deadline extends Task {"
      },
      {
        "lineNumber": 2,
        "author": {
          "gitId": "wilinetan"
        },
        "content": ""
      },
      {
        "lineNumber": 3,
        "author": {
          "gitId": "wilinetan"
        },
        "content": "    protected String by;"
      },
      {
        "lineNumber": 4,
        "author": {
          "gitId": "wilinetan"
        },
        "content": ""
      },
      {
        "lineNumber": 5,
        "author": {
          "gitId": "wilinetan"
        },
        "content": "    public Deadline(String description, String by) {"
      },
      {
        "lineNumber": 6,
        "author": {
          "gitId": "wilinetan"
        },
        "content": "        super(description);"
      },
      {
        "lineNumber": 7,
        "author": {
          "gitId": "wilinetan"
        },
        "content": "        this.by \u003d by;"
      },
      {
        "lineNumber": 8,
        "author": {
          "gitId": "wilinetan"
        },
        "content": "    }"
      },
      {
        "lineNumber": 9,
        "author": {
          "gitId": "wilinetan"
        },
        "content": ""
      },
      {
        "lineNumber": 10,
        "author": {
          "gitId": "wilinetan"
        },
        "content": "    @Override"
      },
      {
        "lineNumber": 11,
        "author": {
          "gitId": "wilinetan"
        },
        "content": "    public String toString() {"
      },
      {
        "lineNumber": 12,
        "author": {
          "gitId": "wilinetan"
        },
        "content": "        return \"[D]\" + super.toString() + \" (by: \" + by + \")\";"
      },
      {
        "lineNumber": 13,
        "author": {
          "gitId": "wilinetan"
        },
        "content": "    }"
      },
      {
        "lineNumber": 14,
        "author": {
          "gitId": "wilinetan"
        },
        "content": "}"
      }
    ],
    "authorContributionMap": {
      "wilinetan": 14
    }
  },
  {
    "path": "src/main/java/Duke.java",
    "fileType": "java",
    "lines": [
      {
        "lineNumber": 1,
        "author": {
          "gitId": "wilinetan"
        },
        "content": "import java.util.Scanner;"
      },
      {
        "lineNumber": 2,
        "author": {
          "gitId": "wilinetan"
        },
        "content": "import java.util.ArrayList;"
      },
      {
        "lineNumber": 3,
        "author": {
          "gitId": "wilinetan"
        },
        "content": ""
      },
      {
        "lineNumber": 4,
        "author": {
          "gitId": "-"
        },
        "content": "public class Duke {"
      },
      {
        "lineNumber": 5,
        "author": {
          "gitId": "wilinetan"
        },
        "content": "    static ArrayList\u003cTask\u003e tasks \u003d new ArrayList\u003c\u003e();"
      },
      {
        "lineNumber": 6,
        "author": {
          "gitId": "wilinetan"
        },
        "content": "    static int total \u003d 0;"
      },
      {
        "lineNumber": 7,
        "author": {
          "gitId": "wilinetan"
        },
        "content": ""
      },
      {
        "lineNumber": 8,
        "author": {
          "gitId": "-"
        },
        "content": "    public static void main(String[] args) {"
      },
      {
        "lineNumber": 9,
        "author": {
          "gitId": "wilinetan"
        },
        "content": "        System.out.println(\"    ___________________________________________________________\");"
      },
      {
        "lineNumber": 10,
        "author": {
          "gitId": "wilinetan"
        },
        "content": "        System.out.println(\"    Hello! I\u0027m Duke\\n    What can I do for you?\");"
      },
      {
        "lineNumber": 11,
        "author": {
          "gitId": "wilinetan"
        },
        "content": "        System.out.println(\"    ___________________________________________________________\");"
      },
      {
        "lineNumber": 12,
        "author": {
          "gitId": "wilinetan"
        },
        "content": "        Scanner sc \u003d new Scanner(System.in);"
      },
      {
        "lineNumber": 13,
        "author": {
          "gitId": "wilinetan"
        },
        "content": "        while (sc.hasNext()) {"
      },
      {
        "lineNumber": 14,
        "author": {
          "gitId": "wilinetan"
        },
        "content": "            String input \u003d sc.nextLine();"
      },
      {
        "lineNumber": 15,
        "author": {
          "gitId": "wilinetan"
        },
        "content": "            if (input.equals(\"bye\")) {"
      },
      {
        "lineNumber": 16,
        "author": {
          "gitId": "wilinetan"
        },
        "content": "                System.out.println(\"    ___________________________________________________________\");"
      },
      {
        "lineNumber": 17,
        "author": {
          "gitId": "wilinetan"
        },
        "content": "                System.out.println(\"    Bye. Hope to see you again soon!\");"
      },
      {
        "lineNumber": 18,
        "author": {
          "gitId": "wilinetan"
        },
        "content": "                System.out.println(\"    ___________________________________________________________\");"
      },
      {
        "lineNumber": 19,
        "author": {
          "gitId": "wilinetan"
        },
        "content": "                return;"
      },
      {
        "lineNumber": 20,
        "author": {
          "gitId": "wilinetan"
        },
        "content": "            }"
      },
      {
        "lineNumber": 21,
        "author": {
          "gitId": "wilinetan"
        },
        "content": "            if (input.equals(\"list\")) {"
      },
      {
        "lineNumber": 22,
        "author": {
          "gitId": "wilinetan"
        },
        "content": "                System.out.println(\"    ___________________________________________________________\");"
      },
      {
        "lineNumber": 23,
        "author": {
          "gitId": "wilinetan"
        },
        "content": "                System.out.println(\"    Here are the tasks in your list:\");"
      },
      {
        "lineNumber": 24,
        "author": {
          "gitId": "wilinetan"
        },
        "content": "                for (int i \u003d 0; i \u003c tasks.size(); i++) {"
      },
      {
        "lineNumber": 25,
        "author": {
          "gitId": "wilinetan"
        },
        "content": "                    Task task \u003d tasks.get(i);"
      },
      {
        "lineNumber": 26,
        "author": {
          "gitId": "wilinetan"
        },
        "content": "                    System.out.println(\"    \" + (i + 1) + \".\" + task);"
      },
      {
        "lineNumber": 27,
        "author": {
          "gitId": "wilinetan"
        },
        "content": "                }"
      },
      {
        "lineNumber": 28,
        "author": {
          "gitId": "wilinetan"
        },
        "content": "                System.out.println(\"    ___________________________________________________________\");"
      },
      {
        "lineNumber": 29,
        "author": {
          "gitId": "wilinetan"
        },
        "content": "            } else {"
      },
      {
        "lineNumber": 30,
        "author": {
          "gitId": "wilinetan"
        },
        "content": "                try {"
      },
      {
        "lineNumber": 31,
        "author": {
          "gitId": "wilinetan"
        },
        "content": "                    if (input.contains(\"done\")) {"
      },
      {
        "lineNumber": 32,
        "author": {
          "gitId": "wilinetan"
        },
        "content": "                        String[] splitStr \u003d input.split(\" \");"
      },
      {
        "lineNumber": 33,
        "author": {
          "gitId": "wilinetan"
        },
        "content": "                        if (splitStr.length \u003d\u003d 1) {"
      },
      {
        "lineNumber": 34,
        "author": {
          "gitId": "wilinetan"
        },
        "content": "                            throw new DukeException(\"☹ OOPS!!! I don\u0027t know which task to mark as done.\");"
      },
      {
        "lineNumber": 35,
        "author": {
          "gitId": "wilinetan"
        },
        "content": "                        }"
      },
      {
        "lineNumber": 36,
        "author": {
          "gitId": "wilinetan"
        },
        "content": "                        int taskIndex \u003d Integer.parseInt(splitStr[1]) - 1;"
      },
      {
        "lineNumber": 37,
        "author": {
          "gitId": "wilinetan"
        },
        "content": "                        Task task \u003d tasks.get(taskIndex);"
      },
      {
        "lineNumber": 38,
        "author": {
          "gitId": "wilinetan"
        },
        "content": "                        task.markAsDone();"
      },
      {
        "lineNumber": 39,
        "author": {
          "gitId": "wilinetan"
        },
        "content": "                        System.out.println(\"    ___________________________________________________________\");"
      },
      {
        "lineNumber": 40,
        "author": {
          "gitId": "wilinetan"
        },
        "content": "                        System.out.println(\"    Nice! I\u0027ve marked this task as done:\\n      \" + task);"
      },
      {
        "lineNumber": 41,
        "author": {
          "gitId": "wilinetan"
        },
        "content": "                        System.out.println(\"    ___________________________________________________________\");"
      },
      {
        "lineNumber": 42,
        "author": {
          "gitId": "wilinetan"
        },
        "content": "                    } else if (input.contains(\"todo\")) {"
      },
      {
        "lineNumber": 43,
        "author": {
          "gitId": "wilinetan"
        },
        "content": "                        if (input.length() \u003c\u003d 5) {"
      },
      {
        "lineNumber": 44,
        "author": {
          "gitId": "wilinetan"
        },
        "content": "                            throw new DukeException(\"☹ OOPS!!! The description of a todo cannot be empty.\");"
      },
      {
        "lineNumber": 45,
        "author": {
          "gitId": "wilinetan"
        },
        "content": "                        }"
      },
      {
        "lineNumber": 46,
        "author": {
          "gitId": "wilinetan"
        },
        "content": "                        Todo todo \u003d new Todo(input.substring(5));"
      },
      {
        "lineNumber": 47,
        "author": {
          "gitId": "wilinetan"
        },
        "content": "                        tasks.add(todo);"
      },
      {
        "lineNumber": 48,
        "author": {
          "gitId": "wilinetan"
        },
        "content": "                        total++;"
      },
      {
        "lineNumber": 49,
        "author": {
          "gitId": "wilinetan"
        },
        "content": "                        System.out.println(\"    ___________________________________________________________\");"
      },
      {
        "lineNumber": 50,
        "author": {
          "gitId": "wilinetan"
        },
        "content": "                        System.out.println(\"    Got it. I\u0027ve added this task:\\n      \" + todo + \"\\n    Now you have \""
      },
      {
        "lineNumber": 51,
        "author": {
          "gitId": "wilinetan"
        },
        "content": "                                + total + \" tasks in the list.\");"
      },
      {
        "lineNumber": 52,
        "author": {
          "gitId": "wilinetan"
        },
        "content": "                        System.out.println(\"    ___________________________________________________________\");"
      },
      {
        "lineNumber": 53,
        "author": {
          "gitId": "wilinetan"
        },
        "content": "                    } else if (input.contains(\"deadline\")) {"
      },
      {
        "lineNumber": 54,
        "author": {
          "gitId": "wilinetan"
        },
        "content": "                        if (input.length() \u003c\u003d 9 || !input.contains(\"/by\")) {"
      },
      {
        "lineNumber": 55,
        "author": {
          "gitId": "wilinetan"
        },
        "content": "                            throw new DukeException(\"☹ OOPS!!! The description of a deadline cannot be empty.\");"
      },
      {
        "lineNumber": 56,
        "author": {
          "gitId": "wilinetan"
        },
        "content": "                        }"
      },
      {
        "lineNumber": 57,
        "author": {
          "gitId": "wilinetan"
        },
        "content": "                        String[] splitStr \u003d input.split(\"/by \");"
      },
      {
        "lineNumber": 58,
        "author": {
          "gitId": "wilinetan"
        },
        "content": "                        String description \u003d splitStr[0].substring(9).trim();"
      },
      {
        "lineNumber": 59,
        "author": {
          "gitId": "wilinetan"
        },
        "content": "                        Deadline deadline \u003d new Deadline(description, splitStr[1]);"
      },
      {
        "lineNumber": 60,
        "author": {
          "gitId": "wilinetan"
        },
        "content": "                        tasks.add(deadline);"
      },
      {
        "lineNumber": 61,
        "author": {
          "gitId": "wilinetan"
        },
        "content": "                        total++;"
      },
      {
        "lineNumber": 62,
        "author": {
          "gitId": "wilinetan"
        },
        "content": "                        System.out.println(\"    ___________________________________________________________\");"
      },
      {
        "lineNumber": 63,
        "author": {
          "gitId": "wilinetan"
        },
        "content": "                        System.out.println(\"    Got it. I\u0027ve added this task:\\n      \" + deadline + \"\\n    Now you have \""
      },
      {
        "lineNumber": 64,
        "author": {
          "gitId": "wilinetan"
        },
        "content": "                                + total + \" tasks in the list.\");"
      },
      {
        "lineNumber": 65,
        "author": {
          "gitId": "wilinetan"
        },
        "content": "                        System.out.println(\"    ___________________________________________________________\");"
      },
      {
        "lineNumber": 66,
        "author": {
          "gitId": "wilinetan"
        },
        "content": "                    } else if (input.contains(\"event\")) {"
      },
      {
        "lineNumber": 67,
        "author": {
          "gitId": "wilinetan"
        },
        "content": "                        if (input.length() \u003c\u003d 6 || !input.contains(\"/at\")) {"
      },
      {
        "lineNumber": 68,
        "author": {
          "gitId": "wilinetan"
        },
        "content": "                            throw new DukeException(\"☹ OOPS!!! The description of an event cannot be empty.\");"
      },
      {
        "lineNumber": 69,
        "author": {
          "gitId": "wilinetan"
        },
        "content": "                        }"
      },
      {
        "lineNumber": 70,
        "author": {
          "gitId": "wilinetan"
        },
        "content": "                        String[] splitStr \u003d input.split(\"/at \");"
      },
      {
        "lineNumber": 71,
        "author": {
          "gitId": "wilinetan"
        },
        "content": "                        String description \u003d splitStr[0].substring(6).trim();"
      },
      {
        "lineNumber": 72,
        "author": {
          "gitId": "wilinetan"
        },
        "content": "                        Event event \u003d new Event(description, splitStr[1]);"
      },
      {
        "lineNumber": 73,
        "author": {
          "gitId": "wilinetan"
        },
        "content": "                        tasks.add(event);"
      },
      {
        "lineNumber": 74,
        "author": {
          "gitId": "wilinetan"
        },
        "content": "                        total++;"
      },
      {
        "lineNumber": 75,
        "author": {
          "gitId": "wilinetan"
        },
        "content": "                        System.out.println(\"    ___________________________________________________________\");"
      },
      {
        "lineNumber": 76,
        "author": {
          "gitId": "wilinetan"
        },
        "content": "                        System.out.println(\"    Got it. I\u0027ve added this task:\\n      \" + event + \"\\n    Now you have \""
      },
      {
        "lineNumber": 77,
        "author": {
          "gitId": "wilinetan"
        },
        "content": "                                + total + \" tasks in the list.\");"
      },
      {
        "lineNumber": 78,
        "author": {
          "gitId": "wilinetan"
        },
        "content": "                        System.out.println(\"    ___________________________________________________________\");"
      },
      {
        "lineNumber": 79,
        "author": {
          "gitId": "wilinetan"
        },
        "content": "                    } else if (input.contains(\"delete\")) {"
      },
      {
        "lineNumber": 80,
        "author": {
          "gitId": "wilinetan"
        },
        "content": "                        String[] splitStr \u003d input.split(\" \");"
      },
      {
        "lineNumber": 81,
        "author": {
          "gitId": "wilinetan"
        },
        "content": "                        if (splitStr.length \u003d\u003d 1) {"
      },
      {
        "lineNumber": 82,
        "author": {
          "gitId": "wilinetan"
        },
        "content": "                            throw new DukeException(\"☹ OOPS!!! I don\u0027t know which task to delete.\");"
      },
      {
        "lineNumber": 83,
        "author": {
          "gitId": "wilinetan"
        },
        "content": "                        }"
      },
      {
        "lineNumber": 84,
        "author": {
          "gitId": "wilinetan"
        },
        "content": "                        int taskIndex \u003d Integer.parseInt(splitStr[1]) - 1;"
      },
      {
        "lineNumber": 85,
        "author": {
          "gitId": "wilinetan"
        },
        "content": "                        Task task \u003d tasks.get(taskIndex);"
      },
      {
        "lineNumber": 86,
        "author": {
          "gitId": "wilinetan"
        },
        "content": "                        tasks.remove(taskIndex);"
      },
      {
        "lineNumber": 87,
        "author": {
          "gitId": "wilinetan"
        },
        "content": "                        total--;"
      },
      {
        "lineNumber": 88,
        "author": {
          "gitId": "wilinetan"
        },
        "content": "                        System.out.println(\"    ___________________________________________________________\");"
      },
      {
        "lineNumber": 89,
        "author": {
          "gitId": "wilinetan"
        },
        "content": "                        System.out.println(\"    Noted. I\u0027ve removed this task:\\n      \" + task + \"\\n    Now you have \""
      },
      {
        "lineNumber": 90,
        "author": {
          "gitId": "wilinetan"
        },
        "content": "                            + total + \" tasks in the list.\");"
      },
      {
        "lineNumber": 91,
        "author": {
          "gitId": "wilinetan"
        },
        "content": "                        System.out.println(\"    ___________________________________________________________\");"
      },
      {
        "lineNumber": 92,
        "author": {
          "gitId": "wilinetan"
        },
        "content": ""
      },
      {
        "lineNumber": 93,
        "author": {
          "gitId": "wilinetan"
        },
        "content": "                    }"
      },
      {
        "lineNumber": 94,
        "author": {
          "gitId": "wilinetan"
        },
        "content": "                    else {"
      },
      {
        "lineNumber": 95,
        "author": {
          "gitId": "wilinetan"
        },
        "content": "                        throw new DukeException(\"☹ OOPS!!! I\u0027m sorry, but I don\u0027t know what that means :-(\");"
      },
      {
        "lineNumber": 96,
        "author": {
          "gitId": "wilinetan"
        },
        "content": "                    }"
      },
      {
        "lineNumber": 97,
        "author": {
          "gitId": "wilinetan"
        },
        "content": "                } catch (DukeException ex) {"
      },
      {
        "lineNumber": 98,
        "author": {
          "gitId": "wilinetan"
        },
        "content": "                    System.out.println(\"    ___________________________________________________________\");"
      },
      {
        "lineNumber": 99,
        "author": {
          "gitId": "wilinetan"
        },
        "content": "                    System.out.println(\"    \" + ex);"
      },
      {
        "lineNumber": 100,
        "author": {
          "gitId": "wilinetan"
        },
        "content": "                    System.out.println(\"    ___________________________________________________________\");"
      },
      {
        "lineNumber": 101,
        "author": {
          "gitId": "wilinetan"
        },
        "content": "                }"
      },
      {
        "lineNumber": 102,
        "author": {
          "gitId": "-"
        },
        "content": "            }"
      },
      {
        "lineNumber": 103,
        "author": {
          "gitId": "-"
        },
        "content": "        }"
      },
      {
        "lineNumber": 104,
        "author": {
          "gitId": "-"
        },
        "content": "    }"
      },
      {
        "lineNumber": 105,
        "author": {
          "gitId": "-"
        },
        "content": "}"
      }
    ],
    "authorContributionMap": {
      "wilinetan": 99,
      "-": 6
    }
  },
  {
    "path": "src/main/java/DukeException.java",
    "fileType": "java",
    "lines": [
      {
        "lineNumber": 1,
        "author": {
          "gitId": "wilinetan"
        },
        "content": "public class DukeException extends Exception {"
      },
      {
        "lineNumber": 2,
        "author": {
          "gitId": "wilinetan"
        },
        "content": "    String message;"
      },
      {
        "lineNumber": 3,
        "author": {
          "gitId": "wilinetan"
        },
        "content": ""
      },
      {
        "lineNumber": 4,
        "author": {
          "gitId": "wilinetan"
        },
        "content": "    public DukeException(String message) {"
      },
      {
        "lineNumber": 5,
        "author": {
          "gitId": "wilinetan"
        },
        "content": "        this.message \u003d message;"
      },
      {
        "lineNumber": 6,
        "author": {
          "gitId": "wilinetan"
        },
        "content": "    }"
      },
      {
        "lineNumber": 7,
        "author": {
          "gitId": "wilinetan"
        },
        "content": ""
      },
      {
        "lineNumber": 8,
        "author": {
          "gitId": "wilinetan"
        },
        "content": "    public String toString() {"
      },
      {
        "lineNumber": 9,
        "author": {
          "gitId": "wilinetan"
        },
        "content": "        return this.message;"
      },
      {
        "lineNumber": 10,
        "author": {
          "gitId": "wilinetan"
        },
        "content": "    }"
      },
      {
        "lineNumber": 11,
        "author": {
          "gitId": "wilinetan"
        },
        "content": "}"
      }
    ],
    "authorContributionMap": {
      "wilinetan": 11
    }
  },
  {
    "path": "src/main/java/Event.java",
    "fileType": "java",
    "lines": [
      {
        "lineNumber": 1,
        "author": {
          "gitId": "wilinetan"
        },
        "content": "public class Event extends Task {"
      },
      {
        "lineNumber": 2,
        "author": {
          "gitId": "wilinetan"
        },
        "content": ""
      },
      {
        "lineNumber": 3,
        "author": {
          "gitId": "wilinetan"
        },
        "content": "    protected String time;"
      },
      {
        "lineNumber": 4,
        "author": {
          "gitId": "wilinetan"
        },
        "content": ""
      },
      {
        "lineNumber": 5,
        "author": {
          "gitId": "wilinetan"
        },
        "content": "    public Event(String description, String time) {"
      },
      {
        "lineNumber": 6,
        "author": {
          "gitId": "wilinetan"
        },
        "content": "        super(description);"
      },
      {
        "lineNumber": 7,
        "author": {
          "gitId": "wilinetan"
        },
        "content": "        this.time \u003d time;"
      },
      {
        "lineNumber": 8,
        "author": {
          "gitId": "wilinetan"
        },
        "content": "    }"
      },
      {
        "lineNumber": 9,
        "author": {
          "gitId": "wilinetan"
        },
        "content": ""
      },
      {
        "lineNumber": 10,
        "author": {
          "gitId": "wilinetan"
        },
        "content": "    @Override"
      },
      {
        "lineNumber": 11,
        "author": {
          "gitId": "wilinetan"
        },
        "content": "    public String toString() {"
      },
      {
        "lineNumber": 12,
        "author": {
          "gitId": "wilinetan"
        },
        "content": "        return \"[E]\" + super.toString() + \" (at: \" + time + \")\";"
      },
      {
        "lineNumber": 13,
        "author": {
          "gitId": "wilinetan"
        },
        "content": "    }"
      },
      {
        "lineNumber": 14,
        "author": {
          "gitId": "wilinetan"
        },
        "content": "}"
      }
    ],
    "authorContributionMap": {
      "wilinetan": 14
    }
  },
  {
    "path": "src/main/java/Task.java",
    "fileType": "java",
    "lines": [
      {
        "lineNumber": 1,
        "author": {
          "gitId": "wilinetan"
        },
        "content": "public class Task {"
      },
      {
        "lineNumber": 2,
        "author": {
          "gitId": "wilinetan"
        },
        "content": "    protected String description;"
      },
      {
        "lineNumber": 3,
        "author": {
          "gitId": "wilinetan"
        },
        "content": "    protected boolean isDone;"
      },
      {
        "lineNumber": 4,
        "author": {
          "gitId": "wilinetan"
        },
        "content": ""
      },
      {
        "lineNumber": 5,
        "author": {
          "gitId": "wilinetan"
        },
        "content": "    public Task(String description) {"
      },
      {
        "lineNumber": 6,
        "author": {
          "gitId": "wilinetan"
        },
        "content": "        this.description \u003d description;"
      },
      {
        "lineNumber": 7,
        "author": {
          "gitId": "wilinetan"
        },
        "content": "        this.isDone \u003d false;"
      },
      {
        "lineNumber": 8,
        "author": {
          "gitId": "wilinetan"
        },
        "content": "    }"
      },
      {
        "lineNumber": 9,
        "author": {
          "gitId": "wilinetan"
        },
        "content": ""
      },
      {
        "lineNumber": 10,
        "author": {
          "gitId": "wilinetan"
        },
        "content": "    public String getStatusIcon() {"
      },
      {
        "lineNumber": 11,
        "author": {
          "gitId": "wilinetan"
        },
        "content": "        return (isDone ? \"\\u2713\" : \"\\u2718\"); //return tick or X symbols"
      },
      {
        "lineNumber": 12,
        "author": {
          "gitId": "wilinetan"
        },
        "content": "    }"
      },
      {
        "lineNumber": 13,
        "author": {
          "gitId": "wilinetan"
        },
        "content": ""
      },
      {
        "lineNumber": 14,
        "author": {
          "gitId": "wilinetan"
        },
        "content": "    public boolean markAsDone() {"
      },
      {
        "lineNumber": 15,
        "author": {
          "gitId": "wilinetan"
        },
        "content": "        this.isDone \u003d true;"
      },
      {
        "lineNumber": 16,
        "author": {
          "gitId": "wilinetan"
        },
        "content": "        return true;"
      },
      {
        "lineNumber": 17,
        "author": {
          "gitId": "wilinetan"
        },
        "content": "    }"
      },
      {
        "lineNumber": 18,
        "author": {
          "gitId": "wilinetan"
        },
        "content": ""
      },
      {
        "lineNumber": 19,
        "author": {
          "gitId": "wilinetan"
        },
        "content": "    public String getDescription() {"
      },
      {
        "lineNumber": 20,
        "author": {
          "gitId": "wilinetan"
        },
        "content": "        return this.description;"
      },
      {
        "lineNumber": 21,
        "author": {
          "gitId": "wilinetan"
        },
        "content": "    }"
      },
      {
        "lineNumber": 22,
        "author": {
          "gitId": "wilinetan"
        },
        "content": ""
      },
      {
        "lineNumber": 23,
        "author": {
          "gitId": "wilinetan"
        },
        "content": "    @Override"
      },
      {
        "lineNumber": 24,
        "author": {
          "gitId": "wilinetan"
        },
        "content": "    public String toString() {"
      },
      {
        "lineNumber": 25,
        "author": {
          "gitId": "wilinetan"
        },
        "content": "        return \"[\" + this.getStatusIcon() + \"] \" + this.description;"
      },
      {
        "lineNumber": 26,
        "author": {
          "gitId": "wilinetan"
        },
        "content": "    }"
      },
      {
        "lineNumber": 27,
        "author": {
          "gitId": "wilinetan"
        },
        "content": "}"
      }
    ],
    "authorContributionMap": {
      "wilinetan": 27
    }
  },
  {
    "path": "src/main/java/Todo.java",
    "fileType": "java",
    "lines": [
      {
        "lineNumber": 1,
        "author": {
          "gitId": "wilinetan"
        },
        "content": "public class Todo extends Task {"
      },
      {
        "lineNumber": 2,
        "author": {
          "gitId": "wilinetan"
        },
        "content": "    public Todo(String description) {"
      },
      {
        "lineNumber": 3,
        "author": {
          "gitId": "wilinetan"
        },
        "content": "        super(description);"
      },
      {
        "lineNumber": 4,
        "author": {
          "gitId": "wilinetan"
        },
        "content": "    }"
      },
      {
        "lineNumber": 5,
        "author": {
          "gitId": "wilinetan"
        },
        "content": ""
      },
      {
        "lineNumber": 6,
        "author": {
          "gitId": "wilinetan"
        },
        "content": "    @Override"
      },
      {
        "lineNumber": 7,
        "author": {
          "gitId": "wilinetan"
        },
        "content": "    public String toString() {"
      },
      {
        "lineNumber": 8,
        "author": {
          "gitId": "wilinetan"
        },
        "content": "        return \"[T]\" + super.toString();"
      },
      {
        "lineNumber": 9,
        "author": {
          "gitId": "wilinetan"
        },
        "content": "    }"
      },
      {
        "lineNumber": 10,
        "author": {
          "gitId": "wilinetan"
        },
        "content": "}"
      }
    ],
    "authorContributionMap": {
      "wilinetan": 10
    }
  },
  {
    "path": "text-ui-test/input.txt",
    "fileType": "txt",
    "lines": [
      {
        "lineNumber": 1,
        "author": {
          "gitId": "wilinetan"
        },
        "content": "todo read book"
      },
      {
        "lineNumber": 2,
        "author": {
          "gitId": "wilinetan"
        },
        "content": "deadline return book /by Sunday"
      },
      {
        "lineNumber": 3,
        "author": {
          "gitId": "wilinetan"
        },
        "content": "event project meeting /at Mon 2-4pm"
      },
      {
        "lineNumber": 4,
        "author": {
          "gitId": "wilinetan"
        },
        "content": "done 1"
      },
      {
        "lineNumber": 5,
        "author": {
          "gitId": "wilinetan"
        },
        "content": "delete 2"
      },
      {
        "lineNumber": 6,
        "author": {
          "gitId": "wilinetan"
        },
        "content": "list"
      },
      {
        "lineNumber": 7,
        "author": {
          "gitId": "wilinetan"
        },
        "content": "todo"
      },
      {
        "lineNumber": 8,
        "author": {
          "gitId": "wilinetan"
        },
        "content": "bye"
      }
    ],
    "authorContributionMap": {
      "wilinetan": 8
    }
  },
  {
    "path": "text-ui-test/runtest.sh",
    "fileType": "sh",
    "lines": [
      {
        "lineNumber": 1,
        "author": {
          "gitId": "-"
        },
        "content": "#!/usr/bin/env bash"
      },
      {
        "lineNumber": 2,
        "author": {
          "gitId": "-"
        },
        "content": ""
      },
      {
        "lineNumber": 3,
        "author": {
          "gitId": "-"
        },
        "content": "# create bin directory if it doesn\u0027t exist"
      },
      {
        "lineNumber": 4,
        "author": {
          "gitId": "-"
        },
        "content": "if [ ! -d \"../bin\" ]"
      },
      {
        "lineNumber": 5,
        "author": {
          "gitId": "-"
        },
        "content": "then"
      },
      {
        "lineNumber": 6,
        "author": {
          "gitId": "-"
        },
        "content": "    mkdir ../bin"
      },
      {
        "lineNumber": 7,
        "author": {
          "gitId": "-"
        },
        "content": "fi"
      },
      {
        "lineNumber": 8,
        "author": {
          "gitId": "-"
        },
        "content": ""
      },
      {
        "lineNumber": 9,
        "author": {
          "gitId": "-"
        },
        "content": "# delete output from previous run"
      },
      {
        "lineNumber": 10,
        "author": {
          "gitId": "-"
        },
        "content": "if [ -e \"./ACTUAL.TXT\" ]"
      },
      {
        "lineNumber": 11,
        "author": {
          "gitId": "-"
        },
        "content": "then"
      },
      {
        "lineNumber": 12,
        "author": {
          "gitId": "-"
        },
        "content": "    rm ACTUAL.TXT"
      },
      {
        "lineNumber": 13,
        "author": {
          "gitId": "-"
        },
        "content": "fi"
      },
      {
        "lineNumber": 14,
        "author": {
          "gitId": "-"
        },
        "content": ""
      },
      {
        "lineNumber": 15,
        "author": {
          "gitId": "-"
        },
        "content": "# compile the code into the bin folder, terminates if error occurred"
      },
      {
        "lineNumber": 16,
        "author": {
          "gitId": "wilinetan"
        },
        "content": "if ! javac -encoding UTF-8 -cp ../src -Xlint:none -d ../bin ../src/main/java/*.java"
      },
      {
        "lineNumber": 17,
        "author": {
          "gitId": "-"
        },
        "content": "then"
      },
      {
        "lineNumber": 18,
        "author": {
          "gitId": "-"
        },
        "content": "    echo \"********** BUILD FAILURE **********\""
      },
      {
        "lineNumber": 19,
        "author": {
          "gitId": "-"
        },
        "content": "    exit 1"
      },
      {
        "lineNumber": 20,
        "author": {
          "gitId": "-"
        },
        "content": "fi"
      },
      {
        "lineNumber": 21,
        "author": {
          "gitId": "-"
        },
        "content": ""
      },
      {
        "lineNumber": 22,
        "author": {
          "gitId": "-"
        },
        "content": "# run the program, feed commands from input.txt file and redirect the output to the ACTUAL.TXT"
      },
      {
        "lineNumber": 23,
        "author": {
          "gitId": "wilinetan"
        },
        "content": "#java -classpath ../bin Duke \u003c input.txt \u003e ACTUAL.TXT"
      },
      {
        "lineNumber": 24,
        "author": {
          "gitId": "wilinetan"
        },
        "content": "java -Dfile.encoding\u003dUTF-8 -classpath ../bin Duke \u003c input.txt \u003e ACTUAL.TXT"
      },
      {
        "lineNumber": 25,
        "author": {
          "gitId": "-"
        },
        "content": ""
      },
      {
        "lineNumber": 26,
        "author": {
          "gitId": "-"
        },
        "content": "# convert to UNIX format"
      },
      {
        "lineNumber": 27,
        "author": {
          "gitId": "-"
        },
        "content": "cp EXPECTED.TXT EXPECTED-UNIX.TXT"
      },
      {
        "lineNumber": 28,
        "author": {
          "gitId": "-"
        },
        "content": "dos2unix ACTUAL.TXT EXPECTED-UNIX.TXT"
      },
      {
        "lineNumber": 29,
        "author": {
          "gitId": "-"
        },
        "content": ""
      },
      {
        "lineNumber": 30,
        "author": {
          "gitId": "-"
        },
        "content": "# compare the output to the expected output"
      },
      {
        "lineNumber": 31,
        "author": {
          "gitId": "-"
        },
        "content": "diff ACTUAL.TXT EXPECTED-UNIX.TXT"
      },
      {
        "lineNumber": 32,
        "author": {
          "gitId": "-"
        },
        "content": "if [ $? -eq 0 ]"
      },
      {
        "lineNumber": 33,
        "author": {
          "gitId": "-"
        },
        "content": "then"
      },
      {
        "lineNumber": 34,
        "author": {
          "gitId": "-"
        },
        "content": "    echo \"Test result: PASSED\""
      },
      {
        "lineNumber": 35,
        "author": {
          "gitId": "-"
        },
        "content": "    exit 0"
      },
      {
        "lineNumber": 36,
        "author": {
          "gitId": "-"
        },
        "content": "else"
      },
      {
        "lineNumber": 37,
        "author": {
          "gitId": "-"
        },
        "content": "    echo \"Test result: FAILED\""
      },
      {
        "lineNumber": 38,
        "author": {
          "gitId": "-"
        },
        "content": "    exit 1"
      },
      {
        "lineNumber": 39,
        "author": {
          "gitId": "-"
        },
        "content": "fi"
      }
    ],
    "authorContributionMap": {
      "-": 36,
      "wilinetan": 3
    }
  }
]
