{
  "authorDailyContributionsMap": {
    "wilinetan": [
      {
        "date": "2020-08-14",
        "commitResults": [
          {
            "hash": "7cd7cc538018a4da7d243c711cee5fc46048767a",
            "messageTitle": "Level-1",
            "messageBody": "",
            "tags": [
              "Level-1"
            ],
            "fileTypesAndContributionMap": {
              "java": {
                "insertions": 21,
                "deletions": 6
              }
            }
          },
          {
            "hash": "41a213518bd3aaa3796cd486d0e834e0172eea2e",
            "messageTitle": "Level-2",
            "messageBody": "",
            "tags": [
              "Level-2"
            ],
            "fileTypesAndContributionMap": {
              "java": {
                "insertions": 15,
                "deletions": 2
              }
            }
          },
          {
            "hash": "72bcffba0e6225346dfe65f689b2e5df60a23d97",
            "messageTitle": "Level-3",
            "messageBody": "",
            "tags": [
              "Level-3"
            ],
            "fileTypesAndContributionMap": {
              "java": {
                "insertions": 22,
                "deletions": 6
              }
            }
          },
          {
            "hash": "579a4f47cca26d605037e3a62acdb94f0fe6051a",
            "messageTitle": "Level-4",
            "messageBody": "",
            "tags": [
              "Level-4"
            ],
            "fileTypesAndContributionMap": {
              "java": {
                "insertions": 37,
                "deletions": 2
              }
            }
          }
        ]
      },
      {
        "date": "2020-08-15",
        "commitResults": [
          {
            "hash": "4dfffa5f0684c6701dd573727c7979cc16b5fb78",
            "messageTitle": "Level-5",
            "messageBody": "",
            "tags": [
              "Level-5"
            ],
            "fileTypesAndContributionMap": {
              "java": {
                "insertions": 58,
                "deletions": 35
              }
            }
          },
          {
            "hash": "50f26f5d0961a67cdeeffb4063a1b158e82164aa",
            "messageTitle": "Level-4",
            "messageBody": "",
            "fileTypesAndContributionMap": {
              "java": {
                "insertions": 61,
                "deletions": 11
              }
            }
          },
          {
            "hash": "c5e74f7c018e0e4ab2af1edaa7baa37f3bb1f311",
            "messageTitle": "Level-6",
            "messageBody": "",
            "tags": [
              "Level-6"
            ],
            "fileTypesAndContributionMap": {
              "java": {
                "insertions": 30,
                "deletions": 19
              }
            }
          },
          {
            "hash": "1e7c73a17c1582bcc24010fdd4078f930a05a3af",
            "messageTitle": "Level-6",
            "messageBody": "",
            "fileTypesAndContributionMap": {
              "java": {
                "insertions": 0,
                "deletions": 1
              }
            }
          }
        ]
      },
      {
        "date": "2020-08-16",
        "commitResults": [
          {
            "hash": "c28625adcfc19c80174a9891f35279bef39becba",
            "messageTitle": "A-TextUiTesting",
            "messageBody": "",
            "tags": [
              "A-TextUiTesting"
            ],
            "fileTypesAndContributionMap": {
              "txt": {
                "insertions": 6,
                "deletions": 0
              },
              "sh": {
                "insertions": 3,
                "deletions": 2
              }
            }
          }
        ]
      },
      {
        "date": "2020-08-22",
        "commitResults": [
          {
            "hash": "5aec9f5e71a4fed114f43ba0a29c0abe4b825a70",
            "messageTitle": "Update messages to include indentation and horizontal lines",
            "messageBody": "",
            "fileTypesAndContributionMap": {
              "java": {
                "insertions": 29,
                "deletions": 20
              }
            }
          },
          {
            "hash": "76961d0df4bb811cf8a8148ec34dfaeaff7a701b",
            "messageTitle": "Update test inputs and expected results",
            "messageBody": "",
            "fileTypesAndContributionMap": {
              "txt": {
                "insertions": 2,
                "deletions": 0
              }
            }
          }
        ]
      }
    ]
  },
  "authorFileTypeContributionMap": {
    "wilinetan": {
      "java": 175,
      "md": 0,
      "fxml": 0,
      "sh": 3,
      "bat": 0,
      "gradle": 0,
      "txt": 8
    }
  },
  "authorContributionVariance": {
    "wilinetan": 4948.987
  },
  "authorDisplayNameMap": {
    "wilinetan": "WILI.. TAN"
  }
}
