[
  {
    "path": "src/main/java/Deadline.java",
    "fileType": "java",
    "lines": [
      {
        "lineNumber": 1,
        "author": {
          "gitId": "tjwjoe"
        },
        "content": "public class Deadline extends Task{"
      },
      {
        "lineNumber": 2,
        "author": {
          "gitId": "tjwjoe"
        },
        "content": "    protected String by;"
      },
      {
        "lineNumber": 3,
        "author": {
          "gitId": "tjwjoe"
        },
        "content": ""
      },
      {
        "lineNumber": 4,
        "author": {
          "gitId": "tjwjoe"
        },
        "content": "    public Deadline(String name, String by) {"
      },
      {
        "lineNumber": 5,
        "author": {
          "gitId": "tjwjoe"
        },
        "content": "        super(name);"
      },
      {
        "lineNumber": 6,
        "author": {
          "gitId": "tjwjoe"
        },
        "content": "        this.by \u003d by;"
      },
      {
        "lineNumber": 7,
        "author": {
          "gitId": "tjwjoe"
        },
        "content": "    }"
      },
      {
        "lineNumber": 8,
        "author": {
          "gitId": "tjwjoe"
        },
        "content": ""
      },
      {
        "lineNumber": 9,
        "author": {
          "gitId": "tjwjoe"
        },
        "content": "    @Override"
      },
      {
        "lineNumber": 10,
        "author": {
          "gitId": "tjwjoe"
        },
        "content": "    public String toString() {"
      },
      {
        "lineNumber": 11,
        "author": {
          "gitId": "tjwjoe"
        },
        "content": "        return \"[D]\" + super.toString() + \" (by: \" + by + \")\";"
      },
      {
        "lineNumber": 12,
        "author": {
          "gitId": "tjwjoe"
        },
        "content": "    }"
      },
      {
        "lineNumber": 13,
        "author": {
          "gitId": "tjwjoe"
        },
        "content": "}"
      }
    ],
    "authorContributionMap": {
      "tjwjoe": 13
    }
  },
  {
    "path": "src/main/java/Duke.java",
    "fileType": "java",
    "lines": [
      {
        "lineNumber": 1,
        "author": {
          "gitId": "tjwjoe"
        },
        "content": "import java.util.Scanner;"
      },
      {
        "lineNumber": 2,
        "author": {
          "gitId": "tjwjoe"
        },
        "content": ""
      },
      {
        "lineNumber": 3,
        "author": {
          "gitId": "-"
        },
        "content": "public class Duke {"
      },
      {
        "lineNumber": 4,
        "author": {
          "gitId": "tjwjoe"
        },
        "content": "    Scanner sc;"
      },
      {
        "lineNumber": 5,
        "author": {
          "gitId": "tjwjoe"
        },
        "content": "    TaskList tasks;"
      },
      {
        "lineNumber": 6,
        "author": {
          "gitId": "tjwjoe"
        },
        "content": ""
      },
      {
        "lineNumber": 7,
        "author": {
          "gitId": "tjwjoe"
        },
        "content": "    public Duke() {"
      },
      {
        "lineNumber": 8,
        "author": {
          "gitId": "tjwjoe"
        },
        "content": "        this.sc \u003d new Scanner(System.in);"
      },
      {
        "lineNumber": 9,
        "author": {
          "gitId": "tjwjoe"
        },
        "content": "        this.tasks \u003d new TaskList();"
      },
      {
        "lineNumber": 10,
        "author": {
          "gitId": "tjwjoe"
        },
        "content": "    }"
      },
      {
        "lineNumber": 11,
        "author": {
          "gitId": "tjwjoe"
        },
        "content": ""
      },
      {
        "lineNumber": 12,
        "author": {
          "gitId": "tjwjoe"
        },
        "content": "    void takeInputs() {"
      },
      {
        "lineNumber": 13,
        "author": {
          "gitId": "tjwjoe"
        },
        "content": "        boolean quit \u003d false;"
      },
      {
        "lineNumber": 14,
        "author": {
          "gitId": "tjwjoe"
        },
        "content": "        while (!quit) {"
      },
      {
        "lineNumber": 15,
        "author": {
          "gitId": "tjwjoe"
        },
        "content": "            String input \u003d sc.nextLine();"
      },
      {
        "lineNumber": 16,
        "author": {
          "gitId": "tjwjoe"
        },
        "content": "            try {"
      },
      {
        "lineNumber": 17,
        "author": {
          "gitId": "tjwjoe"
        },
        "content": "                if (input.equals(\"bye\")) { // quit"
      },
      {
        "lineNumber": 18,
        "author": {
          "gitId": "tjwjoe"
        },
        "content": "                    quit \u003d true;"
      },
      {
        "lineNumber": 19,
        "author": {
          "gitId": "tjwjoe"
        },
        "content": "                    System.out.println(\"Goodbye!\");"
      },
      {
        "lineNumber": 20,
        "author": {
          "gitId": "tjwjoe"
        },
        "content": "                } else if (input.equals(\"list\")) { // list"
      },
      {
        "lineNumber": 21,
        "author": {
          "gitId": "tjwjoe"
        },
        "content": "                    System.out.println(tasks);"
      },
      {
        "lineNumber": 22,
        "author": {
          "gitId": "tjwjoe"
        },
        "content": "                } else if (input.startsWith(\"done\")) { // mark something as done"
      },
      {
        "lineNumber": 23,
        "author": {
          "gitId": "tjwjoe"
        },
        "content": "                    try {"
      },
      {
        "lineNumber": 24,
        "author": {
          "gitId": "tjwjoe"
        },
        "content": "                        int idx \u003d Integer.parseInt(input.substring(input.length() - 1));"
      },
      {
        "lineNumber": 25,
        "author": {
          "gitId": "tjwjoe"
        },
        "content": "                        tasks.getTasks().get(idx - 1).setDone(true);"
      },
      {
        "lineNumber": 26,
        "author": {
          "gitId": "tjwjoe"
        },
        "content": "                        System.out.println(\"Congrats, you\u0027ve finished this task!\");"
      },
      {
        "lineNumber": 27,
        "author": {
          "gitId": "tjwjoe"
        },
        "content": "                        System.out.println(tasks);"
      },
      {
        "lineNumber": 28,
        "author": {
          "gitId": "tjwjoe"
        },
        "content": "                    } catch (IndexOutOfBoundsException e) {"
      },
      {
        "lineNumber": 29,
        "author": {
          "gitId": "tjwjoe"
        },
        "content": "                        throw new TaskNotFoundException(\"Sorry, I couldn\u0027t find that task.\");"
      },
      {
        "lineNumber": 30,
        "author": {
          "gitId": "tjwjoe"
        },
        "content": "                    } catch (NumberFormatException ex) {"
      },
      {
        "lineNumber": 31,
        "author": {
          "gitId": "tjwjoe"
        },
        "content": "                        throw new InvalidTaskNumberException(\"Please enter a valid number!\");"
      },
      {
        "lineNumber": 32,
        "author": {
          "gitId": "tjwjoe"
        },
        "content": "                    }"
      },
      {
        "lineNumber": 33,
        "author": {
          "gitId": "tjwjoe"
        },
        "content": "                } else if (input.startsWith(\"delete\")) { // delete a task"
      },
      {
        "lineNumber": 34,
        "author": {
          "gitId": "tjwjoe"
        },
        "content": "                    try {"
      },
      {
        "lineNumber": 35,
        "author": {
          "gitId": "tjwjoe"
        },
        "content": "                        int idx \u003d Integer.parseInt(input.substring(input.length() -1));"
      },
      {
        "lineNumber": 36,
        "author": {
          "gitId": "tjwjoe"
        },
        "content": "                        System.out.println(\"The task \" + tasks.getTasks().get(idx - 1) + \" has been removed.\");"
      },
      {
        "lineNumber": 37,
        "author": {
          "gitId": "tjwjoe"
        },
        "content": "                        tasks.getTasks().remove(idx - 1);"
      },
      {
        "lineNumber": 38,
        "author": {
          "gitId": "tjwjoe"
        },
        "content": "                        printListSize();"
      },
      {
        "lineNumber": 39,
        "author": {
          "gitId": "tjwjoe"
        },
        "content": "                    } catch (IndexOutOfBoundsException e) {"
      },
      {
        "lineNumber": 40,
        "author": {
          "gitId": "tjwjoe"
        },
        "content": "                        throw new TaskNotFoundException(\"Sorry, I couldn\u0027t find that task.\");"
      },
      {
        "lineNumber": 41,
        "author": {
          "gitId": "tjwjoe"
        },
        "content": "                    } catch (NumberFormatException ex) {"
      },
      {
        "lineNumber": 42,
        "author": {
          "gitId": "tjwjoe"
        },
        "content": "                        throw new InvalidTaskNumberException(\"Please enter a valid number!\");"
      },
      {
        "lineNumber": 43,
        "author": {
          "gitId": "tjwjoe"
        },
        "content": "                    }"
      },
      {
        "lineNumber": 44,
        "author": {
          "gitId": "tjwjoe"
        },
        "content": "                } else {"
      },
      {
        "lineNumber": 45,
        "author": {
          "gitId": "tjwjoe"
        },
        "content": "                    String[] info \u003d extractInfo(input);"
      },
      {
        "lineNumber": 46,
        "author": {
          "gitId": "tjwjoe"
        },
        "content": "                    if (info[0].equals(\"todo\")) {"
      },
      {
        "lineNumber": 47,
        "author": {
          "gitId": "tjwjoe"
        },
        "content": "                        tasks.addItem(new Todo(info[1]));"
      },
      {
        "lineNumber": 48,
        "author": {
          "gitId": "tjwjoe"
        },
        "content": "                        System.out.println(\"Added new task: \" + info[1]);"
      },
      {
        "lineNumber": 49,
        "author": {
          "gitId": "tjwjoe"
        },
        "content": "                        printListSize();"
      },
      {
        "lineNumber": 50,
        "author": {
          "gitId": "tjwjoe"
        },
        "content": "                    } else if (info[0].equals(\"deadline\")) {"
      },
      {
        "lineNumber": 51,
        "author": {
          "gitId": "tjwjoe"
        },
        "content": "                        tasks.addItem(new Deadline(info[1], info[2]));"
      },
      {
        "lineNumber": 52,
        "author": {
          "gitId": "tjwjoe"
        },
        "content": "                        System.out.println(\"Added new task: \" + info[1]);"
      },
      {
        "lineNumber": 53,
        "author": {
          "gitId": "tjwjoe"
        },
        "content": "                        printListSize();"
      },
      {
        "lineNumber": 54,
        "author": {
          "gitId": "tjwjoe"
        },
        "content": "                    } else {"
      },
      {
        "lineNumber": 55,
        "author": {
          "gitId": "tjwjoe"
        },
        "content": "                        tasks.addItem(new Event(info[1], info[2]));"
      },
      {
        "lineNumber": 56,
        "author": {
          "gitId": "tjwjoe"
        },
        "content": "                        System.out.println(\"Added new task: \" + info[1]);"
      },
      {
        "lineNumber": 57,
        "author": {
          "gitId": "tjwjoe"
        },
        "content": "                        printListSize();"
      },
      {
        "lineNumber": 58,
        "author": {
          "gitId": "tjwjoe"
        },
        "content": "                    }"
      },
      {
        "lineNumber": 59,
        "author": {
          "gitId": "tjwjoe"
        },
        "content": "                }"
      },
      {
        "lineNumber": 60,
        "author": {
          "gitId": "tjwjoe"
        },
        "content": "            } catch (DukeException e) {"
      },
      {
        "lineNumber": 61,
        "author": {
          "gitId": "tjwjoe"
        },
        "content": "                System.out.println(e.getMessage());"
      },
      {
        "lineNumber": 62,
        "author": {
          "gitId": "tjwjoe"
        },
        "content": "            }"
      },
      {
        "lineNumber": 63,
        "author": {
          "gitId": "tjwjoe"
        },
        "content": "        }"
      },
      {
        "lineNumber": 64,
        "author": {
          "gitId": "tjwjoe"
        },
        "content": "    }"
      },
      {
        "lineNumber": 65,
        "author": {
          "gitId": "tjwjoe"
        },
        "content": ""
      },
      {
        "lineNumber": 66,
        "author": {
          "gitId": "tjwjoe"
        },
        "content": "    // method to handle the adding of items"
      },
      {
        "lineNumber": 67,
        "author": {
          "gitId": "tjwjoe"
        },
        "content": "    public String[] extractInfo(String str) throws DukeException {"
      },
      {
        "lineNumber": 68,
        "author": {
          "gitId": "tjwjoe"
        },
        "content": "        String[] store \u003d new String[3];"
      },
      {
        "lineNumber": 69,
        "author": {
          "gitId": "tjwjoe"
        },
        "content": "        // Todo, Deadline and Event"
      },
      {
        "lineNumber": 70,
        "author": {
          "gitId": "tjwjoe"
        },
        "content": "        if (str.startsWith(\"todo\")) {"
      },
      {
        "lineNumber": 71,
        "author": {
          "gitId": "tjwjoe"
        },
        "content": "            if (str.equals(\"todo\") || str.strip().equals(\"todo\"))  {"
      },
      {
        "lineNumber": 72,
        "author": {
          "gitId": "tjwjoe"
        },
        "content": "                throw new InvalidTaskException(\"Your task cannot be empty!\");"
      },
      {
        "lineNumber": 73,
        "author": {
          "gitId": "tjwjoe"
        },
        "content": "            } else if (!str.startsWith(\"todo \")) {"
      },
      {
        "lineNumber": 74,
        "author": {
          "gitId": "tjwjoe"
        },
        "content": "                throw new UnknownCmdException(\"Unknown command entered!\");"
      },
      {
        "lineNumber": 75,
        "author": {
          "gitId": "tjwjoe"
        },
        "content": "            } else {"
      },
      {
        "lineNumber": 76,
        "author": {
          "gitId": "tjwjoe"
        },
        "content": "                store[0] \u003d \"todo\";"
      },
      {
        "lineNumber": 77,
        "author": {
          "gitId": "tjwjoe"
        },
        "content": "            }"
      },
      {
        "lineNumber": 78,
        "author": {
          "gitId": "tjwjoe"
        },
        "content": "        }"
      },
      {
        "lineNumber": 79,
        "author": {
          "gitId": "tjwjoe"
        },
        "content": "        else if (str.startsWith(\"deadline\")) {"
      },
      {
        "lineNumber": 80,
        "author": {
          "gitId": "tjwjoe"
        },
        "content": "            if (str.equals(\"deadline\") || str.strip().equals(\"deadline\")) {"
      },
      {
        "lineNumber": 81,
        "author": {
          "gitId": "tjwjoe"
        },
        "content": "                throw new InvalidTaskException(\"Your task cannot be empty!\");"
      },
      {
        "lineNumber": 82,
        "author": {
          "gitId": "tjwjoe"
        },
        "content": "            } else if (!str.startsWith(\"deadline \")) {"
      },
      {
        "lineNumber": 83,
        "author": {
          "gitId": "tjwjoe"
        },
        "content": "                throw new UnknownCmdException(\"Unknown command entered!\");"
      },
      {
        "lineNumber": 84,
        "author": {
          "gitId": "tjwjoe"
        },
        "content": "            } else {"
      },
      {
        "lineNumber": 85,
        "author": {
          "gitId": "tjwjoe"
        },
        "content": "                store[0] \u003d \"deadline\";"
      },
      {
        "lineNumber": 86,
        "author": {
          "gitId": "tjwjoe"
        },
        "content": "            }"
      },
      {
        "lineNumber": 87,
        "author": {
          "gitId": "tjwjoe"
        },
        "content": "        }"
      },
      {
        "lineNumber": 88,
        "author": {
          "gitId": "tjwjoe"
        },
        "content": "        else if (str.startsWith(\"event\")) {"
      },
      {
        "lineNumber": 89,
        "author": {
          "gitId": "tjwjoe"
        },
        "content": "            if (str.equals(\"event\") || str.strip().equals(\"event\")) {"
      },
      {
        "lineNumber": 90,
        "author": {
          "gitId": "tjwjoe"
        },
        "content": "                throw new InvalidTaskException(\"Your task cannot be empty!\");"
      },
      {
        "lineNumber": 91,
        "author": {
          "gitId": "tjwjoe"
        },
        "content": "            } else if (!str.startsWith(\"event \")) {"
      },
      {
        "lineNumber": 92,
        "author": {
          "gitId": "tjwjoe"
        },
        "content": "                throw new UnknownCmdException(\"Unknown command entered!\");"
      },
      {
        "lineNumber": 93,
        "author": {
          "gitId": "tjwjoe"
        },
        "content": "            } else {"
      },
      {
        "lineNumber": 94,
        "author": {
          "gitId": "tjwjoe"
        },
        "content": "                store[0] \u003d \"event\";"
      },
      {
        "lineNumber": 95,
        "author": {
          "gitId": "tjwjoe"
        },
        "content": "            }"
      },
      {
        "lineNumber": 96,
        "author": {
          "gitId": "tjwjoe"
        },
        "content": "        }"
      },
      {
        "lineNumber": 97,
        "author": {
          "gitId": "tjwjoe"
        },
        "content": "        else {"
      },
      {
        "lineNumber": 98,
        "author": {
          "gitId": "tjwjoe"
        },
        "content": "            throw new UnknownCmdException(\"Unknown command entered!\");"
      },
      {
        "lineNumber": 99,
        "author": {
          "gitId": "tjwjoe"
        },
        "content": "        }"
      },
      {
        "lineNumber": 100,
        "author": {
          "gitId": "tjwjoe"
        },
        "content": ""
      },
      {
        "lineNumber": 101,
        "author": {
          "gitId": "tjwjoe"
        },
        "content": "        int splitPrefix \u003d str.indexOf(\" \");"
      },
      {
        "lineNumber": 102,
        "author": {
          "gitId": "tjwjoe"
        },
        "content": "        String content \u003d str.substring(splitPrefix).strip();"
      },
      {
        "lineNumber": 103,
        "author": {
          "gitId": "tjwjoe"
        },
        "content": "        if (content.length() \u003c\u003d 0) {"
      },
      {
        "lineNumber": 104,
        "author": {
          "gitId": "tjwjoe"
        },
        "content": "            throw new InvalidTaskException(\"Your task cannot be empty!\");"
      },
      {
        "lineNumber": 105,
        "author": {
          "gitId": "tjwjoe"
        },
        "content": "        }"
      },
      {
        "lineNumber": 106,
        "author": {
          "gitId": "tjwjoe"
        },
        "content": "        if (store[0].equals(\"todo\")) {"
      },
      {
        "lineNumber": 107,
        "author": {
          "gitId": "tjwjoe"
        },
        "content": "            store[1] \u003d content;"
      },
      {
        "lineNumber": 108,
        "author": {
          "gitId": "tjwjoe"
        },
        "content": "            store[2] \u003d \"\";"
      },
      {
        "lineNumber": 109,
        "author": {
          "gitId": "tjwjoe"
        },
        "content": "        } else {"
      },
      {
        "lineNumber": 110,
        "author": {
          "gitId": "tjwjoe"
        },
        "content": "            int splitTime \u003d store[0].equals(\"deadline\") ? content.indexOf(\"/by\") : content.indexOf(\"/at\");"
      },
      {
        "lineNumber": 111,
        "author": {
          "gitId": "tjwjoe"
        },
        "content": "            if (splitTime \u003c 0) {"
      },
      {
        "lineNumber": 112,
        "author": {
          "gitId": "tjwjoe"
        },
        "content": "                throw new InvalidTimeException(\"Please indicate the date or time by using /by (for deadlines) or /at (for events)!\");"
      },
      {
        "lineNumber": 113,
        "author": {
          "gitId": "tjwjoe"
        },
        "content": "            }"
      },
      {
        "lineNumber": 114,
        "author": {
          "gitId": "tjwjoe"
        },
        "content": "            String name \u003d content.substring(0, splitTime).strip(); // stripping to remove whitespaces"
      },
      {
        "lineNumber": 115,
        "author": {
          "gitId": "tjwjoe"
        },
        "content": "            String time \u003d content.substring(splitTime + 3).strip();"
      },
      {
        "lineNumber": 116,
        "author": {
          "gitId": "tjwjoe"
        },
        "content": "            if (name.length() \u003c\u003d 0) {"
      },
      {
        "lineNumber": 117,
        "author": {
          "gitId": "tjwjoe"
        },
        "content": "                throw new InvalidTaskException(\"Your task cannot be empty!\");"
      },
      {
        "lineNumber": 118,
        "author": {
          "gitId": "tjwjoe"
        },
        "content": "            }"
      },
      {
        "lineNumber": 119,
        "author": {
          "gitId": "tjwjoe"
        },
        "content": "            if (time.length() \u003c\u003d 0) {"
      },
      {
        "lineNumber": 120,
        "author": {
          "gitId": "tjwjoe"
        },
        "content": "                throw new InvalidTimeException(\"Please specify a date or time for this task!\");"
      },
      {
        "lineNumber": 121,
        "author": {
          "gitId": "tjwjoe"
        },
        "content": "            }"
      },
      {
        "lineNumber": 122,
        "author": {
          "gitId": "tjwjoe"
        },
        "content": "            store[1] \u003d name;"
      },
      {
        "lineNumber": 123,
        "author": {
          "gitId": "tjwjoe"
        },
        "content": "            store[2] \u003d time;"
      },
      {
        "lineNumber": 124,
        "author": {
          "gitId": "tjwjoe"
        },
        "content": "        }"
      },
      {
        "lineNumber": 125,
        "author": {
          "gitId": "tjwjoe"
        },
        "content": "        return store;"
      },
      {
        "lineNumber": 126,
        "author": {
          "gitId": "tjwjoe"
        },
        "content": "    }"
      },
      {
        "lineNumber": 127,
        "author": {
          "gitId": "tjwjoe"
        },
        "content": ""
      },
      {
        "lineNumber": 128,
        "author": {
          "gitId": "tjwjoe"
        },
        "content": "    public void printListSize() {"
      },
      {
        "lineNumber": 129,
        "author": {
          "gitId": "tjwjoe"
        },
        "content": "        System.out.println(\"You now have \" + tasks.size() + (tasks.size() \u003d\u003d 1 ? \" task in your list.\" : \" tasks in your list.\"));"
      },
      {
        "lineNumber": 130,
        "author": {
          "gitId": "tjwjoe"
        },
        "content": "    }"
      },
      {
        "lineNumber": 131,
        "author": {
          "gitId": "tjwjoe"
        },
        "content": ""
      },
      {
        "lineNumber": 132,
        "author": {
          "gitId": "-"
        },
        "content": "    public static void main(String[] args) {"
      },
      {
        "lineNumber": 133,
        "author": {
          "gitId": "tjwjoe"
        },
        "content": "        Duke duke \u003d new Duke();"
      },
      {
        "lineNumber": 134,
        "author": {
          "gitId": "-"
        },
        "content": "        String logo \u003d \" ____        _        \\n\""
      },
      {
        "lineNumber": 135,
        "author": {
          "gitId": "-"
        },
        "content": "                + \"|  _ \\\\ _   _| | _____ \\n\""
      },
      {
        "lineNumber": 136,
        "author": {
          "gitId": "-"
        },
        "content": "                + \"| | | | | | | |/ / _ \\\\\\n\""
      },
      {
        "lineNumber": 137,
        "author": {
          "gitId": "-"
        },
        "content": "                + \"| |_| | |_| |   \u003c  __/\\n\""
      },
      {
        "lineNumber": 138,
        "author": {
          "gitId": "-"
        },
        "content": "                + \"|____/ \\\\__,_|_|\\\\_\\\\___|\\n\";"
      },
      {
        "lineNumber": 139,
        "author": {
          "gitId": "-"
        },
        "content": "        System.out.println(\"Hello from\\n\" + logo);"
      },
      {
        "lineNumber": 140,
        "author": {
          "gitId": "tjwjoe"
        },
        "content": ""
      },
      {
        "lineNumber": 141,
        "author": {
          "gitId": "tjwjoe"
        },
        "content": "        duke.takeInputs();"
      },
      {
        "lineNumber": 142,
        "author": {
          "gitId": "tjwjoe"
        },
        "content": "//        String test \u003d \"I want to die\";"
      },
      {
        "lineNumber": 143,
        "author": {
          "gitId": "tjwjoe"
        },
        "content": "//        System.out.println(test.indexOf(\"die\"));"
      },
      {
        "lineNumber": 144,
        "author": {
          "gitId": "-"
        },
        "content": "    }"
      },
      {
        "lineNumber": 145,
        "author": {
          "gitId": "-"
        },
        "content": "}"
      }
    ],
    "authorContributionMap": {
      "tjwjoe": 135,
      "-": 10
    }
  },
  {
    "path": "src/main/java/DukeException.java",
    "fileType": "java",
    "lines": [
      {
        "lineNumber": 1,
        "author": {
          "gitId": "tjwjoe"
        },
        "content": "public class DukeException extends Exception {"
      },
      {
        "lineNumber": 2,
        "author": {
          "gitId": "tjwjoe"
        },
        "content": ""
      },
      {
        "lineNumber": 3,
        "author": {
          "gitId": "tjwjoe"
        },
        "content": "    public DukeException(String message) {"
      },
      {
        "lineNumber": 4,
        "author": {
          "gitId": "tjwjoe"
        },
        "content": "        super(message);"
      },
      {
        "lineNumber": 5,
        "author": {
          "gitId": "tjwjoe"
        },
        "content": "    }"
      },
      {
        "lineNumber": 6,
        "author": {
          "gitId": "tjwjoe"
        },
        "content": "}"
      }
    ],
    "authorContributionMap": {
      "tjwjoe": 6
    }
  },
  {
    "path": "src/main/java/Event.java",
    "fileType": "java",
    "lines": [
      {
        "lineNumber": 1,
        "author": {
          "gitId": "tjwjoe"
        },
        "content": "public class Event extends Task {"
      },
      {
        "lineNumber": 2,
        "author": {
          "gitId": "tjwjoe"
        },
        "content": "    protected String at;"
      },
      {
        "lineNumber": 3,
        "author": {
          "gitId": "tjwjoe"
        },
        "content": ""
      },
      {
        "lineNumber": 4,
        "author": {
          "gitId": "tjwjoe"
        },
        "content": "    public Event(String name, String at) {"
      },
      {
        "lineNumber": 5,
        "author": {
          "gitId": "tjwjoe"
        },
        "content": "        super(name);"
      },
      {
        "lineNumber": 6,
        "author": {
          "gitId": "tjwjoe"
        },
        "content": "        this.at \u003d at;"
      },
      {
        "lineNumber": 7,
        "author": {
          "gitId": "tjwjoe"
        },
        "content": "    }"
      },
      {
        "lineNumber": 8,
        "author": {
          "gitId": "tjwjoe"
        },
        "content": ""
      },
      {
        "lineNumber": 9,
        "author": {
          "gitId": "tjwjoe"
        },
        "content": "    @Override"
      },
      {
        "lineNumber": 10,
        "author": {
          "gitId": "tjwjoe"
        },
        "content": "    public String toString() {"
      },
      {
        "lineNumber": 11,
        "author": {
          "gitId": "tjwjoe"
        },
        "content": "        return \"[E]\" + super.toString() + \" (at: \" + at + \")\";"
      },
      {
        "lineNumber": 12,
        "author": {
          "gitId": "tjwjoe"
        },
        "content": "    }"
      },
      {
        "lineNumber": 13,
        "author": {
          "gitId": "tjwjoe"
        },
        "content": "}"
      }
    ],
    "authorContributionMap": {
      "tjwjoe": 13
    }
  },
  {
    "path": "src/main/java/InvalidTaskException.java",
    "fileType": "java",
    "lines": [
      {
        "lineNumber": 1,
        "author": {
          "gitId": "tjwjoe"
        },
        "content": "public class InvalidTaskException extends DukeException {"
      },
      {
        "lineNumber": 2,
        "author": {
          "gitId": "tjwjoe"
        },
        "content": "    public InvalidTaskException(String message) {"
      },
      {
        "lineNumber": 3,
        "author": {
          "gitId": "tjwjoe"
        },
        "content": "        super(message);"
      },
      {
        "lineNumber": 4,
        "author": {
          "gitId": "tjwjoe"
        },
        "content": "    }"
      },
      {
        "lineNumber": 5,
        "author": {
          "gitId": "tjwjoe"
        },
        "content": "}"
      }
    ],
    "authorContributionMap": {
      "tjwjoe": 5
    }
  },
  {
    "path": "src/main/java/InvalidTaskNumberException.java",
    "fileType": "java",
    "lines": [
      {
        "lineNumber": 1,
        "author": {
          "gitId": "tjwjoe"
        },
        "content": "public class InvalidTaskNumberException extends DukeException {"
      },
      {
        "lineNumber": 2,
        "author": {
          "gitId": "tjwjoe"
        },
        "content": "    public InvalidTaskNumberException(String message) {"
      },
      {
        "lineNumber": 3,
        "author": {
          "gitId": "tjwjoe"
        },
        "content": "        super(message);"
      },
      {
        "lineNumber": 4,
        "author": {
          "gitId": "tjwjoe"
        },
        "content": "    }"
      },
      {
        "lineNumber": 5,
        "author": {
          "gitId": "tjwjoe"
        },
        "content": "}"
      }
    ],
    "authorContributionMap": {
      "tjwjoe": 5
    }
  },
  {
    "path": "src/main/java/InvalidTimeException.java",
    "fileType": "java",
    "lines": [
      {
        "lineNumber": 1,
        "author": {
          "gitId": "tjwjoe"
        },
        "content": "public class InvalidTimeException extends DukeException {"
      },
      {
        "lineNumber": 2,
        "author": {
          "gitId": "tjwjoe"
        },
        "content": "    public InvalidTimeException(String message) {"
      },
      {
        "lineNumber": 3,
        "author": {
          "gitId": "tjwjoe"
        },
        "content": "        super(message);"
      },
      {
        "lineNumber": 4,
        "author": {
          "gitId": "tjwjoe"
        },
        "content": "    }"
      },
      {
        "lineNumber": 5,
        "author": {
          "gitId": "tjwjoe"
        },
        "content": "}"
      }
    ],
    "authorContributionMap": {
      "tjwjoe": 5
    }
  },
  {
    "path": "src/main/java/Task.java",
    "fileType": "java",
    "lines": [
      {
        "lineNumber": 1,
        "author": {
          "gitId": "tjwjoe"
        },
        "content": "public class Task {"
      },
      {
        "lineNumber": 2,
        "author": {
          "gitId": "tjwjoe"
        },
        "content": "    protected String name;"
      },
      {
        "lineNumber": 3,
        "author": {
          "gitId": "tjwjoe"
        },
        "content": "    protected boolean done;"
      },
      {
        "lineNumber": 4,
        "author": {
          "gitId": "tjwjoe"
        },
        "content": ""
      },
      {
        "lineNumber": 5,
        "author": {
          "gitId": "tjwjoe"
        },
        "content": "    public Task(String name) {"
      },
      {
        "lineNumber": 6,
        "author": {
          "gitId": "tjwjoe"
        },
        "content": "        this.name \u003d name;"
      },
      {
        "lineNumber": 7,
        "author": {
          "gitId": "tjwjoe"
        },
        "content": "        this.done \u003d false;"
      },
      {
        "lineNumber": 8,
        "author": {
          "gitId": "tjwjoe"
        },
        "content": "    }"
      },
      {
        "lineNumber": 9,
        "author": {
          "gitId": "tjwjoe"
        },
        "content": ""
      },
      {
        "lineNumber": 10,
        "author": {
          "gitId": "tjwjoe"
        },
        "content": "    public void setDone(boolean done) {"
      },
      {
        "lineNumber": 11,
        "author": {
          "gitId": "tjwjoe"
        },
        "content": "        this.done \u003d done;"
      },
      {
        "lineNumber": 12,
        "author": {
          "gitId": "tjwjoe"
        },
        "content": "    }"
      },
      {
        "lineNumber": 13,
        "author": {
          "gitId": "tjwjoe"
        },
        "content": ""
      },
      {
        "lineNumber": 14,
        "author": {
          "gitId": "tjwjoe"
        },
        "content": "    public String getStatusIcon() {"
      },
      {
        "lineNumber": 15,
        "author": {
          "gitId": "tjwjoe"
        },
        "content": "        return (done ? \"\\u2713\" : \"\\u2718\"); //return tick or X symbols"
      },
      {
        "lineNumber": 16,
        "author": {
          "gitId": "tjwjoe"
        },
        "content": "    }"
      },
      {
        "lineNumber": 17,
        "author": {
          "gitId": "tjwjoe"
        },
        "content": ""
      },
      {
        "lineNumber": 18,
        "author": {
          "gitId": "tjwjoe"
        },
        "content": "    public String toString() {"
      },
      {
        "lineNumber": 19,
        "author": {
          "gitId": "tjwjoe"
        },
        "content": "        return \"[\" + getStatusIcon() + \"] \" + name;"
      },
      {
        "lineNumber": 20,
        "author": {
          "gitId": "tjwjoe"
        },
        "content": "    }"
      },
      {
        "lineNumber": 21,
        "author": {
          "gitId": "tjwjoe"
        },
        "content": "}"
      }
    ],
    "authorContributionMap": {
      "tjwjoe": 21
    }
  },
  {
    "path": "src/main/java/TaskList.java",
    "fileType": "java",
    "lines": [
      {
        "lineNumber": 1,
        "author": {
          "gitId": "tjwjoe"
        },
        "content": "import java.util.ArrayList;"
      },
      {
        "lineNumber": 2,
        "author": {
          "gitId": "tjwjoe"
        },
        "content": ""
      },
      {
        "lineNumber": 3,
        "author": {
          "gitId": "tjwjoe"
        },
        "content": "public class TaskList {"
      },
      {
        "lineNumber": 4,
        "author": {
          "gitId": "tjwjoe"
        },
        "content": ""
      },
      {
        "lineNumber": 5,
        "author": {
          "gitId": "tjwjoe"
        },
        "content": "    private int numTasks;"
      },
      {
        "lineNumber": 6,
        "author": {
          "gitId": "tjwjoe"
        },
        "content": "    private ArrayList\u003cTask\u003e list;"
      },
      {
        "lineNumber": 7,
        "author": {
          "gitId": "tjwjoe"
        },
        "content": ""
      },
      {
        "lineNumber": 8,
        "author": {
          "gitId": "tjwjoe"
        },
        "content": "    public TaskList() {"
      },
      {
        "lineNumber": 9,
        "author": {
          "gitId": "tjwjoe"
        },
        "content": "        this.numTasks \u003d 1;"
      },
      {
        "lineNumber": 10,
        "author": {
          "gitId": "tjwjoe"
        },
        "content": "        this.list \u003d new ArrayList\u003c\u003e();"
      },
      {
        "lineNumber": 11,
        "author": {
          "gitId": "tjwjoe"
        },
        "content": "    }"
      },
      {
        "lineNumber": 12,
        "author": {
          "gitId": "tjwjoe"
        },
        "content": ""
      },
      {
        "lineNumber": 13,
        "author": {
          "gitId": "tjwjoe"
        },
        "content": "    public void addItem(Task item) {"
      },
      {
        "lineNumber": 14,
        "author": {
          "gitId": "tjwjoe"
        },
        "content": "        numTasks++;"
      },
      {
        "lineNumber": 15,
        "author": {
          "gitId": "tjwjoe"
        },
        "content": "        list.add(item);"
      },
      {
        "lineNumber": 16,
        "author": {
          "gitId": "tjwjoe"
        },
        "content": "    }"
      },
      {
        "lineNumber": 17,
        "author": {
          "gitId": "tjwjoe"
        },
        "content": ""
      },
      {
        "lineNumber": 18,
        "author": {
          "gitId": "tjwjoe"
        },
        "content": "    public int size() {"
      },
      {
        "lineNumber": 19,
        "author": {
          "gitId": "tjwjoe"
        },
        "content": "        return list.size();"
      },
      {
        "lineNumber": 20,
        "author": {
          "gitId": "tjwjoe"
        },
        "content": "    }"
      },
      {
        "lineNumber": 21,
        "author": {
          "gitId": "tjwjoe"
        },
        "content": ""
      },
      {
        "lineNumber": 22,
        "author": {
          "gitId": "tjwjoe"
        },
        "content": "    public int getNumTasks() {"
      },
      {
        "lineNumber": 23,
        "author": {
          "gitId": "tjwjoe"
        },
        "content": "        return numTasks;"
      },
      {
        "lineNumber": 24,
        "author": {
          "gitId": "tjwjoe"
        },
        "content": "    }"
      },
      {
        "lineNumber": 25,
        "author": {
          "gitId": "tjwjoe"
        },
        "content": "    public ArrayList\u003cTask\u003e getTasks() {"
      },
      {
        "lineNumber": 26,
        "author": {
          "gitId": "tjwjoe"
        },
        "content": "        return list;"
      },
      {
        "lineNumber": 27,
        "author": {
          "gitId": "tjwjoe"
        },
        "content": "    }"
      },
      {
        "lineNumber": 28,
        "author": {
          "gitId": "tjwjoe"
        },
        "content": ""
      },
      {
        "lineNumber": 29,
        "author": {
          "gitId": "tjwjoe"
        },
        "content": "    public String toString() {"
      },
      {
        "lineNumber": 30,
        "author": {
          "gitId": "tjwjoe"
        },
        "content": "        StringBuilder ls \u003d new StringBuilder();"
      },
      {
        "lineNumber": 31,
        "author": {
          "gitId": "tjwjoe"
        },
        "content": "        int counter \u003d 1;"
      },
      {
        "lineNumber": 32,
        "author": {
          "gitId": "tjwjoe"
        },
        "content": "        for (Task task : list) {"
      },
      {
        "lineNumber": 33,
        "author": {
          "gitId": "tjwjoe"
        },
        "content": "            ls.append(counter \u003d\u003d 1 ? \"\" : \"\\n\").append(counter).append(\".\").append(task);"
      },
      {
        "lineNumber": 34,
        "author": {
          "gitId": "tjwjoe"
        },
        "content": "            counter++;"
      },
      {
        "lineNumber": 35,
        "author": {
          "gitId": "tjwjoe"
        },
        "content": "        }"
      },
      {
        "lineNumber": 36,
        "author": {
          "gitId": "tjwjoe"
        },
        "content": "        return ls.toString();"
      },
      {
        "lineNumber": 37,
        "author": {
          "gitId": "tjwjoe"
        },
        "content": "    }"
      },
      {
        "lineNumber": 38,
        "author": {
          "gitId": "tjwjoe"
        },
        "content": "}"
      }
    ],
    "authorContributionMap": {
      "tjwjoe": 38
    }
  },
  {
    "path": "src/main/java/TaskNotFoundException.java",
    "fileType": "java",
    "lines": [
      {
        "lineNumber": 1,
        "author": {
          "gitId": "tjwjoe"
        },
        "content": "public class TaskNotFoundException extends DukeException {"
      },
      {
        "lineNumber": 2,
        "author": {
          "gitId": "tjwjoe"
        },
        "content": "    public TaskNotFoundException(String message) {"
      },
      {
        "lineNumber": 3,
        "author": {
          "gitId": "tjwjoe"
        },
        "content": "        super(message);"
      },
      {
        "lineNumber": 4,
        "author": {
          "gitId": "tjwjoe"
        },
        "content": "    }"
      },
      {
        "lineNumber": 5,
        "author": {
          "gitId": "tjwjoe"
        },
        "content": "}"
      }
    ],
    "authorContributionMap": {
      "tjwjoe": 5
    }
  },
  {
    "path": "src/main/java/Todo.java",
    "fileType": "java",
    "lines": [
      {
        "lineNumber": 1,
        "author": {
          "gitId": "tjwjoe"
        },
        "content": "public class Todo extends Task {"
      },
      {
        "lineNumber": 2,
        "author": {
          "gitId": "tjwjoe"
        },
        "content": "    public Todo(String name) {"
      },
      {
        "lineNumber": 3,
        "author": {
          "gitId": "tjwjoe"
        },
        "content": "        super(name);"
      },
      {
        "lineNumber": 4,
        "author": {
          "gitId": "tjwjoe"
        },
        "content": "    }"
      },
      {
        "lineNumber": 5,
        "author": {
          "gitId": "tjwjoe"
        },
        "content": ""
      },
      {
        "lineNumber": 6,
        "author": {
          "gitId": "tjwjoe"
        },
        "content": "    @Override"
      },
      {
        "lineNumber": 7,
        "author": {
          "gitId": "tjwjoe"
        },
        "content": "    public String toString() {"
      },
      {
        "lineNumber": 8,
        "author": {
          "gitId": "tjwjoe"
        },
        "content": "        return \"[T]\" + super.toString();"
      },
      {
        "lineNumber": 9,
        "author": {
          "gitId": "tjwjoe"
        },
        "content": "    }"
      },
      {
        "lineNumber": 10,
        "author": {
          "gitId": "tjwjoe"
        },
        "content": "}"
      }
    ],
    "authorContributionMap": {
      "tjwjoe": 10
    }
  },
  {
    "path": "src/main/java/UnknownCmdException.java",
    "fileType": "java",
    "lines": [
      {
        "lineNumber": 1,
        "author": {
          "gitId": "tjwjoe"
        },
        "content": "public class UnknownCmdException extends DukeException {"
      },
      {
        "lineNumber": 2,
        "author": {
          "gitId": "tjwjoe"
        },
        "content": ""
      },
      {
        "lineNumber": 3,
        "author": {
          "gitId": "tjwjoe"
        },
        "content": "    public UnknownCmdException(String message) {"
      },
      {
        "lineNumber": 4,
        "author": {
          "gitId": "tjwjoe"
        },
        "content": "        super(message);"
      },
      {
        "lineNumber": 5,
        "author": {
          "gitId": "tjwjoe"
        },
        "content": "    }"
      },
      {
        "lineNumber": 6,
        "author": {
          "gitId": "tjwjoe"
        },
        "content": "}"
      }
    ],
    "authorContributionMap": {
      "tjwjoe": 6
    }
  },
  {
    "path": "text-ui-test/input.txt",
    "fileType": "txt",
    "lines": [
      {
        "lineNumber": 1,
        "author": {
          "gitId": "tjwjoe"
        },
        "content": "todo Watch webcast"
      },
      {
        "lineNumber": 2,
        "author": {
          "gitId": "tjwjoe"
        },
        "content": "deadline Finish tutorial /by 5pm Monday"
      },
      {
        "lineNumber": 3,
        "author": {
          "gitId": "tjwjoe"
        },
        "content": "event Family dinner /at 6pm Tuesday"
      },
      {
        "lineNumber": 4,
        "author": {
          "gitId": "tjwjoe"
        },
        "content": "todo Buy new clothes"
      },
      {
        "lineNumber": 5,
        "author": {
          "gitId": "tjwjoe"
        },
        "content": "done 2"
      },
      {
        "lineNumber": 6,
        "author": {
          "gitId": "tjwjoe"
        },
        "content": "list"
      }
    ],
    "authorContributionMap": {
      "tjwjoe": 6
    }
  },
  {
    "path": "text-ui-test/runtest.bat",
    "fileType": "bat",
    "lines": [
      {
        "lineNumber": 1,
        "author": {
          "gitId": "-"
        },
        "content": "@ECHO OFF"
      },
      {
        "lineNumber": 2,
        "author": {
          "gitId": "-"
        },
        "content": ""
      },
      {
        "lineNumber": 3,
        "author": {
          "gitId": "-"
        },
        "content": "REM create bin directory if it doesn\u0027t exist"
      },
      {
        "lineNumber": 4,
        "author": {
          "gitId": "tjwjoe"
        },
        "content": "if not exist D:\\CS2103T\\ip\\bin mkdir D:\\CS2103T\\ip\\bin"
      },
      {
        "lineNumber": 5,
        "author": {
          "gitId": "-"
        },
        "content": ""
      },
      {
        "lineNumber": 6,
        "author": {
          "gitId": "-"
        },
        "content": "REM delete output from previous run"
      },
      {
        "lineNumber": 7,
        "author": {
          "gitId": "-"
        },
        "content": "del ACTUAL.TXT"
      },
      {
        "lineNumber": 8,
        "author": {
          "gitId": "-"
        },
        "content": ""
      },
      {
        "lineNumber": 9,
        "author": {
          "gitId": "-"
        },
        "content": "REM compile the code into the bin folder"
      },
      {
        "lineNumber": 10,
        "author": {
          "gitId": "tjwjoe"
        },
        "content": "set JAVA_TOOL_OPTIONS\u003d-Dfile.encoding\u003dUTF-8"
      },
      {
        "lineNumber": 11,
        "author": {
          "gitId": "tjwjoe"
        },
        "content": "javac  -cp D:\\CS2103T\\ip\\src\\ -Xlint:none -d D:\\CS2103T\\ip\\bin D:\\CS2103T\\ip\\src\\main\\java\\*.java -target 11"
      },
      {
        "lineNumber": 12,
        "author": {
          "gitId": "-"
        },
        "content": "IF ERRORLEVEL 1 ("
      },
      {
        "lineNumber": 13,
        "author": {
          "gitId": "-"
        },
        "content": "    echo ********** BUILD FAILURE **********"
      },
      {
        "lineNumber": 14,
        "author": {
          "gitId": "-"
        },
        "content": "    exit /b 1"
      },
      {
        "lineNumber": 15,
        "author": {
          "gitId": "-"
        },
        "content": ")"
      },
      {
        "lineNumber": 16,
        "author": {
          "gitId": "-"
        },
        "content": "REM no error here, errorlevel \u003d\u003d 0"
      },
      {
        "lineNumber": 17,
        "author": {
          "gitId": "-"
        },
        "content": ""
      },
      {
        "lineNumber": 18,
        "author": {
          "gitId": "-"
        },
        "content": "REM run the program, feed commands from input.txt file and redirect the output to the ACTUAL.TXT"
      },
      {
        "lineNumber": 19,
        "author": {
          "gitId": "tjwjoe"
        },
        "content": "java -classpath D:\\CS2103T\\ip\\bin Duke \u003c input.txt \u003e ACTUAL.TXT"
      },
      {
        "lineNumber": 20,
        "author": {
          "gitId": "-"
        },
        "content": ""
      },
      {
        "lineNumber": 21,
        "author": {
          "gitId": "-"
        },
        "content": "REM compare the output to the expected output"
      },
      {
        "lineNumber": 22,
        "author": {
          "gitId": "-"
        },
        "content": "FC ACTUAL.TXT EXPECTED.TXT"
      },
      {
        "lineNumber": 23,
        "author": {
          "gitId": "tjwjoe"
        },
        "content": ""
      },
      {
        "lineNumber": 24,
        "author": {
          "gitId": "tjwjoe"
        },
        "content": "pause"
      }
    ],
    "authorContributionMap": {
      "tjwjoe": 6,
      "-": 18
    }
  }
]
