{
  "authorDailyContributionsMap": {
    "tjwjoe": [
      {
        "date": "2020-08-16",
        "commitResults": [
          {
            "hash": "f72c21f0d67c93a9a643335937ec8c2526932202",
            "messageTitle": "Level-1",
            "messageBody": "",
            "tags": [
              "Level-1"
            ],
            "fileTypesAndContributionMap": {
              "java": {
                "insertions": 20,
                "deletions": 0
              }
            }
          },
          {
            "hash": "032db8e02a28a36f2c9a6dd265f62c4afe5cf598",
            "messageTitle": "Level-2",
            "messageBody": "",
            "tags": [
              "Level-2"
            ],
            "fileTypesAndContributionMap": {
              "java": {
                "insertions": 38,
                "deletions": 3
              },
              "bat": {
                "insertions": 1,
                "deletions": 0
              }
            }
          },
          {
            "hash": "b68708eb88e793a3175e3084c1dbfc90aae9b68b",
            "messageTitle": "Level-3",
            "messageBody": "",
            "tags": [
              "Level-3"
            ],
            "fileTypesAndContributionMap": {
              "java": {
                "insertions": 46,
                "deletions": 12
              }
            }
          },
          {
            "hash": "dee6f1dade1c18df6c922accc92bbfb8f43fe1a9",
            "messageTitle": "Reworked Task class slightly",
            "messageBody": "",
            "fileTypesAndContributionMap": {
              "java": {
                "insertions": 10,
                "deletions": 6
              }
            }
          }
        ]
      },
      {
        "date": "2020-08-17",
        "commitResults": [
          {
            "hash": "f0476b8197f0e6ec9d112e8d0bf7bcb41288b7e3",
            "messageTitle": "Level-4",
            "messageBody": "",
            "tags": [
              "Level-4"
            ],
            "fileTypesAndContributionMap": {
              "java": {
                "insertions": 60,
                "deletions": 8
              }
            }
          },
          {
            "hash": "5550cf5f6c6f764ae547dc54327de65e579ad407",
            "messageTitle": "level-5",
            "messageBody": "",
            "tags": [
              "Level-5",
              "A-TextUiTesting"
            ],
            "fileTypesAndContributionMap": {
              "txt": {
                "insertions": 6,
                "deletions": 0
              },
              "java": {
                "insertions": 82,
                "deletions": 30
              },
              "bat": {
                "insertions": 5,
                "deletions": 3
              }
            }
          }
        ]
      },
      {
        "date": "2020-08-18",
        "commitResults": [
          {
            "hash": "aa14921815dd6702b16c31a6e1d60edcad34f812",
            "messageTitle": "level-6, added new method",
            "messageBody": "",
            "tags": [
              "Level-6"
            ],
            "fileTypesAndContributionMap": {
              "java": {
                "insertions": 101,
                "deletions": 36
              }
            }
          }
        ]
      }
    ]
  },
  "authorFileTypeContributionMap": {
    "tjwjoe": {
      "java": 262,
      "md": 0,
      "fxml": 0,
      "sh": 0,
      "bat": 6,
      "gradle": 0,
      "txt": 6
    }
  },
  "authorContributionVariance": {
    "tjwjoe": 6256.6396
  },
  "authorDisplayNameMap": {
    "tjwjoe": "TAN .. JOE"
  }
}
