{
  "authorDailyContributionsMap": {
    "tjwjoe": [
      {
        "date": "2020-08-16",
        "commitResults": [
          {
            "hash": "f72c21f0d67c93a9a643335937ec8c2526932202",
            "messageTitle": "Level-1",
            "messageBody": "",
            "tags": [
              "Level-1"
            ],
            "fileTypesAndContributionMap": {
              "java": {
                "insertions": 20,
                "deletions": 0
              }
            }
          },
          {
            "hash": "032db8e02a28a36f2c9a6dd265f62c4afe5cf598",
            "messageTitle": "Level-2",
            "messageBody": "",
            "tags": [
              "Level-2"
            ],
            "fileTypesAndContributionMap": {
              "java": {
                "insertions": 38,
                "deletions": 3
              },
              "bat": {
                "insertions": 1,
                "deletions": 0
              }
            }
          },
          {
            "hash": "b68708eb88e793a3175e3084c1dbfc90aae9b68b",
            "messageTitle": "Level-3",
            "messageBody": "",
            "tags": [
              "Level-3"
            ],
            "fileTypesAndContributionMap": {
              "java": {
                "insertions": 46,
                "deletions": 12
              }
            }
          },
          {
            "hash": "dee6f1dade1c18df6c922accc92bbfb8f43fe1a9",
            "messageTitle": "Reworked Task class slightly",
            "messageBody": "",
            "fileTypesAndContributionMap": {
              "java": {
                "insertions": 10,
                "deletions": 6
              }
            }
          }
        ]
      },
      {
        "date": "2020-08-17",
        "commitResults": [
          {
            "hash": "f0476b8197f0e6ec9d112e8d0bf7bcb41288b7e3",
            "messageTitle": "Level-4",
            "messageBody": "",
            "tags": [
              "Level-4"
            ],
            "fileTypesAndContributionMap": {
              "java": {
                "insertions": 60,
                "deletions": 8
              }
            }
          },
          {
            "hash": "5550cf5f6c6f764ae547dc54327de65e579ad407",
            "messageTitle": "level-5",
            "messageBody": "",
            "tags": [
              "Level-5",
              "A-TextUiTesting"
            ],
            "fileTypesAndContributionMap": {
              "txt": {
                "insertions": 6,
                "deletions": 0
              },
              "java": {
                "insertions": 82,
                "deletions": 30
              },
              "bat": {
                "insertions": 5,
                "deletions": 3
              }
            }
          }
        ]
      },
      {
        "date": "2020-08-18",
        "commitResults": [
          {
            "hash": "aa14921815dd6702b16c31a6e1d60edcad34f812",
            "messageTitle": "level-6, added new method",
            "messageBody": "",
            "tags": [
              "Level-6"
            ],
            "fileTypesAndContributionMap": {
              "java": {
                "insertions": 101,
                "deletions": 36
              }
            }
          }
        ]
      },
      {
        "date": "2020-08-23",
        "commitResults": [
          {
            "hash": "c9c21f359db722dbd3f8b3acba81aa3b8e8844d8",
            "messageTitle": "Add file reading and writing capabilities",
            "messageBody": "",
            "tags": [
              "Level-7-tag",
              "Level-7-branch"
            ],
            "fileTypesAndContributionMap": {
              "txt": {
                "insertions": 3,
                "deletions": 0
              },
              "java": {
                "insertions": 185,
                "deletions": 51
              }
            }
          },
          {
            "hash": "4ba31cd452b89a2088348cc4d2d3c5ba9e9349f1",
            "messageTitle": "Add support for dates/times instead of using strings",
            "messageBody": "",
            "tags": [
              "Level-8-tag"
            ],
            "fileTypesAndContributionMap": {
              "java": {
                "insertions": 74,
                "deletions": 22
              }
            }
          }
        ]
      },
      {
        "date": "2020-08-24",
        "commitResults": [
          {
            "hash": "516a5a1a44f0e28e94409bf61eebc046d1ee1eef",
            "messageTitle": "Add extensive OOP support",
            "messageBody": "",
            "tags": [
              "A-MoreOOP"
            ],
            "fileTypesAndContributionMap": {
              "java": {
                "insertions": 374,
                "deletions": 237
              }
            }
          },
          {
            "hash": "076049c3b19e3d195ea295517dd9a37ef19e6761",
            "messageTitle": "Refactor into packages for organisation",
            "messageBody": "",
            "tags": [
              "A-Packages"
            ],
            "fileTypesAndContributionMap": {
              "java": {
                "insertions": 669,
                "deletions": 2
              }
            }
          },
          {
            "hash": "89037375306e48b9411f7ebf2479a1c0360e4b31",
            "messageTitle": "Delete old un-packaged files",
            "messageBody": "",
            "fileTypesAndContributionMap": {
              "java": {
                "insertions": 0,
                "deletions": 564
              }
            }
          },
          {
            "hash": "7e9116860c473a04f220b848391df17eec0e79e3",
            "messageTitle": "Add support for JUnit Testing",
            "messageBody": "",
            "tags": [
              "v0.1",
              "A-JUnit"
            ],
            "fileTypesAndContributionMap": {
              "java": {
                "insertions": 35,
                "deletions": 0
              }
            }
          },
          {
            "hash": "eef41d333e355e59107ebf570c068cb17db0e954",
            "messageTitle": "Add Javadocs to relevant classes and methods",
            "messageBody": "",
            "tags": [
              "A-Jar"
            ],
            "fileTypesAndContributionMap": {
              "java": {
                "insertions": 149,
                "deletions": 22
              }
            }
          },
          {
            "hash": "604c935c3bb5b27a2cf5537aca02603fe20d0957",
            "messageTitle": "Ensure adherence to Java Coding Standard",
            "messageBody": "",
            "fileTypesAndContributionMap": {
              "java": {
                "insertions": 20,
                "deletions": 25
              }
            }
          }
        ]
      },
      {
        "date": "2020-08-25",
        "commitResults": [
          {
            "hash": "d6d6006cc814434e7cfff875735c156b9ef9bae0",
            "messageTitle": "Add find command",
            "messageBody": "",
            "fileTypesAndContributionMap": {
              "txt": {
                "insertions": 5,
                "deletions": 3
              },
              "java": {
                "insertions": 53,
                "deletions": 10
              }
            }
          },
          {
            "hash": "45e266777e44c2664283bee1e64705e6de403c66",
            "messageTitle": "Improve efficiency of writing to hard disk",
            "messageBody": "",
            "fileTypesAndContributionMap": {
              "java": {
                "insertions": 9,
                "deletions": 13
              }
            }
          }
        ]
      },
      {
        "date": "2020-08-28",
        "commitResults": [
          {
            "hash": "cc8a5e45ab32429f22040840c347027c63cd3de8",
            "messageTitle": "Add checkstyle support",
            "messageBody": "",
            "fileTypesAndContributionMap": {
              "gradle": {
                "insertions": 1,
                "deletions": 1
              },
              "java": {
                "insertions": 122,
                "deletions": 53
              }
            }
          }
        ]
      },
      {
        "date": "2020-08-30",
        "commitResults": [
          {
            "hash": "6c93fcd00b2fe4b447163f7a30ba43bd1fdccf85",
            "messageTitle": "Add GUI support up to part 3",
            "messageBody": "",
            "fileTypesAndContributionMap": {
              "gradle": {
                "insertions": 16,
                "deletions": 1
              },
              "java": {
                "insertions": 140,
                "deletions": 3
              }
            }
          },
          {
            "hash": "71ce28f2124ed0775ee368d83dfc23c1d88e9fe0",
            "messageTitle": "Add full GUI support",
            "messageBody": "",
            "tags": [
              "Level-10"
            ],
            "fileTypesAndContributionMap": {
              "txt": {
                "insertions": 2,
                "deletions": 2
              },
              "fxml": {
                "insertions": 48,
                "deletions": 0
              },
              "java": {
                "insertions": 308,
                "deletions": 197
              }
            }
          }
        ]
      },
      {
        "date": "2020-08-31",
        "commitResults": [
          {
            "hash": "677aaea5d8413518c6706546a410ea1810068bd6",
            "messageTitle": "Fix minor naming issues",
            "messageBody": "",
            "fileTypesAndContributionMap": {
              "java": {
                "insertions": 31,
                "deletions": 31
              }
            }
          }
        ]
      },
      {
        "date": "2020-09-02",
        "commitResults": [
          {
            "hash": "456f71fab00c031c053556aa38e40d5f3588d9b8",
            "messageTitle": "Resolve issues mentioned in PR review",
            "messageBody": "",
            "tags": [
              "v0.2"
            ],
            "fileTypesAndContributionMap": {
              "java": {
                "insertions": 117,
                "deletions": 116
              }
            }
          }
        ]
      }
    ]
  },
  "authorFileTypeContributionMap": {
    "tjwjoe": {
      "java": 1224,
      "md": 0,
      "fxml": 48,
      "sh": 0,
      "bat": 6,
      "gradle": 17,
      "txt": 11
    }
  },
  "authorContributionVariance": {
    "tjwjoe": 216134.83
  },
  "authorDisplayNameMap": {
    "tjwjoe": "CS2103T-W16-2 TAN .. JOE"
  }
}
