{
  "authorDailyContributionsMap": {
    "shermz-lim": [
      {
        "date": "2020-08-16",
        "commitResults": [
          {
            "hash": "e7a6503ab3682cb95ab390580392b9694278139a",
            "messageTitle": "Add basic greet, echo, exit functionality for chatbot",
            "messageBody": "",
            "tags": [
              "Level-1"
            ],
            "fileTypesAndContributionMap": {
              "java": {
                "insertions": 31,
                "deletions": 6
              }
            }
          }
        ]
      },
      {
        "date": "2020-08-17",
        "commitResults": [
          {
            "hash": "a70da9f1b96104d4cbcfaf0c2a0351e50cc71fbd",
            "messageTitle": "Add feature to store and print out list of user input",
            "messageBody": "",
            "tags": [
              "Level-2"
            ],
            "fileTypesAndContributionMap": {
              "java": {
                "insertions": 10,
                "deletions": 1
              }
            }
          },
          {
            "hash": "f554d2b9835924e79d5d3f7454fd82fd7ed92cd6",
            "messageTitle": "Implement Task class",
            "messageBody": "",
            "fileTypesAndContributionMap": {
              "java": {
                "insertions": 22,
                "deletions": 0
              }
            }
          },
          {
            "hash": "804f1902e921a69ddd6536b5965f0c65b34218eb",
            "messageTitle": "Add feature for user to mark task as done",
            "messageBody": "",
            "tags": [
              "Level-3"
            ],
            "fileTypesAndContributionMap": {
              "java": {
                "insertions": 11,
                "deletions": 4
              }
            }
          },
          {
            "hash": "670ec880d17b8597b3d64be01e33bcfec046e0bc",
            "messageTitle": "Add classes Todo, Deadline, Event",
            "messageBody": "",
            "tags": [
              "Level-4"
            ],
            "fileTypesAndContributionMap": {
              "java": {
                "insertions": 70,
                "deletions": 5
              }
            }
          },
          {
            "hash": "1af91914bc38e1255fb15040d677aa303d4ed261",
            "messageTitle": "Refactor printing with indentation to be a helper function",
            "messageBody": "",
            "fileTypesAndContributionMap": {
              "java": {
                "insertions": 6,
                "deletions": 2
              }
            }
          }
        ]
      },
      {
        "date": "2020-08-18",
        "commitResults": [
          {
            "hash": "82c0b8d685f3183cf27187fb6ebbdf093e46281e",
            "messageTitle": "Add input to test functionalities from level 1 to 5 and the correct expected text",
            "messageBody": "",
            "tags": [
              "A-TextUiTesting"
            ],
            "fileTypesAndContributionMap": {
              "txt": {
                "insertions": 14,
                "deletions": 0
              },
              "sh": {
                "insertions": 1,
                "deletions": 1
              }
            }
          },
          {
            "hash": "3e7f671196073de8ff3e83cf95cf508c0adbfb6d",
            "messageTitle": "bugfix to terminate program when there\u0027s no more input provided",
            "messageBody": "",
            "fileTypesAndContributionMap": {
              "java": {
                "insertions": 27,
                "deletions": 23
              }
            }
          },
          {
            "hash": "65a72a88265e24eb00ffaa22f1535d9ea40aebbd",
            "messageTitle": "Add error handling and update tests for new error handling scenarios",
            "messageBody": "",
            "tags": [
              "Level-5"
            ],
            "fileTypesAndContributionMap": {
              "txt": {
                "insertions": 14,
                "deletions": 0
              },
              "java": {
                "insertions": 73,
                "deletions": 24
              }
            }
          },
          {
            "hash": "edc44e56dd190473e99c0ceb14e8b4d143e062d4",
            "messageTitle": "Add delete feature with error handling and update tests to reflect this",
            "messageBody": "",
            "tags": [
              "Level-6"
            ],
            "fileTypesAndContributionMap": {
              "txt": {
                "insertions": 7,
                "deletions": 0
              },
              "java": {
                "insertions": 18,
                "deletions": 0
              }
            }
          },
          {
            "hash": "b64875d6ab0bf7b87ba007fdd4a20013115bac95",
            "messageTitle": "Add enum for all possible commands",
            "messageBody": "",
            "tags": [
              "A-Enums"
            ],
            "fileTypesAndContributionMap": {
              "java": {
                "insertions": 25,
                "deletions": 7
              }
            }
          }
        ]
      },
      {
        "date": "2020-08-24",
        "commitResults": [
          {
            "hash": "bd5528c14e20862a94cf773302ec3d1503d87a2c",
            "messageTitle": "Add loading of task list data from disk",
            "messageBody": "",
            "fileTypesAndContributionMap": {
              "java": {
                "insertions": 59,
                "deletions": 3
              }
            }
          },
          {
            "hash": "f05c234b77442d752d32513dfb2f5d0bbdcd52c0",
            "messageTitle": "Add saving of task list into disk",
            "messageBody": "",
            "fileTypesAndContributionMap": {
              "java": {
                "insertions": 60,
                "deletions": 15
              }
            }
          },
          {
            "hash": "cf75a4cac72976546f6c2a1b529ce261edb2bc99",
            "messageTitle": "Allow deadline and event to understand date and time input",
            "messageBody": "",
            "fileTypesAndContributionMap": {
              "java": {
                "insertions": 62,
                "deletions": 2
              }
            }
          },
          {
            "hash": "d19886db12dac3a2c059983e786c6a4d69ec20c9",
            "messageTitle": "Change format of datetime output for deadline and event",
            "messageBody": "",
            "fileTypesAndContributionMap": {
              "java": {
                "insertions": 2,
                "deletions": 4
              }
            }
          },
          {
            "hash": "062e686a419071bdf5a79ca6301d8f4ec651f6a4",
            "messageTitle": "Add command to print list of tasks on a particular date",
            "messageBody": "",
            "fileTypesAndContributionMap": {
              "java": {
                "insertions": 39,
                "deletions": 4
              }
            }
          },
          {
            "hash": "4449ceb4410fa9060c062da7910f69fb90d07cec",
            "messageTitle": "Allow event and deadline to understand date and time when loaded from hard disk too",
            "messageBody": "",
            "tags": [
              "Level-8"
            ],
            "fileTypesAndContributionMap": {
              "java": {
                "insertions": 23,
                "deletions": 22
              }
            }
          }
        ]
      },
      {
        "date": "2020-08-25",
        "commitResults": [
          {
            "hash": "f4a1243b179cf956fca8815a8595fc3e9f0e38e8",
            "messageTitle": "Abstract loading and saving of data into Storage class",
            "messageBody": "",
            "fileTypesAndContributionMap": {
              "java": {
                "insertions": 98,
                "deletions": 67
              }
            }
          },
          {
            "hash": "85ef41a353b13aa7d7f6709c24de94674699635a",
            "messageTitle": "Add TaskList class",
            "messageBody": "",
            "fileTypesAndContributionMap": {
              "java": {
                "insertions": 76,
                "deletions": 39
              }
            }
          },
          {
            "hash": "fa1e9169a8007d9d15be2294140928d228b69eb5",
            "messageTitle": "Refactor all user interactions into Ui class",
            "messageBody": "",
            "fileTypesAndContributionMap": {
              "java": {
                "insertions": 128,
                "deletions": 70
              }
            }
          },
          {
            "hash": "92bcb2e810f7693281d671438d745c5f652be247",
            "messageTitle": "Create command and parser class and refactor duke to use these classes",
            "messageBody": "",
            "tags": [
              "A-MoreOOP"
            ],
            "fileTypesAndContributionMap": {
              "java": {
                "insertions": 181,
                "deletions": 104
              }
            }
          },
          {
            "hash": "0b653a65f6a0e466aefac2f692c466a5ee259eff",
            "messageTitle": "Add junit tests",
            "messageBody": "",
            "tags": [
              "A-JUnit"
            ],
            "fileTypesAndContributionMap": {
              "java": {
                "insertions": 48,
                "deletions": 0
              }
            }
          },
          {
            "hash": "b1e6efc99416b19a5f796de96a5fd9c19116e78b",
            "messageTitle": "Add javadoc comments for Command classes",
            "messageBody": "",
            "fileTypesAndContributionMap": {
              "java": {
                "insertions": 64,
                "deletions": 0
              }
            }
          },
          {
            "hash": "f8fe08443281bd63f7482ba10e40cb2ef2547b7f",
            "messageTitle": "Add javadoc comments for Task classes",
            "messageBody": "",
            "fileTypesAndContributionMap": {
              "java": {
                "insertions": 89,
                "deletions": 0
              }
            }
          },
          {
            "hash": "b10411b7160712ab35495a9297fd7de06e518f25",
            "messageTitle": "Add javadoc comments for enum classes",
            "messageBody": "",
            "fileTypesAndContributionMap": {
              "java": {
                "insertions": 3,
                "deletions": 0
              }
            }
          },
          {
            "hash": "4baa9d75f4a97d1c369ce3e1407c3e8267f4cc15",
            "messageTitle": "Added javadoc comments for Duke, DukeException, Storage, TaskList, Ui, Parser",
            "messageBody": "",
            "fileTypesAndContributionMap": {
              "java": {
                "insertions": 134,
                "deletions": 1
              }
            }
          },
          {
            "hash": "16ad2b0451173e1aeeb9d72d4ca93112e68cca8b",
            "messageTitle": "Change code to adhere to coding standard",
            "messageBody": "",
            "fileTypesAndContributionMap": {
              "java": {
                "insertions": 28,
                "deletions": 28
              }
            }
          },
          {
            "hash": "33ef4d6b6fdfe65b9107a5e122a257e38d304c18",
            "messageTitle": "Add feature for user to find tasks by keyword",
            "messageBody": "",
            "fileTypesAndContributionMap": {
              "java": {
                "insertions": 53,
                "deletions": 1
              }
            }
          },
          {
            "hash": "95d7f7b8ee460edca65e6e9f29146eb8b964ffc2",
            "messageTitle": "Update runtest script to automatically delete data folder created during test",
            "messageBody": "",
            "fileTypesAndContributionMap": {
              "sh": {
                "insertions": 4,
                "deletions": 1
              }
            }
          },
          {
            "hash": "8f382b3fef6acbdfcc9fb5ab98bab0f1617177ec",
            "messageTitle": "Update input and expected files for test to reflect new features implemented up till Level-9",
            "messageBody": "",
            "fileTypesAndContributionMap": {
              "txt": {
                "insertions": 9,
                "deletions": 0
              }
            }
          }
        ]
      }
    ]
  },
  "authorFileTypeContributionMap": {
    "shermz-lim": {
      "java": 1014,
      "md": 0,
      "fxml": 0,
      "sh": 4,
      "bat": 0,
      "gradle": 0,
      "txt": 44
    }
  },
  "authorContributionVariance": {
    "shermz-lim": 112935.52
  },
  "authorDisplayNameMap": {
    "shermz-lim": "CS2103-W14-2 SHER..HONG"
  }
}
