{
  "authorDailyContributionsMap": {
    "Marcon2509": [
      {
        "date": "2020-08-15",
        "commitResults": [
          {
            "hash": "918326c2f0c70d494a09210451e31b8e9c107027",
            "messageTitle": "Level1",
            "messageBody": "",
            "tags": [
              "Level-1"
            ],
            "fileTypesAndContributionMap": {
              "java": {
                "insertions": 44,
                "deletions": 6
              }
            }
          },
          {
            "hash": "3e815db65dc8621d81226c67d30e8bcf55388e9f",
            "messageTitle": "Level2",
            "messageBody": "",
            "tags": [
              "Level-2"
            ],
            "fileTypesAndContributionMap": {
              "java": {
                "insertions": 14,
                "deletions": 1
              }
            }
          },
          {
            "hash": "97649496003931cc4c5288878d5e6d97024cbde0",
            "messageTitle": "Created Duke CLass and created Level3",
            "messageBody": "",
            "tags": [
              "Level-3"
            ],
            "fileTypesAndContributionMap": {
              "java": {
                "insertions": 55,
                "deletions": 10
              }
            }
          },
          {
            "hash": "0ea8c14c337b393d7d6ada5d71a0db4d90ec8876",
            "messageTitle": "Added Event, Deadline, toDo classes and updated to lVL4",
            "messageBody": "",
            "tags": [
              "Level-4"
            ],
            "fileTypesAndContributionMap": {
              "java": {
                "insertions": 74,
                "deletions": 0
              }
            }
          }
        ]
      },
      {
        "date": "2020-08-16",
        "commitResults": [
          {
            "hash": "b8627e055a011f46402f4f2d34f6f0250d55f811",
            "messageTitle": "Added runtest.bat to work for local files and updated input files with expected files for A-TextUiTesting: Automated Text UI Testing",
            "messageBody": "",
            "tags": [
              "A-TextUiTesting"
            ],
            "fileTypesAndContributionMap": {
              "txt": {
                "insertions": 5,
                "deletions": 0
              },
              "java": {
                "insertions": 30,
                "deletions": 37
              },
              "bat": {
                "insertions": 4,
                "deletions": 2
              }
            }
          }
        ]
      },
      {
        "date": "2020-08-17",
        "commitResults": [
          {
            "hash": "ceeb7801103a8e756289ff96cd067c5768a54ce7",
            "messageTitle": "Added DukeException.java and added exception errors for toDo Event and Deadline for level 5",
            "messageBody": "",
            "fileTypesAndContributionMap": {
              "java": {
                "insertions": 63,
                "deletions": 37
              }
            }
          },
          {
            "hash": "b1a8da34eab649743557bb28a5b531998a5bb571",
            "messageTitle": "Updated duke.java to display print instead of error message for Level 5",
            "messageBody": "",
            "tags": [
              "Level-5"
            ],
            "fileTypesAndContributionMap": {
              "java": {
                "insertions": 1,
                "deletions": 2
              }
            }
          },
          {
            "hash": "2189c75f490274681b66b370999979700560d689",
            "messageTitle": "Added delete function to remove a task from the list for Level6",
            "messageBody": "",
            "tags": [
              "Level-6"
            ],
            "fileTypesAndContributionMap": {
              "java": {
                "insertions": 14,
                "deletions": 3
              }
            }
          },
          {
            "hash": "174976743401429199b71bed6184674c13090136",
            "messageTitle": "Added Commands enums list for A-Enums level. Updated Duke.java to switch cases and added exception cases for done and delete commands",
            "messageBody": "",
            "fileTypesAndContributionMap": {
              "java": {
                "insertions": 131,
                "deletions": 92
              }
            }
          }
        ]
      },
      {
        "date": "2020-08-19",
        "commitResults": [
          {
            "hash": "b68c1cf292bfd92e1128d283f9e6fdcdec90fe0a",
            "messageTitle": "Added new DukeException Object with only one parameter an updated gibberish switch",
            "messageBody": "",
            "tags": [
              "A-Enums"
            ],
            "fileTypesAndContributionMap": {
              "java": {
                "insertions": 5,
                "deletions": 3
              }
            }
          }
        ]
      },
      {
        "date": "2020-08-25",
        "commitResults": [
          {
            "hash": "fe9b281f6e50d888c5dc5da1bca290ff57a014b8",
            "messageTitle": "Added Storage.java, TaskList.java, Encodable.java. Updated Commands.java, Duke.java",
            "messageBody": "",
            "tags": [
              "Level-7"
            ],
            "fileTypesAndContributionMap": {
              "java": {
                "insertions": 311,
                "deletions": 141
              }
            }
          },
          {
            "hash": "a400bb218053568c022b4b2f5b9a323070a27c50",
            "messageTitle": "Added DateConverter.java. Updated Event.java, Deadline.java",
            "messageBody": "",
            "tags": [
              "Level-8"
            ],
            "fileTypesAndContributionMap": {
              "java": {
                "insertions": 104,
                "deletions": 25
              }
            }
          },
          {
            "hash": "baec1517b99151211ca95da575f0c7c970d8e79d",
            "messageTitle": "Added UI.java, Parser.java. Updated Duke.java",
            "messageBody": "",
            "tags": [
              "A-MoreOOP"
            ],
            "fileTypesAndContributionMap": {
              "java": {
                "insertions": 104,
                "deletions": 86
              }
            }
          },
          {
            "hash": "0fbb9654fb992ff1b953fd0d47e1723d9c04c1e4",
            "messageTitle": "Added Test for Duke, Event, Deadline, TaskList and updated Duke, Event, Storage, Tasklist varibles from private to public",
            "messageBody": "",
            "tags": [
              "A-Jar",
              "A-JUnit"
            ],
            "fileTypesAndContributionMap": {
              "java": {
                "insertions": 51,
                "deletions": 3
              }
            }
          },
          {
            "hash": "0d67a4c8a6d19fecff755926c9ad399f64e13418",
            "messageTitle": "Added JavaDocs to all classes. Removed print message that printed out encoded lines",
            "messageBody": "",
            "tags": [
              "A-JavaDoc"
            ],
            "fileTypesAndContributionMap": {
              "java": {
                "insertions": 174,
                "deletions": 12
              }
            }
          },
          {
            "hash": "605b86fbe4e87a88c0adfc51d00bfbf88794899b",
            "messageTitle": "Reformatted code and chnaged ListOfItems to listOfItems. Also removed the printing of encoded string again",
            "messageBody": "",
            "tags": [
              "A-CodingStandard"
            ],
            "fileTypesAndContributionMap": {
              "java": {
                "insertions": 19,
                "deletions": 23
              }
            }
          },
          {
            "hash": "54a71524783991a4f82d06acbff6c6b7ea0a6427",
            "messageTitle": "Added findTask method, printOutKeyWordList method and added new variable ListOfKeyWordItems. Removed the print line again that printed the encoded string",
            "messageBody": "",
            "tags": [
              "Level-9"
            ],
            "fileTypesAndContributionMap": {
              "java": {
                "insertions": 27,
                "deletions": 2
              }
            }
          },
          {
            "hash": "788a8e795b1d9af4b7c1199d9d0bd30af9dfa555",
            "messageTitle": "removed all the wird code that appeared",
            "messageBody": "",
            "fileTypesAndContributionMap": {
              "java": {
                "insertions": 18,
                "deletions": 20
              }
            }
          }
        ]
      }
    ]
  },
  "authorFileTypeContributionMap": {
    "Marcon2509": {
      "java": 765,
      "md": 0,
      "fxml": 0,
      "sh": 0,
      "bat": 4,
      "gradle": 0,
      "txt": 5
    }
  },
  "authorContributionVariance": {
    "Marcon2509": 96977.414
  },
  "authorDisplayNameMap": {
    "Marcon2509": "MARC..G YU"
  }
}
