{
  "authorDailyContributionsMap": {
    "yejiadong": [
      {
        "date": "2020-08-14",
        "commitResults": [
          {
            "hash": "05e3277ab010aadba0e617a4e45808a1ae4d7a1f",
            "messageTitle": "Added Greet, Echo and Exit functions",
            "messageBody": "",
            "tags": [
              "Level-1"
            ],
            "fileTypesAndContributionMap": {
              "java": {
                "insertions": 52,
                "deletions": 4
              }
            }
          }
        ]
      },
      {
        "date": "2020-08-15",
        "commitResults": [
          {
            "hash": "878f76f50a8c8cde40223308cdb10ad29fc4300f",
            "messageTitle": "Added ability to store text entered by user and display back",
            "messageBody": "",
            "tags": [
              "Level-2"
            ],
            "fileTypesAndContributionMap": {
              "java": {
                "insertions": 11,
                "deletions": 1
              }
            }
          }
        ]
      },
      {
        "date": "2020-08-16",
        "commitResults": [
          {
            "hash": "932584f9cca140c7dfb1caaaa39ecca00c4e5fb3",
            "messageTitle": "Added the ability to mark tasks as done",
            "messageBody": "",
            "tags": [
              "Level-3"
            ],
            "fileTypesAndContributionMap": {
              "java": {
                "insertions": 31,
                "deletions": 3
              }
            }
          },
          {
            "hash": "3a9c3b11480e230a4d7d0502fb1071ec4544c11a",
            "messageTitle": "Added support for tracking todo tasks, events and tasks with deadlines",
            "messageBody": "",
            "tags": [
              "Level-4"
            ],
            "fileTypesAndContributionMap": {
              "java": {
                "insertions": 111,
                "deletions": 30
              }
            }
          },
          {
            "hash": "bb7f40b1dc17bb622caced3aa2df4bf10e1f6691",
            "messageTitle": "Removed time-specific greetings to allow for text-ui-testing",
            "messageBody": "",
            "fileTypesAndContributionMap": {
              "java": {
                "insertions": 5,
                "deletions": 30
              }
            }
          },
          {
            "hash": "cdfae968c74abadb519addfe2b01469390de6c37",
            "messageTitle": "Added testing using input/output redirection technique",
            "messageBody": "",
            "tags": [
              "A-TextUiTesting"
            ],
            "fileTypesAndContributionMap": {
              "txt": {
                "insertions": 11,
                "deletions": 0
              },
              "sh": {
                "insertions": 6,
                "deletions": 2
              }
            }
          },
          {
            "hash": "0f5d2c3b134bf110672d730d22f14948d92e18e6",
            "messageTitle": "Added minimal ability to deal with incorrect inputs  entered by the user",
            "messageBody": "",
            "tags": [
              "Level-5"
            ],
            "fileTypesAndContributionMap": {
              "java": {
                "insertions": 53,
                "deletions": 21
              }
            }
          },
          {
            "hash": "a59e76db71dbf30cc40fc01d338827c2c11ac6ee",
            "messageTitle": "Added support for deleting tasks from the list",
            "messageBody": "",
            "tags": [
              "Level-6"
            ],
            "fileTypesAndContributionMap": {
              "java": {
                "insertions": 10,
                "deletions": 0
              }
            }
          }
        ]
      },
      {
        "date": "2020-08-18",
        "commitResults": [
          {
            "hash": "89fc57a9e550b66dba51ece22b5627ceee414bb3",
            "messageTitle": "Added exceptions to handle errors for todo, deadline and event tasks",
            "messageBody": "",
            "tags": [
              "A-Exceptions"
            ],
            "fileTypesAndContributionMap": {
              "java": {
                "insertions": 53,
                "deletions": 33
              }
            }
          },
          {
            "hash": "481260ec6ce74b5c9b0082346ec6e54e00c3564c",
            "messageTitle": "Fixed bug with bye command to allow program to stop taking input",
            "messageBody": "",
            "fileTypesAndContributionMap": {
              "java": {
                "insertions": 4,
                "deletions": 4
              }
            }
          }
        ]
      },
      {
        "date": "2020-08-20",
        "commitResults": [
          {
            "hash": "a60004d4ef7bf9891ac39e3e2d79b0509b4f639e",
            "messageTitle": "Restructured functions into individual methods",
            "messageBody": "",
            "fileTypesAndContributionMap": {
              "java": {
                "insertions": 102,
                "deletions": 92
              }
            }
          }
        ]
      },
      {
        "date": "2020-08-21",
        "commitResults": [
          {
            "hash": "d73d85e3975cf506112d0604e9a02ca87e8643ee",
            "messageTitle": "Add ability to save and load tasks in the hard disk",
            "messageBody": "",
            "fileTypesAndContributionMap": {
              "txt": {
                "insertions": 1,
                "deletions": 0
              },
              "java": {
                "insertions": 177,
                "deletions": 64
              }
            }
          }
        ]
      },
      {
        "date": "2020-08-22",
        "commitResults": [
          {
            "hash": "4c55f7dc3d6218d744cbe95cdcdf3ce056247a4e",
            "messageTitle": "Add ability to understand dates and times",
            "messageBody": "",
            "fileTypesAndContributionMap": {
              "java": {
                "insertions": 256,
                "deletions": 135
              }
            }
          },
          {
            "hash": "d2ce8b07f3eca988d346072c7c1ee785095a53f0",
            "messageTitle": "Remove enums",
            "messageBody": "",
            "fileTypesAndContributionMap": {
              "java": {
                "insertions": 22,
                "deletions": 28
              }
            }
          },
          {
            "hash": "12e5b7a4d848920a150fa8ee22a51e5ae6252e8c",
            "messageTitle": "Fix file read write bugs",
            "messageBody": "",
            "tags": [
              "Level-8"
            ],
            "fileTypesAndContributionMap": {
              "java": {
                "insertions": 60,
                "deletions": 59
              }
            }
          }
        ]
      },
      {
        "date": "2020-08-24",
        "commitResults": [
          {
            "hash": "acc5561e759a957c496446bb91cfdaf35984e338",
            "messageTitle": "Refactor Duke for object-oriented design",
            "messageBody": "",
            "tags": [
              "A-MoreOOP"
            ],
            "fileTypesAndContributionMap": {
              "java": {
                "insertions": 522,
                "deletions": 328
              }
            }
          },
          {
            "hash": "befe227e9ac297ab24ccd626bd6149a9b276fe68",
            "messageTitle": "Organize classes into suitable packages",
            "messageBody": "",
            "tags": [
              "v0.1",
              "A-Packages",
              "A-Jar"
            ],
            "fileTypesAndContributionMap": {
              "java": {
                "insertions": 95,
                "deletions": 12
              }
            }
          }
        ]
      },
      {
        "date": "2020-08-25",
        "commitResults": [
          {
            "hash": "e744f0e7dc6881558c5daacf4de13d9a8d0035c1",
            "messageTitle": "Add JUnit tests to test the behavior of the code",
            "messageBody": "",
            "tags": [
              "A-JUnit"
            ],
            "fileTypesAndContributionMap": {
              "java": {
                "insertions": 120,
                "deletions": 4
              }
            }
          }
        ]
      },
      {
        "date": "2020-08-26",
        "commitResults": [
          {
            "hash": "f8b75b5829cd0bb9a1951de0e2fb063a2b724673",
            "messageTitle": "Add JavaDoc comments to the code",
            "messageBody": "",
            "fileTypesAndContributionMap": {
              "java": {
                "insertions": 514,
                "deletions": 42
              }
            }
          },
          {
            "hash": "32154444b1b00089b02c3deb19b4bc45fce92f02",
            "messageTitle": "Update code to comply with coding standard",
            "messageBody": "",
            "fileTypesAndContributionMap": {
              "java": {
                "insertions": 24,
                "deletions": 18
              }
            }
          },
          {
            "hash": "e800d07dffe6cf0ce56c9442c7251d6feb061bf2",
            "messageTitle": "Add feature to find a task by searching for a keyword",
            "messageBody": "",
            "fileTypesAndContributionMap": {
              "java": {
                "insertions": 88,
                "deletions": 0
              }
            }
          }
        ]
      },
      {
        "date": "2020-08-31",
        "commitResults": [
          {
            "hash": "9a4dc7121ead9b7b2efe8202a3ca74cfeda5e812",
            "messageTitle": "Edit Gradle configuration files",
            "messageBody": "",
            "fileTypesAndContributionMap": {
              "gradle": {
                "insertions": 2,
                "deletions": 2
              },
              "bat": {
                "insertions": 103,
                "deletions": 103
              }
            }
          },
          {
            "hash": "df1f145fee00257cfb9985643d4a019d5465d4b4",
            "messageTitle": "Edit code to comply with coding standard",
            "messageBody": "",
            "fileTypesAndContributionMap": {
              "java": {
                "insertions": 109,
                "deletions": 107
              }
            }
          },
          {
            "hash": "d16be2c51ac962d808bfe2078512191808e4aac8",
            "messageTitle": "Add CheckStyle to detect coding style violations",
            "messageBody": "",
            "fileTypesAndContributionMap": {
              "sh": {
                "insertions": 74,
                "deletions": 0
              }
            }
          }
        ]
      },
      {
        "date": "2020-09-02",
        "commitResults": [
          {
            "hash": "bfe14a0dd7dd480cb34ba56beef6fc90f609dc27",
            "messageTitle": "Add a GUI to Duke",
            "messageBody": "",
            "fileTypesAndContributionMap": {
              "gradle": {
                "insertions": 15,
                "deletions": 0
              },
              "fxml": {
                "insertions": 43,
                "deletions": 0
              },
              "java": {
                "insertions": 313,
                "deletions": 84
              }
            }
          }
        ]
      },
      {
        "date": "2020-09-06",
        "commitResults": [
          {
            "hash": "6d5d7ca2f9b6c32cd0638dcf1b4cfdd85aa23488",
            "messageTitle": "Refactor string checks into separate classes",
            "messageBody": "",
            "fileTypesAndContributionMap": {
              "java": {
                "insertions": 386,
                "deletions": 212
              }
            }
          },
          {
            "hash": "bbd1f21658a405695197e43a141ab1b8cfb4d299",
            "messageTitle": "Package parser files",
            "messageBody": "",
            "fileTypesAndContributionMap": {
              "java": {
                "insertions": 32,
                "deletions": 20
              }
            }
          },
          {
            "hash": "1323980f9d724fe0288ee31732446e6aa398018e",
            "messageTitle": "Add JavaDoc Comments",
            "messageBody": "",
            "fileTypesAndContributionMap": {
              "java": {
                "insertions": 127,
                "deletions": 77
              }
            }
          },
          {
            "hash": "3ecaa5ebb3af91584278eaf11991ea53cbcf2c2d",
            "messageTitle": "Edit J-Unit tests",
            "messageBody": "",
            "fileTypesAndContributionMap": {
              "java": {
                "insertions": 20,
                "deletions": 10
              }
            }
          },
          {
            "hash": "2e0ed1256a2b9ba75aca4bd1222b09d4ee08d08b",
            "messageTitle": "Add assertions",
            "messageBody": "",
            "fileTypesAndContributionMap": {
              "java": {
                "insertions": 9,
                "deletions": 0
              }
            }
          }
        ]
      },
      {
        "date": "2020-09-07",
        "commitResults": [
          {
            "hash": "edab3f129890d8617931738123915a0eaa64b90d",
            "messageTitle": "Add enum to represent task types",
            "messageBody": "",
            "fileTypesAndContributionMap": {
              "java": {
                "insertions": 82,
                "deletions": 66
              }
            }
          }
        ]
      },
      {
        "date": "2020-09-08",
        "commitResults": [
          {
            "hash": "8bf5f8fee03f8c7fda43888390ad5f6405b4acbf",
            "messageTitle": "Improve code quality",
            "messageBody": "",
            "fileTypesAndContributionMap": {
              "java": {
                "insertions": 69,
                "deletions": 70
              }
            }
          },
          {
            "hash": "c773c2bf061729e828d43f89498f220a905e4695",
            "messageTitle": "Provide a way to view tasks in the form of a schedule",
            "messageBody": "",
            "fileTypesAndContributionMap": {
              "java": {
                "insertions": 123,
                "deletions": 21
              }
            }
          }
        ]
      },
      {
        "date": "2020-09-13",
        "commitResults": [
          {
            "hash": "5a9dbddb94f47164137ae9bba14855066946286f",
            "messageTitle": "Improve the GUI",
            "messageBody": "",
            "tags": [
              "A-BetterGui"
            ],
            "fileTypesAndContributionMap": {
              "fxml": {
                "insertions": 8,
                "deletions": 6
              },
              "java": {
                "insertions": 9,
                "deletions": 6
              }
            }
          }
        ]
      },
      {
        "date": "2020-09-15",
        "commitResults": [
          {
            "hash": "762667d1d1987695958f158fee7d3a89fb5628af",
            "messageTitle": "Add User Guide",
            "messageBody": "",
            "tags": [
              "A-UserGuide"
            ],
            "fileTypesAndContributionMap": {
              "md": {
                "insertions": 197,
                "deletions": 11
              }
            }
          },
          {
            "hash": "6dddb89968a7965dd53d6f38aaafced5339621be",
            "messageTitle": "Made code quality fixes",
            "messageBody": "",
            "fileTypesAndContributionMap": {
              "java": {
                "insertions": 32,
                "deletions": 33
              }
            }
          },
          {
            "hash": "68e76e1d72c56a108a3aceae2855175c375f5fd6",
            "messageTitle": "Update README file",
            "messageBody": "",
            "fileTypesAndContributionMap": {
              "md": {
                "insertions": 1,
                "deletions": 1
              }
            }
          }
        ]
      },
      {
        "date": "2020-09-16",
        "commitResults": [
          {
            "hash": "86b0cf089d7cd9741db52e430c07012aa91c7025",
            "messageTitle": "Add check for program exit",
            "messageBody": "",
            "fileTypesAndContributionMap": {
              "java": {
                "insertions": 24,
                "deletions": 6
              }
            }
          },
          {
            "hash": "c4efafbee4420b1ee2a7a12344a9a1256f9eb644",
            "messageTitle": "Update gradle and fxml files",
            "messageBody": "",
            "fileTypesAndContributionMap": {
              "gradle": {
                "insertions": 3,
                "deletions": 2
              },
              "fxml": {
                "insertions": 2,
                "deletions": 2
              }
            }
          },
          {
            "hash": "199e0671219945d784a9ab85b3d457892a043771",
            "messageTitle": "Fix file input bug",
            "messageBody": "",
            "fileTypesAndContributionMap": {
              "java": {
                "insertions": 5,
                "deletions": 0
              }
            }
          }
        ]
      }
    ]
  },
  "authorFileTypeContributionMap": {
    "yejiadong": {
      "java": 2023,
      "md": 189,
      "fxml": 45,
      "sh": 79,
      "bat": 0,
      "gradle": 18,
      "txt": 12
    }
  },
  "authorContributionVariance": {
    "yejiadong": 68966.55
  },
  "authorDisplayNameMap": {
    "yejiadong": "CS2103-F10-1 YE J..DONG"
  }
}
