{"authorDailyContributionsMap":{"luciatirta":[{"date":"2020-08-19","commitResults":[{"hash":"ef5dc1263c915e48b4145a59f42a5f8ec5555575","messageTitle":"Level-1","messageBody":"","tags":["Level-1"],"fileTypesAndContributionMap":{"java":{"insertions":17,"deletions":0}}},{"hash":"9e474c5fe374982ac4e9aa3c0a7578777178eee1","messageTitle":"Level-2","messageBody":"","tags":["Level-2"],"fileTypesAndContributionMap":{"java":{"insertions":25,"deletions":4}}},{"hash":"9a310e9ff5201deab271d3dc4d734d2df97d0a05","messageTitle":"Level-3 Mark task as done","messageBody":"","tags":["Level-3"],"fileTypesAndContributionMap":{"java":{"insertions":46,"deletions":7}}},{"hash":"64868c7c49245e4dacfbbfa43e863517a332a931","messageTitle":"Level-4 Todo, Event, Deadline","messageBody":"","tags":["Level-4"],"fileTypesAndContributionMap":{"java":{"insertions":83,"deletions":9}}}]},{"date":"2020-08-20","commitResults":[{"hash":"a2dc9a4253e03ba079339afcc107a142cb877fa8","messageTitle":"Automated Text UI Testing","messageBody":"","tags":["A-TextUiTesting"],"fileTypesAndContributionMap":{"txt":{"insertions":11,"deletions":0},"java":{"insertions":9,"deletions":9},"bat":{"insertions":1,"deletions":1}}},{"hash":"352670f311d931fc40e5300f8c553839d80f91ca","messageTitle":"Level-5 Handling Error","messageBody":"","tags":["Level-5"],"fileTypesAndContributionMap":{"txt":{"insertions":5,"deletions":0},"java":{"insertions":219,"deletions":38}}},{"hash":"e98b646c818ecbed7d0ffeb8b4e18bfb97bd31e0","messageTitle":"Level-6 Delete","messageBody":"","tags":["Level-6"],"fileTypesAndContributionMap":{"txt":{"insertions":2,"deletions":0},"java":{"insertions":23,"deletions":2}}},{"hash":"d6cab277b0731a887483b635350dcfe92059fb3b","messageTitle":"A-Enums Use Enums","messageBody":"","tags":["A-Enums"],"fileTypesAndContributionMap":{"java":{"insertions":105,"deletions":100}}}]},{"date":"2020-08-27","commitResults":[{"hash":"602a38e605f516876f9f56c0c8684182e0ff10bf","messageTitle":"Save task in the hardisk automatically","messageBody":"","fileTypesAndContributionMap":{"txt":{"insertions":3,"deletions":0},"java":{"insertions":67,"deletions":3}}},{"hash":"a797a8f3a62a9cc06f942aa5c4c0eae22cecd09a","messageTitle":"Add LocalDate","messageBody":"","fileTypesAndContributionMap":{"java":{"insertions":35,"deletions":2}}},{"hash":"a2f4589dfb6d4a857f165fc7f25b5e6f5840fdb8","messageTitle":"Add Ui, Parser, Storage, TaskList class","messageBody":"","tags":["A-MoreOOP"],"fileTypesAndContributionMap":{"txt":{"insertions":1,"deletions":1},"java":{"insertions":255,"deletions":187}}},{"hash":"7c47c80a8a8db3523af4e37dc3c6a17434150530","messageTitle":"Organize into packages","messageBody":"","tags":["A-Packages"],"fileTypesAndContributionMap":{"java":{"insertions":27,"deletions":9},"bat":{"insertions":2,"deletions":2}}}]},{"date":"2020-08-28","commitResults":[{"hash":"9d862251b027f4bf7c0d12bed7b4cca4c1e14340","messageTitle":"Add unit test for Todo, Event, Deadline, Parser","messageBody":"","tags":["A-JUnit"],"fileTypesAndContributionMap":{"java":{"insertions":162,"deletions":0}}},{"hash":"87c8f58bed765678c5111e48b4b57e7241158925","messageTitle":"Make adjustment in runtest.bat","messageBody":"","fileTypesAndContributionMap":{"txt":{"insertions":5,"deletions":1},"bat":{"insertions":2,"deletions":2}}},{"hash":"173eec6e033abb0aa2f30bbd489c53c88c36242c","messageTitle":"Fix user input, delete all tasks","messageBody":"","fileTypesAndContributionMap":{"java":{"insertions":32,"deletions":22}}}]},{"date":"2020-08-29","commitResults":[{"hash":"8d525cbee532ba13ac944ad9f63a10a7738ee5ad","messageTitle":"Add JavaDoc","messageBody":"","fileTypesAndContributionMap":{"java":{"insertions":250,"deletions":2}}},{"hash":"c9b82c5eb9a2dba54a0ce8d245fed4b9e8e29db5","messageTitle":"Apply coding standard","messageBody":"","fileTypesAndContributionMap":{"java":{"insertions":344,"deletions":337}}},{"hash":"dcf3adb6193ce25adecce3cca724ff66532da907","messageTitle":"Add find functionality","messageBody":"","fileTypesAndContributionMap":{"java":{"insertions":203,"deletions":164}}},{"hash":"4cea919a5ee274ee5ec9bccaf9677101049405e4","messageTitle":"Add no results found","messageBody":"","fileTypesAndContributionMap":{"txt":{"insertions":2,"deletions":0},"java":{"insertions":7,"deletions":3}}}]},{"date":"2020-09-02","commitResults":[{"hash":"b0c3fb7b7f7f686360a6c6e9bcaaf6499ecb7782","messageTitle":"Fix UTF-8 display","messageBody":"","fileTypesAndContributionMap":{"gradle":{"insertions":8,"deletions":2}}},{"hash":"b8ad0831212cc418438d4633b432d5f152a8d869","messageTitle":"Fix main classes coding standard","messageBody":"","fileTypesAndContributionMap":{"java":{"insertions":19,"deletions":18}}},{"hash":"cb1150b5c5d850bf9c5b9d36b0d1af52a85fa696","messageTitle":"Fix test classes coding standard","messageBody":"","fileTypesAndContributionMap":{"java":{"insertions":125,"deletions":124}}},{"hash":"f1df82cbac07bc49fe18ed792cf08422fba0fd3b","messageTitle":"Change check cross symbol","messageBody":"","fileTypesAndContributionMap":{"gradle":{"insertions":4,"deletions":1},"java":{"insertions":7,"deletions":7}}}]},{"date":"2020-09-03","commitResults":[{"hash":"78cd1f6a9fb87ce90f17c9ad8ba8f34679ab5329","messageTitle":"Implement GUI using JavaFX","messageBody":"","fileTypesAndContributionMap":{"gradle":{"insertions":14,"deletions":0},"fxml":{"insertions":43,"deletions":0},"java":{"insertions":284,"deletions":133}}}]},{"date":"2020-09-07","commitResults":[{"hash":"57644941eeff9276b16c3d1ef280c61a71ffea60","messageTitle":"Modify build.gradle to generate .jar file","messageBody":"","fileTypesAndContributionMap":{"gradle":{"insertions":1,"deletions":1},"java":{"insertions":9,"deletions":10}}},{"hash":"50e48fd0a9a90f71b9f73991989a56b292f54761","messageTitle":"Implement Assertions","messageBody":"","fileTypesAndContributionMap":{"gradle":{"insertions":1,"deletions":0},"java":{"insertions":22,"deletions":12}}},{"hash":"f575272429405bc79ddc7be025809c5b39eb4f71","messageTitle":"Improve code quality","messageBody":"","fileTypesAndContributionMap":{"java":{"insertions":126,"deletions":92}}},{"hash":"84dd416a0195ebef75586ca1e561df92b9ca4a33","messageTitle":"Use streams","messageBody":"","fileTypesAndContributionMap":{"java":{"insertions":10,"deletions":10}}},{"hash":"39a0363a2fcaa702d236e28258567e8555792b1c","messageTitle":"Implement task tagging","messageBody":"","fileTypesAndContributionMap":{"gradle":{"insertions":1,"deletions":1},"txt":{"insertions":4,"deletions":3},"java":{"insertions":121,"deletions":59}}}]},{"date":"2020-09-18","commitResults":[{"hash":"0975c5620175d183947f978283debb7d13487c5e","messageTitle":"Improve GUI","messageBody":"","fileTypesAndContributionMap":{"fxml":{"insertions":1,"deletions":1},"java":{"insertions":3,"deletions":1}}},{"hash":"cc1adf9825e41e20a524990e12ee67008fdb55fd","messageTitle":"Change UI color and profile","messageBody":"","tags":["A-BetterGUI"],"fileTypesAndContributionMap":{"txt":{"insertions":1,"deletions":0},"java":{"insertions":7,"deletions":7}}},{"hash":"12062f75489e46d3d20344145f3439a7114fc8db","messageTitle":"Add README.md","messageBody":"","tags":["A-UserGuide"],"fileTypesAndContributionMap":{"txt":{"insertions":1,"deletions":4},"java":{"insertions":3,"deletions":0},"md":{"insertions":157,"deletions":10}}},{"hash":"be25c5d3c3e8239b59050a0aba12617136592db6","messageTitle":"Edit README.md","messageBody":"","tags":["A-Release"],"fileTypesAndContributionMap":{"md":{"insertions":12,"deletions":12}}}]}]},"authorFileTypeContributionMap":{"luciatirta":{"java":1285,"md":157,"fxml":43,"sh":0,"bat":2,"gradle":26,"txt":26}},"authorContributionVariance":{"luciatirta":69992.84},"authorDisplayNameMap":{"luciatirta":"CS2103T-F12-4 LUCI..AWAN"}}
