{
  "authorDailyContributionsMap": {
    "Vielheim": [
      {
        "date": "2020-08-16",
        "commitResults": [
          {
            "hash": "eec778d960f7c08da3f8e25f82f3e4dc6122de09",
            "messageTitle": "Add Level-1 Requirements (Greet,Echo,Exit)",
            "messageBody": "",
            "tags": [
              "Level-1"
            ],
            "fileTypesAndContributionMap": {
              "java": {
                "insertions": 53,
                "deletions": 2
              }
            }
          },
          {
            "hash": "c96a9e2eeafa9f3cea8918ae4811274b91be7101",
            "messageTitle": "Add Requirements for Level 2",
            "messageBody": "",
            "tags": [
              "Level-2"
            ],
            "fileTypesAndContributionMap": {
              "java": {
                "insertions": 22,
                "deletions": 2
              }
            }
          },
          {
            "hash": "94293c4fa0b3e306cbf376ca916b25621b95025c",
            "messageTitle": "Add Requirements for Level 3",
            "messageBody": "",
            "tags": [
              "Level-3"
            ],
            "fileTypesAndContributionMap": {
              "java": {
                "insertions": 126,
                "deletions": 25
              }
            }
          },
          {
            "hash": "aec09481737d181239635d12defe24783eff1544",
            "messageTitle": "Add Requirements for Level 4",
            "messageBody": "",
            "tags": [
              "Level-4"
            ],
            "fileTypesAndContributionMap": {
              "java": {
                "insertions": 146,
                "deletions": 38
              }
            }
          }
        ]
      },
      {
        "date": "2020-08-17",
        "commitResults": [
          {
            "hash": "7d6c14793428d1c9a04b9e61d59ac200297f04e0",
            "messageTitle": "Add Requirements for Automated Text UI Testing",
            "messageBody": "",
            "tags": [
              "A-TextUiTesting"
            ],
            "fileTypesAndContributionMap": {
              "txt": {
                "insertions": 26,
                "deletions": 0
              },
              "sh": {
                "insertions": 3,
                "deletions": 2
              }
            }
          },
          {
            "hash": "56c9c7a91a608e28b551064cc5c13e29ed3bb1d8",
            "messageTitle": "Add test case for \"TODO\" task (Empty Description)",
            "messageBody": "",
            "fileTypesAndContributionMap": {
              "txt": {
                "insertions": 2,
                "deletions": 0
              },
              "java": {
                "insertions": 8,
                "deletions": 4
              }
            }
          },
          {
            "hash": "bd33bba827cec433d509591cf2c902a69512b43b",
            "messageTitle": "Add Requirements for Level 5",
            "messageBody": "",
            "tags": [
              "Level-5"
            ],
            "fileTypesAndContributionMap": {
              "java": {
                "insertions": 150,
                "deletions": 94
              }
            }
          },
          {
            "hash": "0b48703d7c0995cbdf0651bd82028f902d6fe4f6",
            "messageTitle": "Change DukeTask[] array into ArrayList\u003cDukeTask\u003e for invokeDuke()",
            "messageBody": "",
            "fileTypesAndContributionMap": {
              "txt": {
                "insertions": 1,
                "deletions": 0
              },
              "java": {
                "insertions": 21,
                "deletions": 22
              }
            }
          },
          {
            "hash": "b4313bcdd8ade4cd08fe58ef50d672bcf2c0af94",
            "messageTitle": "Add Requirements for Level 6",
            "messageBody": "",
            "tags": [
              "Level-6"
            ],
            "fileTypesAndContributionMap": {
              "txt": {
                "insertions": 10,
                "deletions": 0
              },
              "java": {
                "insertions": 26,
                "deletions": 1
              }
            }
          },
          {
            "hash": "da39e250024348d2ddc01472aa69485b10e4109c",
            "messageTitle": "Add Requirements for A-Enums (Where applicable)",
            "messageBody": "",
            "tags": [
              "A-Enums"
            ],
            "fileTypesAndContributionMap": {
              "java": {
                "insertions": 107,
                "deletions": 53
              }
            }
          }
        ]
      },
      {
        "date": "2020-08-25",
        "commitResults": [
          {
            "hash": "bcce48b3325bdf800dbc7774d425bd6a35db881d",
            "messageTitle": "Add Requirements for Level 7",
            "messageBody": "",
            "tags": [
              "Level-7"
            ],
            "fileTypesAndContributionMap": {
              "java": {
                "insertions": 136,
                "deletions": 7
              }
            }
          },
          {
            "hash": "50e141b34c7e189a1023f70963dd8767d5ee56bb",
            "messageTitle": "Add Requirements for Level 8",
            "messageBody": "",
            "fileTypesAndContributionMap": {
              "java": {
                "insertions": 124,
                "deletions": 19
              }
            }
          },
          {
            "hash": "79af6f814079f7322aa8197748182443e03b4dca",
            "messageTitle": "Bug Fixes for Level 8",
            "messageBody": "",
            "fileTypesAndContributionMap": {
              "java": {
                "insertions": 41,
                "deletions": 50
              }
            }
          }
        ]
      },
      {
        "date": "2020-08-27",
        "commitResults": [
          {
            "hash": "847fc058ac4b9d5b6d1927faa0d9a8c70a03d30f",
            "messageTitle": "Add Requirements for A-MoreOOP",
            "messageBody": "",
            "tags": [
              "A-MoreOOP"
            ],
            "fileTypesAndContributionMap": {
              "txt": {
                "insertions": 34,
                "deletions": 6
              },
              "java": {
                "insertions": 699,
                "deletions": 467
              },
              "sh": {
                "insertions": 6,
                "deletions": 0
              }
            }
          },
          {
            "hash": "8d2fec2ec85dc8d7a5701a3392469dc3c8c8b5c2",
            "messageTitle": "Add Requirements for A-Packages",
            "messageBody": "",
            "tags": [
              "A-Packages"
            ],
            "fileTypesAndContributionMap": {
              "java": {
                "insertions": 136,
                "deletions": 27
              },
              "bat": {
                "insertions": 2,
                "deletions": 2
              },
              "md": {
                "insertions": 2,
                "deletions": 2
              }
            }
          },
          {
            "hash": "47698d85fe439684794973e6db05fd97132b0711",
            "messageTitle": "Add Requirements for A-JUnit",
            "messageBody": "",
            "tags": [
              "A-JUnit"
            ],
            "fileTypesAndContributionMap": {
              "txt": {
                "insertions": 28,
                "deletions": 0
              },
              "java": {
                "insertions": 479,
                "deletions": 13
              }
            }
          },
          {
            "hash": "7ab9b73a5303a2c9bb4eb00a428a4b32966b43d7",
            "messageTitle": "Add Requirements for A-Jar",
            "messageBody": "",
            "tags": [
              "v0.1",
              "A-Jar"
            ],
            "fileTypesAndContributionMap": {
              "java": {
                "insertions": 6,
                "deletions": 6
              },
              "sh": {
                "insertions": 8,
                "deletions": 1
              }
            }
          },
          {
            "hash": "60edd83f5d09737db64a0c3156614175b08bd9da",
            "messageTitle": "Add Requirements for A-Javadoc",
            "messageBody": "",
            "fileTypesAndContributionMap": {
              "java": {
                "insertions": 425,
                "deletions": 47
              }
            }
          },
          {
            "hash": "9844299999b05b659af546703c36dc266b878fb9",
            "messageTitle": "Add Requirements for A-CodingStandard",
            "messageBody": "",
            "fileTypesAndContributionMap": {
              "java": {
                "insertions": 170,
                "deletions": 163
              }
            }
          },
          {
            "hash": "2a119bc912ff745145f6a95165f088e2ffefa87b",
            "messageTitle": "Add Requirements for Level 9",
            "messageBody": "",
            "fileTypesAndContributionMap": {
              "java": {
                "insertions": 190,
                "deletions": 125
              }
            }
          },
          {
            "hash": "26d90c41b0038fef0c9d3aae068bc9a1ea6c51e0",
            "messageTitle": "Add more DukeException sub-classes",
            "messageBody": "Expanded the initial DukeException class with more specific DukeException sub-classes to target more specific exceptions.\nSimplified the design of the DukeException class to make it easier to manage.\n",
            "fileTypesAndContributionMap": {
              "java": {
                "insertions": 275,
                "deletions": 256
              }
            }
          }
        ]
      },
      {
        "date": "2020-08-29",
        "commitResults": [
          {
            "hash": "d0c9d1a4bcc4d4cac65e7791913386e537737875",
            "messageTitle": "Add Requirements for A-Gradle",
            "messageBody": "",
            "fileTypesAndContributionMap": {
              "gradle": {
                "insertions": 1,
                "deletions": 1
              }
            }
          }
        ]
      },
      {
        "date": "2020-08-30",
        "commitResults": [
          {
            "hash": "3a5dfa5a37f5e542ec7dbb2ee8e6cca73eca0966",
            "messageTitle": "Add Requirements for A-CheckStyle",
            "messageBody": "",
            "fileTypesAndContributionMap": {
              "gradle": {
                "insertions": 1,
                "deletions": 1
              },
              "java": {
                "insertions": 252,
                "deletions": 188
              },
              "sh": {
                "insertions": 116,
                "deletions": 0
              }
            }
          }
        ]
      }
    ]
  },
  "authorFileTypeContributionMap": {
    "Vielheim": {
      "java": 2014,
      "md": 2,
      "fxml": 0,
      "sh": 131,
      "bat": 2,
      "gradle": 2,
      "txt": 95
    }
  },
  "authorContributionVariance": {
    "Vielheim": 702080.1
  },
  "authorDisplayNameMap": {
    "Vielheim": "CS2103-F09-2 TERE..YANG"
  }
}
