{
  "authorDailyContributionsMap": {
    "sogggy": [
      {
        "date": "2020-08-15",
        "commitResults": [
          {
            "hash": "771b52b606039c74c2be1ab2214655b13d3a1644",
            "messageTitle": "Level-1",
            "messageBody": "",
            "tags": [
              "Level-1"
            ],
            "fileTypesAndContributionMap": {
              "java": {
                "insertions": 18,
                "deletions": 1
              }
            }
          },
          {
            "hash": "b7cecbcc5c4fbb06f068412e759e92e59d526d85",
            "messageTitle": "Level 2: Added Logo Class, store class",
            "messageBody": "",
            "fileTypesAndContributionMap": {
              "java": {
                "insertions": 31,
                "deletions": 5
              }
            }
          },
          {
            "hash": "551cb595a41c76782e4d8cf704ca904cb207acc7",
            "messageTitle": "added bot class and store class",
            "messageBody": "",
            "tags": [
              "Level-2"
            ],
            "fileTypesAndContributionMap": {
              "java": {
                "insertions": 33,
                "deletions": 16
              }
            }
          },
          {
            "hash": "e5856d198f676b5170f88db9d2155e59ba1c3310",
            "messageTitle": "Level-3",
            "messageBody": "",
            "tags": [
              "Level-3"
            ],
            "fileTypesAndContributionMap": {
              "java": {
                "insertions": 50,
                "deletions": 3
              }
            }
          }
        ]
      },
      {
        "date": "2020-08-16",
        "commitResults": [
          {
            "hash": "5bc685c50aac9b2c0d74a8987494d07ae11a0680",
            "messageTitle": "Level-4",
            "messageBody": "",
            "tags": [
              "Level-4",
              "A-Inheritance"
            ],
            "fileTypesAndContributionMap": {
              "java": {
                "insertions": 125,
                "deletions": 32
              }
            }
          },
          {
            "hash": "193d7d537041213ff4af33ce8c7a136de977da02",
            "messageTitle": "A-TextUiTesting",
            "messageBody": "",
            "fileTypesAndContributionMap": {
              "txt": {
                "insertions": 11,
                "deletions": 0
              },
              "java": {
                "insertions": 34,
                "deletions": 20
              },
              "bat": {
                "insertions": 2,
                "deletions": 2
              }
            }
          },
          {
            "hash": "96bedabc7977b226022d3fa8a00944334656a894",
            "messageTitle": "refactored code, exception handling",
            "messageBody": "",
            "fileTypesAndContributionMap": {
              "txt": {
                "insertions": 6,
                "deletions": 2
              },
              "java": {
                "insertions": 4,
                "deletions": 0
              }
            }
          },
          {
            "hash": "1317b2bd49ea3763253e74ff61feedf14edde978",
            "messageTitle": "refactored code and added exception handling",
            "messageBody": "",
            "tags": [
              "Level-5",
              "A-Exceptions"
            ],
            "fileTypesAndContributionMap": {
              "java": {
                "insertions": 129,
                "deletions": 74
              }
            }
          },
          {
            "hash": "daf29a440ca19adb04f950efe8093a1d779ad8a9",
            "messageTitle": "added delete functionality",
            "messageBody": "",
            "tags": [
              "Level-6",
              "A-Collections"
            ],
            "fileTypesAndContributionMap": {
              "txt": {
                "insertions": 3,
                "deletions": 0
              },
              "java": {
                "insertions": 32,
                "deletions": 1
              }
            }
          },
          {
            "hash": "7e58df6af59af11b2180aebb60d250e8fe467ed4",
            "messageTitle": "updated bat test",
            "messageBody": "",
            "tags": [
              "A-TextUiTesting"
            ],
            "fileTypesAndContributionMap": {
              "bat": {
                "insertions": 1,
                "deletions": 1
              }
            }
          }
        ]
      },
      {
        "date": "2020-08-22",
        "commitResults": [
          {
            "hash": "c5ff72b08a151e2b77faaddd3035870eccf1a7c4",
            "messageTitle": "Add functionality to parse task from storage file",
            "messageBody": "",
            "fileTypesAndContributionMap": {
              "txt": {
                "insertions": 4,
                "deletions": 0
              },
              "java": {
                "insertions": 100,
                "deletions": 1
              }
            }
          },
          {
            "hash": "7ad8165d8ca887b1282bca591b3d18930d7c80bf",
            "messageTitle": "Add functionality to save entries to storage",
            "messageBody": "",
            "fileTypesAndContributionMap": {
              "txt": {
                "insertions": 3,
                "deletions": 1
              },
              "java": {
                "insertions": 52,
                "deletions": 2
              }
            }
          },
          {
            "hash": "5c0599359371134a2e653c2052d292f08c03752e",
            "messageTitle": "Add functionality to understand date in LocalDate format",
            "messageBody": "",
            "fileTypesAndContributionMap": {
              "java": {
                "insertions": 127,
                "deletions": 26
              }
            }
          },
          {
            "hash": "1cece3d94cbc8409e0e3f9da99e3bc2a803bcf69",
            "messageTitle": "refactor code to be more OOP",
            "messageBody": "",
            "fileTypesAndContributionMap": {
              "java": {
                "insertions": 85,
                "deletions": 93
              }
            }
          },
          {
            "hash": "256ed0f412c5b825db142a732013d3a0118b4fc7",
            "messageTitle": "refactor code to be more OOP",
            "messageBody": "",
            "tags": [
              "A-MoreOOP"
            ],
            "fileTypesAndContributionMap": {
              "txt": {
                "insertions": 2,
                "deletions": 2
              },
              "java": {
                "insertions": 131,
                "deletions": 78
              }
            }
          },
          {
            "hash": "026ec53f6fd279b6a7aeefc8a4c9e05f4845bda9",
            "messageTitle": "add test file",
            "messageBody": "",
            "fileTypesAndContributionMap": {
              "java": {
                "insertions": 10,
                "deletions": 0
              }
            }
          }
        ]
      },
      {
        "date": "2020-08-23",
        "commitResults": [
          {
            "hash": "b3301ea0d9075aa47e3e5e93afc208600f2c2b01",
            "messageTitle": "Add files to package",
            "messageBody": "",
            "tags": [
              "A-Packages"
            ],
            "fileTypesAndContributionMap": {
              "java": {
                "insertions": 662,
                "deletions": 4
              }
            }
          },
          {
            "hash": "00a4012551302722d844d636c370cef279eef1f5",
            "messageTitle": "add test file",
            "messageBody": "",
            "fileTypesAndContributionMap": {
              "java": {
                "insertions": 10,
                "deletions": 0
              }
            }
          },
          {
            "hash": "de222ed073804f854f84e933b16bce4bc72ac4f0",
            "messageTitle": "Add dummy JUnit test",
            "messageBody": "",
            "fileTypesAndContributionMap": {
              "java": {
                "insertions": 12,
                "deletions": 0
              }
            }
          },
          {
            "hash": "42158f0c8d51c3350920daa7c085e99e1df15a85",
            "messageTitle": "Add JUnit Tests",
            "messageBody": "",
            "fileTypesAndContributionMap": {
              "txt": {
                "insertions": 6,
                "deletions": 0
              },
              "java": {
                "insertions": 259,
                "deletions": 34
              }
            }
          }
        ]
      },
      {
        "date": "2020-08-24",
        "commitResults": [
          {
            "hash": "f24dd8ed9cba22041a00f2c92ac19dbf2695932a",
            "messageTitle": "Add javadocs for Duke",
            "messageBody": "",
            "tags": [
              "A-JavaDoc"
            ],
            "fileTypesAndContributionMap": {
              "java": {
                "insertions": 248,
                "deletions": 57
              }
            }
          },
          {
            "hash": "f88c8e81579f9255730748c15a4e03e80756e391",
            "messageTitle": "Refactor code to coding standard",
            "messageBody": "",
            "tags": [
              "A-CodingStandard"
            ],
            "fileTypesAndContributionMap": {
              "java": {
                "insertions": 69,
                "deletions": 74
              }
            }
          }
        ]
      },
      {
        "date": "2020-08-25",
        "commitResults": [
          {
            "hash": "2faa29306c038d1d8b544237e359349409121ad5",
            "messageTitle": "Add find keyword functionality",
            "messageBody": "",
            "tags": [
              "branch-Level-9"
            ],
            "fileTypesAndContributionMap": {
              "java": {
                "insertions": 64,
                "deletions": 0
              }
            }
          }
        ]
      },
      {
        "date": "2020-08-27",
        "commitResults": [
          {
            "hash": "f917d3c632fa10ace5e653d7ab826a4665854202",
            "messageTitle": "Add javadoc for classes",
            "messageBody": "",
            "fileTypesAndContributionMap": {
              "java": {
                "insertions": 46,
                "deletions": 5
              }
            }
          }
        ]
      },
      {
        "date": "2020-08-30",
        "commitResults": [
          {
            "hash": "51dbb22ff87a05f3f1744d81a6ad73bcd094295b",
            "messageTitle": "Add gradle support",
            "messageBody": "",
            "tags": [
              "A-Gradle"
            ],
            "fileTypesAndContributionMap": {
              "gradle": {
                "insertions": 18,
                "deletions": 3
              },
              "java": {
                "insertions": 173,
                "deletions": 122
              }
            }
          }
        ]
      }
    ]
  },
  "authorFileTypeContributionMap": {
    "sogggy": {
      "java": 1882,
      "md": 0,
      "fxml": 0,
      "sh": 0,
      "bat": 2,
      "gradle": 17,
      "txt": 30
    }
  },
  "authorContributionVariance": {
    "sogggy": 84710.46
  },
  "authorDisplayNameMap": {
    "sogggy": "CS2103T-T11-4 CHEW..G YU"
  }
}
