{
  "authorDailyContributionsMap": {
    "peter-yeh": [
      {
        "date": "2020-08-15",
        "commitResults": [
          {
            "hash": "29094ae59bed6d73852bf4560d70163205586d84",
            "messageTitle": "Greet, Echo, Exit",
            "messageBody": "",
            "tags": [
              "Level-1"
            ],
            "fileTypesAndContributionMap": {
              "java": {
                "insertions": 38,
                "deletions": 7
              }
            }
          },
          {
            "hash": "6e3783a1f0aac8334d8772b09fb0c721750f04ad",
            "messageTitle": "Add, list",
            "messageBody": "",
            "tags": [
              "Level-2"
            ],
            "fileTypesAndContributionMap": {
              "java": {
                "insertions": 25,
                "deletions": 1
              }
            }
          },
          {
            "hash": "fabde7c01d6d578fa1b6bb29db6f1db16ccf143c",
            "messageTitle": "Mark as Done: added task class and mark items as done",
            "messageBody": "",
            "tags": [
              "Level-3"
            ],
            "fileTypesAndContributionMap": {
              "java": {
                "insertions": 45,
                "deletions": 10
              }
            }
          },
          {
            "hash": "114baf557f12ffe47d3d8e7f627c0e12c3a8b2f3",
            "messageTitle": "streamlined the tasks type by introducing todo, events, deadlines",
            "messageBody": "",
            "tags": [
              "Level-4"
            ],
            "fileTypesAndContributionMap": {
              "java": {
                "insertions": 113,
                "deletions": 29
              }
            }
          },
          {
            "hash": "05366fb010e087ec170d718a3210f12000dd243b",
            "messageTitle": "changed runtest.bat and expected.txt to the correct output",
            "messageBody": "",
            "tags": [
              "A-TextUiTesting"
            ],
            "fileTypesAndContributionMap": {
              "txt": {
                "insertions": 12,
                "deletions": 0
              },
              "java": {
                "insertions": 0,
                "deletions": 2
              },
              "bat": {
                "insertions": 3,
                "deletions": 1
              }
            }
          }
        ]
      },
      {
        "date": "2020-08-16",
        "commitResults": [
          {
            "hash": "f3180259079d91dd8cc879806500b952330cb755",
            "messageTitle": "Handle Errors",
            "messageBody": "",
            "tags": [
              "Level-5"
            ],
            "fileTypesAndContributionMap": {
              "java": {
                "insertions": 86,
                "deletions": 69
              }
            }
          },
          {
            "hash": "5e2dcbfc706531b4d64b37d7739a09e9678d0200",
            "messageTitle": "Added support for delete keyword",
            "messageBody": "",
            "fileTypesAndContributionMap": {
              "java": {
                "insertions": 25,
                "deletions": 3
              }
            }
          },
          {
            "hash": "7266c5d10e0c8cfc85aaad42a19ffec61dc89667",
            "messageTitle": "changed the format of the string output",
            "messageBody": "",
            "fileTypesAndContributionMap": {
              "java": {
                "insertions": 5,
                "deletions": 12
              }
            }
          },
          {
            "hash": "6dc8e174325c413a7d55bec3f9e398532e5ad87e",
            "messageTitle": "updated the expected.txt and input.txt to test delete",
            "messageBody": "",
            "fileTypesAndContributionMap": {
              "txt": {
                "insertions": 5,
                "deletions": 0
              }
            }
          }
        ]
      },
      {
        "date": "2020-08-18",
        "commitResults": [
          {
            "hash": "2540fe68eec60bfaea08188f0fca22ac237cebb8",
            "messageTitle": "Update switch statement indentation level",
            "messageBody": "Removed indentation for case clauses to match the style guide.\n",
            "fileTypesAndContributionMap": {
              "java": {
                "insertions": 59,
                "deletions": 60
              }
            }
          },
          {
            "hash": "0e330e0d26c2e7f7d20dec7932abbb0ed73ab80f",
            "messageTitle": "Add Javadocs comment",
            "messageBody": "Added comments for all public methods to comply with java coding\nstandard\n",
            "tags": [
              "Level-6"
            ],
            "fileTypesAndContributionMap": {
              "java": {
                "insertions": 49,
                "deletions": 3
              }
            }
          }
        ]
      },
      {
        "date": "2020-08-20",
        "commitResults": [
          {
            "hash": "a1bb69f73ad4b8dffe72b6d1e9ea87dc8df996b2",
            "messageTitle": "Add read from storage",
            "messageBody": "Add DukeFileHandler which would read tasks stored in the storage and\ndisplay it\n",
            "fileTypesAndContributionMap": {
              "java": {
                "insertions": 36,
                "deletions": 7
              }
            }
          },
          {
            "hash": "8445a758176422718f5e46e93b9b78da3a7092a3",
            "messageTitle": "Update gitignore to ignore data file",
            "messageBody": "The data/dukeData.txt is added to gitignore as it does not need to be\npushed\n",
            "fileTypesAndContributionMap": {
              "java": {
                "insertions": 52,
                "deletions": 0
              }
            }
          },
          {
            "hash": "a12fa399d31330aae03d00ff13b6413dd69d7182",
            "messageTitle": "Add write list to file",
            "messageBody": "Tasks would now be saved to the storage.\n\nTasks is now able to persist through sessions, remembering what the user\nadded to the task\n",
            "fileTypesAndContributionMap": {
              "java": {
                "insertions": 53,
                "deletions": 11
              }
            }
          },
          {
            "hash": "4bbccd41cfdfa91a756f0ed63a6033e02729f6f5",
            "messageTitle": "Add fix date format",
            "messageBody": "Users would now have to type in a fixed date format. This would allow\nthe use of date for sorting tasks later on.\n",
            "fileTypesAndContributionMap": {
              "java": {
                "insertions": 17,
                "deletions": 9
              }
            }
          }
        ]
      },
      {
        "date": "2020-08-21",
        "commitResults": [
          {
            "hash": "4c98ad9efdde0dea7e8ce2b8612beb224e7e7903",
            "messageTitle": "Update introducton message",
            "messageBody": "Introduction message now inludes valid commands to be given to duke,\nguiding users to type message with the correct format\n",
            "fileTypesAndContributionMap": {
              "java": {
                "insertions": 6,
                "deletions": 3
              }
            }
          },
          {
            "hash": "6f519b8d10a0815b8df9e461a990dd8621bc3522",
            "messageTitle": "Update welcome text",
            "messageBody": "The welcome text is now more user friendly as the valid commands are\nclearly listed to help users to give the correct format.\n",
            "fileTypesAndContributionMap": {
              "java": {
                "insertions": 6,
                "deletions": 5
              }
            }
          },
          {
            "hash": "fbb18a207fad5d6e7bb2bafdf939c87e39a4a55f",
            "messageTitle": "Add Ui class",
            "messageBody": "This will handle all the displaying of inputs to the console.\nIt also includes private class to nicely format the output.\n",
            "fileTypesAndContributionMap": {
              "java": {
                "insertions": 36,
                "deletions": 0
              }
            }
          },
          {
            "hash": "5f4e3d3cd5a308418f49107b20d4f7288ff30779",
            "messageTitle": "Remove most statc methods",
            "messageBody": "Convert most of the static classes into a normal class. Duke would not\ncall the instatnce methods instead of the static methods.\n\nAlso added variable ui to be utilised later on\n",
            "fileTypesAndContributionMap": {
              "java": {
                "insertions": 14,
                "deletions": 8
              }
            }
          },
          {
            "hash": "9206899b97a4eeb2d622eb1d3e62dcdaf9bd9786",
            "messageTitle": "Update testing of Duke",
            "messageBody": "Change the input.txt to the correct date format\n\nChnage the expected.txt to reflect the updated text format\n",
            "fileTypesAndContributionMap": {
              "txt": {
                "insertions": 2,
                "deletions": 2
              }
            }
          },
          {
            "hash": "ef1f4a6bd1cae72c718bcafddd1a9b6a872272ec",
            "messageTitle": "Move welcome message into Ui class",
            "messageBody": "Outputting to console will now solely be done in Ui class\nThis would reduce the workload of the Duke.java\n",
            "fileTypesAndContributionMap": {
              "java": {
                "insertions": 59,
                "deletions": 49
              }
            }
          },
          {
            "hash": "3469373343d2ae822aed1c305d0bf1f7ea46ef28",
            "messageTitle": "Make storage more oop",
            "messageBody": "Add constructor in DukeFileHandler class to take in the file path as a\nstring input\n",
            "fileTypesAndContributionMap": {
              "java": {
                "insertions": 20,
                "deletions": 8
              }
            }
          },
          {
            "hash": "a233438d44c7a5aaf326a0ba6af59060b3de87c5",
            "messageTitle": "Create TaskList class",
            "messageBody": "The task list is stored and handled inside the Duke class.\n\nThe Duke class is very cluttered with many methods to handle the tasks\nlist.\n\nTaskList is created to handle the task related methods.\n",
            "fileTypesAndContributionMap": {
              "java": {
                "insertions": 89,
                "deletions": 42
              }
            }
          },
          {
            "hash": "d1106af733a98b93269dc6453976269e86a8bc60",
            "messageTitle": "Add more testcase",
            "messageBody": "The current test case does not test writing and reading from storage.\n\nMore testcase is written to test read and write function of Duke\n",
            "fileTypesAndContributionMap": {
              "txt": {
                "insertions": 39,
                "deletions": 9
              }
            }
          },
          {
            "hash": "b4a4102aaafab4eecc9ee08af1bc4caeee64e3c8",
            "messageTitle": "Refactor the code to look more OOP",
            "messageBody": "Created new object class called command with execute()  to handle\nthe different messages\n",
            "tags": [
              "A-MoreOOP"
            ],
            "fileTypesAndContributionMap": {
              "java": {
                "insertions": 176,
                "deletions": 121
              }
            }
          }
        ]
      },
      {
        "date": "2020-08-22",
        "commitResults": [
          {
            "hash": "56d156f5c7bbeef84db32d936683f8dbc1b1778b",
            "messageTitle": "Organize all the java classes into their package",
            "messageBody": "The classes are separated into their packages to organize the codes\n",
            "tags": [
              "A-Packages"
            ],
            "fileTypesAndContributionMap": {
              "txt": {
                "insertions": 1,
                "deletions": 1
              },
              "java": {
                "insertions": 124,
                "deletions": 9
              },
              "bat": {
                "insertions": 1,
                "deletions": 1
              }
            }
          },
          {
            "hash": "7637467ade5893ddb1674db5bfa45df9f4ee9254",
            "messageTitle": "Add auto write to storage after every step",
            "messageBody": "Before this, the user would have to enter bye before the list in the\nstorage would be updated.\n\nThe lists would now be saved in real time in case the user closes duke\nwithout saying bye\n",
            "fileTypesAndContributionMap": {
              "java": {
                "insertions": 24,
                "deletions": 6
              }
            }
          },
          {
            "hash": "b8cf2ff3dca259007ec5a97050ed9e1ae5e64690",
            "messageTitle": "Add Junit 5 to Task class",
            "messageBody": "Testing is done for Task and it\u0027s subclasses\n",
            "fileTypesAndContributionMap": {
              "java": {
                "insertions": 96,
                "deletions": 0
              }
            }
          },
          {
            "hash": "ea6f462fe7f2d1f4f179a79f966057c06fb307f1",
            "messageTitle": "Change class name events to event",
            "messageBody": "The name of the subclass events is changed to event\n",
            "fileTypesAndContributionMap": {
              "java": {
                "insertions": 8,
                "deletions": 8
              }
            }
          },
          {
            "hash": "1e2164a884da70e7f496fb6f106e77e290a337a7",
            "messageTitle": "Add space to some methods",
            "messageBody": "Spaces is added to comply with java coding standard\n",
            "tags": [
              "A-Junit"
            ],
            "fileTypesAndContributionMap": {
              "java": {
                "insertions": 4,
                "deletions": 5
              }
            }
          }
        ]
      }
    ]
  },
  "authorFileTypeContributionMap": {
    "peter-yeh": {
      "java": 786,
      "md": 0,
      "fxml": 0,
      "sh": 0,
      "bat": 3,
      "gradle": 0,
      "txt": 47
    }
  },
  "authorContributionVariance": {
    "peter-yeh": 42241.508
  },
  "authorDisplayNameMap": {
    "peter-yeh": "YEH ..CHUN"
  }
}
