{
  "authorDailyContributionsMap": {
    "caleblyx": [
      {
        "date": "2020-08-16",
        "commitResults": [
          {
            "hash": "1e972e88682a0c7324ed354a5ac0ab977efa07a7",
            "messageTitle": "Level1 - Greet, Echo, Exit",
            "messageBody": "",
            "tags": [
              "level1-greet,echo,exit"
            ],
            "fileTypesAndContributionMap": {
              "java": {
                "insertions": 21,
                "deletions": 10
              }
            }
          },
          {
            "hash": "25160e1dbdc76c67c2963260820614f8f485b8e9",
            "messageTitle": "Level 2. Add, List",
            "messageBody": "",
            "tags": [
              "level2-add,list"
            ],
            "fileTypesAndContributionMap": {
              "java": {
                "insertions": 15,
                "deletions": 3
              }
            }
          },
          {
            "hash": "d13baf084add468a38b759f2570573e19703dd76",
            "messageTitle": "Level-3: Mark as Done",
            "messageBody": "",
            "tags": [
              "Level-3-Mark-as-Done"
            ],
            "fileTypesAndContributionMap": {
              "java": {
                "insertions": 41,
                "deletions": 4
              }
            }
          },
          {
            "hash": "4eba2dd08f2a1be2c863357be3fd6cd8a4678ec2",
            "messageTitle": "Level-4: ToDo, Event, Deadline",
            "messageBody": "",
            "tags": [
              "Level-4-ToDo-Event-Deadline"
            ],
            "fileTypesAndContributionMap": {
              "java": {
                "insertions": 80,
                "deletions": 17
              }
            }
          }
        ]
      },
      {
        "date": "2020-08-17",
        "commitResults": [
          {
            "hash": "946d62c0682d2e1a90bd485b0124c4b56c828949",
            "messageTitle": "A-TextUiTesting: Automated Text UI Testing",
            "messageBody": "",
            "tags": [
              "A-TextUiTesting-Automated-Text-UI-Testing"
            ],
            "fileTypesAndContributionMap": {
              "txt": {
                "insertions": 11,
                "deletions": 0
              },
              "java": {
                "insertions": 2,
                "deletions": 6
              },
              "bat": {
                "insertions": 7,
                "deletions": 2
              }
            }
          },
          {
            "hash": "38733fff638b19c404d8b02bee4907c1b2889de9",
            "messageTitle": "Level-5: Handle Errors",
            "messageBody": "",
            "tags": [
              "Level-5-Handle-Errors"
            ],
            "fileTypesAndContributionMap": {
              "java": {
                "insertions": 53,
                "deletions": 8
              }
            }
          },
          {
            "hash": "22562f4a0d8c1f01eac5c17b6bac30fcbc06472b",
            "messageTitle": "Level-6: Delete",
            "messageBody": "",
            "tags": [
              "level6-delete"
            ],
            "fileTypesAndContributionMap": {
              "java": {
                "insertions": 16,
                "deletions": 0
              }
            }
          }
        ]
      },
      {
        "date": "2020-08-20",
        "commitResults": [
          {
            "hash": "077e10ed7ce5e9929a4bafd3b925a4d0629f6524",
            "messageTitle": "Done exception",
            "messageBody": "",
            "tags": [
              "done-exception"
            ],
            "fileTypesAndContributionMap": {
              "java": {
                "insertions": 2,
                "deletions": 2
              }
            }
          }
        ]
      }
    ]
  },
  "authorFileTypeContributionMap": {
    "caleblyx": {
      "java": 190,
      "md": 0,
      "fxml": 0,
      "sh": 0,
      "bat": 7,
      "gradle": 0,
      "txt": 11
    }
  },
  "authorContributionVariance": {
    "caleblyx": 4952.122
  },
  "authorDisplayNameMap": {
    "caleblyx": "LIN ..ALEB"
  }
}
