{
  "authorDailyContributionsMap": {
    "caleblyx": [
      {
        "date": "2020-08-16",
        "commitResults": [
          {
            "hash": "1e972e88682a0c7324ed354a5ac0ab977efa07a7",
            "messageTitle": "Level1 - Greet, Echo, Exit",
            "messageBody": "",
            "tags": [
              "level1-greet,echo,exit"
            ],
            "fileTypesAndContributionMap": {
              "java": {
                "insertions": 21,
                "deletions": 10
              }
            }
          },
          {
            "hash": "25160e1dbdc76c67c2963260820614f8f485b8e9",
            "messageTitle": "Level 2. Add, List",
            "messageBody": "",
            "tags": [
              "level2-add,list"
            ],
            "fileTypesAndContributionMap": {
              "java": {
                "insertions": 15,
                "deletions": 3
              }
            }
          },
          {
            "hash": "d13baf084add468a38b759f2570573e19703dd76",
            "messageTitle": "Level-3: Mark as Done",
            "messageBody": "",
            "tags": [
              "Level-3-Mark-as-Done"
            ],
            "fileTypesAndContributionMap": {
              "java": {
                "insertions": 41,
                "deletions": 4
              }
            }
          },
          {
            "hash": "4eba2dd08f2a1be2c863357be3fd6cd8a4678ec2",
            "messageTitle": "Level-4: ToDo, Event, Deadline",
            "messageBody": "",
            "tags": [
              "Level-4-ToDo-Event-Deadline"
            ],
            "fileTypesAndContributionMap": {
              "java": {
                "insertions": 80,
                "deletions": 17
              }
            }
          }
        ]
      },
      {
        "date": "2020-08-17",
        "commitResults": [
          {
            "hash": "946d62c0682d2e1a90bd485b0124c4b56c828949",
            "messageTitle": "A-TextUiTesting: Automated Text UI Testing",
            "messageBody": "",
            "tags": [
              "A-TextUiTesting-Automated-Text-UI-Testing"
            ],
            "fileTypesAndContributionMap": {
              "txt": {
                "insertions": 11,
                "deletions": 0
              },
              "java": {
                "insertions": 2,
                "deletions": 6
              },
              "bat": {
                "insertions": 7,
                "deletions": 2
              }
            }
          },
          {
            "hash": "38733fff638b19c404d8b02bee4907c1b2889de9",
            "messageTitle": "Level-5: Handle Errors",
            "messageBody": "",
            "tags": [
              "Level-5-Handle-Errors"
            ],
            "fileTypesAndContributionMap": {
              "java": {
                "insertions": 53,
                "deletions": 8
              }
            }
          },
          {
            "hash": "22562f4a0d8c1f01eac5c17b6bac30fcbc06472b",
            "messageTitle": "Level-6: Delete",
            "messageBody": "",
            "tags": [
              "level6-delete"
            ],
            "fileTypesAndContributionMap": {
              "java": {
                "insertions": 16,
                "deletions": 0
              }
            }
          }
        ]
      },
      {
        "date": "2020-08-20",
        "commitResults": [
          {
            "hash": "077e10ed7ce5e9929a4bafd3b925a4d0629f6524",
            "messageTitle": "Done exception",
            "messageBody": "",
            "tags": [
              "done-exception"
            ],
            "fileTypesAndContributionMap": {
              "java": {
                "insertions": 2,
                "deletions": 2
              }
            }
          }
        ]
      },
      {
        "date": "2020-08-23",
        "commitResults": [
          {
            "hash": "c7b3136a381c356511061e871397a679c7a37d54",
            "messageTitle": "Level 7. Save",
            "messageBody": "",
            "tags": [
              "level-7-save-branch",
              "branch-level-7"
            ],
            "fileTypesAndContributionMap": {
              "txt": {
                "insertions": 1,
                "deletions": 0
              },
              "java": {
                "insertions": 122,
                "deletions": 4
              }
            }
          },
          {
            "hash": "b2cbcc10ce612ed663fd5dac388fa1ce77ac3b67",
            "messageTitle": "Level 8. Dates and Times",
            "messageBody": "",
            "tags": [
              "level-8-dates-and-times-branch",
              "branch-level-8"
            ],
            "fileTypesAndContributionMap": {
              "java": {
                "insertions": 32,
                "deletions": 6
              }
            }
          }
        ]
      },
      {
        "date": "2020-08-24",
        "commitResults": [
          {
            "hash": "78b89db014bfd0fa3001bee226032f1b0372dcad",
            "messageTitle": "A-MoreOOP",
            "messageBody": "",
            "tags": [
              "A-MoreOOP",
              "A-Jar"
            ],
            "fileTypesAndContributionMap": {
              "txt": {
                "insertions": 6,
                "deletions": 0
              },
              "java": {
                "insertions": 446,
                "deletions": 173
              }
            }
          }
        ]
      },
      {
        "date": "2020-08-25",
        "commitResults": [
          {
            "hash": "4b337a54bea70781d68cc32a3ce78cf6fb6a3054",
            "messageTitle": "A-JUnit",
            "messageBody": "Add J-Unit tests for the following classes: Parser, TaskList, and Event.\n",
            "tags": [
              "A-JUnit"
            ],
            "fileTypesAndContributionMap": {
              "txt": {
                "insertions": 1,
                "deletions": 8
              },
              "java": {
                "insertions": 188,
                "deletions": 12
              }
            }
          },
          {
            "hash": "c10f2b7dd740710ea1281299e419e078bf8bae45",
            "messageTitle": "A-JavaDoc",
            "messageBody": "",
            "fileTypesAndContributionMap": {
              "txt": {
                "insertions": 0,
                "deletions": 2
              },
              "java": {
                "insertions": 510,
                "deletions": 17
              }
            }
          }
        ]
      },
      {
        "date": "2020-08-26",
        "commitResults": [
          {
            "hash": "792c51ae235ca5b2278cffa75acdd5312bdac029",
            "messageTitle": "Add JavaDoc for class variables of Storage class",
            "messageBody": "",
            "tags": [
              "branch-A-JavaDoc"
            ],
            "fileTypesAndContributionMap": {
              "java": {
                "insertions": 43,
                "deletions": 40
              }
            }
          },
          {
            "hash": "c3274a7a26b5588d6ef21b83421daf86518c04ac",
            "messageTitle": "branch-A-CodingStandard",
            "messageBody": "Improve coding standard\n",
            "tags": [
              "branch-A-CodingStandard"
            ],
            "fileTypesAndContributionMap": {
              "txt": {
                "insertions": 0,
                "deletions": 2
              },
              "java": {
                "insertions": 53,
                "deletions": 49
              }
            }
          },
          {
            "hash": "3a8dde9be5b75c5549aa0efdddc996002d7c9490",
            "messageTitle": "branch-level-9",
            "messageBody": "",
            "tags": [
              "branch-level-9"
            ],
            "fileTypesAndContributionMap": {
              "txt": {
                "insertions": 5,
                "deletions": 1
              },
              "java": {
                "insertions": 52,
                "deletions": 0
              }
            }
          }
        ]
      },
      {
        "date": "2020-09-01",
        "commitResults": [
          {
            "hash": "85d0d704e0d08a275a42264b02b8c62631a18f82",
            "messageTitle": "Set up Gradle to build, run, and test using Gradle",
            "messageBody": "",
            "tags": [
              "A-Gradle"
            ],
            "fileTypesAndContributionMap": {
              "gradle": {
                "insertions": 2,
                "deletions": 1
              },
              "txt": {
                "insertions": 27,
                "deletions": 15
              },
              "java": {
                "insertions": 124,
                "deletions": 47
              }
            }
          }
        ]
      },
      {
        "date": "2020-09-02",
        "commitResults": [
          {
            "hash": "780efeaacac032b13a49cfe9fff0a1e615e29e2f",
            "messageTitle": "branch-level-10",
            "messageBody": "add a GUI\n",
            "tags": [
              "branch-level-10"
            ],
            "fileTypesAndContributionMap": {
              "gradle": {
                "insertions": 15,
                "deletions": 0
              },
              "txt": {
                "insertions": 1,
                "deletions": 0
              },
              "fxml": {
                "insertions": 35,
                "deletions": 0
              },
              "java": {
                "insertions": 241,
                "deletions": 37
              }
            }
          },
          {
            "hash": "8c8f63962500458a5e8297b9f02b17695e635152",
            "messageTitle": "branch-A-CheckStyle",
            "messageBody": "",
            "fileTypesAndContributionMap": {
              "gradle": {
                "insertions": 1,
                "deletions": 2
              },
              "java": {
                "insertions": 1,
                "deletions": 1
              }
            }
          }
        ]
      }
    ]
  },
  "authorFileTypeContributionMap": {
    "caleblyx": {
      "java": 1677,
      "md": 0,
      "fxml": 35,
      "sh": 0,
      "bat": 7,
      "gradle": 17,
      "txt": 34
    }
  },
  "authorContributionVariance": {
    "caleblyx": 44212.32
  },
  "authorDisplayNameMap": {
    "caleblyx": "CS2103T-F12-4 LIN ..ALEB"
  }
}
