{
  "authorDailyContributionsMap": {
    "hhdqirui": [
      {
        "date": "2020-08-18",
        "commitResults": [
          {
            "hash": "2580f82529bcab1b9aa6ddd94097d8cb0692db6b",
            "messageTitle": "level-1",
            "messageBody": "",
            "tags": [
              "level-1"
            ],
            "fileTypesAndContributionMap": {
              "java": {
                "insertions": 22,
                "deletions": 0
              }
            }
          },
          {
            "hash": "72c2c11ca87304d77f760b0814bdf992785a33f1",
            "messageTitle": "level-2",
            "messageBody": "",
            "tags": [
              "level-2"
            ],
            "fileTypesAndContributionMap": {
              "java": {
                "insertions": 25,
                "deletions": 4
              }
            }
          },
          {
            "hash": "7e665db9d365fc717c37ea5ac9cea78cfbdd4224",
            "messageTitle": "level-3",
            "messageBody": "",
            "fileTypesAndContributionMap": {
              "java": {
                "insertions": 45,
                "deletions": 9
              }
            }
          }
        ]
      },
      {
        "date": "2020-08-19",
        "commitResults": [
          {
            "hash": "1dd5ce07f705a603f1acd68b9ccc3dc9201b112b",
            "messageTitle": "level-3 second commit",
            "messageBody": "",
            "fileTypesAndContributionMap": {
              "java": {
                "insertions": 16,
                "deletions": 8
              }
            }
          },
          {
            "hash": "312592755d5c47376f95817a77adbea9f87ff3ef",
            "messageTitle": "fix minor bug",
            "messageBody": "",
            "tags": [
              "level-3"
            ],
            "fileTypesAndContributionMap": {
              "java": {
                "insertions": 9,
                "deletions": 2
              }
            }
          },
          {
            "hash": "4e45679a99b85cfa3989f7870de48ad3a6575ccc",
            "messageTitle": "level-4",
            "messageBody": "",
            "fileTypesAndContributionMap": {
              "java": {
                "insertions": 140,
                "deletions": 3
              }
            }
          }
        ]
      },
      {
        "date": "2020-08-20",
        "commitResults": [
          {
            "hash": "e39209649c4fbe1b9c92e8e349ed4106cede323e",
            "messageTitle": "fix minor bug for level-4",
            "messageBody": "",
            "fileTypesAndContributionMap": {
              "java": {
                "insertions": 20,
                "deletions": 32
              },
              "bat": {
                "insertions": 1,
                "deletions": 1
              }
            }
          },
          {
            "hash": "202b7e9b9d8d1427431bcb50980b760408be99c3",
            "messageTitle": "A-TextUiTesting",
            "messageBody": "",
            "tags": [
              "A-TextUiTesting"
            ],
            "fileTypesAndContributionMap": {
              "txt": {
                "insertions": 10,
                "deletions": 0
              },
              "sh": {
                "insertions": 1,
                "deletions": 1
              }
            }
          },
          {
            "hash": "13521cba44de2c85f912f25726f37f2fa2db23e0",
            "messageTitle": "fix minor bug for level-4",
            "messageBody": "",
            "tags": [
              "level-4"
            ],
            "fileTypesAndContributionMap": {
              "java": {
                "insertions": 18,
                "deletions": 4
              }
            }
          },
          {
            "hash": "c5269f37bf5a0aa5ab918b05e3cf8aa8a5271bcb",
            "messageTitle": "level-5",
            "messageBody": "",
            "tags": [
              "level-5"
            ],
            "fileTypesAndContributionMap": {
              "java": {
                "insertions": 44,
                "deletions": 17
              }
            }
          },
          {
            "hash": "046ea90d52213851b06733eb6856b354dcd7bb79",
            "messageTitle": "level-6",
            "messageBody": "",
            "tags": [
              "level-6"
            ],
            "fileTypesAndContributionMap": {
              "java": {
                "insertions": 20,
                "deletions": 0
              }
            }
          },
          {
            "hash": "e14775436bdd4e5992cf9006147deb891e2a110d",
            "messageTitle": "A-Enums",
            "messageBody": "",
            "tags": [
              "A-Enums"
            ],
            "fileTypesAndContributionMap": {
              "java": {
                "insertions": 14,
                "deletions": 10
              }
            }
          }
        ]
      },
      {
        "date": "2020-08-24",
        "commitResults": [
          {
            "hash": "96a1709e0aa10e68380cfaeec0aa914e185633b4",
            "messageTitle": "branch-level-7",
            "messageBody": "",
            "tags": [
              "level-7"
            ],
            "fileTypesAndContributionMap": {
              "java": {
                "insertions": 112,
                "deletions": 3
              }
            }
          }
        ]
      },
      {
        "date": "2020-08-25",
        "commitResults": [
          {
            "hash": "1111e00ca4423098a4c1ee27001a34780d9aaa24",
            "messageTitle": "branch-level-8",
            "messageBody": "",
            "tags": [
              "level-8"
            ],
            "fileTypesAndContributionMap": {
              "java": {
                "insertions": 362,
                "deletions": 12
              }
            }
          }
        ]
      },
      {
        "date": "2020-08-26",
        "commitResults": [
          {
            "hash": "e1c268dac4a425243b906345d62694ee2abbe3c8",
            "messageTitle": "A-MoreOOP",
            "messageBody": "",
            "tags": [
              "A-MoreOOP"
            ],
            "fileTypesAndContributionMap": {
              "java": {
                "insertions": 423,
                "deletions": 378
              }
            }
          },
          {
            "hash": "064f8bc7f6b9fe05c00f1a3ccbf90798772ac404",
            "messageTitle": "A-Packages",
            "messageBody": "",
            "tags": [
              "A-Packages"
            ],
            "fileTypesAndContributionMap": {
              "java": {
                "insertions": 20,
                "deletions": 21
              }
            }
          },
          {
            "hash": "57711fa30a6f787bee754c7fd3e7c5da63aa834c",
            "messageTitle": "A-JUnit",
            "messageBody": "",
            "fileTypesAndContributionMap": {
              "java": {
                "insertions": 1,
                "deletions": 1
              }
            }
          },
          {
            "hash": "a32611eaab49ca1ea8090a68ea035a5e979dba1c",
            "messageTitle": "A-JUnit previous commit was in the wrong directory",
            "messageBody": "",
            "tags": [
              "A-JUnit"
            ],
            "fileTypesAndContributionMap": {
              "java": {
                "insertions": 88,
                "deletions": 0
              }
            }
          },
          {
            "hash": "93a030aed4f5d7cb3dc778cabbb0c3dcd16da07a",
            "messageTitle": "A-Jar",
            "messageBody": "",
            "tags": [
              "A-Jar"
            ],
            "fileTypesAndContributionMap": {
              "java": {
                "insertions": 1,
                "deletions": 1
              }
            }
          },
          {
            "hash": "b2da15b0ce9d23de79f31d7cbee66af92e5cd5d0",
            "messageTitle": "A-JavaDoc",
            "messageBody": "",
            "tags": [
              "A-JavaDoc"
            ],
            "fileTypesAndContributionMap": {
              "java": {
                "insertions": 352,
                "deletions": 0
              }
            }
          },
          {
            "hash": "7992d05f301bcd13adfa7b62ae0bd52d181c4d43",
            "messageTitle": "A-CodingStandard",
            "messageBody": "",
            "tags": [
              "A-CodingStandard"
            ],
            "fileTypesAndContributionMap": {
              "java": {
                "insertions": 71,
                "deletions": 67
              }
            }
          },
          {
            "hash": "16c03813a647deea2f89d1b93786fd5b3d749a27",
            "messageTitle": "branch-level-9",
            "messageBody": "",
            "tags": [
              "Level-9"
            ],
            "fileTypesAndContributionMap": {
              "java": {
                "insertions": 70,
                "deletions": 0
              }
            }
          }
        ]
      },
      {
        "date": "2020-09-01",
        "commitResults": [
          {
            "hash": "1c47ec79f0f6f5f27ee3c4a1786725c2fb058d11",
            "messageTitle": "mess up the previous project so delete whole project and clone and fix some don\u0027t know what problem in order to run normally",
            "messageBody": "",
            "fileTypesAndContributionMap": {
              "java": {
                "insertions": 39,
                "deletions": 39
              }
            }
          },
          {
            "hash": "e7eac1a538ec221b243fb1c49a13adbc6f1deb2d",
            "messageTitle": "A-Gradle",
            "messageBody": "",
            "tags": [
              "A-Gradle"
            ],
            "fileTypesAndContributionMap": {
              "java": {
                "insertions": 11,
                "deletions": 11
              }
            }
          },
          {
            "hash": "b7bf348c19467e010150acc0502f8d2887e22267",
            "messageTitle": "A-CheckStyle",
            "messageBody": "",
            "tags": [
              "A-CheckStyle"
            ],
            "fileTypesAndContributionMap": {
              "gradle": {
                "insertions": 1,
                "deletions": 1
              },
              "java": {
                "insertions": 235,
                "deletions": 229
              }
            }
          },
          {
            "hash": "1326e38493046212ba6f65bd21fdc5a6f392b3e4",
            "messageTitle": "ready for branch-level-10",
            "messageBody": "",
            "fileTypesAndContributionMap": {
              "gradle": {
                "insertions": 15,
                "deletions": 0
              },
              "java": {
                "insertions": 38,
                "deletions": 4
              }
            }
          }
        ]
      },
      {
        "date": "2020-09-02",
        "commitResults": [
          {
            "hash": "da74e27c8c44e05c8a323697ef8669b0449b68c7",
            "messageTitle": "level-10",
            "messageBody": "",
            "tags": [
              "Level-10"
            ],
            "fileTypesAndContributionMap": {
              "txt": {
                "insertions": 3,
                "deletions": 0
              },
              "fxml": {
                "insertions": 35,
                "deletions": 0
              },
              "java": {
                "insertions": 656,
                "deletions": 9
              }
            }
          },
          {
            "hash": "7af0af745e7a941dc2b83c012282437f3428606b",
            "messageTitle": "fix minor issue",
            "messageBody": "",
            "fileTypesAndContributionMap": {
              "java": {
                "insertions": 0,
                "deletions": 1
              }
            }
          },
          {
            "hash": "de06432113f968d21184ce57de6d1acb152034d3",
            "messageTitle": "A-Varargs",
            "messageBody": "",
            "tags": [
              "A-Varargs"
            ],
            "fileTypesAndContributionMap": {
              "txt": {
                "insertions": 2,
                "deletions": 0
              },
              "java": {
                "insertions": 59,
                "deletions": 10
              }
            }
          }
        ]
      }
    ]
  },
  "authorFileTypeContributionMap": {
    "hhdqirui": {
      "java": 2084,
      "md": 0,
      "fxml": 35,
      "sh": 1,
      "bat": 1,
      "gradle": 16,
      "txt": 15
    }
  },
  "authorContributionVariance": {
    "hhdqirui": 135501.33
  },
  "authorDisplayNameMap": {
    "hhdqirui": "CS2103T-T13-1 WU Q..IRUI"
  }
}
