{
  "authorDailyContributionsMap": {
    "florenciamartina": [
      {
        "date": "2020-08-16",
        "commitResults": [
          {
            "hash": "1b4c1fc329d1f0c2166baba54f7a7936e6b6733a",
            "messageTitle": "Level 1",
            "messageBody": "",
            "tags": [
              "Level-1"
            ],
            "fileTypesAndContributionMap": {
              "java": {
                "insertions": 45,
                "deletions": 6
              }
            }
          },
          {
            "hash": "f1a2ee42d9392f9a925143e5c576c15f57573b87",
            "messageTitle": "Level-1 (fixed some typos)",
            "messageBody": "",
            "tags": [
              "Level-1-FixedTypos"
            ],
            "fileTypesAndContributionMap": {
              "java": {
                "insertions": 2,
                "deletions": 2
              }
            }
          },
          {
            "hash": "7ce999cb7b1fdcfa950e09e008045a7735b950f4",
            "messageTitle": "Level-2",
            "messageBody": "",
            "tags": [
              "Level-2"
            ],
            "fileTypesAndContributionMap": {
              "java": {
                "insertions": 48,
                "deletions": 18
              }
            }
          },
          {
            "hash": "5f00aff4a7e55073a4935d987fa8e75a5cbb6cc6",
            "messageTitle": "Level-3",
            "messageBody": "",
            "tags": [
              "Level-3"
            ],
            "fileTypesAndContributionMap": {
              "java": {
                "insertions": 31,
                "deletions": 11
              }
            }
          },
          {
            "hash": "1257519f9f40ed1b1e1211f891c4d6b7d13ac615",
            "messageTitle": "Level-3 added Task",
            "messageBody": "",
            "tags": [
              "Level-3-Modified"
            ],
            "fileTypesAndContributionMap": {
              "java": {
                "insertions": 23,
                "deletions": 0
              }
            }
          },
          {
            "hash": "5c656bed0873b0034ed2c12d7edf9ecaf5487534",
            "messageTitle": "Level-4",
            "messageBody": "",
            "tags": [
              "Level-4"
            ],
            "fileTypesAndContributionMap": {
              "java": {
                "insertions": 61,
                "deletions": 38
              }
            }
          },
          {
            "hash": "68153d27b83108594b8db87c0098cc77cd230a71",
            "messageTitle": "Level-4 (added extension to Task)",
            "messageBody": "",
            "tags": [
              "Level-4-Modified"
            ],
            "fileTypesAndContributionMap": {
              "java": {
                "insertions": 85,
                "deletions": 0
              }
            }
          },
          {
            "hash": "cedd3a6d7b438e24d0c9d6c80371f2234f54a66b",
            "messageTitle": "Level-5",
            "messageBody": "",
            "tags": [
              "Level-5"
            ],
            "fileTypesAndContributionMap": {
              "java": {
                "insertions": 62,
                "deletions": 27
              }
            }
          },
          {
            "hash": "f5b801188d7ea7a6b8609e575d5ed7b2610cefa5",
            "messageTitle": "Level-5 (Added DukeException and its extension)",
            "messageBody": "",
            "tags": [
              "Level-5-AddedExceptions"
            ],
            "fileTypesAndContributionMap": {
              "java": {
                "insertions": 38,
                "deletions": 0
              }
            }
          },
          {
            "hash": "d33df8732d4621c58aa58b2f54d3a569fe78b7fa",
            "messageTitle": "Level-6",
            "messageBody": "",
            "tags": [
              "Level-6"
            ],
            "fileTypesAndContributionMap": {
              "java": {
                "insertions": 51,
                "deletions": 16
              }
            }
          },
          {
            "hash": "5967f47ef9407cfd769839f1ee9d9a228e00928b",
            "messageTitle": "Level-6-Modified",
            "messageBody": "",
            "tags": [
              "Level-6-Modified"
            ],
            "fileTypesAndContributionMap": {
              "java": {
                "insertions": 2,
                "deletions": 2
              }
            }
          },
          {
            "hash": "2b6877c2d6ac27396f97ed0d798f49009620a4fc",
            "messageTitle": "Level-6-BugFix",
            "messageBody": "",
            "tags": [
              "Level-6-BugFix"
            ],
            "fileTypesAndContributionMap": {
              "java": {
                "insertions": 17,
                "deletions": 11
              }
            }
          }
        ]
      },
      {
        "date": "2020-08-18",
        "commitResults": [
          {
            "hash": "681bfdbb7b12f54c21a606244cd95de12357b75a",
            "messageTitle": "Moved to main package",
            "messageBody": "",
            "tags": [
              "Level-6-MovedToMainPackage"
            ],
            "fileTypesAndContributionMap": {
              "java": {
                "insertions": 24,
                "deletions": 0
              }
            }
          },
          {
            "hash": "7794922f79a5e3b82776b0b6427a5536e367469d",
            "messageTitle": "A-TextUITesting",
            "messageBody": "",
            "tags": [
              "A-TextUITesting"
            ],
            "fileTypesAndContributionMap": {
              "txt": {
                "insertions": 13,
                "deletions": 0
              },
              "bat": {
                "insertions": 5,
                "deletions": 3
              }
            }
          }
        ]
      },
      {
        "date": "2020-08-19",
        "commitResults": [
          {
            "hash": "e05c92cef6fe2ac07dbb0f433d9f6fe4a5db849a",
            "messageTitle": "Enums",
            "messageBody": "",
            "tags": [
              "A-Enums"
            ],
            "fileTypesAndContributionMap": {
              "java": {
                "insertions": 259,
                "deletions": 190
              }
            }
          },
          {
            "hash": "9dd21468f1ddedf5b498611fbde440a448858249",
            "messageTitle": "Moved package to \"duke\"",
            "messageBody": "",
            "fileTypesAndContributionMap": {
              "java": {
                "insertions": 42,
                "deletions": 42
              }
            }
          }
        ]
      }
    ]
  },
  "authorFileTypeContributionMap": {
    "florenciamartina": {
      "java": 437,
      "md": 0,
      "fxml": 0,
      "sh": 0,
      "bat": 4,
      "gradle": 0,
      "txt": 13
    }
  },
  "authorContributionVariance": {
    "florenciamartina": 68602.88
  },
  "authorDisplayNameMap": {
    "florenciamartina": "FLOR..TINA"
  }
}
