{
  "authorDailyContributionsMap": {
    "hjl99": [
      {
        "date": "2020-08-19",
        "commitResults": [
          {
            "hash": "3359151b2b8e379fda091e65c5ede895cbc96f92",
            "messageTitle": "Added Greet, Echo, Exit features in Duke Level-1",
            "messageBody": "",
            "tags": [
              "Level-1"
            ],
            "fileTypesAndContributionMap": {
              "java": {
                "insertions": 20,
                "deletions": 2
              }
            }
          },
          {
            "hash": "789250596160c5b1e959aef946593a5f00d38195",
            "messageTitle": "Modified chatbot display format",
            "messageBody": "",
            "fileTypesAndContributionMap": {
              "java": {
                "insertions": 7,
                "deletions": 3
              }
            }
          },
          {
            "hash": "2c0dfde6cd45038b5449e936f72ac6bb96d7a8e2",
            "messageTitle": "Added Add, List features with slight modifications on chatbot chatting style",
            "messageBody": "",
            "tags": [
              "Level-2"
            ],
            "fileTypesAndContributionMap": {
              "java": {
                "insertions": 22,
                "deletions": 5
              }
            }
          },
          {
            "hash": "37413fe8c11c76b637e55e9cfed06281269282d7",
            "messageTitle": "Added Mark as Done feature",
            "messageBody": "",
            "tags": [
              "Level-3"
            ],
            "fileTypesAndContributionMap": {
              "java": {
                "insertions": 35,
                "deletions": 6
              }
            }
          },
          {
            "hash": "c720d04e2b16d22217c8fe6343a613d45cee2b52",
            "messageTitle": "Added ToDos, Events, Deadlines",
            "messageBody": "",
            "tags": [
              "Level-4"
            ],
            "fileTypesAndContributionMap": {
              "java": {
                "insertions": 75,
                "deletions": 9
              }
            }
          }
        ]
      },
      {
        "date": "2020-08-20",
        "commitResults": [
          {
            "hash": "2c915624039af6fd84a30288692823fc3149cb00",
            "messageTitle": "Added and Passed TextUiTesting",
            "messageBody": "",
            "tags": [
              "A-TextUiTesting"
            ],
            "fileTypesAndContributionMap": {
              "txt": {
                "insertions": 7,
                "deletions": 0
              },
              "java": {
                "insertions": 5,
                "deletions": 4
              },
              "sh": {
                "insertions": 26,
                "deletions": 6
              }
            }
          },
          {
            "hash": "160f8ac20b7a772f0eef32a45ff3bca79c27c264",
            "messageTitle": "Enabled some error handling.",
            "messageBody": "",
            "tags": [
              "Level-5"
            ],
            "fileTypesAndContributionMap": {
              "java": {
                "insertions": 113,
                "deletions": 13
              }
            }
          },
          {
            "hash": "12b3be682d7144b7e3b055295be672fc9e220663",
            "messageTitle": "Added \"Delete\" feature and modified DukeException",
            "messageBody": "",
            "tags": [
              "Level-6"
            ],
            "fileTypesAndContributionMap": {
              "java": {
                "insertions": 54,
                "deletions": 13
              }
            }
          },
          {
            "hash": "1795b2b793dcf9cc47173f9b3b1a6a2bb1c6fa2c",
            "messageTitle": "Added Enums and modified exception catching",
            "messageBody": "",
            "tags": [
              "A-Enums"
            ],
            "fileTypesAndContributionMap": {
              "java": {
                "insertions": 70,
                "deletions": 13
              }
            }
          }
        ]
      },
      {
        "date": "2020-08-26",
        "commitResults": [
          {
            "hash": "1f92772bf7fcdee2902c38da4dd4d408518b430a",
            "messageTitle": "Added \"Save to and read from local memory\" feature",
            "messageBody": "",
            "tags": [
              "Level-7"
            ],
            "fileTypesAndContributionMap": {
              "java": {
                "insertions": 266,
                "deletions": 130
              }
            }
          },
          {
            "hash": "46542abd795b3a18dcadcb43132afe26826d39e9",
            "messageTitle": "Improve the code structure",
            "messageBody": "",
            "fileTypesAndContributionMap": {
              "java": {
                "insertions": 104,
                "deletions": 129
              }
            }
          },
          {
            "hash": "812763b3098934c414a06e2869d369be90476a90",
            "messageTitle": "Added Dates and Times features",
            "messageBody": "",
            "tags": [
              "Level-8"
            ],
            "fileTypesAndContributionMap": {
              "java": {
                "insertions": 56,
                "deletions": 5
              }
            }
          },
          {
            "hash": "576cc811ccf4a0a9b347050d67a706027815bdc9",
            "messageTitle": "Modify the code for more OOP",
            "messageBody": "",
            "tags": [
              "A-MoreOOP"
            ],
            "fileTypesAndContributionMap": {
              "java": {
                "insertions": 649,
                "deletions": 0
              }
            }
          },
          {
            "hash": "dfa7961655f2fe2b910cab682204170d473e8c37",
            "messageTitle": "Divide classes into packages",
            "messageBody": "",
            "tags": [
              "A-Packages"
            ],
            "fileTypesAndContributionMap": {
              "java": {
                "insertions": 1218,
                "deletions": 0
              }
            }
          },
          {
            "hash": "e0b28dc849fdfe70e8036a9ad820e79e3d7dbacd",
            "messageTitle": "Add JUnit tests to test some public methods",
            "messageBody": "",
            "tags": [
              "v0.1",
              "A-Jar",
              "A-JUnit"
            ],
            "fileTypesAndContributionMap": {
              "java": {
                "insertions": 44,
                "deletions": 437
              }
            }
          }
        ]
      }
    ]
  },
  "authorFileTypeContributionMap": {
    "hjl99": {
      "java": 2091,
      "md": 0,
      "fxml": 0,
      "sh": 26,
      "bat": 0,
      "gradle": 0,
      "txt": 7
    }
  },
  "authorContributionVariance": {
    "hjl99": 646233.56
  },
  "authorDisplayNameMap": {
    "hjl99": "HE J..ALEI"
  }
}
