{
  "authorDailyContributionsMap": {
    "Ben-Hanan": [
      {
        "date": "2020-08-14",
        "commitResults": [
          {
            "hash": "fa082df9e57468b009083eda8c616c8268a16474",
            "messageTitle": "Level-1",
            "messageBody": "",
            "tags": [
              "Level-1"
            ],
            "fileTypesAndContributionMap": {
              "java": {
                "insertions": 25,
                "deletions": 6
              }
            }
          },
          {
            "hash": "8d22258eea5a76b3dcc19c1c6c83a3d852c514b4",
            "messageTitle": "Level-2",
            "messageBody": "",
            "tags": [
              "Level-2"
            ],
            "fileTypesAndContributionMap": {
              "java": {
                "insertions": 36,
                "deletions": 16
              }
            }
          },
          {
            "hash": "667924d29e17fca09aea56325e8b1aaa4e11063a",
            "messageTitle": "Level-3",
            "messageBody": "",
            "tags": [
              "Level-3"
            ],
            "fileTypesAndContributionMap": {
              "java": {
                "insertions": 46,
                "deletions": 10
              }
            }
          },
          {
            "hash": "deaee72e4fe2d33deea13b2e15cf1e9d640da168",
            "messageTitle": "Level-4",
            "messageBody": "",
            "tags": [
              "Level-4"
            ],
            "fileTypesAndContributionMap": {
              "java": {
                "insertions": 72,
                "deletions": 12
              }
            }
          }
        ]
      },
      {
        "date": "2020-08-15",
        "commitResults": [
          {
            "hash": "6b2faffc5d8d5c3391df755a56be1cfd2d726748",
            "messageTitle": "A-TextUiTesting",
            "messageBody": "",
            "tags": [
              "A-TextUiTesting"
            ],
            "fileTypesAndContributionMap": {
              "txt": {
                "insertions": 11,
                "deletions": 0
              },
              "java": {
                "insertions": 2,
                "deletions": 2
              },
              "bat": {
                "insertions": 2,
                "deletions": 1
              }
            }
          },
          {
            "hash": "1a9d378fe97f348554b25c35b75e5198e66f58f1",
            "messageTitle": "Level-5",
            "messageBody": "",
            "tags": [
              "Level-5"
            ],
            "fileTypesAndContributionMap": {
              "java": {
                "insertions": 137,
                "deletions": 60
              }
            }
          },
          {
            "hash": "b41290db266c35175ce8f841e46d9781abec3ea9",
            "messageTitle": "Level-6",
            "messageBody": "",
            "tags": [
              "Level-6"
            ],
            "fileTypesAndContributionMap": {
              "txt": {
                "insertions": 6,
                "deletions": 2
              },
              "java": {
                "insertions": 25,
                "deletions": 4
              }
            }
          },
          {
            "hash": "9e6e80a30a0b95dd3359b7db03143ef525d8269f",
            "messageTitle": "A-Enums",
            "messageBody": "",
            "tags": [
              "A-Enums"
            ],
            "fileTypesAndContributionMap": {
              "txt": {
                "insertions": 1,
                "deletions": 0
              },
              "java": {
                "insertions": 28,
                "deletions": 22
              }
            }
          }
        ]
      },
      {
        "date": "2020-08-23",
        "commitResults": [
          {
            "hash": "59d74fdf7bc511e6c7d346ca97f19384e99f731f",
            "messageTitle": "Level-7: Save",
            "messageBody": "",
            "fileTypesAndContributionMap": {
              "java": {
                "insertions": 2,
                "deletions": 0
              }
            }
          },
          {
            "hash": "c987003923dc59b68fdb450596be242a17c41d82",
            "messageTitle": "Level-7: Save",
            "messageBody": "",
            "fileTypesAndContributionMap": {
              "java": {
                "insertions": 92,
                "deletions": 32
              }
            }
          }
        ]
      },
      {
        "date": "2020-08-24",
        "commitResults": [
          {
            "hash": "8249d4630f31540320470ff84098900365cc6e00",
            "messageTitle": "Level-8: Dates and Times",
            "messageBody": "",
            "fileTypesAndContributionMap": {
              "txt": {
                "insertions": 8,
                "deletions": 0
              },
              "java": {
                "insertions": 40,
                "deletions": 10
              }
            }
          },
          {
            "hash": "bc1eeb1bc140ce2c5622d75dc21488bfe03931b0",
            "messageTitle": "remove data files",
            "messageBody": "",
            "fileTypesAndContributionMap": {
              "txt": {
                "insertions": 0,
                "deletions": 8
              }
            }
          }
        ]
      }
    ]
  },
  "authorFileTypeContributionMap": {
    "Ben-Hanan": {
      "java": 351,
      "md": 0,
      "fxml": 0,
      "sh": 0,
      "bat": 2,
      "gradle": 0,
      "txt": 16
    }
  },
  "authorContributionVariance": {
    "Ben-Hanan": 10445.836
  },
  "authorDisplayNameMap": {
    "Ben-Hanan": "BEN-..KAAY"
  }
}
