{"authorDailyContributionsMap":{"Ben-Hanan":[{"date":"2020-08-14","commitResults":[{"hash":"fa082df9e57468b009083eda8c616c8268a16474","messageTitle":"Level-1","messageBody":"","tags":["Level-1"],"fileTypesAndContributionMap":{"java":{"insertions":25,"deletions":6}}},{"hash":"8d22258eea5a76b3dcc19c1c6c83a3d852c514b4","messageTitle":"Level-2","messageBody":"","tags":["Level-2"],"fileTypesAndContributionMap":{"java":{"insertions":36,"deletions":16}}},{"hash":"667924d29e17fca09aea56325e8b1aaa4e11063a","messageTitle":"Level-3","messageBody":"","tags":["Level-3"],"fileTypesAndContributionMap":{"java":{"insertions":46,"deletions":10}}},{"hash":"deaee72e4fe2d33deea13b2e15cf1e9d640da168","messageTitle":"Level-4","messageBody":"","tags":["Level-4"],"fileTypesAndContributionMap":{"java":{"insertions":72,"deletions":12}}}]},{"date":"2020-08-15","commitResults":[{"hash":"6b2faffc5d8d5c3391df755a56be1cfd2d726748","messageTitle":"A-TextUiTesting","messageBody":"","tags":["A-TextUiTesting"],"fileTypesAndContributionMap":{"txt":{"insertions":11,"deletions":0},"java":{"insertions":2,"deletions":2},"bat":{"insertions":2,"deletions":1}}},{"hash":"1a9d378fe97f348554b25c35b75e5198e66f58f1","messageTitle":"Level-5","messageBody":"","tags":["Level-5"],"fileTypesAndContributionMap":{"java":{"insertions":137,"deletions":60}}},{"hash":"b41290db266c35175ce8f841e46d9781abec3ea9","messageTitle":"Level-6","messageBody":"","tags":["Level-6"],"fileTypesAndContributionMap":{"txt":{"insertions":6,"deletions":2},"java":{"insertions":25,"deletions":4}}},{"hash":"9e6e80a30a0b95dd3359b7db03143ef525d8269f","messageTitle":"A-Enums","messageBody":"","tags":["A-Enums"],"fileTypesAndContributionMap":{"txt":{"insertions":1,"deletions":0},"java":{"insertions":28,"deletions":22}}}]},{"date":"2020-08-23","commitResults":[{"hash":"59d74fdf7bc511e6c7d346ca97f19384e99f731f","messageTitle":"Level-7: Save","messageBody":"","fileTypesAndContributionMap":{"java":{"insertions":2,"deletions":0}}},{"hash":"c987003923dc59b68fdb450596be242a17c41d82","messageTitle":"Level-7: Save","messageBody":"","fileTypesAndContributionMap":{"java":{"insertions":92,"deletions":32}}}]},{"date":"2020-08-24","commitResults":[{"hash":"8249d4630f31540320470ff84098900365cc6e00","messageTitle":"Level-8: Dates and Times","messageBody":"","fileTypesAndContributionMap":{"txt":{"insertions":8,"deletions":0},"java":{"insertions":40,"deletions":10}}},{"hash":"bc1eeb1bc140ce2c5622d75dc21488bfe03931b0","messageTitle":"remove data files","messageBody":"","fileTypesAndContributionMap":{"txt":{"insertions":0,"deletions":8}}}]},{"date":"2020-08-25","commitResults":[{"hash":"ff45d59a7a95133a324371db87712ad424196161","messageTitle":"A-MoreOOP: Use More OOP","messageBody":"","tags":["A-MoreOOP"],"fileTypesAndContributionMap":{"java":{"insertions":550,"deletions":217},"bat":{"insertions":1,"deletions":1},"md":{"insertions":2,"deletions":2}}},{"hash":"9ce990de8980a9c992637ed2f440de86e39f9ebd","messageTitle":"A-Packages","messageBody":"","tags":["A-Packages"],"fileTypesAndContributionMap":{"java":{"insertions":0,"deletions":1}}},{"hash":"2b50017eba759861cf0a1378427d638a3e5aa57f","messageTitle":"A-JUnit","messageBody":"","tags":["A-JUnit"],"fileTypesAndContributionMap":{"java":{"insertions":59,"deletions":2}}},{"hash":"ab65176068b3013e7281c55a112ddb30d4a236ac","messageTitle":"A-Jar: Create a JAR File","messageBody":"","tags":["v0.1","A-Jar"],"fileTypesAndContributionMap":{"bat":{"insertions":2,"deletions":1}}},{"hash":"a204678f45963e9a057f7c881b732dcd016fe9e8","messageTitle":"Level-9: Find","messageBody":"","fileTypesAndContributionMap":{"java":{"insertions":2,"deletions":0}}},{"hash":"3ec274a8dc282c0e6f21981bf72c47dd4d1ac5da","messageTitle":"Level-9: Find","messageBody":"","fileTypesAndContributionMap":{"java":{"insertions":72,"deletions":11}}},{"hash":"d0cd8cb15032639acc5b1b8311ee3e7225bd1a25","messageTitle":"A-JavaDoc","messageBody":"","fileTypesAndContributionMap":{"java":{"insertions":470,"deletions":7}}},{"hash":"ff68cd01445c683f668a53fb1a065de6a85f54f8","messageTitle":"A-CodingStandard","messageBody":"","fileTypesAndContributionMap":{"java":{"insertions":1,"deletions":1}}}]},{"date":"2020-08-31","commitResults":[{"hash":"63799f4d41b1cf69237d5cc30890e56a89398fb8","messageTitle":"A-Gradle: Use Gradle","messageBody":"","fileTypesAndContributionMap":{"gradle":{"insertions":1,"deletions":1}}},{"hash":"6da4fb4dc605cf08c778c6d34165b32c26f40d94","messageTitle":"A-Checkstyle: Use CheckStyle","messageBody":"","fileTypesAndContributionMap":{"gradle":{"insertions":1,"deletions":1},"java":{"insertions":91,"deletions":68}}},{"hash":"0e42760313a337a5396f5e514d61822f54bfa8b5","messageTitle":"Add GUI and change command logic accordingly","messageBody":"","fileTypesAndContributionMap":{"gradle":{"insertions":15,"deletions":0},"fxml":{"insertions":35,"deletions":0},"java":{"insertions":335,"deletions":204}}},{"hash":"d5bfbb9887605369e528261bb379ca8a4eb8c6b2","messageTitle":"change method to include varargs","messageBody":"","fileTypesAndContributionMap":{"java":{"insertions":18,"deletions":12}}}]},{"date":"2020-09-05","commitResults":[{"hash":"201b21f2b5055a054db6c0bc8d69c47e4584d3dd","messageTitle":"add Assertions in storage","messageBody":"","fileTypesAndContributionMap":{"java":{"insertions":8,"deletions":14}}},{"hash":"bb5d2573ace1b915a25db9cd76449751fcda8ef5","messageTitle":"code quality improvements","messageBody":"","fileTypesAndContributionMap":{"java":{"insertions":33,"deletions":25}}},{"hash":"561e2110408c22621a91aa1f748356da199815d1","messageTitle":"add lambda function to tasklist","messageBody":"","fileTypesAndContributionMap":{"java":{"insertions":8,"deletions":7}}},{"hash":"a294c2a078a16978138fffe0234eb45922aee8a7","messageTitle":"change method to use streams in tasklist","messageBody":"","fileTypesAndContributionMap":{"java":{"insertions":6,"deletions":9}}},{"hash":"13abfa41d7bc59ff7c7cfbdcbced2666b8c1ec2a","messageTitle":"change tasklist to include more lambdas\\","messageBody":"","fileTypesAndContributionMap":{"java":{"insertions":5,"deletions":7}}},{"hash":"0d4648e7b7b7e592afcd69bfe656bbb13b1255d5","messageTitle":"fix import in dialog box according to checkstyle","messageBody":"","fileTypesAndContributionMap":{"java":{"insertions":1,"deletions":2}}},{"hash":"46035f536a26b37fd32dfb417c20de62edd47055","messageTitle":"fix imports according to checkstyle","messageBody":"","fileTypesAndContributionMap":{"java":{"insertions":9,"deletions":6}}},{"hash":"0ced0188241e7b5b7c08aad15d732b509a2f5e6d","messageTitle":"fix imports according to checkstyle","messageBody":"","fileTypesAndContributionMap":{"java":{"insertions":10,"deletions":9}}}]},{"date":"2020-09-06","commitResults":[{"hash":"96f9ea3ee6afc1200bcd631cc5308851a30d99c4","messageTitle":"fix imports according to checkstyle","messageBody":"","fileTypesAndContributionMap":{"java":{"insertions":2,"deletions":2}}}]},{"date":"2020-09-10","commitResults":[{"hash":"9c8d00d2392597c56d0b5eecc40539b3e46d18b2","messageTitle":"add help command","messageBody":"","tags":["BCD-Extension"],"fileTypesAndContributionMap":{"java":{"insertions":55,"deletions":4}}}]},{"date":"2020-09-14","commitResults":[{"hash":"1f2694c5371f3c39f7b03b1ce3d5a13dec098aa2","messageTitle":"improve GUI","messageBody":"","tags":["A-BetterGui"],"fileTypesAndContributionMap":{"fxml":{"insertions":12,"deletions":2},"java":{"insertions":20,"deletions":6}}},{"hash":"5e2b4e4f905961d34ebbaefda8c5040c860d47a2","messageTitle":"improve GUI","messageBody":"","fileTypesAndContributionMap":{"java":{"insertions":6,"deletions":4}}},{"hash":"d06aa4fbe6641b3f317261086b826d6c95c78bab","messageTitle":"updated UG","messageBody":"","tags":["A-UserGuide"],"fileTypesAndContributionMap":{"md":{"insertions":136,"deletions":7}}},{"hash":"5d7ab73b1905f51b0f5a759e88cbe482c9a9b31d","messageTitle":"update build.gradel to change main class name of application","messageBody":"","fileTypesAndContributionMap":{"gradle":{"insertions":1,"deletions":1}}},{"hash":"40381b20ee932b915fe24821836c488a71402746","messageTitle":"fix checkstyle","messageBody":"","tags":["A-Release"],"fileTypesAndContributionMap":{"java":{"insertions":8,"deletions":1}}},{"hash":"740f9caecc4de0a986f6c3fc701fc00d2afe01ca","messageTitle":"update main page readME","messageBody":"","fileTypesAndContributionMap":{"md":{"insertions":149,"deletions":26}}},{"hash":"33ccaa238c29593606412e2b225f1a2147fe12a4","messageTitle":"Update README.md","messageBody":"","fileTypesAndContributionMap":{"md":{"insertions":1,"deletions":1}}}]}]},"authorFileTypeContributionMap":{"Ben-Hanan":{"java":1527,"md":284,"fxml":45,"sh":0,"bat":4,"gradle":17,"txt":16}},"authorContributionVariance":{"Ben-Hanan":79029.04},"authorDisplayNameMap":{"Ben-Hanan":"CS2103T-W13-1 BEN-..KAAY"}}
