{
  "authorDailyContributionsMap": {
    "angrybunny123": [
      {
        "date": "2020-08-17",
        "commitResults": [
          {
            "hash": "6ac81531c4804b22d73d49a7f803b5358d3d7448",
            "messageTitle": "Level 1 completed",
            "messageBody": "",
            "fileTypesAndContributionMap": {
              "java": {
                "insertions": 21,
                "deletions": 6
              }
            }
          },
          {
            "hash": "e319df45cafa12481d0170ff342ae40233ac8e69",
            "messageTitle": "minor message change",
            "messageBody": "",
            "fileTypesAndContributionMap": {
              "java": {
                "insertions": 1,
                "deletions": 1
              }
            }
          },
          {
            "hash": "b9831e42f8b58431d901340846298e07c8501efc",
            "messageTitle": "minor message change",
            "messageBody": "",
            "fileTypesAndContributionMap": {
              "java": {
                "insertions": 1,
                "deletions": 1
              }
            }
          },
          {
            "hash": "71d9ac7524766044ffc9782dbe5c91e50e2758b0",
            "messageTitle": "minor fix",
            "messageBody": "",
            "fileTypesAndContributionMap": {
              "java": {
                "insertions": 1,
                "deletions": 1
              }
            }
          },
          {
            "hash": "96038b05750c136977e78da87ce8cf4140fecba7",
            "messageTitle": "minor fix",
            "messageBody": "",
            "tags": [
              "Level-1"
            ],
            "fileTypesAndContributionMap": {
              "java": {
                "insertions": 1,
                "deletions": 1
              }
            }
          },
          {
            "hash": "f62eb57d692fc38aa6d44329b0cd4c0fd0206a16",
            "messageTitle": "completed level 2",
            "messageBody": "",
            "tags": [
              "Level-2"
            ],
            "fileTypesAndContributionMap": {
              "java": {
                "insertions": 15,
                "deletions": 2
              }
            }
          },
          {
            "hash": "a769cc50184c59ca73426059c800d5149e297a91",
            "messageTitle": "completed level 3",
            "messageBody": "",
            "fileTypesAndContributionMap": {
              "java": {
                "insertions": 32,
                "deletions": 13
              }
            }
          },
          {
            "hash": "880c6cfa4479bc45174493755ca11f345d8eedc1",
            "messageTitle": "edited level 3 toString method for task",
            "messageBody": "",
            "tags": [
              "Level-3"
            ],
            "fileTypesAndContributionMap": {
              "java": {
                "insertions": 7,
                "deletions": 6
              }
            }
          },
          {
            "hash": "57368702584e713a15f6fa32ca3f879f6d400020",
            "messageTitle": "added classes Todo, Event, Deadline",
            "messageBody": "",
            "tags": [
              "Level-4"
            ],
            "fileTypesAndContributionMap": {
              "java": {
                "insertions": 60,
                "deletions": 3
              }
            }
          },
          {
            "hash": "b2e71cadd738ba982db59651a8c40c8fc524f910",
            "messageTitle": "implemented automated testing",
            "messageBody": "",
            "tags": [
              "A-TextUiTesting"
            ],
            "fileTypesAndContributionMap": {
              "txt": {
                "insertions": 8,
                "deletions": 0
              },
              "java": {
                "insertions": 9,
                "deletions": 4
              },
              "bat": {
                "insertions": 3,
                "deletions": 4
              },
              "sh": {
                "insertions": 1,
                "deletions": 2
              }
            }
          },
          {
            "hash": "f334f8d3f14a12c3f119879fc23f7da924b3b3a6",
            "messageTitle": "implemented automated testing",
            "messageBody": "",
            "fileTypesAndContributionMap": {
              "java": {
                "insertions": 90,
                "deletions": 51
              }
            }
          },
          {
            "hash": "d3d08ca57500c862425e09abbe4601732c926aff",
            "messageTitle": "implemented exception handling for the following: Unknown command Missing task description Missing date for event/ deadline Entering invalid number for done",
            "messageBody": "",
            "tags": [
              "Level-5"
            ],
            "fileTypesAndContributionMap": {
              "java": {
                "insertions": 1,
                "deletions": 1
              }
            }
          },
          {
            "hash": "ad7758a2624a105190b30d5088ddbe5f0e06b4c3",
            "messageTitle": "used the ArrayList collection to implement level 6.",
            "messageBody": "",
            "tags": [
              "Level-6"
            ],
            "fileTypesAndContributionMap": {
              "java": {
                "insertions": 26,
                "deletions": 21
              }
            }
          }
        ]
      },
      {
        "date": "2020-08-25",
        "commitResults": [
          {
            "hash": "8341d52d7f4c5f0e44769df1dea1218c01845335",
            "messageTitle": "Add Level-7 (Save)",
            "messageBody": "",
            "fileTypesAndContributionMap": {
              "java": {
                "insertions": 113,
                "deletions": 4
              }
            }
          },
          {
            "hash": "46ade68db9a97e396062e2bad30e6167a6d1a582",
            "messageTitle": "Merge with Level-7-Branch (Save)",
            "messageBody": "",
            "tags": [
              "Level-7"
            ],
            "fileTypesAndContributionMap": {
              "java": {
                "insertions": 1,
                "deletions": 1
              }
            }
          },
          {
            "hash": "84951cd66a5ac1ac6bc892acfcd066d3066f97fd",
            "messageTitle": "Add Level-8-Branch (Dates and Times)",
            "messageBody": "",
            "fileTypesAndContributionMap": {
              "java": {
                "insertions": 54,
                "deletions": 19
              }
            }
          },
          {
            "hash": "c9542924d185d29f9db09d2f15e543bc21751b6e",
            "messageTitle": "Fix bug for Deadline.java",
            "messageBody": "",
            "fileTypesAndContributionMap": {
              "java": {
                "insertions": 9,
                "deletions": 1
              }
            }
          },
          {
            "hash": "2e9ccc7efaaab4266e604eab6ebd0505e618f7b6",
            "messageTitle": "Add A-MoreOOP",
            "messageBody": "",
            "tags": [
              "A-MoreOOP"
            ],
            "fileTypesAndContributionMap": {
              "java": {
                "insertions": 221,
                "deletions": 141
              }
            }
          },
          {
            "hash": "30bb79acd74d838593c105a69b7919e8d90a041b",
            "messageTitle": "Package into package duke",
            "messageBody": "",
            "tags": [
              "A-Packages"
            ],
            "fileTypesAndContributionMap": {
              "java": {
                "insertions": 20,
                "deletions": 6
              },
              "sh": {
                "insertions": 1,
                "deletions": 1
              },
              "md": {
                "insertions": 2,
                "deletions": 2
              }
            }
          },
          {
            "hash": "e0a0a30fe43e0d1992f762420a36f079eaf43259",
            "messageTitle": "Convert static methods in Ui to non-static",
            "messageBody": "",
            "fileTypesAndContributionMap": {
              "java": {
                "insertions": 15,
                "deletions": 14
              }
            }
          },
          {
            "hash": "2601a45631e732bd77341016605a5a424064fec4",
            "messageTitle": "Fix bug \"bye\" command did not exit from duke",
            "messageBody": "",
            "fileTypesAndContributionMap": {
              "java": {
                "insertions": 10,
                "deletions": 6
              }
            }
          },
          {
            "hash": "16130402ea61ea9a393be307e38522f4fb6b2d67",
            "messageTitle": "Add JUnit tests",
            "messageBody": "",
            "tags": [
              "A-JUnit"
            ],
            "fileTypesAndContributionMap": {
              "java": {
                "insertions": 95,
                "deletions": 0
              }
            }
          },
          {
            "hash": "ada58fb27e6aafaa96b2d6e82362b3ae96ea1813",
            "messageTitle": "Add JavaDoc",
            "messageBody": "",
            "fileTypesAndContributionMap": {
              "java": {
                "insertions": 177,
                "deletions": 44
              }
            }
          },
          {
            "hash": "6d58347f5190bc4c07c2f3758e24f23cbfff004f",
            "messageTitle": "Adhere to Coding Standard",
            "messageBody": "",
            "fileTypesAndContributionMap": {
              "java": {
                "insertions": 91,
                "deletions": 89
              }
            }
          },
          {
            "hash": "fa718f3271e19fe875f18021ab29e9e129f59d9a",
            "messageTitle": "Add Find function",
            "messageBody": "",
            "fileTypesAndContributionMap": {
              "java": {
                "insertions": 37,
                "deletions": 0
              }
            }
          }
        ]
      },
      {
        "date": "2020-08-31",
        "commitResults": [
          {
            "hash": "19a18717f1b3810d08b8e417d3ea906cdd11120d",
            "messageTitle": "Set up gradle",
            "messageBody": "",
            "fileTypesAndContributionMap": {
              "gradle": {
                "insertions": 4,
                "deletions": 0
              }
            }
          },
          {
            "hash": "6291c4e1635d38e2b7684d30c7226f45ae16a826",
            "messageTitle": "Set up gradle to run unit tests",
            "messageBody": "",
            "tags": [
              "A-Gradle"
            ],
            "fileTypesAndContributionMap": {
              "gradle": {
                "insertions": 4,
                "deletions": 2
              },
              "java": {
                "insertions": 0,
                "deletions": 0
              }
            }
          },
          {
            "hash": "18073897bb974f94e1d6950ee462f555e49bbded",
            "messageTitle": "Fix list bug showing error when no tasks in list.",
            "messageBody": "",
            "fileTypesAndContributionMap": {
              "java": {
                "insertions": 7,
                "deletions": 3
              }
            }
          }
        ]
      },
      {
        "date": "2020-09-01",
        "commitResults": [
          {
            "hash": "fc53c242510006b00ea09ecb6e3a0c6f27cb810c",
            "messageTitle": "Use checkStyle to detect and remedy coding style violations",
            "messageBody": "",
            "tags": [
              "A-CheckStyle"
            ],
            "fileTypesAndContributionMap": {
              "gradle": {
                "insertions": 1,
                "deletions": 1
              },
              "java": {
                "insertions": 56,
                "deletions": 32
              }
            }
          },
          {
            "hash": "45dc10116b44c9f8130e0ed76c400308720857b1",
            "messageTitle": "Add padding between each DialogBox",
            "messageBody": "",
            "fileTypesAndContributionMap": {
              "gradle": {
                "insertions": 14,
                "deletions": 0
              },
              "java": {
                "insertions": 199,
                "deletions": 1
              }
            }
          },
          {
            "hash": "b197490a5df22cdf6c2624c11337f6af7e9502f3",
            "messageTitle": "Complete Tutorial for JavaFX",
            "messageBody": "",
            "fileTypesAndContributionMap": {
              "fxml": {
                "insertions": 48,
                "deletions": 0
              },
              "java": {
                "insertions": 125,
                "deletions": 34
              }
            }
          },
          {
            "hash": "daddfba64ce2d2e238eb03929f8b061f0aa85a14",
            "messageTitle": "Add a basic GUI to duke, bugs still present",
            "messageBody": "",
            "fileTypesAndContributionMap": {
              "java": {
                "insertions": 116,
                "deletions": 45
              }
            }
          },
          {
            "hash": "24d021d75fe50d15c6b059a44155449b3702fdda",
            "messageTitle": "Fix compatibility with command line interface",
            "messageBody": "",
            "fileTypesAndContributionMap": {
              "java": {
                "insertions": 27,
                "deletions": 120
              }
            }
          },
          {
            "hash": "a82f84cdd48610e83f24a5e51b712b2e4ddd5e34",
            "messageTitle": "Add greeting message on start, close GUI on bye",
            "messageBody": "",
            "fileTypesAndContributionMap": {
              "java": {
                "insertions": 11,
                "deletions": 5
              }
            }
          },
          {
            "hash": "9006c4e4f5650b9d921069cc6306e54c1f5412c6",
            "messageTitle": "Fix bugs",
            "messageBody": "",
            "tags": [
              "Level-10"
            ],
            "fileTypesAndContributionMap": {
              "fxml": {
                "insertions": 5,
                "deletions": 6
              },
              "java": {
                "insertions": 1,
                "deletions": 23
              }
            }
          },
          {
            "hash": "bde7da9af8f50167fbaf3177d6c0e164d7acb093",
            "messageTitle": "Align with gradle check style",
            "messageBody": "",
            "fileTypesAndContributionMap": {
              "java": {
                "insertions": 11,
                "deletions": 6
              }
            }
          }
        ]
      }
    ]
  },
  "authorFileTypeContributionMap": {
    "angrybunny123": {
      "java": 964,
      "md": 2,
      "fxml": 47,
      "sh": 2,
      "bat": 2,
      "gradle": 23,
      "txt": 8
    }
  },
  "authorContributionVariance": {
    "angrybunny123": 105172.61
  },
  "authorDisplayNameMap": {
    "angrybunny123": "CS2103T-F13-2 TEO ..NETH"
  }
}
