{
  "authorDailyContributionsMap": {
    "rgabelarde": [
      {
        "date": "2020-08-19",
        "commitResults": [
          {
            "hash": "586cf22a088cc4aea69ba83a96258b5d16ace7bb",
            "messageTitle": "Skeletal version of Duke",
            "messageBody": "",
            "tags": [
              "Level-1"
            ],
            "fileTypesAndContributionMap": {
              "java": {
                "insertions": 27,
                "deletions": 7
              }
            }
          },
          {
            "hash": "4d78cec94fcd16abffe5f5b42c60a920e19a5c0a",
            "messageTitle": "Store text entered by user and display back when requested (using fixed sized array - size of 100)",
            "messageBody": "",
            "fileTypesAndContributionMap": {
              "java": {
                "insertions": 16,
                "deletions": 3
              }
            }
          },
          {
            "hash": "862bafa66d15f02cd36d3de520e283e5ea4d9bf6",
            "messageTitle": "Store text entered by user and display back when requested (using arraylist)",
            "messageBody": "",
            "tags": [
              "Level-2-Array"
            ],
            "fileTypesAndContributionMap": {
              "java": {
                "insertions": 6,
                "deletions": 6
              }
            }
          },
          {
            "hash": "e12e773a9a52e4cdeb67f219389f1e1160bc9e07",
            "messageTitle": "Store text entered by user and display back when requested (using fixed array of size 100)",
            "messageBody": "",
            "tags": [
              "Level-2-ArrayList"
            ],
            "fileTypesAndContributionMap": {
              "java": {
                "insertions": 6,
                "deletions": 6
              }
            }
          },
          {
            "hash": "b159c355b929bb8391286e50b8ee5d6ff40ee43e",
            "messageTitle": "Store text entered by user and display back when requested (using arraylist)",
            "messageBody": "",
            "tags": [
              "Level-3-ArrayList"
            ],
            "fileTypesAndContributionMap": {
              "java": {
                "insertions": 5,
                "deletions": 5
              }
            }
          },
          {
            "hash": "9ce8a2536c4d8d2bc96feced0d4c1bd3887b426c",
            "messageTitle": "Implemented class for task and ability to mark tasks as done",
            "messageBody": "",
            "tags": [
              "Level-4"
            ],
            "fileTypesAndContributionMap": {
              "java": {
                "insertions": 51,
                "deletions": 19
              }
            }
          },
          {
            "hash": "7401702c1440b7447e8188560e59a6ad603d0dd9",
            "messageTitle": "Implemented inheritance for different types of tasks and support for tracking the three types of tasks",
            "messageBody": "",
            "fileTypesAndContributionMap": {
              "java": {
                "insertions": 72,
                "deletions": 14
              }
            }
          }
        ]
      },
      {
        "date": "2020-08-20",
        "commitResults": [
          {
            "hash": "23779e3785b27c9cdbfa05f47d7379678c4b8bfc",
            "messageTitle": "Allowed duke to deal with errors such as incorrect inputs entered by the user",
            "messageBody": "",
            "tags": [
              "Level-5"
            ],
            "fileTypesAndContributionMap": {
              "java": {
                "insertions": 61,
                "deletions": 34
              }
            }
          },
          {
            "hash": "5296d6b4810054a5af415a92b2c243fc4c9e3273",
            "messageTitle": "Added support for deleting tasks from list",
            "messageBody": "",
            "fileTypesAndContributionMap": {
              "java": {
                "insertions": 25,
                "deletions": 12
              }
            }
          }
        ]
      },
      {
        "date": "2020-08-23",
        "commitResults": [
          {
            "hash": "1c0fd682f0daa4e56b57089f55eb6afaa443ce51",
            "messageTitle": "Rearranged files to allow for testing to work",
            "messageBody": "",
            "tags": [
              "Level-6"
            ],
            "fileTypesAndContributionMap": {
              "txt": {
                "insertions": 11,
                "deletions": 0
              },
              "java": {
                "insertions": 0,
                "deletions": 12
              },
              "sh": {
                "insertions": 1,
                "deletions": 1
              }
            }
          },
          {
            "hash": "f5501bb666e3ef07ea2b7c1e7d4991beda5ad073",
            "messageTitle": "Added support for deleting tasks from list, rearranged directories for testing",
            "messageBody": "",
            "tags": [
              "A-TextUiTesting"
            ],
            "fileTypesAndContributionMap": {
              "java": {
                "insertions": 0,
                "deletions": 1
              }
            }
          },
          {
            "hash": "db6158ff05aa4907a11f0028c8a7d94054cc74f7",
            "messageTitle": "Rearranged directories for testing",
            "messageBody": "",
            "fileTypesAndContributionMap": {
              "java": {
                "insertions": 1,
                "deletions": 0
              }
            }
          },
          {
            "hash": "ba378730d4518987ccb143537d5b273f5589f126",
            "messageTitle": "Change printing order for todo tasks",
            "messageBody": "",
            "fileTypesAndContributionMap": {
              "java": {
                "insertions": 11,
                "deletions": 10
              }
            }
          },
          {
            "hash": "76fcf675fd82ae911295ea8eeec9012d1341b5d3",
            "messageTitle": "Reformat code",
            "messageBody": "",
            "fileTypesAndContributionMap": {
              "java": {
                "insertions": 58,
                "deletions": 61
              }
            }
          },
          {
            "hash": "03dbca613cb8047f754fc7124b01fbc2a4aca03f",
            "messageTitle": "Add enums for task types",
            "messageBody": "",
            "tags": [
              "A-Enums"
            ],
            "fileTypesAndContributionMap": {
              "java": {
                "insertions": 30,
                "deletions": 5
              }
            }
          }
        ]
      },
      {
        "date": "2020-08-24",
        "commitResults": [
          {
            "hash": "9217cbb26ef3fba99d740c9c2f3b41dea4f24223",
            "messageTitle": "Save the tasks in the hard disk automatically whenever the task list changes. Load the data from the hard disk when the programme starts up.",
            "messageBody": "",
            "tags": [
              "Level-7"
            ],
            "fileTypesAndContributionMap": {
              "txt": {
                "insertions": 1,
                "deletions": 3
              },
              "java": {
                "insertions": 101,
                "deletions": 5
              }
            }
          },
          {
            "hash": "0ef48d798a85948db60a22ae48e997a2a3229158",
            "messageTitle": "Set date for dateline and event task types (input dd-MM-yyyy, translated to output of dd MMM yyyy)",
            "messageBody": "",
            "fileTypesAndContributionMap": {
              "txt": {
                "insertions": 2,
                "deletions": 2
              },
              "java": {
                "insertions": 44,
                "deletions": 19
              }
            }
          },
          {
            "hash": "c9362556361461dcabd019c53ec3943e9d8cfc3b",
            "messageTitle": "Save the tasks in the hard disk automatically whenever the task list changes. Load the data from the hard disk when bot starts up.",
            "messageBody": "",
            "fileTypesAndContributionMap": {
              "txt": {
                "insertions": 5,
                "deletions": 0
              }
            }
          }
        ]
      },
      {
        "date": "2020-08-26",
        "commitResults": [
          {
            "hash": "12896152ef40527b00023a051a022ef2eef1fb62",
            "messageTitle": "Reformat code for standard java coding style",
            "messageBody": "",
            "fileTypesAndContributionMap": {
              "txt": {
                "insertions": 1,
                "deletions": 1
              },
              "java": {
                "insertions": 12,
                "deletions": 13
              }
            }
          },
          {
            "hash": "64b62abf2aed66d4c9fd7788401ac84f15669254",
            "messageTitle": "Refactor code to extract out closely related code as classes (More OOP), add continuation of bot after exceptions caught",
            "messageBody": "",
            "tags": [
              "A-MoreOOP"
            ],
            "fileTypesAndContributionMap": {
              "txt": {
                "insertions": 13,
                "deletions": 10
              },
              "java": {
                "insertions": 361,
                "deletions": 205
              }
            }
          },
          {
            "hash": "50b9a4784e6817ea9972904e2aa91edc72185cbc",
            "messageTitle": "Remove wildcard for library imports, specify libraries",
            "messageBody": "",
            "fileTypesAndContributionMap": {
              "java": {
                "insertions": 6,
                "deletions": 1
              }
            }
          },
          {
            "hash": "a965fbe46588e3855e0a94deaf593969af22ec2e",
            "messageTitle": "Refactor bot name from \u0027Duke\u0027 to \u0027Moco\u0027, small changes to ui responses",
            "messageBody": "",
            "fileTypesAndContributionMap": {
              "java": {
                "insertions": 37,
                "deletions": 37
              },
              "bat": {
                "insertions": 2,
                "deletions": 2
              },
              "sh": {
                "insertions": 1,
                "deletions": 1
              },
              "md": {
                "insertions": 2,
                "deletions": 2
              }
            }
          },
          {
            "hash": "4b883599c12bad015975a199b13d3f648176dfb1",
            "messageTitle": "Divide and organise classes into suitable packages, fix minor inconsistencies for exceptions thrown",
            "messageBody": "",
            "tags": [
              "A-Packages"
            ],
            "fileTypesAndContributionMap": {
              "java": {
                "insertions": 61,
                "deletions": 13
              }
            }
          }
        ]
      }
    ]
  },
  "authorFileTypeContributionMap": {
    "rgabelarde": {
      "java": 509,
      "md": 2,
      "fxml": 0,
      "sh": 2,
      "bat": 2,
      "gradle": 0,
      "txt": 13
    }
  },
  "authorContributionVariance": {
    "rgabelarde": 44456.246
  },
  "authorDisplayNameMap": {
    "rgabelarde": "RACH..ARDE"
  }
}
