{
  "authorDailyContributionsMap": {
    "Ma-Yueran": [
      {
        "date": "2020-08-18",
        "commitResults": [
          {
            "hash": "bfa716e996ad7532e9545ec6fc222bd9381bdc99",
            "messageTitle": "Add greet() \u0026 drawLine() functions into Duke.java",
            "messageBody": "",
            "tags": [
              "Start"
            ],
            "fileTypesAndContributionMap": {
              "java": {
                "insertions": 23,
                "deletions": 0
              }
            }
          },
          {
            "hash": "b9694d43ddd6d9e812c35a863364f8c907c2917e",
            "messageTitle": "Add UserInput.java",
            "messageBody": "",
            "fileTypesAndContributionMap": {
              "java": {
                "insertions": 13,
                "deletions": 0
              }
            }
          },
          {
            "hash": "491631d0c4c00209ff072a5b7888a1849908871d",
            "messageTitle": "Add echo function into Duke.java",
            "messageBody": "",
            "fileTypesAndContributionMap": {
              "java": {
                "insertions": 18,
                "deletions": 5
              }
            }
          },
          {
            "hash": "986ba7db64e67e98a54dc66eedbf9ab7bc037210",
            "messageTitle": "Add checkExit and Exit functions into Duke.java",
            "messageBody": "",
            "tags": [
              "Level-1"
            ],
            "fileTypesAndContributionMap": {
              "java": {
                "insertions": 38,
                "deletions": 11
              }
            }
          },
          {
            "hash": "c624498b43c422ee71660de27556e1b543c84fae",
            "messageTitle": "Add abstract class Command",
            "messageBody": "",
            "fileTypesAndContributionMap": {
              "java": {
                "insertions": 8,
                "deletions": 0
              }
            }
          },
          {
            "hash": "52f57b5a575dadf779533fb2e6b3aa0193b269bf",
            "messageTitle": "Add Exit.java",
            "messageBody": "",
            "fileTypesAndContributionMap": {
              "java": {
                "insertions": 19,
                "deletions": 0
              }
            }
          },
          {
            "hash": "62ea26349ec63dca0b1d98e6614700809fdf17a6",
            "messageTitle": "Add UIPrint.java",
            "messageBody": "",
            "fileTypesAndContributionMap": {
              "java": {
                "insertions": 14,
                "deletions": 0
              }
            }
          },
          {
            "hash": "3befe328e1d3a1d7ed01a5c5298c7388d657eee8",
            "messageTitle": "Add DukeCommandSet.java",
            "messageBody": "",
            "fileTypesAndContributionMap": {
              "java": {
                "insertions": 34,
                "deletions": 0
              }
            }
          },
          {
            "hash": "d9e7b22e678c601987122480117a3d0e3633f713",
            "messageTitle": "Remove function exit, checkExit. Move drawLine into UIPrint.java",
            "messageBody": "",
            "fileTypesAndContributionMap": {
              "java": {
                "insertions": 18,
                "deletions": 36
              }
            }
          },
          {
            "hash": "e2db5c226741e83654e3abde0191df1e0a1418ca",
            "messageTitle": "Add ListCommand.java",
            "messageBody": "",
            "fileTypesAndContributionMap": {
              "java": {
                "insertions": 13,
                "deletions": 0
              }
            }
          },
          {
            "hash": "40e36828385bebee62e4fc590605aa44ac194b73",
            "messageTitle": "Register ListCommand in DukeCommandSet.java, Rename Exit.java to ExitCommand.java",
            "messageBody": "",
            "fileTypesAndContributionMap": {
              "java": {
                "insertions": 4,
                "deletions": 4
              }
            }
          },
          {
            "hash": "57eb851220a698a8c1bece5316047989e049306e",
            "messageTitle": "Add storeInput function into Duke.java, Change the output format for command \"list\"",
            "messageBody": "",
            "tags": [
              "Level-2"
            ],
            "fileTypesAndContributionMap": {
              "java": {
                "insertions": 18,
                "deletions": 4
              }
            }
          },
          {
            "hash": "f3e8c04ac209e47e7bb6ec001b96ed3d2f39ab67",
            "messageTitle": "Add Task.java",
            "messageBody": "",
            "fileTypesAndContributionMap": {
              "java": {
                "insertions": 23,
                "deletions": 0
              }
            }
          },
          {
            "hash": "7b6d96044e47b33adbd7fd0212bd10811947e781",
            "messageTitle": "Make execute funtion take in a string as a parameter",
            "messageBody": "",
            "fileTypesAndContributionMap": {
              "java": {
                "insertions": 1,
                "deletions": 1
              }
            }
          },
          {
            "hash": "8cffc7104b3287ff4d62bb418f322b669dcd3f82",
            "messageTitle": "Add string parameter to execute function in ExitCommand.java and ListCommand.java",
            "messageBody": "",
            "fileTypesAndContributionMap": {
              "java": {
                "insertions": 4,
                "deletions": 4
              }
            }
          },
          {
            "hash": "d86d3272079f3db3c951eaca79c973ba70ece75e",
            "messageTitle": "Add DoneCommand.java",
            "messageBody": "",
            "fileTypesAndContributionMap": {
              "java": {
                "insertions": 26,
                "deletions": 0
              }
            }
          },
          {
            "hash": "ccb2afab9e86f1926d8f70f6f6699185d836408a",
            "messageTitle": "Register DoneCommand in DukeCommandSet.java",
            "messageBody": "",
            "fileTypesAndContributionMap": {
              "java": {
                "insertions": 1,
                "deletions": 0
              }
            }
          },
          {
            "hash": "3caf76c858823ca6a50e0a993e030c41d5783768",
            "messageTitle": "Change inputThings to tasks in Duke.java",
            "messageBody": "",
            "tags": [
              "Level-3"
            ],
            "fileTypesAndContributionMap": {
              "java": {
                "insertions": 6,
                "deletions": 3
              }
            }
          },
          {
            "hash": "3d7886da87d1588b3bdcd4daccb5dab0e5e8adb1",
            "messageTitle": "Move tick and cross icons from Task.java to UIPrint.java",
            "messageBody": "",
            "fileTypesAndContributionMap": {
              "java": {
                "insertions": 3,
                "deletions": 1
              }
            }
          },
          {
            "hash": "c64a516c7e2cbb2bc64f09cf632fecc26f16ac52",
            "messageTitle": "Change the constructor of Task.java from public to protected",
            "messageBody": "",
            "fileTypesAndContributionMap": {
              "java": {
                "insertions": 5,
                "deletions": 3
              }
            }
          },
          {
            "hash": "48115787fb3fd7dedcdc5ce547e8df4a4d04c0b3",
            "messageTitle": "Add ToDo.java Deadline.java Event.java",
            "messageBody": "",
            "fileTypesAndContributionMap": {
              "java": {
                "insertions": 40,
                "deletions": 0
              }
            }
          },
          {
            "hash": "85a0b53e63cd5a02ae874991d6c1739de711a7ff",
            "messageTitle": "Add DeadlineCommand.java EventCommand.java TodoCommand.java",
            "messageBody": "",
            "fileTypesAndContributionMap": {
              "java": {
                "insertions": 54,
                "deletions": 0
              }
            }
          },
          {
            "hash": "267c0fbaf27cf31d87374ac1feb690dde8490033",
            "messageTitle": "Register TodoCommand, DeadlineCommand, EventCommand in DukeCommandSet.java",
            "messageBody": "",
            "fileTypesAndContributionMap": {
              "java": {
                "insertions": 3,
                "deletions": 0
              }
            }
          },
          {
            "hash": "d4ef6195a343b83bed3b43ec615b9558b6ca3806",
            "messageTitle": "Add icons for todo, deadline, event",
            "messageBody": "",
            "fileTypesAndContributionMap": {
              "java": {
                "insertions": 5,
                "deletions": 2
              }
            }
          },
          {
            "hash": "0c91bb66fcc557fc928303c31480ab2b4774d530",
            "messageTitle": "Remove storeInput function, Add reportNewTask funtion in Duke.java",
            "messageBody": "",
            "tags": [
              "Level-4"
            ],
            "fileTypesAndContributionMap": {
              "java": {
                "insertions": 7,
                "deletions": 6
              }
            }
          }
        ]
      },
      {
        "date": "2020-08-19",
        "commitResults": [
          {
            "hash": "d108c0d5e005f538a21eea844bdfe596815a43f9",
            "messageTitle": "Unpack all java files in package main, Set up text-ui-test.",
            "messageBody": "",
            "fileTypesAndContributionMap": {
              "txt": {
                "insertions": 1,
                "deletions": 0
              },
              "java": {
                "insertions": 0,
                "deletions": 30
              },
              "bat": {
                "insertions": 1,
                "deletions": 1
              }
            }
          },
          {
            "hash": "7a6762edc1512c354d502652287368f1ada61727",
            "messageTitle": "Add more inputs in input.txt, Change EXPECTED.TXT accordingly",
            "messageBody": "",
            "tags": [
              "TextUiTesting",
              "A-TextUiTesting"
            ],
            "fileTypesAndContributionMap": {
              "txt": {
                "insertions": 10,
                "deletions": 0
              }
            }
          },
          {
            "hash": "def2f33c13a6d1a36ed897aab627ec4ab8066ea2",
            "messageTitle": "Modify tick and cross icon in UIPrint.java",
            "messageBody": "",
            "fileTypesAndContributionMap": {
              "java": {
                "insertions": 2,
                "deletions": 2
              }
            }
          },
          {
            "hash": "83c68cf7d4a750c3a6b7e7140204214897cb6610",
            "messageTitle": "Add DukeException.java NoDescriptionException.java UnknownCommandException.java",
            "messageBody": "",
            "fileTypesAndContributionMap": {
              "java": {
                "insertions": 21,
                "deletions": 0
              }
            }
          },
          {
            "hash": "75d66522bdd21f58ecc71822dc342894e286a32e",
            "messageTitle": "Make execute of TodoCommand.java throw NoDescriptionException",
            "messageBody": "",
            "fileTypesAndContributionMap": {
              "java": {
                "insertions": 11,
                "deletions": 1
              }
            }
          },
          {
            "hash": "beed41ddb485fbdc00da438a50c5c6dbd7e2caeb",
            "messageTitle": "Make getCommand in DukeCommandSet.java throw UnknownCommandException",
            "messageBody": "",
            "fileTypesAndContributionMap": {
              "java": {
                "insertions": 11,
                "deletions": 1
              }
            }
          },
          {
            "hash": "82b48651bbf6b85d6a6a26727ed4e48abb2dccb8",
            "messageTitle": "Handle DukeExceptions in Duke.java",
            "messageBody": "",
            "fileTypesAndContributionMap": {
              "java": {
                "insertions": 16,
                "deletions": 2
              }
            }
          },
          {
            "hash": "9b4833944a65f80fe05892c0fb3761a2fe20c59f",
            "messageTitle": "Change icons of tick \u0026 cross in UIPrint.java",
            "messageBody": "",
            "fileTypesAndContributionMap": {
              "java": {
                "insertions": 11,
                "deletions": 5
              }
            }
          },
          {
            "hash": "6b7ae5f77c45301aec6e42062e5e202d07c87913",
            "messageTitle": "Add IncorrectFormatException.java InvalidIndexException.java",
            "messageBody": "",
            "fileTypesAndContributionMap": {
              "java": {
                "insertions": 14,
                "deletions": 0
              }
            }
          },
          {
            "hash": "23c12a6aa8adcf28276d61d5ffd22536b3c53fbd",
            "messageTitle": "Make execute of DeadlineCommand.java and EventCommand.java throw IncorrectFormatException",
            "messageBody": "",
            "fileTypesAndContributionMap": {
              "java": {
                "insertions": 24,
                "deletions": 0
              }
            }
          },
          {
            "hash": "cc01f939ae30e132acf7cf8b392fc0f7887a1374",
            "messageTitle": "Make execute of DoneCommand.java throw InvalidIndexException",
            "messageBody": "",
            "fileTypesAndContributionMap": {
              "java": {
                "insertions": 18,
                "deletions": 3
              }
            }
          },
          {
            "hash": "38020fa8fdd6cc66a124907ad503b307fe289750",
            "messageTitle": "Improve task list UI",
            "messageBody": "",
            "fileTypesAndContributionMap": {
              "java": {
                "insertions": 5,
                "deletions": 0
              }
            }
          },
          {
            "hash": "65cbda062d753c702888f003959c470e8a370b05",
            "messageTitle": "Handle IncorrectFormatException and InvalidIndexException in Duke.java",
            "messageBody": "",
            "fileTypesAndContributionMap": {
              "java": {
                "insertions": 4,
                "deletions": 14
              }
            }
          },
          {
            "hash": "09e379b1dca7f9d5e9fe7adc468872057e97d4d6",
            "messageTitle": "Improve UI of error message in DukeCommand.java and TodoCommand.java",
            "messageBody": "",
            "tags": [
              "Level-5"
            ],
            "fileTypesAndContributionMap": {
              "java": {
                "insertions": 2,
                "deletions": 2
              }
            }
          },
          {
            "hash": "afec72789a9cd6f3ac77092014c005aa7eed0459",
            "messageTitle": "Add DeleteCommand.java",
            "messageBody": "",
            "fileTypesAndContributionMap": {
              "java": {
                "insertions": 32,
                "deletions": 0
              }
            }
          },
          {
            "hash": "1f76997e7069be9055c2a09ac530df5b3f870186",
            "messageTitle": "Register DeleteCommand in DukeCommandSet.java",
            "messageBody": "",
            "fileTypesAndContributionMap": {
              "java": {
                "insertions": 1,
                "deletions": 0
              }
            }
          },
          {
            "hash": "8cb0506de633ff7fae6fe7a5ce4b13fb8e47234f",
            "messageTitle": "Add reportDeleteTask function in Duke.java",
            "messageBody": "",
            "tags": [
              "Level-6v1"
            ],
            "fileTypesAndContributionMap": {
              "java": {
                "insertions": 10,
                "deletions": 4
              }
            }
          },
          {
            "hash": "81e1ed7e6c4d3cf4c470043d876aa92281712e29",
            "messageTitle": "Move Duke logo from Duke.java to UIPrint.java",
            "messageBody": "",
            "fileTypesAndContributionMap": {
              "java": {
                "insertions": 10,
                "deletions": 8
              }
            }
          },
          {
            "hash": "fa43d3912fd5de98f073d9008b9e77ba6c47367b",
            "messageTitle": "Move all functions in Duke.java to DukeFunction.java Move all data in Duke.java to DukeData.java",
            "messageBody": "",
            "fileTypesAndContributionMap": {
              "java": {
                "insertions": 88,
                "deletions": 66
              }
            }
          },
          {
            "hash": "a59a0afa3d97250b83ee7627f46803bf7792b9d8",
            "messageTitle": "Classify files and move them into different packages",
            "messageBody": "",
            "fileTypesAndContributionMap": {
              "java": {
                "insertions": 74,
                "deletions": 16
              }
            }
          },
          {
            "hash": "1984cb591bfcd2fc0d3e5cc15bdbef1ff40d4ed5",
            "messageTitle": "Add reportDoneTask funtion to DukeFuntion.java, Call the function in DoneCommand.java",
            "messageBody": "",
            "fileTypesAndContributionMap": {
              "java": {
                "insertions": 11,
                "deletions": 2
              }
            }
          },
          {
            "hash": "212fbe44f0cee79f8ecae58c00b01cc81e85cbc2",
            "messageTitle": "Add reportExit funtion to DataFunction.java, Call  the function in ExitCommand.java",
            "messageBody": "",
            "fileTypesAndContributionMap": {
              "java": {
                "insertions": 11,
                "deletions": 6
              }
            }
          },
          {
            "hash": "a188cccb4fdb7194caf89b00b01de5c3791f7820",
            "messageTitle": "Add reportCurrentTasks function to DukeFunction.java, Call the function in ListCommand.java",
            "messageBody": "",
            "fileTypesAndContributionMap": {
              "java": {
                "insertions": 18,
                "deletions": 14
              }
            }
          },
          {
            "hash": "053de2d1d8411b75bcf3ca4c1c3c8537ea1634c9",
            "messageTitle": "Add checkException function to the command classes",
            "messageBody": "",
            "fileTypesAndContributionMap": {
              "java": {
                "insertions": 60,
                "deletions": 35
              }
            }
          },
          {
            "hash": "d05c32e78e6d004576db3a494435ee4d07005ee9",
            "messageTitle": "Add some empty lines to the classes",
            "messageBody": "",
            "tags": [
              "Level-6v2",
              "Level-6"
            ],
            "fileTypesAndContributionMap": {
              "java": {
                "insertions": 8,
                "deletions": 0
              }
            }
          },
          {
            "hash": "8dd5e642f61e8ae9abd8f8b8223a0dfe2e1a62a2",
            "messageTitle": "Add more inputs, Modify EXPECTED.TXT accordingly",
            "messageBody": "",
            "fileTypesAndContributionMap": {
              "txt": {
                "insertions": 5,
                "deletions": 0
              }
            }
          }
        ]
      },
      {
        "date": "2020-08-26",
        "commitResults": [
          {
            "hash": "508233de557e0a5aabd06e1065fc6d26deaeb7bd",
            "messageTitle": "Add TaskSave.java",
            "messageBody": "The class supports saving tasks in DukeData class into txt files.\nThe class supports reading tasks saved before.\n",
            "fileTypesAndContributionMap": {
              "java": {
                "insertions": 106,
                "deletions": 0
              }
            }
          },
          {
            "hash": "45fac298128824344f878ad6c7449bf1d0ef370f",
            "messageTitle": "Add UnknownTaskTypeException.java",
            "messageBody": "",
            "fileTypesAndContributionMap": {
              "java": {
                "insertions": 8,
                "deletions": 0
              }
            }
          },
          {
            "hash": "d80b7dc3f4e4edb92922ecba868ec1c4ad7b6d20",
            "messageTitle": "Add methods for creating tasks in Deadline.java, Event.java, ToDo.java",
            "messageBody": "The new create methods simplify input params\n\nMake constructors of Event, ToDo, Deadline private,\nAdd taskInfo param into all task constructors\n",
            "fileTypesAndContributionMap": {
              "java": {
                "insertions": 102,
                "deletions": 7
              }
            }
          },
          {
            "hash": "0d31adb511962656e9eac7e71d722089ff7e6711",
            "messageTitle": "Use create methods of tasks in the command classes",
            "messageBody": "",
            "fileTypesAndContributionMap": {
              "java": {
                "insertions": 3,
                "deletions": 47
              }
            }
          },
          {
            "hash": "4de18c5f1b5eb5ae1e0450ade5f8fa2ea3ab4e00",
            "messageTitle": "Remove extra drawLine functions in DoneCommand.java",
            "messageBody": "",
            "fileTypesAndContributionMap": {
              "java": {
                "insertions": 0,
                "deletions": 4
              }
            }
          },
          {
            "hash": "f3ab1d8ca7ef52e0cbbf35f6394479c85c8cfb8d",
            "messageTitle": "Add loadSavedTasks \u0026 saveCurrentTasks functions in DukeFunction.java",
            "messageBody": "",
            "fileTypesAndContributionMap": {
              "java": {
                "insertions": 11,
                "deletions": 0
              }
            }
          },
          {
            "hash": "9cf38c1929ea09178b6c7caf4798271abe4c9bc0",
            "messageTitle": "Use loadSavedTasks \u0026 saveCurrentTasks in Duke.java",
            "messageBody": "",
            "fileTypesAndContributionMap": {
              "java": {
                "insertions": 6,
                "deletions": 1
              }
            }
          },
          {
            "hash": "7ed5569464b30222065ca0e997c7503ab9cc4d4c",
            "messageTitle": "Add Time.java",
            "messageBody": "",
            "fileTypesAndContributionMap": {
              "java": {
                "insertions": 51,
                "deletions": 0
              }
            }
          },
          {
            "hash": "b6655bf18a8fe6fa25792cf59de3cd16fbb14d2b",
            "messageTitle": "Add TimeFormat.java",
            "messageBody": "",
            "fileTypesAndContributionMap": {
              "java": {
                "insertions": 17,
                "deletions": 0
              }
            }
          },
          {
            "hash": "30a96843770dbedaca8acc58290a6d27723ec93e",
            "messageTitle": "Add TimeParser.java",
            "messageBody": "",
            "fileTypesAndContributionMap": {
              "java": {
                "insertions": 32,
                "deletions": 0
              }
            }
          },
          {
            "hash": "6e863e67319d0b4ca206d0c22a4279335b815010",
            "messageTitle": "Add TimeComparison.java",
            "messageBody": "",
            "tags": [
              "A-Enums"
            ],
            "fileTypesAndContributionMap": {
              "java": {
                "insertions": 8,
                "deletions": 0
              }
            }
          },
          {
            "hash": "4b9011cc1aca689cc653c00fa01247e208ff3f0d",
            "messageTitle": "Use Time class in Deadline.java \u0026 Event.java",
            "messageBody": "",
            "fileTypesAndContributionMap": {
              "java": {
                "insertions": 8,
                "deletions": 4
              }
            }
          },
          {
            "hash": "1feef6e4b778f211b957a465c4341ce8c389c30a",
            "messageTitle": "Remove extra drawLine functions in DoneCommand.java",
            "messageBody": "",
            "tags": [
              "Level-8"
            ],
            "fileTypesAndContributionMap": {
              "java": {
                "insertions": 0,
                "deletions": 4
              }
            }
          },
          {
            "hash": "d66fcef2867cc3153af17fd5e05e806b575db1ae",
            "messageTitle": "Move ui related functions in DukeFunction.java to Ui.java",
            "messageBody": "",
            "fileTypesAndContributionMap": {
              "java": {
                "insertions": 80,
                "deletions": 77
              }
            }
          },
          {
            "hash": "8efb94d3bc827cbe73ecf5212c40562b5bd63b95",
            "messageTitle": "Use functions of Ui.java in command classes and Duke.java",
            "messageBody": "",
            "fileTypesAndContributionMap": {
              "java": {
                "insertions": 16,
                "deletions": 20
              }
            }
          },
          {
            "hash": "6994ba2334c50ec9df3fa3d3bb61a90a6effcbf0",
            "messageTitle": "Rename TaskSave.java to TaskStorage.java, Move TaskStorage.java from data package to storage package",
            "messageBody": "",
            "fileTypesAndContributionMap": {
              "java": {
                "insertions": 6,
                "deletions": 6
              }
            }
          },
          {
            "hash": "0b08da24913dbfc9f85e3788d7e9a954f1060bf6",
            "messageTitle": "Rename DukeData.java to DukeTaskList.java, Add DukeState.java, Move exitLoop from DukeTaskList.java to DukeState.java",
            "messageBody": "",
            "fileTypesAndContributionMap": {
              "java": {
                "insertions": 8,
                "deletions": 4
              }
            }
          },
          {
            "hash": "02c8953c6a8b465152f1d0786947c2e25f5ca1e0",
            "messageTitle": "Use DukeTaskList \u0026 DukeState in other classes",
            "messageBody": "",
            "fileTypesAndContributionMap": {
              "java": {
                "insertions": 27,
                "deletions": 25
              }
            }
          },
          {
            "hash": "c94daa7b0cddda1765937ebe192a1c0760f8fe2a",
            "messageTitle": "Change some code format",
            "messageBody": "",
            "fileTypesAndContributionMap": {
              "java": {
                "insertions": 3,
                "deletions": 0
              }
            }
          },
          {
            "hash": "f251855004589c9e47ba417ef8315d82e890f8c0",
            "messageTitle": "Move loadSavedTasks \u0026 saveCurrentTasks from DukeFunction.java to DukeStorage.java",
            "messageBody": "",
            "fileTypesAndContributionMap": {
              "java": {
                "insertions": 19,
                "deletions": 14
              }
            }
          },
          {
            "hash": "ff7081e31e057f83467b557671ddd5ccbe6a96e7",
            "messageTitle": "Rename DukeFunction.java to CommandParser.java",
            "messageBody": "Rename checkCommand to parse\n\nSplit process of command parsing to splitInputLine, tryGetCommand, tryExecuteCommand\n\nMove CommandParser from function to command\n\nDelete function package\n",
            "fileTypesAndContributionMap": {
              "java": {
                "insertions": 55,
                "deletions": 35
              }
            }
          },
          {
            "hash": "4556445db816a80c58b11e17296767ee6c674798",
            "messageTitle": "Add run function in Duke.java",
            "messageBody": "",
            "tags": [
              "A-MoreOOP"
            ],
            "fileTypesAndContributionMap": {
              "java": {
                "insertions": 5,
                "deletions": 1
              }
            }
          },
          {
            "hash": "f6556747b877c37e3ffa0f4d6872d8a70f365540",
            "messageTitle": "Move all packages and Duke.java into package duke",
            "messageBody": "",
            "tags": [
              "A-Packages"
            ],
            "fileTypesAndContributionMap": {
              "java": {
                "insertions": 95,
                "deletions": 93
              },
              "sh": {
                "insertions": 1,
                "deletions": 1
              },
              "md": {
                "insertions": 2,
                "deletions": 2
              }
            }
          }
        ]
      },
      {
        "date": "2020-08-27",
        "commitResults": [
          {
            "hash": "af879c1568d2e014afbd2a6cdbfc33e2b802a42c",
            "messageTitle": "Make DukeCommandSet not singleton",
            "messageBody": "",
            "fileTypesAndContributionMap": {
              "java": {
                "insertions": 0,
                "deletions": 9
              }
            }
          },
          {
            "hash": "cc2c455db6f0419b1eeb42095e9dd852a02a32c3",
            "messageTitle": "Make DukeState not static",
            "messageBody": "",
            "fileTypesAndContributionMap": {
              "java": {
                "insertions": 5,
                "deletions": 1
              }
            }
          },
          {
            "hash": "40cd483fc3d82c8f68e32ecaa7711d9452d5bea2",
            "messageTitle": "make DukeTaskList not static",
            "messageBody": "",
            "fileTypesAndContributionMap": {
              "java": {
                "insertions": 5,
                "deletions": 1
              }
            }
          },
          {
            "hash": "1846c436d00594532d3b7e55c4d365ab72b0cd46",
            "messageTitle": "Make DukeStorage not static",
            "messageBody": "",
            "fileTypesAndContributionMap": {
              "java": {
                "insertions": 11,
                "deletions": 5
              }
            }
          },
          {
            "hash": "b721371aa7a31e3187bd0325f8727d360e4381d4",
            "messageTitle": "Make Ui not static",
            "messageBody": "",
            "fileTypesAndContributionMap": {
              "java": {
                "insertions": 19,
                "deletions": 13
              }
            }
          },
          {
            "hash": "3c6e825f85f15779eb17f3a29fc970addd793326",
            "messageTitle": "Pass duke as a param to execute, Use duke in execute",
            "messageBody": "",
            "fileTypesAndContributionMap": {
              "java": {
                "insertions": 36,
                "deletions": 40
              }
            }
          },
          {
            "hash": "efa486130ba7fe2a0f12061a23b0050666436827",
            "messageTitle": "Make CommandParser not static",
            "messageBody": "",
            "fileTypesAndContributionMap": {
              "java": {
                "insertions": 9,
                "deletions": 8
              }
            }
          },
          {
            "hash": "56f60a6c07ec59e9b27efe90ba4ee9514b4a91c5",
            "messageTitle": "Instantiate DukeCommandSet, DukeState, Ui, CommandParser, DukeTaskList, DukeStorage in Duke.java",
            "messageBody": "",
            "fileTypesAndContributionMap": {
              "java": {
                "insertions": 23,
                "deletions": 5
              }
            }
          },
          {
            "hash": "3915fbac28c47d265e8b6ac027cd0cc08854d4e1",
            "messageTitle": "Make getTaskType return \"task\" in Task.java",
            "messageBody": "",
            "fileTypesAndContributionMap": {
              "java": {
                "insertions": 1,
                "deletions": 1
              }
            }
          },
          {
            "hash": "da4bd939f556144e3ff64c4cd526c36e334643ac",
            "messageTitle": "Make constructor of ToDo private",
            "messageBody": "",
            "fileTypesAndContributionMap": {
              "java": {
                "insertions": 1,
                "deletions": 1
              }
            }
          },
          {
            "hash": "490bf36254833b104a881ed5e3222c8f5d3a6949",
            "messageTitle": "Add DeadlineTest.java, EventTest.java, ToDoTest.java",
            "messageBody": "",
            "fileTypesAndContributionMap": {
              "java": {
                "insertions": 133,
                "deletions": 0
              }
            }
          },
          {
            "hash": "8cd7702475d5d5758c00c8856756393be83f7251",
            "messageTitle": "Add DukeCommandSetTest.java",
            "messageBody": "",
            "fileTypesAndContributionMap": {
              "java": {
                "insertions": 41,
                "deletions": 0
              }
            }
          },
          {
            "hash": "f8678c3421a178c9540c554042255d7d6f7f567a",
            "messageTitle": "Add DukeStub.java",
            "messageBody": "",
            "fileTypesAndContributionMap": {
              "java": {
                "insertions": 8,
                "deletions": 0
              }
            }
          },
          {
            "hash": "73c78ef05518e1a34048d537359240c44502dfd0",
            "messageTitle": "Add DeadlineCommandTest.java, EventCommandTest.java, ToDoCommandTest.java",
            "messageBody": "",
            "fileTypesAndContributionMap": {
              "java": {
                "insertions": 147,
                "deletions": 0
              }
            }
          },
          {
            "hash": "54b2c8ba7b685de736c706da8b95e160c41c9b30",
            "messageTitle": "Add DukeTest.java",
            "messageBody": "",
            "fileTypesAndContributionMap": {
              "java": {
                "insertions": 12,
                "deletions": 0
              }
            }
          },
          {
            "hash": "221bb7222f58a7180403ac9ac206ee45addb1ecf",
            "messageTitle": "Add UiStub.java, UiSideEffects.java",
            "messageBody": "",
            "fileTypesAndContributionMap": {
              "java": {
                "insertions": 83,
                "deletions": 0
              }
            }
          },
          {
            "hash": "66ecf5985e2ea184276aee80a6afc53e7365d4b3",
            "messageTitle": "Add DukeTaskListStub.java",
            "messageBody": "",
            "fileTypesAndContributionMap": {
              "java": {
                "insertions": 22,
                "deletions": 0
              }
            }
          },
          {
            "hash": "be8f8a125878b262985785cabbbab748980fa0f1",
            "messageTitle": "Use UiStub \u0026 DukeTaskListStub in DukeStub",
            "messageBody": "",
            "fileTypesAndContributionMap": {
              "java": {
                "insertions": 13,
                "deletions": 1
              }
            }
          },
          {
            "hash": "d85007eea35b114d9307969e6bc8ce0d0c8e25a3",
            "messageTitle": "Add conditions to check ui side effects in tests for create-task commands",
            "messageBody": "",
            "fileTypesAndContributionMap": {
              "java": {
                "insertions": 30,
                "deletions": 3
              }
            }
          },
          {
            "hash": "98113c520c33ca87bcee93f5a4d2d7929a8722b0",
            "messageTitle": "Add DeleteCommandTest.java",
            "messageBody": "",
            "fileTypesAndContributionMap": {
              "java": {
                "insertions": 54,
                "deletions": 0
              }
            }
          },
          {
            "hash": "e46c39c4f583bcb3ef5d6ef96b667f6a4fa3a231",
            "messageTitle": "Add DoneCommandTest.java",
            "messageBody": "",
            "fileTypesAndContributionMap": {
              "java": {
                "insertions": 53,
                "deletions": 0
              }
            }
          },
          {
            "hash": "21488428c155bd9d7a58a10de9f33b325f6b3761",
            "messageTitle": "Add ExitCommandTest.java",
            "messageBody": "",
            "fileTypesAndContributionMap": {
              "java": {
                "insertions": 36,
                "deletions": 0
              }
            }
          },
          {
            "hash": "fd2e8ea7547512e9ea5296ae5562ae291751996a",
            "messageTitle": "Add ListCommandTest.java",
            "messageBody": "",
            "fileTypesAndContributionMap": {
              "java": {
                "insertions": 41,
                "deletions": 0
              }
            }
          },
          {
            "hash": "83b001276b8d4548cc9904538b57e750703f0d21",
            "messageTitle": "Add getTask, addTask, deleteTask, getSize, setTasks, getTasks in DukeTaskList.java",
            "messageBody": "",
            "fileTypesAndContributionMap": {
              "java": {
                "insertions": 28,
                "deletions": 1
              }
            }
          },
          {
            "hash": "d4538db02e920f7be5f52853f8c7ca8a463d443f",
            "messageTitle": "Use methods of DukeTaskList in the classes",
            "messageBody": "",
            "fileTypesAndContributionMap": {
              "java": {
                "insertions": 14,
                "deletions": 14
              }
            }
          },
          {
            "hash": "434579865b377c8e64652f6e3a18cac7368413ad",
            "messageTitle": "Modify DukeTaskListStub.java, Add DukeTaskListSideEffects.java",
            "messageBody": "",
            "fileTypesAndContributionMap": {
              "java": {
                "insertions": 83,
                "deletions": 10
              }
            }
          },
          {
            "hash": "ef6d85b37cb8e14c40cd8cf5dfa686473572c548",
            "messageTitle": "Modify TaskList checking conditions",
            "messageBody": "",
            "fileTypesAndContributionMap": {
              "java": {
                "insertions": 24,
                "deletions": 12
              }
            }
          },
          {
            "hash": "08d866ff3135d49ec28287ff6bc6b38710defced",
            "messageTitle": "Make TaskStorage not a Singleton",
            "messageBody": "",
            "fileTypesAndContributionMap": {
              "java": {
                "insertions": 21,
                "deletions": 13
              }
            }
          },
          {
            "hash": "9fc3cec7ffbc2cc24588a4935673832e20019a6a",
            "messageTitle": "Add indexCheck function in DukeTaskList.java",
            "messageBody": "",
            "fileTypesAndContributionMap": {
              "java": {
                "insertions": 10,
                "deletions": 1
              }
            }
          },
          {
            "hash": "320c7d140d3f29eb280414e063bac3719d9ee976",
            "messageTitle": "Add TaskStorageStub.java \u0026 TaskStorageSideEffects.java",
            "messageBody": "",
            "fileTypesAndContributionMap": {
              "java": {
                "insertions": 52,
                "deletions": 0
              }
            }
          },
          {
            "hash": "5c5e5a6ee846d0d7e4aeba8530f850177ec3a258",
            "messageTitle": "Add DukeStorageTest.java",
            "messageBody": "",
            "fileTypesAndContributionMap": {
              "java": {
                "insertions": 49,
                "deletions": 0
              }
            }
          },
          {
            "hash": "3b3496eca4e208eb41c3fd1fa1d0a27fa2c41490",
            "messageTitle": "Add DukeTaskListTest.java",
            "messageBody": "",
            "fileTypesAndContributionMap": {
              "java": {
                "insertions": 137,
                "deletions": 0
              }
            }
          },
          {
            "hash": "84858db67a56588194488a2839dca9e776bf503e",
            "messageTitle": "Remove DukeTest.java",
            "messageBody": "",
            "tags": [
              "v0.1",
              "A-Jar",
              "A-JUnit",
              "A-CodingStandard"
            ],
            "fileTypesAndContributionMap": {
              "java": {
                "insertions": 0,
                "deletions": 12
              }
            }
          },
          {
            "hash": "df61c48b3ad995385631eff788c20387ab0864d4",
            "messageTitle": "Add javadoc to all classes and their public methods",
            "messageBody": "",
            "fileTypesAndContributionMap": {
              "java": {
                "insertions": 336,
                "deletions": 1
              }
            }
          },
          {
            "hash": "e53e71e23e7b78610317faf37220f229e999fa1a",
            "messageTitle": "Add FindCommand.java",
            "messageBody": "",
            "fileTypesAndContributionMap": {
              "java": {
                "insertions": 20,
                "deletions": 0
              }
            }
          },
          {
            "hash": "4829df82a21172a22870b69c70b8475605d5e60e",
            "messageTitle": "Add findTasks method in DukeTaskList.java",
            "messageBody": "",
            "fileTypesAndContributionMap": {
              "java": {
                "insertions": 12,
                "deletions": 0
              }
            }
          },
          {
            "hash": "dc8eedf408e8632d49f0d9fe7504feffa57a4152",
            "messageTitle": "Add containKeyWord method in Task.java",
            "messageBody": "",
            "fileTypesAndContributionMap": {
              "java": {
                "insertions": 4,
                "deletions": 0
              }
            }
          },
          {
            "hash": "1fe7601fac429f3577829a43b763dcfac2337b92",
            "messageTitle": "Add reportGivenTasks in Ui.java",
            "messageBody": "",
            "fileTypesAndContributionMap": {
              "java": {
                "insertions": 18,
                "deletions": 0
              }
            }
          },
          {
            "hash": "d36bdf5451da0dbb04871ce6116c8ad2a306a5cb",
            "messageTitle": "Register FindCommand in DukeCommandSet.java",
            "messageBody": "",
            "tags": [
              "Level-9"
            ],
            "fileTypesAndContributionMap": {
              "java": {
                "insertions": 1,
                "deletions": 0
              }
            }
          },
          {
            "hash": "8f194f97c3ea4b6b1eca00395069a52deba398f3",
            "messageTitle": "Add javadoc to FindCommand.java",
            "messageBody": "",
            "fileTypesAndContributionMap": {
              "java": {
                "insertions": 13,
                "deletions": 1
              }
            }
          },
          {
            "hash": "2e664f689ce2d00d19f6c6702f53fc552cefef5b",
            "messageTitle": "Add FindCommandTest.java",
            "messageBody": "",
            "fileTypesAndContributionMap": {
              "java": {
                "insertions": 42,
                "deletions": 0
              }
            }
          },
          {
            "hash": "7ae1b9a8b9f95cc5223814952ec4250bccd8e085",
            "messageTitle": "Override findTasks in DukeTaskListStub.java, Add findTasks variable in DukeTaskListSideEffects.java",
            "messageBody": "",
            "fileTypesAndContributionMap": {
              "java": {
                "insertions": 10,
                "deletions": 7
              }
            }
          },
          {
            "hash": "7b5b6a572077e8c2e164331c4aadc665ad83d3ae",
            "messageTitle": "Use reset in UiSideEffects constructor",
            "messageBody": "",
            "fileTypesAndContributionMap": {
              "java": {
                "insertions": 1,
                "deletions": 7
              }
            }
          }
        ]
      },
      {
        "date": "2020-09-02",
        "commitResults": [
          {
            "hash": "6f2821bc38c47b69add279c5ab8482c01126e05b",
            "messageTitle": "Restructure files",
            "messageBody": "",
            "fileTypesAndContributionMap": {
              "txt": {
                "insertions": 4,
                "deletions": 0
              },
              "java": {
                "insertions": 0,
                "deletions": 0
              },
              "md": {
                "insertions": 2,
                "deletions": 2
              }
            }
          },
          {
            "hash": "f022e90f15c81838491b7caf10753adf8cacfb18",
            "messageTitle": "Setup Gradle",
            "messageBody": "",
            "fileTypesAndContributionMap": {
              "bat": {
                "insertions": 1,
                "deletions": 0
              }
            }
          },
          {
            "hash": "3774a4ac31f0c7ae49e128328959f454f3d2fcba",
            "messageTitle": "Rename UIPrint to UiPrint",
            "messageBody": "",
            "fileTypesAndContributionMap": {
              "txt": {
                "insertions": 2,
                "deletions": 0
              },
              "java": {
                "insertions": 58,
                "deletions": 59
              }
            }
          },
          {
            "hash": "ed1d6b5e1f715a4232c32a8dd767a0ec87c5d4f7",
            "messageTitle": "Setup checkstyle",
            "messageBody": "",
            "fileTypesAndContributionMap": {
              "gradle": {
                "insertions": 1,
                "deletions": 1
              }
            }
          },
          {
            "hash": "f2de2ac90c121cee3b01dddccf9422536e43879c",
            "messageTitle": "Change coding style based on checkstyle",
            "messageBody": "",
            "fileTypesAndContributionMap": {
              "txt": {
                "insertions": 0,
                "deletions": 6
              },
              "java": {
                "insertions": 201,
                "deletions": 123
              }
            }
          },
          {
            "hash": "9d118a4c907b68b6e27acd36cc01ac68ded3c5b1",
            "messageTitle": "Ignore files under saves folder, Rename UIPrint.java to UiPrint.java",
            "messageBody": "",
            "fileTypesAndContributionMap": {
              "java": {
                "insertions": 0,
                "deletions": 0
              }
            }
          },
          {
            "hash": "96c96e121dcd6a8a9b9d2e15f8999d48cc7d04a5",
            "messageTitle": "Change coding style of tests based on checkstyle",
            "messageBody": "",
            "fileTypesAndContributionMap": {
              "java": {
                "insertions": 131,
                "deletions": 93
              }
            }
          },
          {
            "hash": "d090874404ecf8ac6fbb7fe76516193c1d1cbf9f",
            "messageTitle": "Turn off VisibilityModifier style check for public variables in sideEffecets classes",
            "messageBody": "",
            "fileTypesAndContributionMap": {
              "java": {
                "insertions": 6,
                "deletions": 0
              }
            }
          },
          {
            "hash": "a38fe55a50acb9139f79439993f2480d3c65d006",
            "messageTitle": "Remove getCommandParser in Duke.java",
            "messageBody": "",
            "fileTypesAndContributionMap": {
              "java": {
                "insertions": 0,
                "deletions": 4
              }
            }
          }
        ]
      },
      {
        "date": "2020-09-03",
        "commitResults": [
          {
            "hash": "e4aaf0d9c4d6ade19e9cffe7753d3915fc415f26",
            "messageTitle": "Setup javaFX in build.gradle",
            "messageBody": "",
            "fileTypesAndContributionMap": {
              "gradle": {
                "insertions": 15,
                "deletions": 0
              }
            }
          },
          {
            "hash": "7ee3842e771c74db1da18705b6fab8e567ae64c3",
            "messageTitle": "Add Launcher.java Main.java GuiResponse.java MainWindow.java",
            "messageBody": "",
            "fileTypesAndContributionMap": {
              "java": {
                "insertions": 265,
                "deletions": 0
              }
            }
          },
          {
            "hash": "f0fa9a7f039ab032765340e4083595ae07a40d0c",
            "messageTitle": "Rename Ui.java to UiResponse.java",
            "messageBody": "",
            "fileTypesAndContributionMap": {
              "java": {
                "insertions": 20,
                "deletions": 7
              }
            }
          },
          {
            "hash": "f8b761cf819179172d7e40f9d05222cd5df58f79",
            "messageTitle": "Add png and fxml resources",
            "messageBody": "",
            "fileTypesAndContributionMap": {
              "fxml": {
                "insertions": 59,
                "deletions": 0
              }
            }
          },
          {
            "hash": "a9512165e44fdf6555522d00f2953c8bcd50e888",
            "messageTitle": "Add GuiStub.java \u0026 GuiSideEffects.java",
            "messageBody": "",
            "fileTypesAndContributionMap": {
              "java": {
                "insertions": 81,
                "deletions": 0
              }
            }
          },
          {
            "hash": "9038a8d7348108edce0543f862a1e1cfa8b951d7",
            "messageTitle": "Add response functions into the classes",
            "messageBody": "",
            "fileTypesAndContributionMap": {
              "java": {
                "insertions": 90,
                "deletions": 29
              }
            }
          },
          {
            "hash": "6afdfb217d56e1c84a8ea099b9fafcb0732e55e2",
            "messageTitle": "Add boolean useGui into DukeState.java",
            "messageBody": "",
            "fileTypesAndContributionMap": {
              "java": {
                "insertions": 18,
                "deletions": 0
              }
            }
          },
          {
            "hash": "eff25472e51c5b27066711da59d1d5fec91d3c24",
            "messageTitle": "Remove line strings in exception messages",
            "messageBody": "",
            "fileTypesAndContributionMap": {
              "java": {
                "insertions": 12,
                "deletions": 26
              }
            }
          },
          {
            "hash": "814e1049f2b131ffd29b4d88771055c3a03e3dd0",
            "messageTitle": "Change Ui to UiResponse",
            "messageBody": "",
            "fileTypesAndContributionMap": {
              "java": {
                "insertions": 56,
                "deletions": 11
              }
            }
          }
        ]
      },
      {
        "date": "2020-09-04",
        "commitResults": [
          {
            "hash": "d28a25f66f2390f676cd388023fd092b99e7f407",
            "messageTitle": "Add CommandFormat.java",
            "messageBody": "",
            "fileTypesAndContributionMap": {
              "java": {
                "insertions": 28,
                "deletions": 0
              }
            }
          },
          {
            "hash": "14eab0e5421a1ebaae12a095aff0be588cf01416",
            "messageTitle": "Add ExceptionMessage.java",
            "messageBody": "",
            "fileTypesAndContributionMap": {
              "java": {
                "insertions": 26,
                "deletions": 0
              }
            }
          },
          {
            "hash": "96125d95cb0c8faf561e8e9186b38da8449b10f5",
            "messageTitle": "Add description variable into Command.java",
            "messageBody": "",
            "fileTypesAndContributionMap": {
              "java": {
                "insertions": 9,
                "deletions": 0
              }
            }
          },
          {
            "hash": "67906584f29bdd2479962d8a17ad02bbdf2f83fb",
            "messageTitle": "Write description for all commands",
            "messageBody": "",
            "fileTypesAndContributionMap": {
              "java": {
                "insertions": 12,
                "deletions": 3
              }
            }
          },
          {
            "hash": "206ae0864f4f4856946a977bf1af08418c933c7f",
            "messageTitle": "Use ExceptionMessage in the classes",
            "messageBody": "",
            "fileTypesAndContributionMap": {
              "java": {
                "insertions": 34,
                "deletions": 27
              }
            }
          },
          {
            "hash": "460df86cc2cf2018bdee9fdb473bec02581470e2",
            "messageTitle": "Add getAllCommands function into DukeCommandSet",
            "messageBody": "",
            "fileTypesAndContributionMap": {
              "java": {
                "insertions": 6,
                "deletions": 0
              }
            }
          },
          {
            "hash": "c8391e5cb2353af38dd721da8983d66538c36a58",
            "messageTitle": "Add showAllCommand function into UiResponse \u0026 GuiResponse",
            "messageBody": "",
            "fileTypesAndContributionMap": {
              "java": {
                "insertions": 43,
                "deletions": 0
              }
            }
          },
          {
            "hash": "67450bea6d03f9b6aa037aae1fd34525429ffce5",
            "messageTitle": "Add command format for command \"help\" in CommandFormat.java",
            "messageBody": "",
            "fileTypesAndContributionMap": {
              "java": {
                "insertions": 3,
                "deletions": 0
              }
            }
          },
          {
            "hash": "503664f37adfa6d56629b99391105a5e435b39e7",
            "messageTitle": "Add HelpCommand.java",
            "messageBody": "",
            "fileTypesAndContributionMap": {
              "java": {
                "insertions": 27,
                "deletions": 0
              }
            }
          },
          {
            "hash": "769ffac4f5513e75062d78e21058f9d763a96ccc",
            "messageTitle": "Fix coding style based on checkstyle",
            "messageBody": "",
            "fileTypesAndContributionMap": {
              "java": {
                "insertions": 10,
                "deletions": 20
              }
            }
          },
          {
            "hash": "bce3a36cfc41a7dd32bc73ea78eae21977493f30",
            "messageTitle": "Add HelpCommandTest.java",
            "messageBody": "",
            "fileTypesAndContributionMap": {
              "java": {
                "insertions": 41,
                "deletions": 0
              }
            }
          },
          {
            "hash": "f6b144bf33db9feda0b27047dfd1f810d2d5820b",
            "messageTitle": "Override showAllCommands in UiStub.java \u0026 GuiStub.java",
            "messageBody": "",
            "fileTypesAndContributionMap": {
              "java": {
                "insertions": 26,
                "deletions": 0
              }
            }
          },
          {
            "hash": "cb0d1380f2312d35bd47ed6bec611fe67413c718",
            "messageTitle": "Rename showAllCommand to ShowAllCommands",
            "messageBody": "",
            "fileTypesAndContributionMap": {
              "java": {
                "insertions": 4,
                "deletions": 4
              }
            }
          }
        ]
      },
      {
        "date": "2020-09-09",
        "commitResults": [
          {
            "hash": "e929bd3879832e8669f569de054bf5c89ebad0b5",
            "messageTitle": "Set title of GUI window to be \"Duke\"",
            "messageBody": "",
            "fileTypesAndContributionMap": {
              "java": {
                "insertions": 1,
                "deletions": 0
              }
            }
          },
          {
            "hash": "524f85df390a605290427aff2536c7238e4e76d2",
            "messageTitle": "Remove time comparison feature",
            "messageBody": "Time comparison feature is currently not used\n",
            "fileTypesAndContributionMap": {
              "java": {
                "insertions": 0,
                "deletions": 35
              }
            }
          },
          {
            "hash": "adb8df3ae02fd9d2f51c1a1b24e1efefa5ff5564",
            "messageTitle": "Change mainClassName in build.gradle",
            "messageBody": "",
            "fileTypesAndContributionMap": {
              "gradle": {
                "insertions": 1,
                "deletions": 1
              }
            }
          },
          {
            "hash": "cb11ed1ceb9fb32ddb9e064cab6250924cf28898",
            "messageTitle": "Add assertion to findTask method in DukeTaskList.java",
            "messageBody": "",
            "fileTypesAndContributionMap": {
              "java": {
                "insertions": 2,
                "deletions": 0
              }
            }
          },
          {
            "hash": "3ed93794c0438d1ddb0b4cba2cb9c12a67817b3f",
            "messageTitle": "Enable assertion in build.gradle",
            "messageBody": "",
            "fileTypesAndContributionMap": {
              "gradle": {
                "insertions": 1,
                "deletions": 0
              }
            }
          },
          {
            "hash": "21d5377e39bbdafefb8753b27db6bd980dc35e51",
            "messageTitle": "Add EmptyKeywordException.java",
            "messageBody": "",
            "fileTypesAndContributionMap": {
              "java": {
                "insertions": 8,
                "deletions": 0
              }
            }
          },
          {
            "hash": "00f5a7b08185dd204f314a2cb6b92839c25228e9",
            "messageTitle": "Add EMPTY_KEYWORD_MESSAGE in ExceptionMessage.java",
            "messageBody": "",
            "fileTypesAndContributionMap": {
              "java": {
                "insertions": 3,
                "deletions": 0
              }
            }
          },
          {
            "hash": "2302d477209fd993ec08d7a8c482a37caffe0741",
            "messageTitle": "Add checkException method in FindCommand.java",
            "messageBody": "",
            "fileTypesAndContributionMap": {
              "java": {
                "insertions": 9,
                "deletions": 0
              }
            }
          },
          {
            "hash": "1daf7d114bfa4da604b47dd5f3b8aa1b509f0fc2",
            "messageTitle": "Handle EmptyKeywordException in CommandParser.java",
            "messageBody": "",
            "fileTypesAndContributionMap": {
              "java": {
                "insertions": 1,
                "deletions": 4
              }
            }
          },
          {
            "hash": "bf2b3e88ac6a83b99ecba9ac5790c74b772513a0",
            "messageTitle": "Rename executeTest to execute_normalInput_success, Add execute_emptyInput_exceptionThrown test in FindCommandTest.java",
            "messageBody": "",
            "fileTypesAndContributionMap": {
              "java": {
                "insertions": 18,
                "deletions": 4
              }
            }
          },
          {
            "hash": "484f0abb2a508f3ba1af729591387833281b2712",
            "messageTitle": "Add assertion to addTask method in DukeTaskList.java",
            "messageBody": "",
            "fileTypesAndContributionMap": {
              "java": {
                "insertions": 1,
                "deletions": 0
              }
            }
          },
          {
            "hash": "fefaac195bd8301eb33e117201720c4a1ec843cd",
            "messageTitle": "Remove echo functions in UiResponse.java \u0026 GuiResponse.java",
            "messageBody": "",
            "fileTypesAndContributionMap": {
              "java": {
                "insertions": 0,
                "deletions": 20
              }
            }
          },
          {
            "hash": "1759ef8a1b2adbf632f37504f83735d96f00e530",
            "messageTitle": "Remove echo in test stubs",
            "messageBody": "",
            "fileTypesAndContributionMap": {
              "java": {
                "insertions": 0,
                "deletions": 14
              }
            }
          },
          {
            "hash": "0cf27a79ac73adbb507b801987541427d2973086",
            "messageTitle": "Add assertion to stringToTime in Time.java",
            "messageBody": "",
            "fileTypesAndContributionMap": {
              "java": {
                "insertions": 2,
                "deletions": 0
              }
            }
          },
          {
            "hash": "3936962c353feaa1e6eb4768f4d09c1d0383094d",
            "messageTitle": "Add EmptyTimeException.java",
            "messageBody": "",
            "fileTypesAndContributionMap": {
              "java": {
                "insertions": 8,
                "deletions": 0
              }
            }
          },
          {
            "hash": "a696b73d4cc79fb0bb5c47eef6bc91853d2580c0",
            "messageTitle": "Add EMPTY_TIME_MESSAGE in ExceptionMessage.java",
            "messageBody": "",
            "fileTypesAndContributionMap": {
              "java": {
                "insertions": 3,
                "deletions": 0
              }
            }
          },
          {
            "hash": "ddf9280fcee07c8f418b203ba862ed09a95b12bf",
            "messageTitle": "Add conditions to check input time string to checkException methods in Deadline.java \u0026 Event.java",
            "messageBody": "",
            "fileTypesAndContributionMap": {
              "java": {
                "insertions": 12,
                "deletions": 0
              }
            }
          },
          {
            "hash": "ea5a11f7c0681ba9e010f1014144bce02f0270c2",
            "messageTitle": "Test createDeadline using incorrect format and bland time in DeadlineTest.java",
            "messageBody": "",
            "fileTypesAndContributionMap": {
              "java": {
                "insertions": 17,
                "deletions": 2
              }
            }
          },
          {
            "hash": "bef54ab4c672158623c8a1431b374861ac033b68",
            "messageTitle": "Test createEvent using incorrectFormat and bland time in EventTest.java",
            "messageBody": "",
            "fileTypesAndContributionMap": {
              "java": {
                "insertions": 17,
                "deletions": 2
              }
            }
          },
          {
            "hash": "8de60d6ee3d46b71a616dae3f7863228959fe8d5",
            "messageTitle": "Add assertions to drawLine and getLine in UiPrint.java",
            "messageBody": "",
            "fileTypesAndContributionMap": {
              "java": {
                "insertions": 4,
                "deletions": 0
              }
            }
          },
          {
            "hash": "5a24dd543db96f437c29bdc8103991475fbd7c1b",
            "messageTitle": "Improve coding style",
            "messageBody": "",
            "fileTypesAndContributionMap": {
              "java": {
                "insertions": 13,
                "deletions": 10
              }
            }
          },
          {
            "hash": "71a348e628b5ad5ec54a69bb14fcc102f3a68f99",
            "messageTitle": "Add static final strings TODO, DEADLINE, EVENT to TaskStorage.java",
            "messageBody": "",
            "fileTypesAndContributionMap": {
              "java": {
                "insertions": 7,
                "deletions": 3
              }
            }
          },
          {
            "hash": "ef2df6f013d254b5e4e9e75d35df45f0a45d052e",
            "messageTitle": "Fix code style based on checkstyle",
            "messageBody": "",
            "fileTypesAndContributionMap": {
              "java": {
                "insertions": 5,
                "deletions": 4
              }
            }
          },
          {
            "hash": "0de07ada46e5130f5ca6ab36b510331bb4925920",
            "messageTitle": "Add a comment to DeadlineTest.java",
            "messageBody": "",
            "fileTypesAndContributionMap": {
              "java": {
                "insertions": 1,
                "deletions": 0
              }
            }
          },
          {
            "hash": "deaa90cc0cf77422c2786e69ed2f65689749a6ab",
            "messageTitle": "Fix code style based on checkstyle",
            "messageBody": "",
            "fileTypesAndContributionMap": {
              "java": {
                "insertions": 1,
                "deletions": 2
              }
            }
          },
          {
            "hash": "f91f0f72b478a4a8459ed09811a026a6f39e8380",
            "messageTitle": "Add DuplicateTaskException.java",
            "messageBody": "",
            "fileTypesAndContributionMap": {
              "java": {
                "insertions": 8,
                "deletions": 0
              }
            }
          },
          {
            "hash": "6c599ed80108b48154e3b65d28a0a1289ce5d03a",
            "messageTitle": "Add getDuplicateTaskMessage method in ExceptionMessage.java",
            "messageBody": "",
            "fileTypesAndContributionMap": {
              "java": {
                "insertions": 5,
                "deletions": 0
              }
            }
          },
          {
            "hash": "6d655ea9691962c6df70f07f73a5558c40469624",
            "messageTitle": "Add getDescription method in Task.java",
            "messageBody": "",
            "fileTypesAndContributionMap": {
              "java": {
                "insertions": 4,
                "deletions": 0
              }
            }
          },
          {
            "hash": "44a8e48c5350b6c9098d02da01412f85b31ada2c",
            "messageTitle": "Add hasDuplicate method in DukeTaskList.java, Check duplication before adding task to task list in addTask method",
            "messageBody": "",
            "fileTypesAndContributionMap": {
              "java": {
                "insertions": 17,
                "deletions": 0
              }
            }
          },
          {
            "hash": "7e8977c01b11b3f6a35d6f2e299ac34d6137b5d2",
            "messageTitle": "Add tag to Task.java",
            "messageBody": "",
            "fileTypesAndContributionMap": {
              "java": {
                "insertions": 14,
                "deletions": 1
              }
            }
          },
          {
            "hash": "6b9ec70e988952b39df588906d38e047fce30cd9",
            "messageTitle": "Add BlankTagException.java",
            "messageBody": "",
            "fileTypesAndContributionMap": {
              "java": {
                "insertions": 8,
                "deletions": 0
              }
            }
          },
          {
            "hash": "4af0dff84333aefe17159585e6ac27f63d256f00",
            "messageTitle": "Add reportTagTask methods in GuiResponse.java \u0026 UiResponse.java",
            "messageBody": "",
            "fileTypesAndContributionMap": {
              "java": {
                "insertions": 14,
                "deletions": 0
              }
            }
          },
          {
            "hash": "75d7f74c2c9dff24606ed8d8fffbee8f917fab36",
            "messageTitle": "Add TagCommand.java",
            "messageBody": "",
            "fileTypesAndContributionMap": {
              "java": {
                "insertions": 70,
                "deletions": 0
              }
            }
          },
          {
            "hash": "a6fc385ee971ee819d2bd1cfc89fb25a489278cc",
            "messageTitle": "Add tag related exception messages into ExceptionMessage.java",
            "messageBody": "",
            "fileTypesAndContributionMap": {
              "java": {
                "insertions": 6,
                "deletions": 0
              }
            }
          },
          {
            "hash": "3f0182b708275e2d7877648e80ebffd77dbfdf39",
            "messageTitle": "Add TAG_CMD_FORMAT in CommandFormat.java",
            "messageBody": "",
            "fileTypesAndContributionMap": {
              "java": {
                "insertions": 3,
                "deletions": 0
              }
            }
          },
          {
            "hash": "ea67760c0ba46e4959300f4cfc45d2f47bad1c68",
            "messageTitle": "Register TagCommand in DukeCommandSet.java",
            "messageBody": "",
            "fileTypesAndContributionMap": {
              "java": {
                "insertions": 2,
                "deletions": 0
              }
            }
          },
          {
            "hash": "93c24b351165cf066da4b0508d28b47ff9ff161b",
            "messageTitle": "Improve execute funtion in DoneCommand.java",
            "messageBody": "",
            "fileTypesAndContributionMap": {
              "java": {
                "insertions": 5,
                "deletions": 6
              }
            }
          },
          {
            "hash": "f2764aa36a0d39f3d40ec86453f0291d0d1e0da6",
            "messageTitle": "Merge two execute tests into executeTest in DoneCommandTest.java",
            "messageBody": "",
            "fileTypesAndContributionMap": {
              "java": {
                "insertions": 3,
                "deletions": 17
              }
            }
          },
          {
            "hash": "984c1e564c993874ede9be5494e35daef94d8166",
            "messageTitle": "Fix code style problems",
            "messageBody": "",
            "fileTypesAndContributionMap": {
              "java": {
                "insertions": 11,
                "deletions": 1
              }
            }
          },
          {
            "hash": "ad1731e31d3ee19c7407d3e66b2fe41c9eebb0fe",
            "messageTitle": "Make TaskStorage support saving and loading task tags",
            "messageBody": "",
            "fileTypesAndContributionMap": {
              "java": {
                "insertions": 21,
                "deletions": 16
              }
            }
          },
          {
            "hash": "25373c96126fbd9f6b14bee1678896b4d8049d7c",
            "messageTitle": "Add No_TAG, Change markAsDone to setTaskDone in Task.java",
            "messageBody": "",
            "fileTypesAndContributionMap": {
              "java": {
                "insertions": 6,
                "deletions": 4
              }
            }
          },
          {
            "hash": "1de15dab960c5701895b0e87f9d604690125f8c1",
            "messageTitle": "Change markAsDone to setTaskDone in DoneCommand.java",
            "messageBody": "",
            "fileTypesAndContributionMap": {
              "java": {
                "insertions": 1,
                "deletions": 1
              }
            }
          },
          {
            "hash": "7dc401694020acca062e59a59a0da0df1b12b1e9",
            "messageTitle": "Improve execute of DeleteCommand.java",
            "messageBody": "",
            "fileTypesAndContributionMap": {
              "java": {
                "insertions": 5,
                "deletions": 6
              }
            }
          },
          {
            "hash": "2b8887f8c7028a967d5b5d745dfa53ecb2a827ed",
            "messageTitle": "Modify getTask \u0026 deleteTask in DukeTaskList.java",
            "messageBody": "",
            "fileTypesAndContributionMap": {
              "java": {
                "insertions": 30,
                "deletions": 19
              }
            }
          },
          {
            "hash": "aa4f943905853353a83d8a26facf1e187c91e4c4",
            "messageTitle": "Add TagCommandTest.java",
            "messageBody": "",
            "fileTypesAndContributionMap": {
              "java": {
                "insertions": 89,
                "deletions": 0
              }
            }
          },
          {
            "hash": "70133dc393cc5fb32bdc93be3b83a22d4cae3739",
            "messageTitle": "Override reportTagTask in UiStub and GuiStub",
            "messageBody": "",
            "fileTypesAndContributionMap": {
              "java": {
                "insertions": 14,
                "deletions": 0
              }
            }
          },
          {
            "hash": "268af1eca398cffd51b80e07e426a4bb239cbe5a",
            "messageTitle": "Fix coding style",
            "messageBody": "",
            "fileTypesAndContributionMap": {
              "java": {
                "insertions": 2,
                "deletions": 2
              }
            }
          }
        ]
      },
      {
        "date": "2020-09-14",
        "commitResults": [
          {
            "hash": "7149180fac28cab2a9f615d3c1ac3b742048b3d2",
            "messageTitle": "Add DukeGuiWindow.java \u0026 DukeGui.fxml",
            "messageBody": "",
            "fileTypesAndContributionMap": {
              "fxml": {
                "insertions": 94,
                "deletions": 0
              },
              "java": {
                "insertions": 54,
                "deletions": 0
              }
            }
          },
          {
            "hash": "a33c27fbf9410696bd037df069e60da1b90c0ce7",
            "messageTitle": "Replace MainWindow with DukeGuiWindow (new gui) in Main.java",
            "messageBody": "",
            "fileTypesAndContributionMap": {
              "java": {
                "insertions": 6,
                "deletions": 5
              }
            }
          },
          {
            "hash": "4571e9618b013ae148cff89e5c4ed69a8d57e364",
            "messageTitle": "Modify exception messages",
            "messageBody": "",
            "fileTypesAndContributionMap": {
              "java": {
                "insertions": 9,
                "deletions": 9
              }
            }
          },
          {
            "hash": "69fcd2ffb567b69ef0b0011bba3ab3ad738f028c",
            "messageTitle": "Change javaFxVersion in build.gradle",
            "messageBody": "",
            "fileTypesAndContributionMap": {
              "gradle": {
                "insertions": 1,
                "deletions": 1
              }
            }
          },
          {
            "hash": "a7e1f294728f82a90b4221fb89a34b016d1e1c47",
            "messageTitle": "Delete MainWindow.java \u0026 MainWindow.fxml",
            "messageBody": "",
            "fileTypesAndContributionMap": {
              "fxml": {
                "insertions": 0,
                "deletions": 59
              },
              "java": {
                "insertions": 0,
                "deletions": 78
              }
            }
          },
          {
            "hash": "9b71d0a49f6de8bf8570b22a04d5f9a0bbecd25a",
            "messageTitle": "Fix coding style",
            "messageBody": "",
            "fileTypesAndContributionMap": {
              "java": {
                "insertions": 3,
                "deletions": 3
              }
            }
          },
          {
            "hash": "bc0b643da8c89bcc252177fc881846fa7c349f55",
            "messageTitle": "Add ExitWindow.java \u0026 ExitWindow.fxml, Handle Exit menuItem in DukeGui",
            "messageBody": "",
            "fileTypesAndContributionMap": {
              "fxml": {
                "insertions": 31,
                "deletions": 2
              },
              "java": {
                "insertions": 55,
                "deletions": 0
              }
            }
          },
          {
            "hash": "ad89bf2ae020f7ba59b18bc9f0fed58ec1dc8036",
            "messageTitle": "Fix coding style \u0026 Improve code quality",
            "messageBody": "",
            "fileTypesAndContributionMap": {
              "java": {
                "insertions": 36,
                "deletions": 8
              }
            }
          },
          {
            "hash": "0165c8823619db9dc2143f0caf784193fe803e5a",
            "messageTitle": "Handle Commands... menuItem",
            "messageBody": "",
            "fileTypesAndContributionMap": {
              "fxml": {
                "insertions": 15,
                "deletions": 5
              },
              "java": {
                "insertions": 8,
                "deletions": 0
              }
            }
          },
          {
            "hash": "4de6bd59f2cb7f600a4c7ae62dd40c97e261db59",
            "messageTitle": "Initialize modality for ExitWindow",
            "messageBody": "",
            "fileTypesAndContributionMap": {
              "java": {
                "insertions": 2,
                "deletions": 0
              }
            }
          },
          {
            "hash": "6437772008b60a9bcf38fc8f4e6a2241d5be053b",
            "messageTitle": "Add javadoc for showAllCommands in DukeGuiWindow.java",
            "messageBody": "",
            "fileTypesAndContributionMap": {
              "java": {
                "insertions": 3,
                "deletions": 0
              }
            }
          },
          {
            "hash": "584880e29805de7bd0c79bf20a8bf221b553a398",
            "messageTitle": "Handle close requests of DukeGuiWindow \u0026 ExitWindow",
            "messageBody": "",
            "fileTypesAndContributionMap": {
              "fxml": {
                "insertions": 3,
                "deletions": 2
              },
              "java": {
                "insertions": 39,
                "deletions": 5
              }
            }
          }
        ]
      },
      {
        "date": "2020-09-16",
        "commitResults": [
          {
            "hash": "20962c874063f37167f792860d991e321d662762",
            "messageTitle": "Add style to DukeGuiWindow and ExitWindow",
            "messageBody": "",
            "fileTypesAndContributionMap": {
              "java": {
                "insertions": 7,
                "deletions": 0
              }
            }
          },
          {
            "hash": "d69eb2dc453d3cecd517b55e8673928280e5c6e9",
            "messageTitle": "Rename DukeGui.fxml to DukeGuiWindow.fxml",
            "messageBody": "",
            "fileTypesAndContributionMap": {
              "fxml": {
                "insertions": 6,
                "deletions": 6
              },
              "java": {
                "insertions": 1,
                "deletions": 1
              }
            }
          },
          {
            "hash": "205d997139251f9079da73a177d02a17ff5e09cf",
            "messageTitle": "Remove extra line in GuiResponse.java",
            "messageBody": "",
            "fileTypesAndContributionMap": {
              "java": {
                "insertions": 0,
                "deletions": 2
              }
            }
          },
          {
            "hash": "619fd34b642af5b71788c14de792d4ad7d6c0a7b",
            "messageTitle": "Improve Gui style",
            "messageBody": "",
            "tags": [
              "A-BetterGui"
            ],
            "fileTypesAndContributionMap": {
              "fxml": {
                "insertions": 2,
                "deletions": 2
              }
            }
          },
          {
            "hash": "f27ba7272e59f96068b973d6e91a518ce9bdc77f",
            "messageTitle": "Change ui background image",
            "messageBody": "",
            "fileTypesAndContributionMap": {
              "fxml": {
                "insertions": 1,
                "deletions": 1
              }
            }
          },
          {
            "hash": "f6b492eb838a9e36096263231faf8cf00edb4b80",
            "messageTitle": "Add command untag",
            "messageBody": "",
            "fileTypesAndContributionMap": {
              "java": {
                "insertions": 90,
                "deletions": 0
              }
            }
          },
          {
            "hash": "c3435999cee3fefca603dffa464970b860e3f042",
            "messageTitle": "Use ParseUtil in command classes",
            "messageBody": "",
            "fileTypesAndContributionMap": {
              "java": {
                "insertions": 6,
                "deletions": 30
              }
            }
          },
          {
            "hash": "3459d33124044fde329d715daa9c9a976c39efb4",
            "messageTitle": "Add test for UntagCommand class",
            "messageBody": "",
            "fileTypesAndContributionMap": {
              "java": {
                "insertions": 75,
                "deletions": 0
              }
            }
          },
          {
            "hash": "f5d960d652a8484c04f5770f5dc8710f67feb2a7",
            "messageTitle": "Add javadoc to ParseUtil.java",
            "messageBody": "",
            "fileTypesAndContributionMap": {
              "java": {
                "insertions": 3,
                "deletions": 0
              }
            }
          },
          {
            "hash": "844580f23d1e244966cd13e436beb12a37f6d6fc",
            "messageTitle": "Fix code style",
            "messageBody": "",
            "fileTypesAndContributionMap": {
              "java": {
                "insertions": 7,
                "deletions": 4
              }
            }
          },
          {
            "hash": "5c715ed1b7c94416a3b3809c6cb913fd86b0401d",
            "messageTitle": "Add a User Guide",
            "messageBody": "",
            "tags": [
              "A-UserGuide"
            ],
            "fileTypesAndContributionMap": {
              "md": {
                "insertions": 26,
                "deletions": 26
              }
            }
          },
          {
            "hash": "88ed814df0f2e0f2aba94fc7cf2e5f4185ecefcd",
            "messageTitle": "Update UserGuide",
            "messageBody": "",
            "fileTypesAndContributionMap": {
              "md": {
                "insertions": 1,
                "deletions": 1
              }
            }
          },
          {
            "hash": "ab1b08adcd78a9de2e9cd5bbb85741ba5e3fdd46",
            "messageTitle": "Handle Task List... menu item by poping up a window of currnt tasks",
            "messageBody": "Handle Commands... menu item by poping up a window of all commands available\n",
            "fileTypesAndContributionMap": {
              "fxml": {
                "insertions": 5,
                "deletions": 0
              },
              "java": {
                "insertions": 241,
                "deletions": 39
              }
            }
          },
          {
            "hash": "d60e6a2e3c8094601c2b6ccdbaaad74ea1d4e15a",
            "messageTitle": "Update User Guide",
            "messageBody": "",
            "fileTypesAndContributionMap": {
              "md": {
                "insertions": 9,
                "deletions": 0
              }
            }
          },
          {
            "hash": "a984330ddb79fb427474f003ce994a883510ac05",
            "messageTitle": "Update User Guide",
            "messageBody": "",
            "fileTypesAndContributionMap": {
              "md": {
                "insertions": 1,
                "deletions": 0
              }
            }
          },
          {
            "hash": "9a95896344ba9aff365ebc5c8c93170b6720c979",
            "messageTitle": "Update User Guide",
            "messageBody": "",
            "fileTypesAndContributionMap": {
              "md": {
                "insertions": 142,
                "deletions": 19
              }
            }
          },
          {
            "hash": "aec4ce11a4c40153c8f718b27b4b9c64c396c30c",
            "messageTitle": "Improve User Guide",
            "messageBody": "",
            "fileTypesAndContributionMap": {
              "fxml": {
                "insertions": 1,
                "deletions": 1
              },
              "md": {
                "insertions": 1,
                "deletions": 1
              }
            }
          },
          {
            "hash": "09769e51a4930399e2b4e7a29716c726cc8bb7a8",
            "messageTitle": "Update User Guide",
            "messageBody": "",
            "fileTypesAndContributionMap": {
              "md": {
                "insertions": 2,
                "deletions": 2
              }
            }
          },
          {
            "hash": "b8df823747504ef918ffeb538b077f96645f1534",
            "messageTitle": "Improve User Guide",
            "messageBody": "",
            "fileTypesAndContributionMap": {
              "md": {
                "insertions": 12,
                "deletions": 12
              }
            }
          },
          {
            "hash": "ec1b7bddf88a1a09537aadf453f6e7286cce98ba",
            "messageTitle": "Make Ui \u0026 Gui response to untagging tasks with no tag",
            "messageBody": "",
            "tags": [
              "v1.1"
            ],
            "fileTypesAndContributionMap": {
              "java": {
                "insertions": 28,
                "deletions": 12
              }
            }
          },
          {
            "hash": "5da3b7e412f0101d18c9685ca306c8fb500d51fd",
            "messageTitle": "Add Version.java",
            "messageBody": "",
            "fileTypesAndContributionMap": {
              "java": {
                "insertions": 6,
                "deletions": 0
              }
            }
          },
          {
            "hash": "04f6971d2299502388eeb04c7935aa83ce91226f",
            "messageTitle": "Display version in DukeGuiWindow",
            "messageBody": "",
            "tags": [
              "v1.2",
              "A-Release"
            ],
            "fileTypesAndContributionMap": {
              "fxml": {
                "insertions": 1,
                "deletions": 1
              },
              "java": {
                "insertions": 6,
                "deletions": 0
              }
            }
          }
        ]
      }
    ]
  },
  "authorFileTypeContributionMap": {
    "Ma-Yueran": {
      "java": 3980,
      "md": 168,
      "fxml": 139,
      "sh": 1,
      "bat": 2,
      "gradle": 18,
      "txt": 16
    }
  },
  "authorContributionVariance": {
    "Ma-Yueran": 169892.78
  },
  "authorDisplayNameMap": {
    "Ma-Yueran": "CS2103T-F12-1 MA Y..ERAN"
  }
}
