{
  "authorDailyContributionsMap": {
    "Ma-Yueran": [
      {
        "date": "2020-08-18",
        "commitResults": [
          {
            "hash": "bfa716e996ad7532e9545ec6fc222bd9381bdc99",
            "messageTitle": "Add greet() \u0026 drawLine() functions into Duke.java",
            "messageBody": "",
            "tags": [
              "Start"
            ],
            "fileTypesAndContributionMap": {
              "java": {
                "insertions": 23,
                "deletions": 0
              }
            }
          },
          {
            "hash": "b9694d43ddd6d9e812c35a863364f8c907c2917e",
            "messageTitle": "Add UserInput.java",
            "messageBody": "",
            "fileTypesAndContributionMap": {
              "java": {
                "insertions": 13,
                "deletions": 0
              }
            }
          },
          {
            "hash": "491631d0c4c00209ff072a5b7888a1849908871d",
            "messageTitle": "Add echo function into Duke.java",
            "messageBody": "",
            "fileTypesAndContributionMap": {
              "java": {
                "insertions": 18,
                "deletions": 5
              }
            }
          },
          {
            "hash": "986ba7db64e67e98a54dc66eedbf9ab7bc037210",
            "messageTitle": "Add checkExit and Exit functions into Duke.java",
            "messageBody": "",
            "tags": [
              "Level-1"
            ],
            "fileTypesAndContributionMap": {
              "java": {
                "insertions": 38,
                "deletions": 11
              }
            }
          },
          {
            "hash": "c624498b43c422ee71660de27556e1b543c84fae",
            "messageTitle": "Add abstract class Command",
            "messageBody": "",
            "fileTypesAndContributionMap": {
              "java": {
                "insertions": 8,
                "deletions": 0
              }
            }
          },
          {
            "hash": "52f57b5a575dadf779533fb2e6b3aa0193b269bf",
            "messageTitle": "Add Exit.java",
            "messageBody": "",
            "fileTypesAndContributionMap": {
              "java": {
                "insertions": 19,
                "deletions": 0
              }
            }
          },
          {
            "hash": "62ea26349ec63dca0b1d98e6614700809fdf17a6",
            "messageTitle": "Add UIPrint.java",
            "messageBody": "",
            "fileTypesAndContributionMap": {
              "java": {
                "insertions": 14,
                "deletions": 0
              }
            }
          },
          {
            "hash": "3befe328e1d3a1d7ed01a5c5298c7388d657eee8",
            "messageTitle": "Add DukeCommandSet.java",
            "messageBody": "",
            "fileTypesAndContributionMap": {
              "java": {
                "insertions": 34,
                "deletions": 0
              }
            }
          },
          {
            "hash": "d9e7b22e678c601987122480117a3d0e3633f713",
            "messageTitle": "Remove function exit, checkExit. Move drawLine into UIPrint.java",
            "messageBody": "",
            "fileTypesAndContributionMap": {
              "java": {
                "insertions": 18,
                "deletions": 36
              }
            }
          },
          {
            "hash": "e2db5c226741e83654e3abde0191df1e0a1418ca",
            "messageTitle": "Add ListCommand.java",
            "messageBody": "",
            "fileTypesAndContributionMap": {
              "java": {
                "insertions": 13,
                "deletions": 0
              }
            }
          },
          {
            "hash": "40e36828385bebee62e4fc590605aa44ac194b73",
            "messageTitle": "Register ListCommand in DukeCommandSet.java, Rename Exit.java to ExitCommand.java",
            "messageBody": "",
            "fileTypesAndContributionMap": {
              "java": {
                "insertions": 4,
                "deletions": 4
              }
            }
          },
          {
            "hash": "57eb851220a698a8c1bece5316047989e049306e",
            "messageTitle": "Add storeInput function into Duke.java, Change the output format for command \"list\"",
            "messageBody": "",
            "tags": [
              "Level-2"
            ],
            "fileTypesAndContributionMap": {
              "java": {
                "insertions": 18,
                "deletions": 4
              }
            }
          },
          {
            "hash": "f3e8c04ac209e47e7bb6ec001b96ed3d2f39ab67",
            "messageTitle": "Add Task.java",
            "messageBody": "",
            "fileTypesAndContributionMap": {
              "java": {
                "insertions": 23,
                "deletions": 0
              }
            }
          },
          {
            "hash": "7b6d96044e47b33adbd7fd0212bd10811947e781",
            "messageTitle": "Make execute funtion take in a string as a parameter",
            "messageBody": "",
            "fileTypesAndContributionMap": {
              "java": {
                "insertions": 1,
                "deletions": 1
              }
            }
          },
          {
            "hash": "8cffc7104b3287ff4d62bb418f322b669dcd3f82",
            "messageTitle": "Add string parameter to execute function in ExitCommand.java and ListCommand.java",
            "messageBody": "",
            "fileTypesAndContributionMap": {
              "java": {
                "insertions": 4,
                "deletions": 4
              }
            }
          },
          {
            "hash": "d86d3272079f3db3c951eaca79c973ba70ece75e",
            "messageTitle": "Add DoneCommand.java",
            "messageBody": "",
            "fileTypesAndContributionMap": {
              "java": {
                "insertions": 26,
                "deletions": 0
              }
            }
          },
          {
            "hash": "ccb2afab9e86f1926d8f70f6f6699185d836408a",
            "messageTitle": "Register DoneCommand in DukeCommandSet.java",
            "messageBody": "",
            "fileTypesAndContributionMap": {
              "java": {
                "insertions": 1,
                "deletions": 0
              }
            }
          },
          {
            "hash": "3caf76c858823ca6a50e0a993e030c41d5783768",
            "messageTitle": "Change inputThings to tasks in Duke.java",
            "messageBody": "",
            "tags": [
              "Level-3"
            ],
            "fileTypesAndContributionMap": {
              "java": {
                "insertions": 6,
                "deletions": 3
              }
            }
          },
          {
            "hash": "3d7886da87d1588b3bdcd4daccb5dab0e5e8adb1",
            "messageTitle": "Move tick and cross icons from Task.java to UIPrint.java",
            "messageBody": "",
            "fileTypesAndContributionMap": {
              "java": {
                "insertions": 3,
                "deletions": 1
              }
            }
          },
          {
            "hash": "c64a516c7e2cbb2bc64f09cf632fecc26f16ac52",
            "messageTitle": "Change the constructor of Task.java from public to protected",
            "messageBody": "",
            "fileTypesAndContributionMap": {
              "java": {
                "insertions": 5,
                "deletions": 3
              }
            }
          },
          {
            "hash": "48115787fb3fd7dedcdc5ce547e8df4a4d04c0b3",
            "messageTitle": "Add ToDo.java Deadline.java Event.java",
            "messageBody": "",
            "fileTypesAndContributionMap": {
              "java": {
                "insertions": 40,
                "deletions": 0
              }
            }
          },
          {
            "hash": "85a0b53e63cd5a02ae874991d6c1739de711a7ff",
            "messageTitle": "Add DeadlineCommand.java EventCommand.java TodoCommand.java",
            "messageBody": "",
            "fileTypesAndContributionMap": {
              "java": {
                "insertions": 54,
                "deletions": 0
              }
            }
          },
          {
            "hash": "267c0fbaf27cf31d87374ac1feb690dde8490033",
            "messageTitle": "Register TodoCommand, DeadlineCommand, EventCommand in DukeCommandSet.java",
            "messageBody": "",
            "fileTypesAndContributionMap": {
              "java": {
                "insertions": 3,
                "deletions": 0
              }
            }
          },
          {
            "hash": "d4ef6195a343b83bed3b43ec615b9558b6ca3806",
            "messageTitle": "Add icons for todo, deadline, event",
            "messageBody": "",
            "fileTypesAndContributionMap": {
              "java": {
                "insertions": 5,
                "deletions": 2
              }
            }
          },
          {
            "hash": "0c91bb66fcc557fc928303c31480ab2b4774d530",
            "messageTitle": "Remove storeInput function, Add reportNewTask funtion in Duke.java",
            "messageBody": "",
            "tags": [
              "Level-4"
            ],
            "fileTypesAndContributionMap": {
              "java": {
                "insertions": 7,
                "deletions": 6
              }
            }
          }
        ]
      },
      {
        "date": "2020-08-19",
        "commitResults": [
          {
            "hash": "d108c0d5e005f538a21eea844bdfe596815a43f9",
            "messageTitle": "Unpack all java files in package main, Set up text-ui-test.",
            "messageBody": "",
            "fileTypesAndContributionMap": {
              "txt": {
                "insertions": 1,
                "deletions": 0
              },
              "java": {
                "insertions": 0,
                "deletions": 30
              },
              "bat": {
                "insertions": 1,
                "deletions": 1
              }
            }
          },
          {
            "hash": "7a6762edc1512c354d502652287368f1ada61727",
            "messageTitle": "Add more inputs in input.txt, Change EXPECTED.TXT accordingly",
            "messageBody": "",
            "tags": [
              "TextUiTesting",
              "A-TextUiTesting"
            ],
            "fileTypesAndContributionMap": {
              "txt": {
                "insertions": 10,
                "deletions": 0
              }
            }
          },
          {
            "hash": "def2f33c13a6d1a36ed897aab627ec4ab8066ea2",
            "messageTitle": "Modify tick and cross icon in UIPrint.java",
            "messageBody": "",
            "fileTypesAndContributionMap": {
              "java": {
                "insertions": 2,
                "deletions": 2
              }
            }
          },
          {
            "hash": "83c68cf7d4a750c3a6b7e7140204214897cb6610",
            "messageTitle": "Add DukeException.java NoDescriptionException.java UnknownCommandException.java",
            "messageBody": "",
            "fileTypesAndContributionMap": {
              "java": {
                "insertions": 21,
                "deletions": 0
              }
            }
          },
          {
            "hash": "75d66522bdd21f58ecc71822dc342894e286a32e",
            "messageTitle": "Make execute of TodoCommand.java throw NoDescriptionException",
            "messageBody": "",
            "fileTypesAndContributionMap": {
              "java": {
                "insertions": 11,
                "deletions": 1
              }
            }
          },
          {
            "hash": "beed41ddb485fbdc00da438a50c5c6dbd7e2caeb",
            "messageTitle": "Make getCommand in DukeCommandSet.java throw UnknownCommandException",
            "messageBody": "",
            "fileTypesAndContributionMap": {
              "java": {
                "insertions": 11,
                "deletions": 1
              }
            }
          },
          {
            "hash": "82b48651bbf6b85d6a6a26727ed4e48abb2dccb8",
            "messageTitle": "Handle DukeExceptions in Duke.java",
            "messageBody": "",
            "fileTypesAndContributionMap": {
              "java": {
                "insertions": 16,
                "deletions": 2
              }
            }
          },
          {
            "hash": "9b4833944a65f80fe05892c0fb3761a2fe20c59f",
            "messageTitle": "Change icons of tick \u0026 cross in UIPrint.java",
            "messageBody": "",
            "fileTypesAndContributionMap": {
              "java": {
                "insertions": 11,
                "deletions": 5
              }
            }
          },
          {
            "hash": "6b7ae5f77c45301aec6e42062e5e202d07c87913",
            "messageTitle": "Add IncorrectFormatException.java InvalidIndexException.java",
            "messageBody": "",
            "fileTypesAndContributionMap": {
              "java": {
                "insertions": 14,
                "deletions": 0
              }
            }
          },
          {
            "hash": "23c12a6aa8adcf28276d61d5ffd22536b3c53fbd",
            "messageTitle": "Make execute of DeadlineCommand.java and EventCommand.java throw IncorrectFormatException",
            "messageBody": "",
            "fileTypesAndContributionMap": {
              "java": {
                "insertions": 24,
                "deletions": 0
              }
            }
          },
          {
            "hash": "cc01f939ae30e132acf7cf8b392fc0f7887a1374",
            "messageTitle": "Make execute of DoneCommand.java throw InvalidIndexException",
            "messageBody": "",
            "fileTypesAndContributionMap": {
              "java": {
                "insertions": 18,
                "deletions": 3
              }
            }
          },
          {
            "hash": "38020fa8fdd6cc66a124907ad503b307fe289750",
            "messageTitle": "Improve task list UI",
            "messageBody": "",
            "fileTypesAndContributionMap": {
              "java": {
                "insertions": 5,
                "deletions": 0
              }
            }
          },
          {
            "hash": "65cbda062d753c702888f003959c470e8a370b05",
            "messageTitle": "Handle IncorrectFormatException and InvalidIndexException in Duke.java",
            "messageBody": "",
            "fileTypesAndContributionMap": {
              "java": {
                "insertions": 4,
                "deletions": 14
              }
            }
          },
          {
            "hash": "09e379b1dca7f9d5e9fe7adc468872057e97d4d6",
            "messageTitle": "Improve UI of error message in DukeCommand.java and TodoCommand.java",
            "messageBody": "",
            "tags": [
              "Level-5"
            ],
            "fileTypesAndContributionMap": {
              "java": {
                "insertions": 2,
                "deletions": 2
              }
            }
          },
          {
            "hash": "afec72789a9cd6f3ac77092014c005aa7eed0459",
            "messageTitle": "Add DeleteCommand.java",
            "messageBody": "",
            "fileTypesAndContributionMap": {
              "java": {
                "insertions": 32,
                "deletions": 0
              }
            }
          },
          {
            "hash": "1f76997e7069be9055c2a09ac530df5b3f870186",
            "messageTitle": "Register DeleteCommand in DukeCommandSet.java",
            "messageBody": "",
            "fileTypesAndContributionMap": {
              "java": {
                "insertions": 1,
                "deletions": 0
              }
            }
          },
          {
            "hash": "8cb0506de633ff7fae6fe7a5ce4b13fb8e47234f",
            "messageTitle": "Add reportDeleteTask function in Duke.java",
            "messageBody": "",
            "tags": [
              "Level-6v1"
            ],
            "fileTypesAndContributionMap": {
              "java": {
                "insertions": 10,
                "deletions": 4
              }
            }
          },
          {
            "hash": "81e1ed7e6c4d3cf4c470043d876aa92281712e29",
            "messageTitle": "Move Duke logo from Duke.java to UIPrint.java",
            "messageBody": "",
            "fileTypesAndContributionMap": {
              "java": {
                "insertions": 10,
                "deletions": 8
              }
            }
          },
          {
            "hash": "fa43d3912fd5de98f073d9008b9e77ba6c47367b",
            "messageTitle": "Move all functions in Duke.java to DukeFunction.java Move all data in Duke.java to DukeData.java",
            "messageBody": "",
            "fileTypesAndContributionMap": {
              "java": {
                "insertions": 88,
                "deletions": 66
              }
            }
          },
          {
            "hash": "a59a0afa3d97250b83ee7627f46803bf7792b9d8",
            "messageTitle": "Classify files and move them into different packages",
            "messageBody": "",
            "fileTypesAndContributionMap": {
              "java": {
                "insertions": 74,
                "deletions": 16
              }
            }
          },
          {
            "hash": "1984cb591bfcd2fc0d3e5cc15bdbef1ff40d4ed5",
            "messageTitle": "Add reportDoneTask funtion to DukeFuntion.java, Call the function in DoneCommand.java",
            "messageBody": "",
            "fileTypesAndContributionMap": {
              "java": {
                "insertions": 11,
                "deletions": 2
              }
            }
          },
          {
            "hash": "212fbe44f0cee79f8ecae58c00b01cc81e85cbc2",
            "messageTitle": "Add reportExit funtion to DataFunction.java, Call  the function in ExitCommand.java",
            "messageBody": "",
            "fileTypesAndContributionMap": {
              "java": {
                "insertions": 11,
                "deletions": 6
              }
            }
          },
          {
            "hash": "a188cccb4fdb7194caf89b00b01de5c3791f7820",
            "messageTitle": "Add reportCurrentTasks function to DukeFunction.java, Call the function in ListCommand.java",
            "messageBody": "",
            "fileTypesAndContributionMap": {
              "java": {
                "insertions": 18,
                "deletions": 14
              }
            }
          },
          {
            "hash": "053de2d1d8411b75bcf3ca4c1c3c8537ea1634c9",
            "messageTitle": "Add checkException function to the command classes",
            "messageBody": "",
            "fileTypesAndContributionMap": {
              "java": {
                "insertions": 60,
                "deletions": 35
              }
            }
          },
          {
            "hash": "d05c32e78e6d004576db3a494435ee4d07005ee9",
            "messageTitle": "Add some empty lines to the classes",
            "messageBody": "",
            "tags": [
              "Level-6v2",
              "Level-6"
            ],
            "fileTypesAndContributionMap": {
              "java": {
                "insertions": 8,
                "deletions": 0
              }
            }
          },
          {
            "hash": "8dd5e642f61e8ae9abd8f8b8223a0dfe2e1a62a2",
            "messageTitle": "Add more inputs, Modify EXPECTED.TXT accordingly",
            "messageBody": "",
            "fileTypesAndContributionMap": {
              "txt": {
                "insertions": 5,
                "deletions": 0
              }
            }
          }
        ]
      },
      {
        "date": "2020-08-26",
        "commitResults": [
          {
            "hash": "508233de557e0a5aabd06e1065fc6d26deaeb7bd",
            "messageTitle": "Add TaskSave.java",
            "messageBody": "The class supports saving tasks in DukeData class into txt files.\nThe class supports reading tasks saved before.\n",
            "fileTypesAndContributionMap": {
              "java": {
                "insertions": 106,
                "deletions": 0
              }
            }
          },
          {
            "hash": "45fac298128824344f878ad6c7449bf1d0ef370f",
            "messageTitle": "Add UnknownTaskTypeException.java",
            "messageBody": "",
            "fileTypesAndContributionMap": {
              "java": {
                "insertions": 8,
                "deletions": 0
              }
            }
          },
          {
            "hash": "d80b7dc3f4e4edb92922ecba868ec1c4ad7b6d20",
            "messageTitle": "Add methods for creating tasks in Deadline.java, Event.java, ToDo.java",
            "messageBody": "The new create methods simplify input params\n\nMake constructors of Event, ToDo, Deadline private,\nAdd taskInfo param into all task constructors\n",
            "fileTypesAndContributionMap": {
              "java": {
                "insertions": 102,
                "deletions": 7
              }
            }
          },
          {
            "hash": "0d31adb511962656e9eac7e71d722089ff7e6711",
            "messageTitle": "Use create methods of tasks in the command classes",
            "messageBody": "",
            "fileTypesAndContributionMap": {
              "java": {
                "insertions": 3,
                "deletions": 47
              }
            }
          },
          {
            "hash": "4de18c5f1b5eb5ae1e0450ade5f8fa2ea3ab4e00",
            "messageTitle": "Remove extra drawLine functions in DoneCommand.java",
            "messageBody": "",
            "fileTypesAndContributionMap": {
              "java": {
                "insertions": 0,
                "deletions": 4
              }
            }
          },
          {
            "hash": "f3ab1d8ca7ef52e0cbbf35f6394479c85c8cfb8d",
            "messageTitle": "Add loadSavedTasks \u0026 saveCurrentTasks functions in DukeFunction.java",
            "messageBody": "",
            "fileTypesAndContributionMap": {
              "java": {
                "insertions": 11,
                "deletions": 0
              }
            }
          },
          {
            "hash": "9cf38c1929ea09178b6c7caf4798271abe4c9bc0",
            "messageTitle": "Use loadSavedTasks \u0026 saveCurrentTasks in Duke.java",
            "messageBody": "",
            "fileTypesAndContributionMap": {
              "java": {
                "insertions": 6,
                "deletions": 1
              }
            }
          },
          {
            "hash": "7ed5569464b30222065ca0e997c7503ab9cc4d4c",
            "messageTitle": "Add Time.java",
            "messageBody": "",
            "fileTypesAndContributionMap": {
              "java": {
                "insertions": 51,
                "deletions": 0
              }
            }
          },
          {
            "hash": "b6655bf18a8fe6fa25792cf59de3cd16fbb14d2b",
            "messageTitle": "Add TimeFormat.java",
            "messageBody": "",
            "fileTypesAndContributionMap": {
              "java": {
                "insertions": 17,
                "deletions": 0
              }
            }
          },
          {
            "hash": "30a96843770dbedaca8acc58290a6d27723ec93e",
            "messageTitle": "Add TimeParser.java",
            "messageBody": "",
            "fileTypesAndContributionMap": {
              "java": {
                "insertions": 32,
                "deletions": 0
              }
            }
          },
          {
            "hash": "6e863e67319d0b4ca206d0c22a4279335b815010",
            "messageTitle": "Add TimeComparison.java",
            "messageBody": "",
            "tags": [
              "A-Enums"
            ],
            "fileTypesAndContributionMap": {
              "java": {
                "insertions": 8,
                "deletions": 0
              }
            }
          },
          {
            "hash": "4b9011cc1aca689cc653c00fa01247e208ff3f0d",
            "messageTitle": "Use Time class in Deadline.java \u0026 Event.java",
            "messageBody": "",
            "fileTypesAndContributionMap": {
              "java": {
                "insertions": 8,
                "deletions": 4
              }
            }
          },
          {
            "hash": "1feef6e4b778f211b957a465c4341ce8c389c30a",
            "messageTitle": "Remove extra drawLine functions in DoneCommand.java",
            "messageBody": "",
            "tags": [
              "Level-8"
            ],
            "fileTypesAndContributionMap": {
              "java": {
                "insertions": 0,
                "deletions": 4
              }
            }
          },
          {
            "hash": "d66fcef2867cc3153af17fd5e05e806b575db1ae",
            "messageTitle": "Move ui related functions in DukeFunction.java to Ui.java",
            "messageBody": "",
            "fileTypesAndContributionMap": {
              "java": {
                "insertions": 80,
                "deletions": 77
              }
            }
          },
          {
            "hash": "8efb94d3bc827cbe73ecf5212c40562b5bd63b95",
            "messageTitle": "Use functions of Ui.java in command classes and Duke.java",
            "messageBody": "",
            "fileTypesAndContributionMap": {
              "java": {
                "insertions": 16,
                "deletions": 20
              }
            }
          },
          {
            "hash": "6994ba2334c50ec9df3fa3d3bb61a90a6effcbf0",
            "messageTitle": "Rename TaskSave.java to TaskStorage.java, Move TaskStorage.java from data package to storage package",
            "messageBody": "",
            "fileTypesAndContributionMap": {
              "java": {
                "insertions": 6,
                "deletions": 6
              }
            }
          },
          {
            "hash": "0b08da24913dbfc9f85e3788d7e9a954f1060bf6",
            "messageTitle": "Rename DukeData.java to DukeTaskList.java, Add DukeState.java, Move exitLoop from DukeTaskList.java to DukeState.java",
            "messageBody": "",
            "fileTypesAndContributionMap": {
              "java": {
                "insertions": 8,
                "deletions": 4
              }
            }
          },
          {
            "hash": "02c8953c6a8b465152f1d0786947c2e25f5ca1e0",
            "messageTitle": "Use DukeTaskList \u0026 DukeState in other classes",
            "messageBody": "",
            "fileTypesAndContributionMap": {
              "java": {
                "insertions": 27,
                "deletions": 25
              }
            }
          },
          {
            "hash": "c94daa7b0cddda1765937ebe192a1c0760f8fe2a",
            "messageTitle": "Change some code format",
            "messageBody": "",
            "fileTypesAndContributionMap": {
              "java": {
                "insertions": 3,
                "deletions": 0
              }
            }
          },
          {
            "hash": "f251855004589c9e47ba417ef8315d82e890f8c0",
            "messageTitle": "Move loadSavedTasks \u0026 saveCurrentTasks from DukeFunction.java to DukeStorage.java",
            "messageBody": "",
            "fileTypesAndContributionMap": {
              "java": {
                "insertions": 19,
                "deletions": 14
              }
            }
          },
          {
            "hash": "ff7081e31e057f83467b557671ddd5ccbe6a96e7",
            "messageTitle": "Rename DukeFunction.java to CommandParser.java",
            "messageBody": "Rename checkCommand to parse\n\nSplit process of command parsing to splitInputLine, tryGetCommand, tryExecuteCommand\n\nMove CommandParser from function to command\n\nDelete function package\n",
            "fileTypesAndContributionMap": {
              "java": {
                "insertions": 55,
                "deletions": 35
              }
            }
          },
          {
            "hash": "4556445db816a80c58b11e17296767ee6c674798",
            "messageTitle": "Add run function in Duke.java",
            "messageBody": "",
            "tags": [
              "A-MoreOOP"
            ],
            "fileTypesAndContributionMap": {
              "java": {
                "insertions": 5,
                "deletions": 1
              }
            }
          },
          {
            "hash": "f6556747b877c37e3ffa0f4d6872d8a70f365540",
            "messageTitle": "Move all packages and Duke.java into package duke",
            "messageBody": "",
            "tags": [
              "A-Packages"
            ],
            "fileTypesAndContributionMap": {
              "java": {
                "insertions": 95,
                "deletions": 93
              },
              "sh": {
                "insertions": 1,
                "deletions": 1
              },
              "md": {
                "insertions": 2,
                "deletions": 2
              }
            }
          }
        ]
      },
      {
        "date": "2020-08-27",
        "commitResults": [
          {
            "hash": "af879c1568d2e014afbd2a6cdbfc33e2b802a42c",
            "messageTitle": "Make DukeCommandSet not singleton",
            "messageBody": "",
            "fileTypesAndContributionMap": {
              "java": {
                "insertions": 0,
                "deletions": 9
              }
            }
          },
          {
            "hash": "cc2c455db6f0419b1eeb42095e9dd852a02a32c3",
            "messageTitle": "Make DukeState not static",
            "messageBody": "",
            "fileTypesAndContributionMap": {
              "java": {
                "insertions": 5,
                "deletions": 1
              }
            }
          },
          {
            "hash": "40cd483fc3d82c8f68e32ecaa7711d9452d5bea2",
            "messageTitle": "make DukeTaskList not static",
            "messageBody": "",
            "fileTypesAndContributionMap": {
              "java": {
                "insertions": 5,
                "deletions": 1
              }
            }
          },
          {
            "hash": "1846c436d00594532d3b7e55c4d365ab72b0cd46",
            "messageTitle": "Make DukeStorage not static",
            "messageBody": "",
            "fileTypesAndContributionMap": {
              "java": {
                "insertions": 11,
                "deletions": 5
              }
            }
          },
          {
            "hash": "b721371aa7a31e3187bd0325f8727d360e4381d4",
            "messageTitle": "Make Ui not static",
            "messageBody": "",
            "fileTypesAndContributionMap": {
              "java": {
                "insertions": 19,
                "deletions": 13
              }
            }
          },
          {
            "hash": "3c6e825f85f15779eb17f3a29fc970addd793326",
            "messageTitle": "Pass duke as a param to execute, Use duke in execute",
            "messageBody": "",
            "fileTypesAndContributionMap": {
              "java": {
                "insertions": 36,
                "deletions": 40
              }
            }
          },
          {
            "hash": "efa486130ba7fe2a0f12061a23b0050666436827",
            "messageTitle": "Make CommandParser not static",
            "messageBody": "",
            "fileTypesAndContributionMap": {
              "java": {
                "insertions": 9,
                "deletions": 8
              }
            }
          },
          {
            "hash": "56f60a6c07ec59e9b27efe90ba4ee9514b4a91c5",
            "messageTitle": "Instantiate DukeCommandSet, DukeState, Ui, CommandParser, DukeTaskList, DukeStorage in Duke.java",
            "messageBody": "",
            "fileTypesAndContributionMap": {
              "java": {
                "insertions": 23,
                "deletions": 5
              }
            }
          },
          {
            "hash": "3915fbac28c47d265e8b6ac027cd0cc08854d4e1",
            "messageTitle": "Make getTaskType return \"task\" in Task.java",
            "messageBody": "",
            "fileTypesAndContributionMap": {
              "java": {
                "insertions": 1,
                "deletions": 1
              }
            }
          },
          {
            "hash": "da4bd939f556144e3ff64c4cd526c36e334643ac",
            "messageTitle": "Make constructor of ToDo private",
            "messageBody": "",
            "fileTypesAndContributionMap": {
              "java": {
                "insertions": 1,
                "deletions": 1
              }
            }
          },
          {
            "hash": "490bf36254833b104a881ed5e3222c8f5d3a6949",
            "messageTitle": "Add DeadlineTest.java, EventTest.java, ToDoTest.java",
            "messageBody": "",
            "fileTypesAndContributionMap": {
              "java": {
                "insertions": 133,
                "deletions": 0
              }
            }
          },
          {
            "hash": "8cd7702475d5d5758c00c8856756393be83f7251",
            "messageTitle": "Add DukeCommandSetTest.java",
            "messageBody": "",
            "fileTypesAndContributionMap": {
              "java": {
                "insertions": 41,
                "deletions": 0
              }
            }
          },
          {
            "hash": "f8678c3421a178c9540c554042255d7d6f7f567a",
            "messageTitle": "Add DukeStub.java",
            "messageBody": "",
            "fileTypesAndContributionMap": {
              "java": {
                "insertions": 8,
                "deletions": 0
              }
            }
          },
          {
            "hash": "73c78ef05518e1a34048d537359240c44502dfd0",
            "messageTitle": "Add DeadlineCommandTest.java, EventCommandTest.java, ToDoCommandTest.java",
            "messageBody": "",
            "fileTypesAndContributionMap": {
              "java": {
                "insertions": 147,
                "deletions": 0
              }
            }
          },
          {
            "hash": "54b2c8ba7b685de736c706da8b95e160c41c9b30",
            "messageTitle": "Add DukeTest.java",
            "messageBody": "",
            "fileTypesAndContributionMap": {
              "java": {
                "insertions": 12,
                "deletions": 0
              }
            }
          },
          {
            "hash": "221bb7222f58a7180403ac9ac206ee45addb1ecf",
            "messageTitle": "Add UiStub.java, UiSideEffects.java",
            "messageBody": "",
            "fileTypesAndContributionMap": {
              "java": {
                "insertions": 83,
                "deletions": 0
              }
            }
          },
          {
            "hash": "66ecf5985e2ea184276aee80a6afc53e7365d4b3",
            "messageTitle": "Add DukeTaskListStub.java",
            "messageBody": "",
            "fileTypesAndContributionMap": {
              "java": {
                "insertions": 22,
                "deletions": 0
              }
            }
          },
          {
            "hash": "be8f8a125878b262985785cabbbab748980fa0f1",
            "messageTitle": "Use UiStub \u0026 DukeTaskListStub in DukeStub",
            "messageBody": "",
            "fileTypesAndContributionMap": {
              "java": {
                "insertions": 13,
                "deletions": 1
              }
            }
          },
          {
            "hash": "d85007eea35b114d9307969e6bc8ce0d0c8e25a3",
            "messageTitle": "Add conditions to check ui side effects in tests for create-task commands",
            "messageBody": "",
            "fileTypesAndContributionMap": {
              "java": {
                "insertions": 30,
                "deletions": 3
              }
            }
          },
          {
            "hash": "98113c520c33ca87bcee93f5a4d2d7929a8722b0",
            "messageTitle": "Add DeleteCommandTest.java",
            "messageBody": "",
            "fileTypesAndContributionMap": {
              "java": {
                "insertions": 54,
                "deletions": 0
              }
            }
          },
          {
            "hash": "e46c39c4f583bcb3ef5d6ef96b667f6a4fa3a231",
            "messageTitle": "Add DoneCommandTest.java",
            "messageBody": "",
            "fileTypesAndContributionMap": {
              "java": {
                "insertions": 53,
                "deletions": 0
              }
            }
          },
          {
            "hash": "21488428c155bd9d7a58a10de9f33b325f6b3761",
            "messageTitle": "Add ExitCommandTest.java",
            "messageBody": "",
            "fileTypesAndContributionMap": {
              "java": {
                "insertions": 36,
                "deletions": 0
              }
            }
          },
          {
            "hash": "fd2e8ea7547512e9ea5296ae5562ae291751996a",
            "messageTitle": "Add ListCommandTest.java",
            "messageBody": "",
            "fileTypesAndContributionMap": {
              "java": {
                "insertions": 41,
                "deletions": 0
              }
            }
          },
          {
            "hash": "83b001276b8d4548cc9904538b57e750703f0d21",
            "messageTitle": "Add getTask, addTask, deleteTask, getSize, setTasks, getTasks in DukeTaskList.java",
            "messageBody": "",
            "fileTypesAndContributionMap": {
              "java": {
                "insertions": 28,
                "deletions": 1
              }
            }
          },
          {
            "hash": "d4538db02e920f7be5f52853f8c7ca8a463d443f",
            "messageTitle": "Use methods of DukeTaskList in the classes",
            "messageBody": "",
            "fileTypesAndContributionMap": {
              "java": {
                "insertions": 14,
                "deletions": 14
              }
            }
          },
          {
            "hash": "434579865b377c8e64652f6e3a18cac7368413ad",
            "messageTitle": "Modify DukeTaskListStub.java, Add DukeTaskListSideEffects.java",
            "messageBody": "",
            "fileTypesAndContributionMap": {
              "java": {
                "insertions": 83,
                "deletions": 10
              }
            }
          },
          {
            "hash": "ef6d85b37cb8e14c40cd8cf5dfa686473572c548",
            "messageTitle": "Modify TaskList checking conditions",
            "messageBody": "",
            "fileTypesAndContributionMap": {
              "java": {
                "insertions": 24,
                "deletions": 12
              }
            }
          },
          {
            "hash": "08d866ff3135d49ec28287ff6bc6b38710defced",
            "messageTitle": "Make TaskStorage not a Singleton",
            "messageBody": "",
            "fileTypesAndContributionMap": {
              "java": {
                "insertions": 21,
                "deletions": 13
              }
            }
          },
          {
            "hash": "9fc3cec7ffbc2cc24588a4935673832e20019a6a",
            "messageTitle": "Add indexCheck function in DukeTaskList.java",
            "messageBody": "",
            "fileTypesAndContributionMap": {
              "java": {
                "insertions": 10,
                "deletions": 1
              }
            }
          },
          {
            "hash": "320c7d140d3f29eb280414e063bac3719d9ee976",
            "messageTitle": "Add TaskStorageStub.java \u0026 TaskStorageSideEffects.java",
            "messageBody": "",
            "fileTypesAndContributionMap": {
              "java": {
                "insertions": 52,
                "deletions": 0
              }
            }
          },
          {
            "hash": "5c5e5a6ee846d0d7e4aeba8530f850177ec3a258",
            "messageTitle": "Add DukeStorageTest.java",
            "messageBody": "",
            "fileTypesAndContributionMap": {
              "java": {
                "insertions": 49,
                "deletions": 0
              }
            }
          },
          {
            "hash": "3b3496eca4e208eb41c3fd1fa1d0a27fa2c41490",
            "messageTitle": "Add DukeTaskListTest.java",
            "messageBody": "",
            "fileTypesAndContributionMap": {
              "java": {
                "insertions": 137,
                "deletions": 0
              }
            }
          },
          {
            "hash": "84858db67a56588194488a2839dca9e776bf503e",
            "messageTitle": "Remove DukeTest.java",
            "messageBody": "",
            "tags": [
              "v0.1",
              "A-JUnit",
              "A-CodingStandard"
            ],
            "fileTypesAndContributionMap": {
              "java": {
                "insertions": 0,
                "deletions": 12
              }
            }
          },
          {
            "hash": "df61c48b3ad995385631eff788c20387ab0864d4",
            "messageTitle": "Add javadoc to all classes and their public methods",
            "messageBody": "",
            "fileTypesAndContributionMap": {
              "java": {
                "insertions": 336,
                "deletions": 1
              }
            }
          },
          {
            "hash": "e53e71e23e7b78610317faf37220f229e999fa1a",
            "messageTitle": "Add FindCommand.java",
            "messageBody": "",
            "fileTypesAndContributionMap": {
              "java": {
                "insertions": 20,
                "deletions": 0
              }
            }
          },
          {
            "hash": "4829df82a21172a22870b69c70b8475605d5e60e",
            "messageTitle": "Add findTasks method in DukeTaskList.java",
            "messageBody": "",
            "fileTypesAndContributionMap": {
              "java": {
                "insertions": 12,
                "deletions": 0
              }
            }
          },
          {
            "hash": "dc8eedf408e8632d49f0d9fe7504feffa57a4152",
            "messageTitle": "Add containKeyWord method in Task.java",
            "messageBody": "",
            "fileTypesAndContributionMap": {
              "java": {
                "insertions": 4,
                "deletions": 0
              }
            }
          },
          {
            "hash": "1fe7601fac429f3577829a43b763dcfac2337b92",
            "messageTitle": "Add reportGivenTasks in Ui.java",
            "messageBody": "",
            "fileTypesAndContributionMap": {
              "java": {
                "insertions": 18,
                "deletions": 0
              }
            }
          },
          {
            "hash": "d36bdf5451da0dbb04871ce6116c8ad2a306a5cb",
            "messageTitle": "Register FindCommand in DukeCommandSet.java",
            "messageBody": "",
            "tags": [
              "Level-9"
            ],
            "fileTypesAndContributionMap": {
              "java": {
                "insertions": 1,
                "deletions": 0
              }
            }
          },
          {
            "hash": "8f194f97c3ea4b6b1eca00395069a52deba398f3",
            "messageTitle": "Add javadoc to FindCommand.java",
            "messageBody": "",
            "fileTypesAndContributionMap": {
              "java": {
                "insertions": 13,
                "deletions": 1
              }
            }
          },
          {
            "hash": "2e664f689ce2d00d19f6c6702f53fc552cefef5b",
            "messageTitle": "Add FindCommandTest.java",
            "messageBody": "",
            "fileTypesAndContributionMap": {
              "java": {
                "insertions": 42,
                "deletions": 0
              }
            }
          },
          {
            "hash": "7ae1b9a8b9f95cc5223814952ec4250bccd8e085",
            "messageTitle": "Override findTasks in DukeTaskListStub.java, Add findTasks variable in DukeTaskListSideEffects.java",
            "messageBody": "",
            "fileTypesAndContributionMap": {
              "java": {
                "insertions": 10,
                "deletions": 7
              }
            }
          },
          {
            "hash": "7b5b6a572077e8c2e164331c4aadc665ad83d3ae",
            "messageTitle": "Use reset in UiSideEffects constructor",
            "messageBody": "",
            "fileTypesAndContributionMap": {
              "java": {
                "insertions": 1,
                "deletions": 7
              }
            }
          }
        ]
      }
    ]
  },
  "authorFileTypeContributionMap": {
    "Ma-Yueran": {
      "java": 2393,
      "md": 2,
      "fxml": 0,
      "sh": 1,
      "bat": 1,
      "gradle": 0,
      "txt": 16
    }
  },
  "authorContributionVariance": {
    "Ma-Yueran": 279810.94
  },
  "authorDisplayNameMap": {
    "Ma-Yueran": "MA Y..ERAN"
  }
}
