{"authorDailyContributionsMap":{"ducbinh2611":[{"date":"2020-08-16","commitResults":[{"hash":"77e1d6b8b99d64a6fe44b56b99c09b9d32605957","messageTitle":"Increment level 1","messageBody":"","tags":["Level-1"],"fileTypesAndContributionMap":{"java":{"insertions":21,"deletions":6}}},{"hash":"b8f835ffa68750067b9b8b88acaf135621d690a1","messageTitle":"Update for level 2","messageBody":"","tags":["Level-2"],"fileTypesAndContributionMap":{"java":{"insertions":36,"deletions":1}}}]},{"date":"2020-08-18","commitResults":[{"hash":"ae24c3cd81ad36b105959428c64fa22f786a3467","messageTitle":"Add mark task as Done function","messageBody":"","tags":["Level-3"],"fileTypesAndContributionMap":{"java":{"insertions":75,"deletions":18}}},{"hash":"222be842b24f56e7096a874f09243bf37632ece8","messageTitle":"Add ToDo, Event, DeadLine class","messageBody":"","tags":["Level-4"],"fileTypesAndContributionMap":{"java":{"insertions":28,"deletions":0}}},{"hash":"46c0025d355ef066e1300cc3278d579bff6115fa","messageTitle":"Add exceptions and handling these exceptions","messageBody":"","tags":["Level-5"],"fileTypesAndContributionMap":{"java":{"insertions":4,"deletions":0}}}]},{"date":"2020-08-20","commitResults":[{"hash":"7ce7a3406deb2c0de9a0233cfd9db82b615dea9b","messageTitle":"Add UI testing","messageBody":"","fileTypesAndContributionMap":{"txt":{"insertions":12,"deletions":0},"java":{"insertions":192,"deletions":24},"sh":{"insertions":3,"deletions":1}}},{"hash":"e2fa783582337cf4610295ecbc4bbc9c3ad4cfc3","messageTitle":"Add deletion of task","messageBody":"","tags":["Level-6"],"fileTypesAndContributionMap":{"txt":{"insertions":0,"deletions":12}}},{"hash":"5bd754a6de0361918e137be62c5c0c19499018c5","messageTitle":"Add UI Text testing","messageBody":"","tags":["A-TextUiTesting"],"fileTypesAndContributionMap":{"txt":{"insertions":12,"deletions":0}}},{"hash":"61a07aeac9d4eaf6ac9dc1de60ad3bc718810324","messageTitle":"Add enumerations for keyword","messageBody":"","tags":["A-enums"],"fileTypesAndContributionMap":{"java":{"insertions":4,"deletions":0}}}]},{"date":"2020-08-22","commitResults":[{"hash":"b9df9b02e75b43b9ca6680c54d765d1cda6cfef9","messageTitle":"Add enumerations for command keyword","messageBody":"","fileTypesAndContributionMap":{"java":{"insertions":69,"deletions":40}}}]},{"date":"2020-08-23","commitResults":[{"hash":"59c52146b65b3a6d0796cf6cce3b4d127ee2aa2e","messageTitle":"Add save task list from hard disk (partially)","messageBody":"","fileTypesAndContributionMap":{"txt":{"insertions":3,"deletions":0},"java":{"insertions":196,"deletions":54}}},{"hash":"4d7ad09537e2ad5a10080817f6d7917f188b5f71","messageTitle":"Add LocalDate and LocalDateTime object as a field of Task","messageBody":"","fileTypesAndContributionMap":{"java":{"insertions":65,"deletions":11}}},{"hash":"e6f5bcdf426c30287b6b4daddb5099fadff8072c","messageTitle":"Handle missing data folder and missing duke.txt file","messageBody":"","fileTypesAndContributionMap":{"java":{"insertions":11,"deletions":4}}}]},{"date":"2020-08-25","commitResults":[{"hash":"d149c5439ab0d40ad770e8e06b0cb2eadcaec0a0","messageTitle":"Create folder/file if folder/file is missing","messageBody":"","fileTypesAndContributionMap":{"java":{"insertions":8,"deletions":4}}},{"hash":"cbddbdc17ccb176afc64bf3e6c2c3bbdffb050cc","messageTitle":"Add relative path to duke.txt","messageBody":"","tags":["Level-7"],"fileTypesAndContributionMap":{"java":{"insertions":1,"deletions":2}}},{"hash":"f76c0b60d5423edaca4cb73083adf3bef7041de8","messageTitle":"Add Parser class to deal with parsing user input","messageBody":"","fileTypesAndContributionMap":{"java":{"insertions":72,"deletions":10}}},{"hash":"7efa9e9927910c7d7e7394a64395c8e6c5358e7a","messageTitle":"Add Ui class to deal with interaction with user","messageBody":"","fileTypesAndContributionMap":{"java":{"insertions":88,"deletions":21}}},{"hash":"d34b5c8b63317121b95d79a1e1ca826cb5ed49d5","messageTitle":"Introduce more OOP","messageBody":"","tags":["A-MoreOOP"],"fileTypesAndContributionMap":{"txt":{"insertions":2,"deletions":0},"java":{"insertions":95,"deletions":172}}}]},{"date":"2020-08-26","commitResults":[{"hash":"39240399e4e16dbd36af64ab9e288329e82aecbe","messageTitle":"Add JUnit tests for Task and Parser","messageBody":"","tags":["A-JUnit"],"fileTypesAndContributionMap":{"java":{"insertions":41,"deletions":3}}},{"hash":"2e7d4887c77ff973318b2f98c252259af502f4f1","messageTitle":"Debug invalid command","messageBody":"","tags":["A-Jar"],"fileTypesAndContributionMap":{"java":{"insertions":4,"deletions":4}}},{"hash":"87d4d49db8b93c9116efe2a6c7d17c3c3d744ab1","messageTitle":"Adds partial documentation","messageBody":"","fileTypesAndContributionMap":{"java":{"insertions":33,"deletions":6}}},{"hash":"099558f9a2679f256e96840a3b412a8ac144944a","messageTitle":"Add Javadoc documentation to half of the public classes","messageBody":"","tags":["A-JavaDoc"],"fileTypesAndContributionMap":{"java":{"insertions":140,"deletions":8}}},{"hash":"b60924bf477ef0d8be4c2b5b49866144fefb85d7","messageTitle":"Fix styling to adhere to coding standard","messageBody":"","fileTypesAndContributionMap":{"java":{"insertions":21,"deletions":19}}},{"hash":"2dc88905178b8ffc96c4555ffec923a94cf87b22","messageTitle":"Add Find a keyword function","messageBody":"","fileTypesAndContributionMap":{"txt":{"insertions":2,"deletions":0},"java":{"insertions":47,"deletions":4}}},{"hash":"20b6a072dbbee6c3dfb54069e776dda1d04912ca","messageTitle":"Repackage the files","messageBody":"","fileTypesAndContributionMap":{"txt":{"insertions":1,"deletions":1},"java":{"insertions":48,"deletions":20}}}]},{"date":"2020-08-30","commitResults":[{"hash":"685e331044d63ede73a00f67bd86b88305e692b5","messageTitle":"Automate project builds using Gradle","messageBody":"","fileTypesAndContributionMap":{"gradle":{"insertions":5,"deletions":1},"txt":{"insertions":1,"deletions":1},"java":{"insertions":43,"deletions":43}}}]},{"date":"2020-08-31","commitResults":[{"hash":"fa4f373405348a66b18af08abd3ef47a93e8b2e2","messageTitle":"Fix packaging for all files","messageBody":"","fileTypesAndContributionMap":{"txt":{"insertions":1,"deletions":1},"java":{"insertions":40,"deletions":40}}}]},{"date":"2020-09-01","commitResults":[{"hash":"215960305d10a1c4602502b71f98554257956eb8","messageTitle":"Change path to duke.txt","messageBody":"","fileTypesAndContributionMap":{"txt":{"insertions":1,"deletions":1}}},{"hash":"c7e4b812c33e640f6e21ec3c345cffa1f6f9159f","messageTitle":"Add DialogBox","messageBody":"","fileTypesAndContributionMap":{"java":{"insertions":142,"deletions":0}}}]},{"date":"2020-09-02","commitResults":[{"hash":"48b399d9c0666ef6ca0cb1032b08fcdc77a46d09","messageTitle":"Add custom behaviour and background color to DialogBox","messageBody":"","fileTypesAndContributionMap":{"fxml":{"insertions":35,"deletions":0},"java":{"insertions":40,"deletions":6}}},{"hash":"dbf4597c61a7e8d72a5fee0c19290a5693ceacd7","messageTitle":"Refactor the UI-related code","messageBody":"","fileTypesAndContributionMap":{"txt":{"insertions":6,"deletions":0},"java":{"insertions":182,"deletions":139}}},{"hash":"cea60cf217f2ccf536dc1134529f0bed725e3b4b","messageTitle":"Add greeting message for GUI","messageBody":"","fileTypesAndContributionMap":{"java":{"insertions":8,"deletions":0}}},{"hash":"71dbe929899cd30705a81d436aacdd7ff0ce56a5","messageTitle":"Fix the bug that terminates the program upon catching exception","messageBody":"","fileTypesAndContributionMap":{"txt":{"insertions":1,"deletions":5},"java":{"insertions":29,"deletions":25}}},{"hash":"d5b4bdbdc6ee5f8698f56aef6ce2a4961dc49688","messageTitle":"Finish part 4 of JavaFX tutorial","messageBody":"","fileTypesAndContributionMap":{"txt":{"insertions":0,"deletions":1},"fxml":{"insertions":5,"deletions":4},"java":{"insertions":17,"deletions":2}}},{"hash":"79bb7832bbae37dd9d8444c0bbfab7142c858903","messageTitle":"Add closing window after user input bye","messageBody":"","fileTypesAndContributionMap":{"java":{"insertions":17,"deletions":0}}},{"hash":"9fd9fac6767db2274de30da6b2307fbb19d46cda","messageTitle":"Add JavaFX dependencies for Gradle","messageBody":"","tags":["A-CheckStyle"],"fileTypesAndContributionMap":{"gradle":{"insertions":13,"deletions":0}}}]},{"date":"2020-09-07","commitResults":[{"hash":"717180efba06cc004db32ce80f549a9d5b3233e2","messageTitle":"Change code according to Coding Standard","messageBody":"","fileTypesAndContributionMap":{"txt":{"insertions":1,"deletions":1},"java":{"insertions":20,"deletions":22}}},{"hash":"1f43f21e3423621829c543c9796b1a5648dfc3ac","messageTitle":"Fix UI lack of line break","messageBody":"","fileTypesAndContributionMap":{"txt":{"insertions":0,"deletions":2},"java":{"insertions":12,"deletions":7}}},{"hash":"45dcc5037502bdfc04b30f9e5a1d7cbf9ad1794b","messageTitle":"Add assertions","messageBody":"","fileTypesAndContributionMap":{"java":{"insertions":14,"deletions":0}}}]},{"date":"2020-09-08","commitResults":[{"hash":"9cb3fbdaad3a515719df0495b7ea8516ce8d0e29","messageTitle":"Fix code according to Code Quality","messageBody":"","fileTypesAndContributionMap":{"txt":{"insertions":0,"deletions":2},"java":{"insertions":275,"deletions":165}}},{"hash":"82f59f3507eb0700b275a7be3d034eb30d55d930","messageTitle":"Add alphabetcal sorting feature","messageBody":"","fileTypesAndContributionMap":{"java":{"insertions":30,"deletions":7}}},{"hash":"58a73abb2ac74ae455506d9ff3baca88e7d14cef","messageTitle":"Add Priority field to task","messageBody":"","fileTypesAndContributionMap":{"txt":{"insertions":2,"deletions":2},"java":{"insertions":131,"deletions":43}}}]},{"date":"2020-09-09","commitResults":[{"hash":"b99386b2d548725e67c271bcee1c47cea0ed0b6e","messageTitle":"Allow list to be sorted by priority of the task","messageBody":"","tags":["A-Lambdas"],"fileTypesAndContributionMap":{"java":{"insertions":21,"deletions":0}}},{"hash":"84e00d2fecf7e81a9bc1e7e74bed33040ea48121","messageTitle":"Add sorting by priority feature","messageBody":"","tags":["BCD-Extension"],"fileTypesAndContributionMap":{"txt":{"insertions":1,"deletions":0},"java":{"insertions":25,"deletions":7}}}]},{"date":"2020-09-10","commitResults":[{"hash":"a47343b8772d340f1b786bce1c44c552cff02d06","messageTitle":"Add more assertions","messageBody":"","fileTypesAndContributionMap":{"java":{"insertions":1,"deletions":0}}}]},{"date":"2020-09-11","commitResults":[{"hash":"a5414fbe702cbe150133023f295d29697d9d7371","messageTitle":"Fix code to comply to coding standard","messageBody":"","fileTypesAndContributionMap":{"gradle":{"insertions":6,"deletions":0},"java":{"insertions":20,"deletions":24}}}]},{"date":"2020-09-15","commitResults":[{"hash":"fd11b563e0a2a9ccfa597c42f0a13baa74d79f6d","messageTitle":"Update Javadoc","messageBody":"","fileTypesAndContributionMap":{"java":{"insertions":246,"deletions":53}}},{"hash":"cc5f709667fcecaffe548c746245d42e5e5bfcc8","messageTitle":"Check Javadoc according to CI","messageBody":"","fileTypesAndContributionMap":{"java":{"insertions":10,"deletions":2}}},{"hash":"f05e96c5c5ed84c9ad94d342785b2d13ef80a7a6","messageTitle":"Fix JUnit test","messageBody":"","fileTypesAndContributionMap":{"java":{"insertions":3,"deletions":2}}},{"hash":"5ab3eb3d31dc851c9fb014cd499c25fdd32914b0","messageTitle":"Improve GUI","messageBody":"","tags":["A-BetterGui"],"fileTypesAndContributionMap":{"txt":{"insertions":2,"deletions":2},"fxml":{"insertions":9,"deletions":6},"java":{"insertions":23,"deletions":11}}}]},{"date":"2020-09-16","commitResults":[{"hash":"7a04ecbacb8262ffe82ecd4cc77ed5293ef4ae57","messageTitle":"Add EmptyIndexException","messageBody":"","fileTypesAndContributionMap":{"txt":{"insertions":1,"deletions":0},"fxml":{"insertions":1,"deletions":1},"java":{"insertions":47,"deletions":29}}},{"hash":"4157dc3d878d9e82a2912b377fe1cc1b7b823c80","messageTitle":"Add the check for invalid task index for delete and done command","messageBody":"","fileTypesAndContributionMap":{"java":{"insertions":7,"deletions":5}}},{"hash":"4075935804b056b2501dbf3ab3ec23f08a12b1ae","messageTitle":"Fix the logic to check for valid date/time","messageBody":"","fileTypesAndContributionMap":{"java":{"insertions":19,"deletions":8}}},{"hash":"62c9d533afab8924d5418600343ba64dfb49b98e","messageTitle":"Add UI interaction when there\u0027s no matching task for find command","messageBody":"","fileTypesAndContributionMap":{"java":{"insertions":5,"deletions":3}}},{"hash":"bfeeafae17d380fb219f68c733771962a125937e","messageTitle":"Update README.md","messageBody":"","fileTypesAndContributionMap":{"md":{"insertions":60,"deletions":1}}},{"hash":"b8d233bb1dfd2409cac69d07eb29a90a87929fc0","messageTitle":"Fix the reading storage file error in which date time appears as null","messageBody":"","fileTypesAndContributionMap":{"txt":{"insertions":2,"deletions":0},"java":{"insertions":10,"deletions":3}}},{"hash":"c60c4e017ebe863c85493a895af0cc5543393a86","messageTitle":"Update README.md","messageBody":"","fileTypesAndContributionMap":{"md":{"insertions":129,"deletions":12}}},{"hash":"4b4f2ba2c34d78ad160f2bde3ed2a69148dc41c6","messageTitle":"Update README.md","messageBody":"","fileTypesAndContributionMap":{"md":{"insertions":2,"deletions":2}}}]},{"date":"2020-09-17","commitResults":[{"hash":"3d6d1e59fa2dca208941a488bdbd8b1ac3c75dab","messageTitle":"Fix Gradle build to include JavaFX dependencies","messageBody":"","fileTypesAndContributionMap":{"gradle":{"insertions":24,"deletions":0},"txt":{"insertions":2,"deletions":2},"md":{"insertions":2198,"deletions":0}}},{"hash":"b74b2f999223e0cb1bf606d6142f48fdabd78d8e","messageTitle":"Fix GUI bug when the storage file does not exist","messageBody":"","fileTypesAndContributionMap":{"java":{"insertions":13,"deletions":3}}},{"hash":"d3fce69aa4688017c9c26345f61b1c28c84c9903","messageTitle":"Update README.md","messageBody":"","fileTypesAndContributionMap":{"md":{"insertions":15,"deletions":14}}},{"hash":"83452cdca3d1742ebe300cc134630e448e587083","messageTitle":"Update README.md","messageBody":"","fileTypesAndContributionMap":{"md":{"insertions":1,"deletions":1}}},{"hash":"980ad0895240aad5e7c517858c4cfaf4156582fc","messageTitle":"Update README.md","messageBody":"","fileTypesAndContributionMap":{"md":{"insertions":24,"deletions":25}}},{"hash":"e6311560e7fa254fcc0b357e32af1a8ba2dc26c0","messageTitle":"Update README.md","messageBody":"","fileTypesAndContributionMap":{"md":{"insertions":36,"deletions":36}}},{"hash":"23624da55e072a3bd25dca4f7f8eb08d6b8dce34","messageTitle":"Add UI.png","messageBody":"","fileTypesAndContributionMap":{"gradle":{"insertions":1,"deletions":0},"txt":{"insertions":2,"deletions":6},"fxml":{"insertions":1,"deletions":1},"java":{"insertions":1,"deletions":0}}},{"hash":"c7232b503577d1060858d19a14d23f9cb15bfe07","messageTitle":"Update README.md","messageBody":"","tags":["A-UserGuide"],"fileTypesAndContributionMap":{"md":{"insertions":7,"deletions":0}}}]},{"date":"2020-09-19","commitResults":[{"hash":"e59991a88e5577ccc73e72068cdfc6b53a4f7aa5","messageTitle":"Update README.md","messageBody":"","fileTypesAndContributionMap":{"md":{"insertions":4,"deletions":4}}},{"hash":"f2bfcb8922130ce2faf6154a6614e712e3bab04c","messageTitle":"Remove javafx library from repository","messageBody":"","fileTypesAndContributionMap":{"txt":{"insertions":0,"deletions":2},"md":{"insertions":0,"deletions":2198}}}]}]},"authorFileTypeContributionMap":{"ducbinh2611":{"java":1693,"md":190,"fxml":39,"sh":3,"bat":0,"gradle":49,"txt":12}},"authorContributionVariance":{"ducbinh2611":276386.84},"authorDisplayNameMap":{"ducbinh2611":"CS2103T-F12-2 NGO ..BINH"}}
