{
  "authorDailyContributionsMap": {
    "wireseo": [
      {
        "date": "2020-08-20",
        "commitResults": [
          {
            "hash": "edd93db886d3e3d5ee732d424d72fc27fb1190f9",
            "messageTitle": "Change Duke logo to Wyre",
            "messageBody": "Trivial change of logo for customization purposes.",
            "fileTypesAndContributionMap": {
              "java": {
                "insertions": 5,
                "deletions": 5
              }
            }
          },
          {
            "hash": "0c09eb1dcaf44ae25f79342bfc144152d5c6b3bb",
            "messageTitle": "Complete Level-1 Greet, Echo, Exit",
            "messageBody": "A skeletal version of Wyre that starts by greeting the user, simply echos commands entered by the user, and exits when the user types bye.",
            "tags": [
              "Level-1"
            ],
            "fileTypesAndContributionMap": {
              "java": {
                "insertions": 18,
                "deletions": 0
              }
            }
          },
          {
            "hash": "2ae97e214b9fe3daec7bbc1b5b3ce508283ce4ce",
            "messageTitle": "Complete Level-2 Add, List",
            "messageBody": "Add the ability to store whatever text entered by the user and display them back to the user when requested.",
            "tags": [
              "Level-2"
            ],
            "fileTypesAndContributionMap": {
              "java": {
                "insertions": 11,
                "deletions": 2
              }
            }
          },
          {
            "hash": "cc5d4c507c6c5e2dcaf38b819d7805215b4b585d",
            "messageTitle": "Add Task Class and message for list command",
            "messageBody": "Trivial change of text displayed as well as basic Task class.",
            "fileTypesAndContributionMap": {
              "java": {
                "insertions": 13,
                "deletions": 1
              }
            }
          },
          {
            "hash": "08924f40e9a2fa5ce43e0161d401bc8f274c3ae3",
            "messageTitle": "Update Task Class",
            "messageBody": "Add necessary getters and setters and hide the private variables",
            "fileTypesAndContributionMap": {
              "java": {
                "insertions": 16,
                "deletions": 3
              }
            }
          },
          {
            "hash": "b1378e611c45e1a50aa9e99aacfe0eb3d87e53fe",
            "messageTitle": "Complete Level-3 Mark as Done",
            "messageBody": "Add the ability to mark tasks as done.",
            "tags": [
              "Level-3"
            ],
            "fileTypesAndContributionMap": {
              "java": {
                "insertions": 14,
                "deletions": 4
              }
            }
          },
          {
            "hash": "c4fec1c2940cd22c3a1f329d0ff8cb2fa96ca3d0",
            "messageTitle": "Create Deadline Event ToDo Classes",
            "messageBody": "Create Child Classes of Task Class",
            "fileTypesAndContributionMap": {
              "java": {
                "insertions": 47,
                "deletions": 0
              }
            }
          },
          {
            "hash": "c63e410bc23a77b4e396441890ee7c80cf32d320",
            "messageTitle": "Add toString method to Classes",
            "messageBody": "Override toString method for all Classes for concise code.",
            "fileTypesAndContributionMap": {
              "java": {
                "insertions": 13,
                "deletions": 1
              }
            }
          },
          {
            "hash": "3eed79476850dd88af6dd8ab7de8c79527b57add",
            "messageTitle": "Complete Level-4 ToDos, Events, Deadlines",
            "messageBody": "Add support for tracking three types of tasks:\n\n* ToDos: tasks without any date/time attached to it e.g., visit new theme park\n* Deadlines: tasks that need to be done before a specific date/time e.g., submit report by 11/10/2019 5pm\n* Events: tasks that start at a specific time and ends at a specific time e.g., team project meeting on 2/10/2019 2-4pm",
            "tags": [
              "Level-4"
            ],
            "fileTypesAndContributionMap": {
              "java": {
                "insertions": 25,
                "deletions": 7
              }
            }
          },
          {
            "hash": "80b8cf503457c19c3782302e841dc96ffe19c77f",
            "messageTitle": "Complete Level-5 Handle Errors",
            "messageBody": "Teach Wyre to deal with errors such as incorrect inputs entered by the user.",
            "tags": [
              "Level-5"
            ],
            "fileTypesAndContributionMap": {
              "java": {
                "insertions": 67,
                "deletions": 38
              }
            }
          },
          {
            "hash": "1b607fb5b48d6c400217cd42299a5d28e7274a23",
            "messageTitle": "Complete Level-6 Delete",
            "messageBody": "Add support for deleting tasks from the list.",
            "tags": [
              "Level-6"
            ],
            "fileTypesAndContributionMap": {
              "java": {
                "insertions": 15,
                "deletions": 7
              }
            }
          }
        ]
      }
    ]
  },
  "authorFileTypeContributionMap": {
    "wireseo": {
      "java": 181,
      "md": 0,
      "fxml": 0,
      "sh": 0,
      "bat": 0,
      "gradle": 0,
      "txt": 0
    }
  },
  "authorContributionVariance": {
    "wireseo": 11919.673
  },
  "authorDisplayNameMap": {
    "wireseo": "SEO ..YEON"
  }
}
