{"authorDailyContributionsMap":{"Royxuzeng":[{"date":"2020-08-15","commitResults":[{"hash":"144c2963ee9ef5dd10fc3a980dd306a5f351a837","messageTitle":"Add increment level 1","messageBody":"","tags":["Level-1"],"fileTypesAndContributionMap":{"java":{"insertions":24,"deletions":6}}},{"hash":"28eaa2552da5974c752034d80869b10daf7d4b69","messageTitle":"Add level 2","messageBody":"","tags":["Level-2"],"fileTypesAndContributionMap":{"java":{"insertions":17,"deletions":4}}},{"hash":"ff002e4a018d132b9c25dd9766300c9f5c0b3025","messageTitle":"Add Duke.java, Level 3","messageBody":"","tags":["Level-3"],"fileTypesAndContributionMap":{"java":{"insertions":38,"deletions":4}}}]},{"date":"2020-08-16","commitResults":[{"hash":"cb115778fbb0018f03a3147ef0775a994ca30b2e","messageTitle":"Add Deadline.java, Event.java, ToDo.java, level 4","messageBody":"","tags":["Level-4"],"fileTypesAndContributionMap":{"java":{"insertions":59,"deletions":4}}},{"hash":"ec6777f77e2145e99f356daea844cd376ec7f2e5","messageTitle":"Add logo","messageBody":"","fileTypesAndContributionMap":{"java":{"insertions":6,"deletions":0}}},{"hash":"f082dbb98afb6fdbec2f8430eba8ee16cfad24ea","messageTitle":"A-TextUiTesting","messageBody":"","tags":["A-TextUiTesting"],"fileTypesAndContributionMap":{"txt":{"insertions":5,"deletions":0},"java":{"insertions":0,"deletions":1},"bat":{"insertions":5,"deletions":1}}},{"hash":"ffe385d3db8b5429418e770c87b7979a3cc5d283","messageTitle":"Level-5","messageBody":"","tags":["Level-5"],"fileTypesAndContributionMap":{"java":{"insertions":68,"deletions":34}}},{"hash":"2591383fce044b30fb6978b63ae7ff7828f21091","messageTitle":"Add level 6","messageBody":"","tags":["Level-6"],"fileTypesAndContributionMap":{"java":{"insertions":10,"deletions":1}}}]},{"date":"2020-08-21","commitResults":[{"hash":"870b9121cd93901034141cea166917d1fd5d82aa","messageTitle":"Add level 7","messageBody":"Add the function of saving the list in the hard disk automatically whenever the list changes.\n","fileTypesAndContributionMap":{"java":{"insertions":39,"deletions":0}}}]},{"date":"2020-08-23","commitResults":[{"hash":"3f22d02cb9ac0fac65720ff4e37f8bf3d6473aef","messageTitle":"Add level 7","messageBody":"Adjust the files input and output.\n","tags":["Level-7"],"fileTypesAndContributionMap":{"java":{"insertions":60,"deletions":2}}},{"hash":"6df36a15103e70f3f1f1ca12f400b8dc3ee52c67","messageTitle":"Add level 8","messageBody":"Accept dates in format yyyy-mm-dd and store them in LocalDate and print the dates in the format of MMM dd yyyy.\n","tags":["Level-8"],"fileTypesAndContributionMap":{"java":{"insertions":80,"deletions":4}}}]},{"date":"2020-08-24","commitResults":[{"hash":"38c2f047f67305069d8edde063ec938e5491c0ce","messageTitle":"Merge  level 8. Resolve conflict.","messageBody":"","fileTypesAndContributionMap":{"java":{"insertions":1,"deletions":6}}},{"hash":"8a07b581987196e5fd310ce8398265e9e4c374a3","messageTitle":"Add A-MoreOOP","messageBody":"Extract classes Command, Parser, Storage, TaskList and Ui.\n","tags":["Level-A-MoreOOP","A-MoreOOP"],"fileTypesAndContributionMap":{"java":{"insertions":356,"deletions":210}}},{"hash":"e5e29e22a827e87159c54ccef0aba13648410609","messageTitle":"Add Level-A-JUnit","messageBody":"Add the JUnit test to test Task class.\n","tags":["v0.1","Level-A-JUnit","A-JUnit"],"fileTypesAndContributionMap":{"java":{"insertions":26,"deletions":0}}}]},{"date":"2020-08-25","commitResults":[{"hash":"67e594ee0ba9516c9b995fb5b1a5fcbdf6955af7","messageTitle":"Add level-A-JavaDoc","messageBody":"Add the javadoc comments for some classes and methods.\n","tags":["A-JavaDoc"],"fileTypesAndContributionMap":{"java":{"insertions":67,"deletions":0}}},{"hash":"6cc09ee9c4623eeb81e0dd7d4f81ee38f79747c3","messageTitle":"Add level-A-CodingStandard.","messageBody":"","tags":["A-CodingStandard"],"fileTypesAndContributionMap":{"java":{"insertions":10,"deletions":7}}},{"hash":"4430e13649d03c050602768c637783e4adfd260e","messageTitle":"Add Level-9","messageBody":"","tags":["Level-9"],"fileTypesAndContributionMap":{"java":{"insertions":21,"deletions":0}}},{"hash":"565acf6b34b0c484481e3c7baa2134d1ec310ca9","messageTitle":"Add a comit to merge the parallel branches to the master branch.","messageBody":"","fileTypesAndContributionMap":{"java":{"insertions":1,"deletions":1}}},{"hash":"0b6670c5882eb738d9bc79b45f6e083e1d7545b2","messageTitle":"no message","messageBody":"","fileTypesAndContributionMap":{"java":{"insertions":1,"deletions":0}}},{"hash":"9512d039eb085e56aa77852ed3fec08aef657954","messageTitle":"Add the finding operation.","messageBody":"","tags":["A-Jar"],"fileTypesAndContributionMap":{"java":{"insertions":15,"deletions":15}}}]},{"date":"2020-08-29","commitResults":[{"hash":"d108dfbef0abf6475dc10a056ce75fcd60bdbf5a","messageTitle":"no message","messageBody":"","fileTypesAndContributionMap":{"java":{"insertions":1,"deletions":0}}}]},{"date":"2020-09-01","commitResults":[{"hash":"0c2038aec72c2859b80f492413af143a36622e3f","messageTitle":"Add gradle and Level-10.","messageBody":"","fileTypesAndContributionMap":{"fxml":{"insertions":35,"deletions":0},"java":{"insertions":16,"deletions":0}}},{"hash":"91d919ccdc7dca44bb053f3090de772e470ae0ca","messageTitle":"Add level-10.","messageBody":"","tags":["Level-10"],"fileTypesAndContributionMap":{"gradle":{"insertions":25,"deletions":0},"java":{"insertions":279,"deletions":10}}},{"hash":"6e0a4df89d8fb99f75bbe045898743d50ac1ca03","messageTitle":"Change some formattings.","messageBody":"","tags":["A-Gradle"],"fileTypesAndContributionMap":{"java":{"insertions":4,"deletions":3}}}]},{"date":"2020-09-05","commitResults":[{"hash":"8dff7cdadfd7e8682f8583e6f6a4e24654fc91fe","messageTitle":"Update the dialog box to display the complete text in the response.","messageBody":"","tags":["A-Jar2"],"fileTypesAndContributionMap":{"gradle":{"insertions":1,"deletions":1},"fxml":{"insertions":1,"deletions":1},"java":{"insertions":39,"deletions":25}}},{"hash":"713d8186eda115bb797699b763e01981b4cfb52f","messageTitle":"Add some assertions to test the program.","messageBody":"","tags":["A-Assertions"],"fileTypesAndContributionMap":{"java":{"insertions":4,"deletions":0}}},{"hash":"cf3f441ae9cda6225b0c0be6a5427d1a5823d685","messageTitle":"Refactor some of the code to improve code quality.","messageBody":"","fileTypesAndContributionMap":{"java":{"insertions":39,"deletions":55}}},{"hash":"b81b852388aef68d92c327c2cd20416cbf4fa035","messageTitle":"Add C-PrioritizingItems.","messageBody":"","tags":["BCD-Extension"],"fileTypesAndContributionMap":{"java":{"insertions":37,"deletions":28}}}]},{"date":"2020-09-06","commitResults":[{"hash":"7c77eb1ae6929f3beb35a9bfa716702f7528b57d","messageTitle":"Add an assertion.","messageBody":"","fileTypesAndContributionMap":{"java":{"insertions":1,"deletions":0}}},{"hash":"1de9a50f59f0a2d48da0101f43b0602ce363caf0","messageTitle":"Refactor some code.","messageBody":"","fileTypesAndContributionMap":{"java":{"insertions":12,"deletions":5}}}]},{"date":"2020-09-19","commitResults":[{"hash":"e8a23e21578e0adc7853d8dcb22b59f53df494a3","messageTitle":"Update the UG.","messageBody":"","tags":["A-UserGuide"],"fileTypesAndContributionMap":{"md":{"insertions":44,"deletions":16}}}]},{"date":"2020-09-22","commitResults":[{"hash":"3c56dadd86e92aa40080e685de5f7a16b3387f76","messageTitle":"Extract some code of Command class and fix some bugs regarding printing \u0027)\u0027 and space","messageBody":"","fileTypesAndContributionMap":{"java":{"insertions":291,"deletions":36}}},{"hash":"f5a6d22a581df90e91fb9455aeb226b5cd6b1dd8","messageTitle":"Update some code with regards to different command classes.","messageBody":"","fileTypesAndContributionMap":{"java":{"insertions":0,"deletions":78}}},{"hash":"d840ba052ec6e46f44d4104020ae3fd6360bce4f","messageTitle":"Update DoneCommand","messageBody":"","fileTypesAndContributionMap":{"java":{"insertions":1,"deletions":1}}},{"hash":"c9aa25112bf2e58a03d754a5c0559d3437b14f5e","messageTitle":"Add packages","messageBody":"","fileTypesAndContributionMap":{"java":{"insertions":122,"deletions":21}}}]}]},"authorFileTypeContributionMap":{"Royxuzeng":{"java":1196,"md":40,"fxml":35,"sh":0,"bat":5,"gradle":26,"txt":5}},"authorContributionVariance":{"Royxuzeng":19904.38},"authorDisplayNameMap":{"Royxuzeng":"CS2103T-W17-2 XU Z..ZENG"}}
