{"authorDailyContributionsMap":{"soaza":[{"date":"2020-08-16","commitResults":[{"hash":"1484946f0d60833975d320815aaa4afdb3ef2ae8","messageTitle":"test commit","messageBody":"","fileTypesAndContributionMap":{"md":{"insertions":0,"deletions":0}}},{"hash":"1d072787042d53bc11ca64f119a99cd573b6d662","messageTitle":"Level 1","messageBody":"","tags":["level-1"],"fileTypesAndContributionMap":{"java":{"insertions":21,"deletions":1}}},{"hash":"dfb117c2e9ffdc8ce96a33a810356a605c9fd587","messageTitle":"Level 2","messageBody":"","tags":["level-2"],"fileTypesAndContributionMap":{"java":{"insertions":20,"deletions":4}}},{"hash":"428fb7d59de9b6c465629e2a9dfb4a68102d06a6","messageTitle":"Level 3","messageBody":"","tags":["level-3"],"fileTypesAndContributionMap":{"java":{"insertions":39,"deletions":25}}}]},{"date":"2020-08-17","commitResults":[{"hash":"b1b8c6839cd54508cfc5f876deaaf173c0d6a966","messageTitle":"Removed lines between outputs","messageBody":"","tags":["level-4"],"fileTypesAndContributionMap":{"txt":{"insertions":3,"deletions":0},"java":{"insertions":94,"deletions":19}}},{"hash":"95af50f2b34998c5632485f21f1693c242de0398","messageTitle":"Level 5","messageBody":"","tags":["level-5"],"fileTypesAndContributionMap":{"java":{"insertions":72,"deletions":29}}},{"hash":"fbda554b17dd836d5f2d44a55bb7185f012c24fe","messageTitle":"updated to fix spacing issues","messageBody":"","fileTypesAndContributionMap":{"java":{"insertions":1,"deletions":2}}},{"hash":"050660bf2bdff5b74dd2ab45a52f444c7c131801","messageTitle":"Level 6","messageBody":"","fileTypesAndContributionMap":{"txt":{"insertions":2,"deletions":0},"java":{"insertions":82,"deletions":64}}}]},{"date":"2020-08-19","commitResults":[{"hash":"91fbc8b54151676438d2ccddda9eef6a26ce03f9","messageTitle":"created new class for DukeException","messageBody":"","fileTypesAndContributionMap":{"java":{"insertions":2,"deletions":5}}},{"hash":"1a1c043706d5113d6a4a0964ad719867bec8ab6e","messageTitle":"edited README fi;e","messageBody":"","fileTypesAndContributionMap":{"md":{"insertions":24,"deletions":20}}},{"hash":"8a8f66a608fd7d36633bf3029aaf60534d85ec2b","messageTitle":"Edited README file","messageBody":"","fileTypesAndContributionMap":{"md":{"insertions":2,"deletions":2}}},{"hash":"481d289a1cf38b02eb483d323ad7813ceba23980","messageTitle":"Exception Testing","messageBody":"","fileTypesAndContributionMap":{"java":{"insertions":5,"deletions":2}}},{"hash":"6bbf273e302934e1a60fcfd388bb53b8202be743","messageTitle":"Exception Testing done","messageBody":"","fileTypesAndContributionMap":{}},{"hash":"a4e59aad584eefa513db946b98eddd9a49fe99f0","messageTitle":"Exception Testing done","messageBody":"","fileTypesAndContributionMap":{"java":{"insertions":4,"deletions":5}}},{"hash":"0fcfce4353695379eda585d85e0be2746a1c1edd","messageTitle":"Added more exception handling","messageBody":"","tags":["level-6","A-TextUiTesting"],"fileTypesAndContributionMap":{"java":{"insertions":86,"deletions":54}}}]},{"date":"2020-08-20","commitResults":[{"hash":"c121d490195bb5eb0222107253438854dd83c196","messageTitle":"UI testing updated with input text.","messageBody":"","fileTypesAndContributionMap":{"txt":{"insertions":8,"deletions":3}}}]},{"date":"2020-08-22","commitResults":[{"hash":"a32ce1e25ad4ebd29e5ee7e4163cbf80f6bd128f","messageTitle":"Level 7","messageBody":"","fileTypesAndContributionMap":{"java":{"insertions":107,"deletions":37},"sh":{"insertions":1,"deletions":1}}},{"hash":"8f71f62b97dc9e0c6b6f87b45ce57ceb43d358ba","messageTitle":"Level 8","messageBody":"","fileTypesAndContributionMap":{"java":{"insertions":23,"deletions":6}}},{"hash":"06a3866bc3a05e526cd5f85030f808b565500440","messageTitle":"Merge branch \u0027branch-level-8\u0027","messageBody":"","fileTypesAndContributionMap":{"java":{"insertions":4,"deletions":4}}}]},{"date":"2020-08-24","commitResults":[{"hash":"cd25ca6fae41a157f0bfc13cd49fff1828a85c2b","messageTitle":"Add Storage and TaskList class","messageBody":"","fileTypesAndContributionMap":{"java":{"insertions":130,"deletions":87}}},{"hash":"ca8523372da19cfccc15119f18a034236aa96a64","messageTitle":"Level \"A-MoreOOP\"","messageBody":"","tags":["A-Packages","A-MoreOOP"],"fileTypesAndContributionMap":{"java":{"insertions":306,"deletions":132}}},{"hash":"763f7ac5c475e43fa686f82c01bec8a1a3e63bd7","messageTitle":"Add Packages","messageBody":"","fileTypesAndContributionMap":{"txt":{"insertions":13,"deletions":0},"md":{"insertions":20,"deletions":24}}},{"hash":"73f24e0bf549c35e7643680c2a967a3165d34fc7","messageTitle":"Add DukeException package","messageBody":"","fileTypesAndContributionMap":{"java":{"insertions":0,"deletions":0}}},{"hash":"fc2a3771e6850fbc8718cff49cc9004b3f56a46e","messageTitle":"Add J-Unit Testing","messageBody":"","fileTypesAndContributionMap":{"java":{"insertions":4,"deletions":0}}},{"hash":"b6149d4bf7fea203e50550498f76dbc5760572af","messageTitle":"Add J-Unit Testing","messageBody":"","tags":["A-Jar","A-JUnit"],"fileTypesAndContributionMap":{"txt":{"insertions":1,"deletions":3},"java":{"insertions":61,"deletions":10}}},{"hash":"6a123bf63c4b38bf126281f202cd384ee8a358e7","messageTitle":"Add Javadoc comments","messageBody":"","fileTypesAndContributionMap":{"txt":{"insertions":0,"deletions":1},"java":{"insertions":118,"deletions":26}}}]},{"date":"2020-08-25","commitResults":[{"hash":"54d8d84f21d1903ba37b63af2000b9f0b953457f","messageTitle":"Format code to follow coding standard","messageBody":"","fileTypesAndContributionMap":{"txt":{"insertions":2,"deletions":3},"java":{"insertions":113,"deletions":120},"sh":{"insertions":1,"deletions":0}}},{"hash":"62cb89c078d4cf146f3953b5f7cbd9a447fd4ba5","messageTitle":"Level 9","messageBody":"","fileTypesAndContributionMap":{"java":{"insertions":125,"deletions":87}}}]},{"date":"2020-08-27","commitResults":[{"hash":"3d98e25850b6099981ef59fa526308c7d59b54ed","messageTitle":"Refactor into Duke package","messageBody":"","fileTypesAndContributionMap":{"txt":{"insertions":4,"deletions":0},"java":{"insertions":42,"deletions":47}}}]},{"date":"2020-08-30","commitResults":[{"hash":"25a067aa4dc7140c18fd71ca01de3b6f4ca4ebbb","messageTitle":"Gradle implementation","messageBody":"","fileTypesAndContributionMap":{"txt":{"insertions":0,"deletions":7},"java":{"insertions":0,"deletions":657}}},{"hash":"ec2891b73f0ceae7f7c4b56bc46389a8ac1b578d","messageTitle":"Gradle implementation","messageBody":"","fileTypesAndContributionMap":{"gradle":{"insertions":4,"deletions":1},"txt":{"insertions":7,"deletions":0},"java":{"insertions":670,"deletions":6}}},{"hash":"0faf6e90aea2ff57062a9fdd234d4aef40b51027","messageTitle":"A-Checkstyle","messageBody":"","tags":["A-CheckStyle"],"fileTypesAndContributionMap":{"java":{"insertions":107,"deletions":105}}}]},{"date":"2020-08-31","commitResults":[{"hash":"67ab25e9b0e537bc39550540ba33305f7e65cd94","messageTitle":"Add JavaFX GUI","messageBody":"","fileTypesAndContributionMap":{"java":{"insertions":8,"deletions":0}}},{"hash":"342930a5f4866c7d5531356987e18329b817b38b","messageTitle":"Add JavaFX GUI","messageBody":"","fileTypesAndContributionMap":{"gradle":{"insertions":14,"deletions":0},"txt":{"insertions":1,"deletions":3},"java":{"insertions":265,"deletions":66}}},{"hash":"142dee2bad9939fd831578b0f005098b3557b907","messageTitle":"Level 10","messageBody":"","fileTypesAndContributionMap":{"fxml":{"insertions":39,"deletions":0},"java":{"insertions":118,"deletions":32}}}]},{"date":"2020-09-05","commitResults":[{"hash":"2e888f074df98c62993a957ff87e892cd18cc3ac","messageTitle":"A-Assertions","messageBody":"","fileTypesAndContributionMap":{"txt":{"insertions":2,"deletions":0},"fxml":{"insertions":4,"deletions":4},"java":{"insertions":71,"deletions":47}}}]},{"date":"2020-09-06","commitResults":[{"hash":"97381b895c5f65953d15a68460b9436c1f5a2a0e","messageTitle":"A-CodeQuality","messageBody":"","fileTypesAndContributionMap":{"txt":{"insertions":3,"deletions":2},"java":{"insertions":15,"deletions":7}}},{"hash":"bede70fe2236dd63aed3a8c09e006dfb4169ba90","messageTitle":"BCD-Extension","messageBody":"","fileTypesAndContributionMap":{"txt":{"insertions":4,"deletions":0},"fxml":{"insertions":1,"deletions":1},"java":{"insertions":180,"deletions":16}}}]},{"date":"2020-09-13","commitResults":[{"hash":"6fa3be1459dc0dc20e501a6d5b7a83f9047abb44","messageTitle":"A-BetterGui","messageBody":"","tags":["A-BetterGui"],"fileTypesAndContributionMap":{"fxml":{"insertions":6,"deletions":6},"java":{"insertions":10,"deletions":7}}},{"hash":"3e86ee8ce63c92e3bd174a3e50551e682908fd4e","messageTitle":"Add wallpaper for GUI","messageBody":"","fileTypesAndContributionMap":{"txt":{"insertions":1,"deletions":0},"fxml":{"insertions":3,"deletions":3},"java":{"insertions":2,"deletions":3}}},{"hash":"72250cec0380727895f3b2cf1cdd3e333493e1e2","messageTitle":"Add Introduction message","messageBody":"","fileTypesAndContributionMap":{"txt":{"insertions":0,"deletions":5},"java":{"insertions":4,"deletions":2}}},{"hash":"8015ab7c4a2e7a22b8d3822d3b3e81259e2b4a64","messageTitle":"Change Ui.png","messageBody":"","fileTypesAndContributionMap":{"java":{"insertions":1,"deletions":1}}}]},{"date":"2020-09-14","commitResults":[{"hash":"133bbeb6af45b34c76bad5f028fe80d93ad9a9f0","messageTitle":"Update Ui.png","messageBody":"","fileTypesAndContributionMap":{"gradle":{"insertions":1,"deletions":1},"txt":{"insertions":1,"deletions":0},"java":{"insertions":10,"deletions":10}}},{"hash":"9bb4c40db407a25e7ab62f93c39b5735325b8090","messageTitle":"Update README.md","messageBody":"","fileTypesAndContributionMap":{"md":{"insertions":157,"deletions":6}}},{"hash":"4b094fd3f67d8d2880891aa7bce5e5e0437d2096","messageTitle":"Update README.md","messageBody":"","fileTypesAndContributionMap":{"md":{"insertions":59,"deletions":9}}},{"hash":"0267ffbf36857777dfd3a4c30f8371a7bc4c580f","messageTitle":"Update README.md","messageBody":"","fileTypesAndContributionMap":{"md":{"insertions":3,"deletions":1}}},{"hash":"c93eda76022ba85fd74a28134dc8e5fdb1545537","messageTitle":"Update README.md","messageBody":"","fileTypesAndContributionMap":{"md":{"insertions":2,"deletions":0}}},{"hash":"4a246d7b85afbeadf90ce3e9ed524971b3b9b31b","messageTitle":"A-UserGuide","messageBody":"","tags":["A-UserGuide"],"fileTypesAndContributionMap":{"fxml":{"insertions":1,"deletions":1}}},{"hash":"2587e347f3e8776409b9f37e1f9affc85732a5d2","messageTitle":"Change Ui.png","messageBody":"","fileTypesAndContributionMap":{"fxml":{"insertions":2,"deletions":2}}}]},{"date":"2020-09-15","commitResults":[{"hash":"af665866df0f484f4bd1795f6ebd35289123d30d","messageTitle":"Add more exception handling","messageBody":"","tags":["A-Release"],"fileTypesAndContributionMap":{"java":{"insertions":13,"deletions":2}}}]}]},"authorFileTypeContributionMap":{"soaza":{"java":1222,"md":206,"fxml":39,"sh":1,"bat":0,"gradle":18,"txt":26}},"authorContributionVariance":{"soaza":102798.01},"authorDisplayNameMap":{"soaza":"CS2103T-W11-1 CHU ..GUAN"}}
