{
  "authorDailyContributionsMap": {
    "VaishakAnand": [
      {
        "date": "2020-08-17",
        "commitResults": [
          {
            "hash": "51734fa9b3574e46234473f18f0bc02d79efd38e",
            "messageTitle": "Added Greet, Echo, Exit",
            "messageBody": "",
            "fileTypesAndContributionMap": {
              "java": {
                "insertions": 39,
                "deletions": 6
              }
            }
          },
          {
            "hash": "c1fdb2e7d0780af40d264a03837e2601ea6df46c",
            "messageTitle": "Added Add, List",
            "messageBody": "",
            "tags": [
              "Level-2"
            ],
            "fileTypesAndContributionMap": {
              "java": {
                "insertions": 19,
                "deletions": 6
              }
            }
          },
          {
            "hash": "0e2fb4554bd9dc3e6db3ef67beb49a822087cf2f",
            "messageTitle": "Added Mark as Done",
            "messageBody": "",
            "tags": [
              "Level-3"
            ],
            "fileTypesAndContributionMap": {
              "java": {
                "insertions": 40,
                "deletions": 5
              }
            }
          },
          {
            "hash": "ac869f2372254f739cf54d948006fb7e93d8a6d5",
            "messageTitle": "Added ToDos, Events, Deadlines",
            "messageBody": "",
            "tags": [
              "Level-4"
            ],
            "fileTypesAndContributionMap": {
              "java": {
                "insertions": 56,
                "deletions": 5
              }
            }
          },
          {
            "hash": "0159fe53463caa814d010c12d3e228a5fe229b31",
            "messageTitle": "Implemented Automated Text UI Testing",
            "messageBody": "",
            "tags": [
              "A-TextUiTesting"
            ],
            "fileTypesAndContributionMap": {
              "txt": {
                "insertions": 7,
                "deletions": 0
              },
              "bat": {
                "insertions": 1,
                "deletions": 1
              }
            }
          }
        ]
      },
      {
        "date": "2020-08-18",
        "commitResults": [
          {
            "hash": "eab1004afc526167d3683d8093dc179b867a7caa",
            "messageTitle": "Added Error Handling",
            "messageBody": "",
            "tags": [
              "Level-5"
            ],
            "fileTypesAndContributionMap": {
              "java": {
                "insertions": 83,
                "deletions": 24
              }
            }
          },
          {
            "hash": "7e52022dd6744717241d06bd2e55f2a9296a539b",
            "messageTitle": "Added Delete and an additional Exception",
            "messageBody": "",
            "tags": [
              "Level-6"
            ],
            "fileTypesAndContributionMap": {
              "java": {
                "insertions": 26,
                "deletions": 4
              }
            }
          }
        ]
      },
      {
        "date": "2020-08-25",
        "commitResults": [
          {
            "hash": "a0b57b313da4b332d47955a68621955d4578e615",
            "messageTitle": "Added Save functionality",
            "messageBody": "",
            "tags": [
              "Level-7"
            ],
            "fileTypesAndContributionMap": {
              "txt": {
                "insertions": 2,
                "deletions": 0
              },
              "java": {
                "insertions": 94,
                "deletions": 6
              }
            }
          },
          {
            "hash": "33ce930d8efccc23ddb3679aaeb4bbe6943bde8a",
            "messageTitle": "Added Date functionality",
            "messageBody": "",
            "tags": [
              "Level-8"
            ],
            "fileTypesAndContributionMap": {
              "java": {
                "insertions": 14,
                "deletions": 6
              }
            }
          },
          {
            "hash": "9f29a95d7b971a5d6feb387f2f8182cfd8d7b42a",
            "messageTitle": "Fixed bugs that came upon merging",
            "messageBody": "",
            "fileTypesAndContributionMap": {
              "txt": {
                "insertions": 0,
                "deletions": 2
              },
              "java": {
                "insertions": 0,
                "deletions": 0
              }
            }
          },
          {
            "hash": "51aab47ba77197427a405905c87e47927ad1ccfa",
            "messageTitle": "Fixed bugs that came upon merging",
            "messageBody": "",
            "fileTypesAndContributionMap": {
              "txt": {
                "insertions": 2,
                "deletions": 0
              },
              "java": {
                "insertions": 25,
                "deletions": 19
              }
            }
          },
          {
            "hash": "e1e30fba29af9020e6072952bd68314db1af8d6a",
            "messageTitle": "Change Code to use more OOP",
            "messageBody": "",
            "tags": [
              "A-MoreOOP"
            ],
            "fileTypesAndContributionMap": {
              "txt": {
                "insertions": 2,
                "deletions": 1
              },
              "java": {
                "insertions": 281,
                "deletions": 184
              }
            }
          },
          {
            "hash": "eeced64b14acaf1b8b80b0797960575170194899",
            "messageTitle": "Add JUnit Tests",
            "messageBody": "",
            "tags": [
              "v0.1",
              "A-JUnit"
            ],
            "fileTypesAndContributionMap": {
              "java": {
                "insertions": 48,
                "deletions": 0
              }
            }
          },
          {
            "hash": "072c9c0bbe54bba5ebc25dbed0084b5ac027379b",
            "messageTitle": "Add Javadocs for all classes.",
            "messageBody": "",
            "fileTypesAndContributionMap": {
              "java": {
                "insertions": 153,
                "deletions": 1
              }
            }
          },
          {
            "hash": "863815966aaba066b09e517f6f44fbcc3ab2f924",
            "messageTitle": "Adjust formatting of code to meet Coding Standard",
            "messageBody": "",
            "fileTypesAndContributionMap": {
              "java": {
                "insertions": 4,
                "deletions": 0
              }
            }
          },
          {
            "hash": "d77a6fe53ed244086fd373bc775f82f8939451dc",
            "messageTitle": "Add Find functionality",
            "messageBody": "",
            "fileTypesAndContributionMap": {
              "txt": {
                "insertions": 1,
                "deletions": 0
              },
              "java": {
                "insertions": 26,
                "deletions": 8
              }
            }
          }
        ]
      }
    ]
  },
  "authorFileTypeContributionMap": {
    "VaishakAnand": {
      "java": 640,
      "md": 0,
      "fxml": 0,
      "sh": 0,
      "bat": 1,
      "gradle": 0,
      "txt": 11
    }
  },
  "authorContributionVariance": {
    "VaishakAnand": 58786.246
  },
  "authorDisplayNameMap": {
    "VaishakAnand": "CS2103T-W15-2 VAIS..NAND"
  }
}
