{
  "authorDailyContributionsMap": {
    "VaishakAnand": [
      {
        "date": "2020-08-17",
        "commitResults": [
          {
            "hash": "51734fa9b3574e46234473f18f0bc02d79efd38e",
            "messageTitle": "Added Greet, Echo, Exit",
            "messageBody": "",
            "fileTypesAndContributionMap": {
              "java": {
                "insertions": 39,
                "deletions": 6
              }
            }
          },
          {
            "hash": "c1fdb2e7d0780af40d264a03837e2601ea6df46c",
            "messageTitle": "Added Add, List",
            "messageBody": "",
            "tags": [
              "Level-2"
            ],
            "fileTypesAndContributionMap": {
              "java": {
                "insertions": 19,
                "deletions": 6
              }
            }
          },
          {
            "hash": "0e2fb4554bd9dc3e6db3ef67beb49a822087cf2f",
            "messageTitle": "Added Mark as Done",
            "messageBody": "",
            "tags": [
              "Level-3"
            ],
            "fileTypesAndContributionMap": {
              "java": {
                "insertions": 40,
                "deletions": 5
              }
            }
          },
          {
            "hash": "ac869f2372254f739cf54d948006fb7e93d8a6d5",
            "messageTitle": "Added ToDos, Events, Deadlines",
            "messageBody": "",
            "tags": [
              "Level-4"
            ],
            "fileTypesAndContributionMap": {
              "java": {
                "insertions": 56,
                "deletions": 5
              }
            }
          },
          {
            "hash": "0159fe53463caa814d010c12d3e228a5fe229b31",
            "messageTitle": "Implemented Automated Text UI Testing",
            "messageBody": "",
            "tags": [
              "A-TextUiTesting"
            ],
            "fileTypesAndContributionMap": {
              "txt": {
                "insertions": 7,
                "deletions": 0
              },
              "bat": {
                "insertions": 1,
                "deletions": 1
              }
            }
          }
        ]
      },
      {
        "date": "2020-08-18",
        "commitResults": [
          {
            "hash": "eab1004afc526167d3683d8093dc179b867a7caa",
            "messageTitle": "Added Error Handling",
            "messageBody": "",
            "tags": [
              "Level-5"
            ],
            "fileTypesAndContributionMap": {
              "java": {
                "insertions": 83,
                "deletions": 24
              }
            }
          },
          {
            "hash": "7e52022dd6744717241d06bd2e55f2a9296a539b",
            "messageTitle": "Added Delete and an additional Exception",
            "messageBody": "",
            "tags": [
              "Level-6"
            ],
            "fileTypesAndContributionMap": {
              "java": {
                "insertions": 26,
                "deletions": 4
              }
            }
          }
        ]
      },
      {
        "date": "2020-08-25",
        "commitResults": [
          {
            "hash": "a0b57b313da4b332d47955a68621955d4578e615",
            "messageTitle": "Added Save functionality",
            "messageBody": "",
            "tags": [
              "Level-7"
            ],
            "fileTypesAndContributionMap": {
              "txt": {
                "insertions": 2,
                "deletions": 0
              },
              "java": {
                "insertions": 94,
                "deletions": 6
              }
            }
          },
          {
            "hash": "33ce930d8efccc23ddb3679aaeb4bbe6943bde8a",
            "messageTitle": "Added Date functionality",
            "messageBody": "",
            "tags": [
              "Level-8"
            ],
            "fileTypesAndContributionMap": {
              "java": {
                "insertions": 14,
                "deletions": 6
              }
            }
          },
          {
            "hash": "9f29a95d7b971a5d6feb387f2f8182cfd8d7b42a",
            "messageTitle": "Fixed bugs that came upon merging",
            "messageBody": "",
            "fileTypesAndContributionMap": {
              "txt": {
                "insertions": 0,
                "deletions": 2
              },
              "java": {
                "insertions": 0,
                "deletions": 0
              }
            }
          },
          {
            "hash": "51aab47ba77197427a405905c87e47927ad1ccfa",
            "messageTitle": "Fixed bugs that came upon merging",
            "messageBody": "",
            "fileTypesAndContributionMap": {
              "txt": {
                "insertions": 2,
                "deletions": 0
              },
              "java": {
                "insertions": 25,
                "deletions": 19
              }
            }
          },
          {
            "hash": "e1e30fba29af9020e6072952bd68314db1af8d6a",
            "messageTitle": "Change Code to use more OOP",
            "messageBody": "",
            "tags": [
              "A-MoreOOP"
            ],
            "fileTypesAndContributionMap": {
              "txt": {
                "insertions": 2,
                "deletions": 1
              },
              "java": {
                "insertions": 281,
                "deletions": 184
              }
            }
          },
          {
            "hash": "eeced64b14acaf1b8b80b0797960575170194899",
            "messageTitle": "Add JUnit Tests",
            "messageBody": "",
            "tags": [
              "v0.1",
              "A-JUnit"
            ],
            "fileTypesAndContributionMap": {
              "java": {
                "insertions": 48,
                "deletions": 0
              }
            }
          },
          {
            "hash": "072c9c0bbe54bba5ebc25dbed0084b5ac027379b",
            "messageTitle": "Add Javadocs for all classes.",
            "messageBody": "",
            "fileTypesAndContributionMap": {
              "java": {
                "insertions": 153,
                "deletions": 1
              }
            }
          },
          {
            "hash": "863815966aaba066b09e517f6f44fbcc3ab2f924",
            "messageTitle": "Adjust formatting of code to meet Coding Standard",
            "messageBody": "",
            "fileTypesAndContributionMap": {
              "java": {
                "insertions": 4,
                "deletions": 0
              }
            }
          },
          {
            "hash": "d77a6fe53ed244086fd373bc775f82f8939451dc",
            "messageTitle": "Add Find functionality",
            "messageBody": "",
            "fileTypesAndContributionMap": {
              "txt": {
                "insertions": 1,
                "deletions": 0
              },
              "java": {
                "insertions": 26,
                "deletions": 8
              }
            }
          }
        ]
      },
      {
        "date": "2020-08-31",
        "commitResults": [
          {
            "hash": "22b1c30420f2356a9f0d907200baab189d3ad150",
            "messageTitle": "Package Exceptions into separate folder.",
            "messageBody": "",
            "fileTypesAndContributionMap": {
              "java": {
                "insertions": 25,
                "deletions": 6
              }
            }
          },
          {
            "hash": "f53294f798435392e2b6447a367bed7b4c024ddd",
            "messageTitle": "Minimise code repeating.",
            "messageBody": "",
            "tags": [
              "A-Jar"
            ],
            "fileTypesAndContributionMap": {
              "txt": {
                "insertions": 1,
                "deletions": 0
              },
              "java": {
                "insertions": 31,
                "deletions": 28
              }
            }
          },
          {
            "hash": "de90d98b9f46959d6e0c5ad8a0a9a2f61ed1a150",
            "messageTitle": "Add Checkstyle with Gradle, fix some checkstyle errors",
            "messageBody": "",
            "tags": [
              "A-CheckStyle"
            ],
            "fileTypesAndContributionMap": {
              "gradle": {
                "insertions": 1,
                "deletions": 1
              },
              "java": {
                "insertions": 18,
                "deletions": 18
              }
            }
          }
        ]
      },
      {
        "date": "2020-09-01",
        "commitResults": [
          {
            "hash": "e1bfd91574cda7da6f5b44a6f5fe2168c2c15592",
            "messageTitle": "Add JavaFX with Gradle, basics of Duke GUI",
            "messageBody": "",
            "fileTypesAndContributionMap": {
              "gradle": {
                "insertions": 15,
                "deletions": 0
              },
              "java": {
                "insertions": 160,
                "deletions": 1
              }
            }
          },
          {
            "hash": "0949e8e73a4514eaac134b4eeaa1bd6d3ae4cb83",
            "messageTitle": "Implement functional basic Duke Gui",
            "messageBody": "",
            "fileTypesAndContributionMap": {
              "gradle": {
                "insertions": 1,
                "deletions": 1
              },
              "txt": {
                "insertions": 1,
                "deletions": 1
              },
              "fxml": {
                "insertions": 45,
                "deletions": 0
              },
              "java": {
                "insertions": 216,
                "deletions": 213
              }
            }
          }
        ]
      },
      {
        "date": "2020-09-02",
        "commitResults": [
          {
            "hash": "e68d127daeb1978a46ece4245844fd9ef78cf0b9",
            "messageTitle": "Fix most coding standard violations",
            "messageBody": "",
            "fileTypesAndContributionMap": {
              "java": {
                "insertions": 11,
                "deletions": 13
              }
            }
          }
        ]
      },
      {
        "date": "2020-09-06",
        "commitResults": [
          {
            "hash": "5fffe272252dbfef9a30fe85628a919c5dc502d5",
            "messageTitle": "Refactor using Command classes, repackage of classes.",
            "messageBody": "",
            "fileTypesAndContributionMap": {
              "gradle": {
                "insertions": 1,
                "deletions": 1
              },
              "txt": {
                "insertions": 1,
                "deletions": 2
              },
              "fxml": {
                "insertions": 1,
                "deletions": 1
              },
              "java": {
                "insertions": 328,
                "deletions": 191
              },
              "md": {
                "insertions": 2,
                "deletions": 2
              }
            }
          }
        ]
      },
      {
        "date": "2020-09-07",
        "commitResults": [
          {
            "hash": "7cf8f22a4bcf84dace92504bf30c2205aaae0a88",
            "messageTitle": "Add Javadocs to Command and Exception classes.",
            "messageBody": "",
            "fileTypesAndContributionMap": {
              "java": {
                "insertions": 163,
                "deletions": 37
              }
            }
          },
          {
            "hash": "ae4ad2d466190230e325bc89b85a254826c01cc8",
            "messageTitle": "Add Javadocs to remaining classes",
            "messageBody": "",
            "fileTypesAndContributionMap": {
              "java": {
                "insertions": 56,
                "deletions": 35
              }
            }
          }
        ]
      },
      {
        "date": "2020-09-08",
        "commitResults": [
          {
            "hash": "93e6606d251989000f2e60236bba1930b3668e7e",
            "messageTitle": "Add assertions",
            "messageBody": "",
            "tags": [
              "A-Assertions"
            ],
            "fileTypesAndContributionMap": {
              "java": {
                "insertions": 14,
                "deletions": 3
              }
            }
          },
          {
            "hash": "645a8a75721b52cb1bec6538995fdc4967459aec",
            "messageTitle": "Improve Code Quality",
            "messageBody": "",
            "tags": [
              "A-CodeQuality"
            ],
            "fileTypesAndContributionMap": {
              "txt": {
                "insertions": 1,
                "deletions": 1
              },
              "java": {
                "insertions": 168,
                "deletions": 97
              }
            }
          },
          {
            "hash": "5765448e4f84b112903ed0c35174b646be495683",
            "messageTitle": "Refactor variable name",
            "messageBody": "",
            "fileTypesAndContributionMap": {
              "java": {
                "insertions": 3,
                "deletions": 3
              }
            }
          },
          {
            "hash": "76590f1b7d1a6dc045ebb6588ec9ee0c794019d3",
            "messageTitle": "Add Update functionality, still has bugs",
            "messageBody": "",
            "fileTypesAndContributionMap": {
              "java": {
                "insertions": 235,
                "deletions": 11
              }
            }
          },
          {
            "hash": "57470f530708ef23e99ada024038a220e32158f6",
            "messageTitle": "Add full Update functionality, removed bugs.",
            "messageBody": "",
            "tags": [
              "BCD-Extension"
            ],
            "fileTypesAndContributionMap": {
              "txt": {
                "insertions": 2,
                "deletions": 2
              },
              "java": {
                "insertions": 63,
                "deletions": 4
              }
            }
          }
        ]
      },
      {
        "date": "2020-09-13",
        "commitResults": [
          {
            "hash": "c857016e3fd7418119d92f7d994092f032387c1a",
            "messageTitle": "Update gui",
            "messageBody": "",
            "fileTypesAndContributionMap": {
              "fxml": {
                "insertions": 49,
                "deletions": 15
              },
              "java": {
                "insertions": 6,
                "deletions": 0
              }
            }
          }
        ]
      }
    ]
  },
  "authorFileTypeContributionMap": {
    "VaishakAnand": {
      "java": 1481,
      "md": 2,
      "fxml": 79,
      "sh": 0,
      "bat": 1,
      "gradle": 17,
      "txt": 11
    }
  },
  "authorContributionVariance": {
    "VaishakAnand": 52031.63
  },
  "authorDisplayNameMap": {
    "VaishakAnand": "CS2103T-W15-2 VAIS..NAND"
  }
}
