{
  "authorDailyContributionsMap": {
    "orzymandias": [
      {
        "date": "2020-08-16",
        "commitResults": [
          {
            "hash": "0d43569b4cd4a18d18cab50fe840c4fe389fd9e9",
            "messageTitle": "Level-1: Greet, Echo, Exit",
            "messageBody": "",
            "tags": [
              "Level-1"
            ],
            "fileTypesAndContributionMap": {
              "java": {
                "insertions": 32,
                "deletions": 6
              }
            }
          },
          {
            "hash": "e35f84b17a31b67115d87173596ea038aced0eb5",
            "messageTitle": "Level 2. Add, List",
            "messageBody": "",
            "tags": [
              "Level-2"
            ],
            "fileTypesAndContributionMap": {
              "java": {
                "insertions": 19,
                "deletions": 2
              }
            }
          },
          {
            "hash": "f961c464a0eeb88f88b699816056d90e6b31c8be",
            "messageTitle": "Level 3. Mark as Done",
            "messageBody": "",
            "tags": [
              "Level-3"
            ],
            "fileTypesAndContributionMap": {
              "java": {
                "insertions": 32,
                "deletions": 5
              }
            }
          },
          {
            "hash": "8a2404f7d21e9ca73a2309bfd2b0c3d4f4c471b8",
            "messageTitle": "Level-4: ToDo, Event, Deadline",
            "messageBody": "",
            "fileTypesAndContributionMap": {
              "java": {
                "insertions": 61,
                "deletions": 2
              }
            }
          },
          {
            "hash": "69135a5f8d860f96bab7e8a1bb0add71c84df9f7",
            "messageTitle": "Handle case where user gives an input which does not contain any of the keywords.",
            "messageBody": "",
            "tags": [
              "Level-4"
            ],
            "fileTypesAndContributionMap": {
              "java": {
                "insertions": 2,
                "deletions": 4
              }
            }
          },
          {
            "hash": "123be8bff4b4f4a5a73da168cd1db350ce35db38",
            "messageTitle": "Automated Text UI Testing. Use the input/output redirection technique to semi-automate the testing of Intrubot.",
            "messageBody": "",
            "tags": [
              "A-TextUiTesting"
            ],
            "fileTypesAndContributionMap": {
              "txt": {
                "insertions": 7,
                "deletions": 0
              },
              "bat": {
                "insertions": 2,
                "deletions": 1
              }
            }
          }
        ]
      },
      {
        "date": "2020-08-17",
        "commitResults": [
          {
            "hash": "b0345f6a9ce58a5b7f40a7ca31a983c32a3ca34f",
            "messageTitle": "Teach Duke to deal with errors such as incorrect inputs entered by the user and refactored duke file",
            "messageBody": "",
            "fileTypesAndContributionMap": {
              "java": {
                "insertions": 96,
                "deletions": 39
              }
            }
          },
          {
            "hash": "78ef0a33f3489418087239766e977bef71a276ec",
            "messageTitle": "Updated test suite to cover exception scenerios",
            "messageBody": "",
            "tags": [
              "Level-5"
            ],
            "fileTypesAndContributionMap": {
              "txt": {
                "insertions": 3,
                "deletions": 0
              }
            }
          },
          {
            "hash": "5d2cef83d08d87316f198809ff8ef1608b2a2360",
            "messageTitle": "Add support for deleting tasks from the list.",
            "messageBody": "",
            "fileTypesAndContributionMap": {
              "java": {
                "insertions": 19,
                "deletions": 1
              }
            }
          },
          {
            "hash": "920bffbcaffb90102fa9f7f61ea3d1dead378677",
            "messageTitle": "Updated test suite to cover deletion feature and also error handling scenerios for deletion feature.",
            "messageBody": "",
            "tags": [
              "Level-6"
            ],
            "fileTypesAndContributionMap": {
              "txt": {
                "insertions": 4,
                "deletions": 1
              }
            }
          }
        ]
      },
      {
        "date": "2020-08-24",
        "commitResults": [
          {
            "hash": "f46a2288e68a6f47d9646d0365d1a3b57995ae83",
            "messageTitle": "Add Save Feature to persist task history",
            "messageBody": "Intrubot does not have any means to persist tasks history across different sessions.\n\nDataSaver class introduced to handle saving and loading of task history across sessions. Modify Task class and its subclasses with secondary constructors to accept more parameters for initialization.\n",
            "tags": [
              "Level-7"
            ],
            "fileTypesAndContributionMap": {
              "java": {
                "insertions": 170,
                "deletions": 28
              }
            }
          },
          {
            "hash": "ee49b9e14cc64a1e32c65f2cec87d5370ecbfecd",
            "messageTitle": "Add date and times feature for Deadline and Event classes",
            "messageBody": "String representation of time are not standardized and user dependent.\n\nLocalDate used to store time in Event and Deadline classes.\n\nFormat of time is now standardized and ready for parsing and manipulation by Intrubot.\n",
            "tags": [
              "Level-8"
            ],
            "fileTypesAndContributionMap": {
              "java": {
                "insertions": 48,
                "deletions": 35
              }
            }
          },
          {
            "hash": "546befee481471a3bdc225838e2890b857810913",
            "messageTitle": "Refactor the code to extract out closely related code as classes.",
            "messageBody": "Duke class file is increasingly convoluted with similar logic for different function including from Ui, Storage, Command, Parser and  Tasklist\n\nExtract logically similar code into common components into the following:\n* Ui : handle reading user input and render responses\n* Storage: Read and Write TaskList Items to Local Memory\n* Command: Execute different logic based on command specifed\n* Parser: Parse user input into their commands and arguments\n*TaskLists: contains the task list\n\nAbstract logically similar component for easier extensibility\n",
            "tags": [
              "A-MoreOOP"
            ],
            "fileTypesAndContributionMap": {
              "txt": {
                "insertions": 3,
                "deletions": 2
              },
              "java": {
                "insertions": 362,
                "deletions": 174
              },
              "bat": {
                "insertions": 1,
                "deletions": 1
              }
            }
          },
          {
            "hash": "1c6c66fe077998f1fb00c9483ef6b8c76d87e0f4",
            "messageTitle": "Divide classes into packages",
            "messageBody": "Source package is increasingly cluttered and difficult to navigate\n\nOrganize the classes into suitable java packages.\n\nRelated Classes are group together to allow information hiding via package access modifier\n",
            "tags": [
              "A-Packages",
              "A-Jar"
            ],
            "fileTypesAndContributionMap": {
              "txt": {
                "insertions": 4,
                "deletions": 0
              },
              "java": {
                "insertions": 88,
                "deletions": 23
              }
            }
          },
          {
            "hash": "3adbc7700915fa538ff8c395848a504267367808",
            "messageTitle": "Add JUnit tests",
            "messageBody": "Individual classes and methods are not are tested independently of other classes.\n\n*Unit test written for Storage class under 2 scenarios loading data and reading from file if filepath is absent.\n*Unit test for output stream for Ui class of  bye command\n\nUnit testing: testing individual units ensure that event the smallest component works correctly.\n",
            "tags": [
              "A-JUnit"
            ],
            "fileTypesAndContributionMap": {
              "txt": {
                "insertions": 0,
                "deletions": 0
              },
              "java": {
                "insertions": 127,
                "deletions": 3
              }
            }
          }
        ]
      },
      {
        "date": "2020-08-25",
        "commitResults": [
          {
            "hash": "32551bcf0ab39305248d4dac6073279ac6d136ad",
            "messageTitle": "Add Find Functionality",
            "messageBody": "User is unable to query items from task list.\n\nAdd FindCommand class which extract tasks containing queried term.\n",
            "tags": [
              "Level-9"
            ],
            "fileTypesAndContributionMap": {
              "txt": {
                "insertions": 4,
                "deletions": 6
              },
              "java": {
                "insertions": 80,
                "deletions": 15
              },
              "bat": {
                "insertions": 2,
                "deletions": 2
              }
            }
          },
          {
            "hash": "62192416ad340ace98f13e7b9c4790f21e9d159a",
            "messageTitle": "Add JavaDoc comments to the code.",
            "messageBody": "Public classes and methods do not have JavaDocs which hinder readability.\n\nAdd header comments to all non-private classes/methods, and non-trivial private methods.\n",
            "tags": [
              "A-JavaDoc"
            ],
            "fileTypesAndContributionMap": {
              "java": {
                "insertions": 311,
                "deletions": 36
              }
            }
          },
          {
            "hash": "e75d4ee1894bd6e585ad05e98d7650496e3f2875",
            "messageTitle": "Tweak code to follow the Coding Standard",
            "messageBody": "Code does not comply with coding standard which could hinder readability and collaboration with other developers.\n\nCoding standard has been tweaked to follow: https://se-education.org/guides/conventions/java/intermediate.html#package-and-import-statements\n\nAllow others familiar with coding standard to understand the repository better.\n",
            "tags": [
              "A-CodingStandard"
            ],
            "fileTypesAndContributionMap": {
              "java": {
                "insertions": 43,
                "deletions": 43
              }
            }
          }
        ]
      },
      {
        "date": "2020-08-29",
        "commitResults": [
          {
            "hash": "d5cf58ae7b3b753e91708b6ee01931b73366a3df",
            "messageTitle": " Automate project builds using Gradle",
            "messageBody": "Building the from source code and running testcases can be a and be tedious multi-step process.\n\nGradle integration saves precious development time and labour.\n\nGradle is being used to automate building and running of Duke. It is also set up to run the whole test suite of unit tests.\n\nThis saves the number of clicks to run duke and unit tests.\n\nUse Gradle to automate some of the build tasks of the project.\n",
            "tags": [
              "A-Gradle"
            ],
            "fileTypesAndContributionMap": {
              "gradle": {
                "insertions": 11,
                "deletions": 5
              },
              "java": {
                "insertions": 23,
                "deletions": 15
              }
            }
          }
        ]
      },
      {
        "date": "2020-08-31",
        "commitResults": [
          {
            "hash": "70be5918d0c09a21729cb5a6d819caa12c162c40",
            "messageTitle": "Add a GUI to Duke",
            "messageBody": "GUI is running solely in the command line with no graphical user interface.\n\nA purely CLI interface may not be as user-friendly as a GUI interface which\nmore users would be accustomed to.\n\nUse the JavaFX technology to implement the GUI. View of the application is\nrendered using FXML which is manipulated using by Controller classes\nMainWindow and DialogBox.\n\nTo add sub nodes individually to the main node for building the view is\nharder to visualize and makes code more verbose.\n",
            "tags": [
              "Level-10"
            ],
            "fileTypesAndContributionMap": {
              "gradle": {
                "insertions": 25,
                "deletions": 5
              },
              "fxml": {
                "insertions": 35,
                "deletions": 0
              },
              "java": {
                "insertions": 245,
                "deletions": 68
              }
            }
          }
        ]
      },
      {
        "date": "2020-09-02",
        "commitResults": [
          {
            "hash": "b13e3843ef9ff420d7228344735009f9651631b7",
            "messageTitle": "Format code to adhere to coding standards",
            "messageBody": "New code added for this week\u0027s increments were not adhering to the coding standards.\n\nAdd Javadoc\u0027s, remove a few white spaces across multiple files, reorder import statements among other adjustments.\n\nCode is now cleaner, easier to read for people familiar with the coding standard.\n",
            "fileTypesAndContributionMap": {
              "gradle": {
                "insertions": 5,
                "deletions": 5
              },
              "java": {
                "insertions": 144,
                "deletions": 106
              }
            }
          }
        ]
      },
      {
        "date": "2020-09-06",
        "commitResults": [
          {
            "hash": "8c61fb7263733accd29ac9f26d2830f654804d18",
            "messageTitle": "Use assert feature  to document important assumptions throughout code",
            "messageBody": "Codebase is not supported by assertions to guard against unexpected\nvalues and state.\n\nImplement several assertions such as but not limited to:\n*Assertion is used to verify tasklist length for store operations.\n*Assertion is also checks precondition for Delete command from tasklist.\n\nVerify that code hold up to assumptions and reduce cases program state\ncausing unexpected bugs.\n",
            "tags": [
              "A-Assertions"
            ],
            "fileTypesAndContributionMap": {
              "java": {
                "insertions": 6,
                "deletions": 2
              }
            }
          },
          {
            "hash": "043f90f719ff3597e02303d66577ce14ad596600",
            "messageTitle": "Improve code quality",
            "messageBody": "Code difficult to read due to unabstracted logic, unclear comments.\n\nImprove the code quality by the following:\n* Eliminate magic numbers and strings.\n* Shorten methods like parse.\n* Reduce depth of nesting in parse.\n* Rename variables.\n* SLAP applied to parse.\n* Use default branch in conditionals.\n* Rephrase comments.\n\nCode is more readable and less error prone.\n",
            "fileTypesAndContributionMap": {
              "java": {
                "insertions": 139,
                "deletions": 57
              },
              "bat": {
                "insertions": 1,
                "deletions": 1
              }
            }
          },
          {
            "hash": "c3023dc5b2de434e368af64fd680dfeaada47b4a",
            "messageTitle": "Improve code quality even more",
            "messageBody": "Code difficult to read due to unabstracted logic, unclear comments.\n\nImprove the code quality by the following:\n* Eliminate more  magic numbers and strings.\n\nCode is more readable and less error prone.\n",
            "tags": [
              "A-CodeQuality"
            ],
            "fileTypesAndContributionMap": {
              "java": {
                "insertions": 13,
                "deletions": 6
              }
            }
          },
          {
            "hash": "48d4081981e0fcf966007351e67c1ff9fd69ebd4",
            "messageTitle": "Add duplicate detection functionality",
            "messageBody": "Duplicate tasks can be added to the tasklist.\n\nAdd the ability to recognize and deal with duplicate items,\nby refusing addition of duplicated tasks which share the\nsame description and timings.\n\nAll tasks moving forward is unique and not redundant.\n",
            "tags": [
              "C-DetectDuplicates",
              "BCD-Extension",
              "A-Streams",
              "A-Lambdas"
            ],
            "fileTypesAndContributionMap": {
              "txt": {
                "insertions": 1,
                "deletions": 0
              },
              "java": {
                "insertions": 39,
                "deletions": 2
              }
            }
          }
        ]
      },
      {
        "date": "2020-09-09",
        "commitResults": [
          {
            "hash": "a4dcc9254332565296e812c5f6323a4b9f5fe7ab",
            "messageTitle": "fix checkstyle errors",
            "messageBody": "",
            "fileTypesAndContributionMap": {
              "java": {
                "insertions": 21,
                "deletions": 19
              }
            }
          }
        ]
      },
      {
        "date": "2020-09-12",
        "commitResults": [
          {
            "hash": "741831a8d6f92c0ebe030e1c8468bfc68fe9b225",
            "messageTitle": "Add Trivia functionality",
            "messageBody": "Intrubot only stores tasks information.\n\nUser may want to store trivia data.\n\nStore questions and answers which can\nbe deleted.\n",
            "tags": [
              "D-Trivia"
            ],
            "fileTypesAndContributionMap": {
              "java": {
                "insertions": 156,
                "deletions": 38
              }
            }
          }
        ]
      },
      {
        "date": "2020-09-13",
        "commitResults": [
          {
            "hash": "4b78daffe2b111d28ddebd969ad427949b3f4fc4",
            "messageTitle": "Remove IO redirection test",
            "messageBody": "",
            "fileTypesAndContributionMap": {
              "java": {
                "insertions": 47,
                "deletions": 47
              }
            }
          },
          {
            "hash": "d12672998a30f93890d6d6ed164aca6f0bcf9ec5",
            "messageTitle": "Format user guide",
            "messageBody": "",
            "fileTypesAndContributionMap": {
              "md": {
                "insertions": 1,
                "deletions": 1
              }
            }
          },
          {
            "hash": "57a5fc74baf05b17de9af14022aa925b31dd9118",
            "messageTitle": "Fix styling issues",
            "messageBody": "",
            "tags": [
              "A-BetterGui"
            ],
            "fileTypesAndContributionMap": {
              "fxml": {
                "insertions": 1,
                "deletions": 1
              },
              "java": {
                "insertions": 66,
                "deletions": 70
              }
            }
          },
          {
            "hash": "b1290bef53b3c71b57a0ffed14bef3772f2b7e63",
            "messageTitle": "Fix bug for trivia",
            "messageBody": "Able to save duplicate trivia and unable to search for\ntrivia.\n\n*Modify trivia command to handle duplicates.\n*Modify trivia class to have question and answer\nin description.\n\n*Allow trivia to be found using search\nfunctionality.\n",
            "fileTypesAndContributionMap": {
              "fxml": {
                "insertions": 16,
                "deletions": 7
              },
              "java": {
                "insertions": 30,
                "deletions": 2
              },
              "md": {
                "insertions": 200,
                "deletions": 7
              }
            }
          },
          {
            "hash": "d21ec88a1625b5f6def2e09e7d1e03beecbeb9eb",
            "messageTitle": "Format user guide",
            "messageBody": "",
            "tags": [
              "A-UserGuide"
            ],
            "fileTypesAndContributionMap": {
              "md": {
                "insertions": 20,
                "deletions": 20
              }
            }
          }
        ]
      },
      {
        "date": "2020-09-15",
        "commitResults": [
          {
            "hash": "0acd1c8e6f52060a21ca8f4a660e2eb0b32fe480",
            "messageTitle": "Update user interface",
            "messageBody": "Ui of GUI can be more appealing.\n\n*Update greeting message.\n*Update styling.\n",
            "fileTypesAndContributionMap": {
              "gradle": {
                "insertions": 8,
                "deletions": 19
              },
              "java": {
                "insertions": 19,
                "deletions": 4
              },
              "md": {
                "insertions": 22,
                "deletions": 4
              }
            }
          },
          {
            "hash": "5bdc1222691c18368b9fe5e18cbb25c6e458681a",
            "messageTitle": "Update README.md",
            "messageBody": "",
            "fileTypesAndContributionMap": {
              "md": {
                "insertions": 6,
                "deletions": 5
              }
            }
          }
        ]
      }
    ]
  },
  "authorFileTypeContributionMap": {
    "orzymandias": {
      "java": 1607,
      "md": 211,
      "fxml": 44,
      "sh": 0,
      "bat": 3,
      "gradle": 17,
      "txt": 17
    }
  },
  "authorContributionVariance": {
    "orzymandias": 50998.69
  },
  "authorDisplayNameMap": {
    "orzymandias": "CS2103T-T15-4 GAN ..SAAC"
  }
}
