[
  {
    "path": "data/duke.txt",
    "fileType": "txt",
    "lines": [
      {
        "lineNumber": 1,
        "author": {
          "gitId": "wengfaing"
        },
        "content": "T@1@read book"
      },
      {
        "lineNumber": 2,
        "author": {
          "gitId": "wengfaing"
        },
        "content": "D@1@return book@2020-06-06T18:00"
      },
      {
        "lineNumber": 3,
        "author": {
          "gitId": "wengfaing"
        },
        "content": "E@1@project meeting@2020-08-06T14:00"
      },
      {
        "lineNumber": 4,
        "author": {
          "gitId": "wengfaing"
        },
        "content": "T@0@eat food"
      },
      {
        "lineNumber": 5,
        "author": {
          "gitId": "wengfaing"
        },
        "content": "E@0@eat friends@2020-12-12T12:00"
      }
    ],
    "authorContributionMap": {
      "wengfaing": 5
    }
  },
  {
    "path": "duke1.txt",
    "fileType": "txt",
    "lines": [
      {
        "lineNumber": 1,
        "author": {
          "gitId": "wengfaing"
        },
        "content": "T@1@read book"
      },
      {
        "lineNumber": 2,
        "author": {
          "gitId": "wengfaing"
        },
        "content": "D@0@return book@June 6th"
      },
      {
        "lineNumber": 3,
        "author": {
          "gitId": "wengfaing"
        },
        "content": "E@0@project meeting@Aug 6th 2-4pm"
      },
      {
        "lineNumber": 4,
        "author": {
          "gitId": "wengfaing"
        },
        "content": "T@1@join sports club"
      }
    ],
    "authorContributionMap": {
      "wengfaing": 4
    }
  },
  {
    "path": "src/Deadline.java",
    "fileType": "java",
    "lines": [
      {
        "lineNumber": 1,
        "author": {
          "gitId": "wengfaing"
        },
        "content": "import java.time.LocalDate;"
      },
      {
        "lineNumber": 2,
        "author": {
          "gitId": "wengfaing"
        },
        "content": "import java.time.LocalDateTime;"
      },
      {
        "lineNumber": 3,
        "author": {
          "gitId": "wengfaing"
        },
        "content": ""
      },
      {
        "lineNumber": 4,
        "author": {
          "gitId": "wengfaing"
        },
        "content": "public class Deadline extends Task {"
      },
      {
        "lineNumber": 5,
        "author": {
          "gitId": "wengfaing"
        },
        "content": ""
      },
      {
        "lineNumber": 6,
        "author": {
          "gitId": "wengfaing"
        },
        "content": "    public Deadline(String description, String by) {"
      },
      {
        "lineNumber": 7,
        "author": {
          "gitId": "wengfaing"
        },
        "content": "        super(description);"
      },
      {
        "lineNumber": 8,
        "author": {
          "gitId": "wengfaing"
        },
        "content": "        this.deadline \u003d LocalDateTime.parse(by);"
      },
      {
        "lineNumber": 9,
        "author": {
          "gitId": "wengfaing"
        },
        "content": "        this.type \u003d \"D\";"
      },
      {
        "lineNumber": 10,
        "author": {
          "gitId": "wengfaing"
        },
        "content": "    }"
      },
      {
        "lineNumber": 11,
        "author": {
          "gitId": "wengfaing"
        },
        "content": ""
      },
      {
        "lineNumber": 12,
        "author": {
          "gitId": "wengfaing"
        },
        "content": "    @Override"
      },
      {
        "lineNumber": 13,
        "author": {
          "gitId": "wengfaing"
        },
        "content": "    public String toString() {"
      },
      {
        "lineNumber": 14,
        "author": {
          "gitId": "wengfaing"
        },
        "content": "        return \"[D]\" + super.toString() + \" (by: \" + this.formatDeadline() + \")\";"
      },
      {
        "lineNumber": 15,
        "author": {
          "gitId": "wengfaing"
        },
        "content": "    }"
      },
      {
        "lineNumber": 16,
        "author": {
          "gitId": "wengfaing"
        },
        "content": ""
      },
      {
        "lineNumber": 17,
        "author": {
          "gitId": "wengfaing"
        },
        "content": "}"
      }
    ],
    "authorContributionMap": {
      "wengfaing": 17
    }
  },
  {
    "path": "src/Duke.java",
    "fileType": "java",
    "lines": [
      {
        "lineNumber": 1,
        "author": {
          "gitId": "wengfaing"
        },
        "content": "import java.io.FileNotFoundException;"
      },
      {
        "lineNumber": 2,
        "author": {
          "gitId": "wengfaing"
        },
        "content": "import java.io.FileWriter;"
      },
      {
        "lineNumber": 3,
        "author": {
          "gitId": "wengfaing"
        },
        "content": "import java.io.IOException;"
      },
      {
        "lineNumber": 4,
        "author": {
          "gitId": "wengfaing"
        },
        "content": "import java.sql.SQLOutput;"
      },
      {
        "lineNumber": 5,
        "author": {
          "gitId": "wengfaing"
        },
        "content": "import java.time.format.DateTimeParseException;"
      },
      {
        "lineNumber": 6,
        "author": {
          "gitId": "wengfaing"
        },
        "content": "import java.util.Scanner;"
      },
      {
        "lineNumber": 7,
        "author": {
          "gitId": "wengfaing"
        },
        "content": "import java.io.File;"
      },
      {
        "lineNumber": 8,
        "author": {
          "gitId": "wengfaing"
        },
        "content": ""
      },
      {
        "lineNumber": 9,
        "author": {
          "gitId": "wengfaing"
        },
        "content": "public class Duke {"
      },
      {
        "lineNumber": 10,
        "author": {
          "gitId": "wengfaing"
        },
        "content": "    public static void displayMessage(String s) {"
      },
      {
        "lineNumber": 11,
        "author": {
          "gitId": "wengfaing"
        },
        "content": "        System.out.println(\"\\t---------------------------\\n\\t\" +"
      },
      {
        "lineNumber": 12,
        "author": {
          "gitId": "wengfaing"
        },
        "content": "                s +"
      },
      {
        "lineNumber": 13,
        "author": {
          "gitId": "wengfaing"
        },
        "content": "                \"\\n\\t---------------------------\""
      },
      {
        "lineNumber": 14,
        "author": {
          "gitId": "wengfaing"
        },
        "content": "        );"
      },
      {
        "lineNumber": 15,
        "author": {
          "gitId": "wengfaing"
        },
        "content": "    }"
      },
      {
        "lineNumber": 16,
        "author": {
          "gitId": "wengfaing"
        },
        "content": ""
      },
      {
        "lineNumber": 17,
        "author": {
          "gitId": "wengfaing"
        },
        "content": "    private static void writeToFile(String filePath, String textToAdd) throws IOException {"
      },
      {
        "lineNumber": 18,
        "author": {
          "gitId": "wengfaing"
        },
        "content": "        FileWriter fw \u003d new FileWriter(filePath);"
      },
      {
        "lineNumber": 19,
        "author": {
          "gitId": "wengfaing"
        },
        "content": "        fw.write(textToAdd);"
      },
      {
        "lineNumber": 20,
        "author": {
          "gitId": "wengfaing"
        },
        "content": "        fw.close();"
      },
      {
        "lineNumber": 21,
        "author": {
          "gitId": "wengfaing"
        },
        "content": "    }"
      },
      {
        "lineNumber": 22,
        "author": {
          "gitId": "wengfaing"
        },
        "content": ""
      },
      {
        "lineNumber": 23,
        "author": {
          "gitId": "wengfaing"
        },
        "content": "    public static void main(String[] args) {"
      },
      {
        "lineNumber": 24,
        "author": {
          "gitId": "wengfaing"
        },
        "content": "        Scanner sc \u003d new Scanner(System.in);"
      },
      {
        "lineNumber": 25,
        "author": {
          "gitId": "wengfaing"
        },
        "content": "        List list1 \u003d List.startList();"
      },
      {
        "lineNumber": 26,
        "author": {
          "gitId": "wengfaing"
        },
        "content": "        File f \u003d new File(\"data/duke.txt\");"
      },
      {
        "lineNumber": 27,
        "author": {
          "gitId": "wengfaing"
        },
        "content": "        if (!f.exists()) {"
      },
      {
        "lineNumber": 28,
        "author": {
          "gitId": "wengfaing"
        },
        "content": "            displayMessage(\"Creating new data file: duke.txt\");"
      },
      {
        "lineNumber": 29,
        "author": {
          "gitId": "wengfaing"
        },
        "content": "            f.getParentFile().mkdirs();"
      },
      {
        "lineNumber": 30,
        "author": {
          "gitId": "wengfaing"
        },
        "content": "            try {"
      },
      {
        "lineNumber": 31,
        "author": {
          "gitId": "wengfaing"
        },
        "content": "                f.createNewFile();"
      },
      {
        "lineNumber": 32,
        "author": {
          "gitId": "wengfaing"
        },
        "content": "            } catch (IOException e) {"
      },
      {
        "lineNumber": 33,
        "author": {
          "gitId": "wengfaing"
        },
        "content": "                displayMessage(e.getMessage());"
      },
      {
        "lineNumber": 34,
        "author": {
          "gitId": "wengfaing"
        },
        "content": "            }"
      },
      {
        "lineNumber": 35,
        "author": {
          "gitId": "wengfaing"
        },
        "content": "        } else {"
      },
      {
        "lineNumber": 36,
        "author": {
          "gitId": "wengfaing"
        },
        "content": "            displayMessage(\"duke.txt file found, loading data\");"
      },
      {
        "lineNumber": 37,
        "author": {
          "gitId": "wengfaing"
        },
        "content": "            try {"
      },
      {
        "lineNumber": 38,
        "author": {
          "gitId": "wengfaing"
        },
        "content": "                list1.populateList(f);"
      },
      {
        "lineNumber": 39,
        "author": {
          "gitId": "wengfaing"
        },
        "content": "            } catch (IndexOutOfBoundsException e) {"
      },
      {
        "lineNumber": 40,
        "author": {
          "gitId": "wengfaing"
        },
        "content": "                displayMessage(\"Sorry your duke.txt file is corrupt!\");"
      },
      {
        "lineNumber": 41,
        "author": {
          "gitId": "wengfaing"
        },
        "content": "            } catch (Exception e) {"
      },
      {
        "lineNumber": 42,
        "author": {
          "gitId": "wengfaing"
        },
        "content": "                displayMessage(e.getMessage());"
      },
      {
        "lineNumber": 43,
        "author": {
          "gitId": "wengfaing"
        },
        "content": "            }"
      },
      {
        "lineNumber": 44,
        "author": {
          "gitId": "wengfaing"
        },
        "content": "        }"
      },
      {
        "lineNumber": 45,
        "author": {
          "gitId": "wengfaing"
        },
        "content": ""
      },
      {
        "lineNumber": 46,
        "author": {
          "gitId": "wengfaing"
        },
        "content": ""
      },
      {
        "lineNumber": 47,
        "author": {
          "gitId": "wengfaing"
        },
        "content": "        displayMessage(\"Hello! I\u0027m Duke\\n\\tWhat can I do for you?\");"
      },
      {
        "lineNumber": 48,
        "author": {
          "gitId": "wengfaing"
        },
        "content": "        String input;"
      },
      {
        "lineNumber": 49,
        "author": {
          "gitId": "wengfaing"
        },
        "content": "        boolean cont \u003d true;"
      },
      {
        "lineNumber": 50,
        "author": {
          "gitId": "wengfaing"
        },
        "content": "        while (cont) {"
      },
      {
        "lineNumber": 51,
        "author": {
          "gitId": "wengfaing"
        },
        "content": "            input \u003d sc.nextLine();"
      },
      {
        "lineNumber": 52,
        "author": {
          "gitId": "wengfaing"
        },
        "content": ""
      },
      {
        "lineNumber": 53,
        "author": {
          "gitId": "wengfaing"
        },
        "content": "            String[] arr \u003d input.split(\"\\\\s\", 2);"
      },
      {
        "lineNumber": 54,
        "author": {
          "gitId": "wengfaing"
        },
        "content": "            String pref \u003d arr[0];"
      },
      {
        "lineNumber": 55,
        "author": {
          "gitId": "wengfaing"
        },
        "content": "            String rest;"
      },
      {
        "lineNumber": 56,
        "author": {
          "gitId": "wengfaing"
        },
        "content": ""
      },
      {
        "lineNumber": 57,
        "author": {
          "gitId": "wengfaing"
        },
        "content": "            String addedMsg;"
      },
      {
        "lineNumber": 58,
        "author": {
          "gitId": "wengfaing"
        },
        "content": ""
      },
      {
        "lineNumber": 59,
        "author": {
          "gitId": "wengfaing"
        },
        "content": "            try {"
      },
      {
        "lineNumber": 60,
        "author": {
          "gitId": "wengfaing"
        },
        "content": "                switch (pref) {"
      },
      {
        "lineNumber": 61,
        "author": {
          "gitId": "wengfaing"
        },
        "content": "                    case \"bye\":"
      },
      {
        "lineNumber": 62,
        "author": {
          "gitId": "wengfaing"
        },
        "content": "                        displayMessage(\"Bye. Hope to see you again soon!\");"
      },
      {
        "lineNumber": 63,
        "author": {
          "gitId": "wengfaing"
        },
        "content": "                        cont \u003d false;"
      },
      {
        "lineNumber": 64,
        "author": {
          "gitId": "wengfaing"
        },
        "content": "                        break;"
      },
      {
        "lineNumber": 65,
        "author": {
          "gitId": "wengfaing"
        },
        "content": ""
      },
      {
        "lineNumber": 66,
        "author": {
          "gitId": "wengfaing"
        },
        "content": "                    case \"list\":"
      },
      {
        "lineNumber": 67,
        "author": {
          "gitId": "wengfaing"
        },
        "content": "                        String listString \u003d list1.toString();"
      },
      {
        "lineNumber": 68,
        "author": {
          "gitId": "wengfaing"
        },
        "content": "                        displayMessage(listString);"
      },
      {
        "lineNumber": 69,
        "author": {
          "gitId": "wengfaing"
        },
        "content": "                        break;"
      },
      {
        "lineNumber": 70,
        "author": {
          "gitId": "wengfaing"
        },
        "content": ""
      },
      {
        "lineNumber": 71,
        "author": {
          "gitId": "wengfaing"
        },
        "content": "                    case \"done\":"
      },
      {
        "lineNumber": 72,
        "author": {
          "gitId": "wengfaing"
        },
        "content": "                        if (arr.length \u003d\u003d 1) throw new MissingDescriptionException(\"done\");"
      },
      {
        "lineNumber": 73,
        "author": {
          "gitId": "wengfaing"
        },
        "content": ""
      },
      {
        "lineNumber": 74,
        "author": {
          "gitId": "wengfaing"
        },
        "content": "                        rest \u003d arr[1];"
      },
      {
        "lineNumber": 75,
        "author": {
          "gitId": "wengfaing"
        },
        "content": "                        int n;"
      },
      {
        "lineNumber": 76,
        "author": {
          "gitId": "wengfaing"
        },
        "content": ""
      },
      {
        "lineNumber": 77,
        "author": {
          "gitId": "wengfaing"
        },
        "content": "                        try {"
      },
      {
        "lineNumber": 78,
        "author": {
          "gitId": "wengfaing"
        },
        "content": "                            n \u003d Integer.parseInt(rest);"
      },
      {
        "lineNumber": 79,
        "author": {
          "gitId": "wengfaing"
        },
        "content": "                        } catch (Exception e) {"
      },
      {
        "lineNumber": 80,
        "author": {
          "gitId": "wengfaing"
        },
        "content": "                            throw new InvalidTaskNumberException();"
      },
      {
        "lineNumber": 81,
        "author": {
          "gitId": "wengfaing"
        },
        "content": "                        }"
      },
      {
        "lineNumber": 82,
        "author": {
          "gitId": "wengfaing"
        },
        "content": ""
      },
      {
        "lineNumber": 83,
        "author": {
          "gitId": "wengfaing"
        },
        "content": "                        displayMessage(list1.markAsDone(n));"
      },
      {
        "lineNumber": 84,
        "author": {
          "gitId": "wengfaing"
        },
        "content": "                        writeToFile(\"data/duke.txt\", list1.listToTxt());"
      },
      {
        "lineNumber": 85,
        "author": {
          "gitId": "wengfaing"
        },
        "content": "                        break;"
      },
      {
        "lineNumber": 86,
        "author": {
          "gitId": "wengfaing"
        },
        "content": ""
      },
      {
        "lineNumber": 87,
        "author": {
          "gitId": "wengfaing"
        },
        "content": "                    case \"delete\":"
      },
      {
        "lineNumber": 88,
        "author": {
          "gitId": "wengfaing"
        },
        "content": "                        if (arr.length \u003d\u003d 1) throw new MissingDescriptionException(\"delete\");"
      },
      {
        "lineNumber": 89,
        "author": {
          "gitId": "wengfaing"
        },
        "content": ""
      },
      {
        "lineNumber": 90,
        "author": {
          "gitId": "wengfaing"
        },
        "content": "                        rest \u003d arr[1];"
      },
      {
        "lineNumber": 91,
        "author": {
          "gitId": "wengfaing"
        },
        "content": "                        int m;"
      },
      {
        "lineNumber": 92,
        "author": {
          "gitId": "wengfaing"
        },
        "content": ""
      },
      {
        "lineNumber": 93,
        "author": {
          "gitId": "wengfaing"
        },
        "content": "                        try {"
      },
      {
        "lineNumber": 94,
        "author": {
          "gitId": "wengfaing"
        },
        "content": "                            m \u003d Integer.parseInt(rest);"
      },
      {
        "lineNumber": 95,
        "author": {
          "gitId": "wengfaing"
        },
        "content": "                        } catch (Exception e) {"
      },
      {
        "lineNumber": 96,
        "author": {
          "gitId": "wengfaing"
        },
        "content": "                            throw new InvalidTaskNumberException();"
      },
      {
        "lineNumber": 97,
        "author": {
          "gitId": "wengfaing"
        },
        "content": "                        }"
      },
      {
        "lineNumber": 98,
        "author": {
          "gitId": "wengfaing"
        },
        "content": ""
      },
      {
        "lineNumber": 99,
        "author": {
          "gitId": "wengfaing"
        },
        "content": "                        displayMessage(list1.remove(m));"
      },
      {
        "lineNumber": 100,
        "author": {
          "gitId": "wengfaing"
        },
        "content": "                        writeToFile(\"data/duke.txt\", list1.listToTxt());"
      },
      {
        "lineNumber": 101,
        "author": {
          "gitId": "wengfaing"
        },
        "content": "                        break;"
      },
      {
        "lineNumber": 102,
        "author": {
          "gitId": "wengfaing"
        },
        "content": ""
      },
      {
        "lineNumber": 103,
        "author": {
          "gitId": "wengfaing"
        },
        "content": "                    case \"todo\":"
      },
      {
        "lineNumber": 104,
        "author": {
          "gitId": "wengfaing"
        },
        "content": "                        if (arr.length \u003d\u003d 1) throw new MissingDescriptionException(\"todo\");"
      },
      {
        "lineNumber": 105,
        "author": {
          "gitId": "wengfaing"
        },
        "content": ""
      },
      {
        "lineNumber": 106,
        "author": {
          "gitId": "wengfaing"
        },
        "content": "                        rest \u003d arr[1];"
      },
      {
        "lineNumber": 107,
        "author": {
          "gitId": "wengfaing"
        },
        "content": "                        addedMsg \u003d list1.addToList(new Todo(rest));"
      },
      {
        "lineNumber": 108,
        "author": {
          "gitId": "wengfaing"
        },
        "content": "                        displayMessage(addedMsg);"
      },
      {
        "lineNumber": 109,
        "author": {
          "gitId": "wengfaing"
        },
        "content": "                        writeToFile(\"data/duke.txt\", list1.listToTxt());"
      },
      {
        "lineNumber": 110,
        "author": {
          "gitId": "wengfaing"
        },
        "content": "                        break;"
      },
      {
        "lineNumber": 111,
        "author": {
          "gitId": "wengfaing"
        },
        "content": ""
      },
      {
        "lineNumber": 112,
        "author": {
          "gitId": "wengfaing"
        },
        "content": "                    case \"deadline\":"
      },
      {
        "lineNumber": 113,
        "author": {
          "gitId": "wengfaing"
        },
        "content": "                        if (arr.length \u003d\u003d 1) throw new MissingDescriptionException(\"deadline\");"
      },
      {
        "lineNumber": 114,
        "author": {
          "gitId": "wengfaing"
        },
        "content": ""
      },
      {
        "lineNumber": 115,
        "author": {
          "gitId": "wengfaing"
        },
        "content": "                        rest \u003d arr[1];"
      },
      {
        "lineNumber": 116,
        "author": {
          "gitId": "wengfaing"
        },
        "content": "                        String[] arr1 \u003d rest.split(\"\\\\s/by\\\\s\", 2);"
      },
      {
        "lineNumber": 117,
        "author": {
          "gitId": "wengfaing"
        },
        "content": ""
      },
      {
        "lineNumber": 118,
        "author": {
          "gitId": "wengfaing"
        },
        "content": "                        if (arr1.length \u003d\u003d 1) throw new MissingDurationException(\"deadline\");"
      },
      {
        "lineNumber": 119,
        "author": {
          "gitId": "wengfaing"
        },
        "content": ""
      },
      {
        "lineNumber": 120,
        "author": {
          "gitId": "wengfaing"
        },
        "content": "                        addedMsg \u003d list1.addToList(new Deadline(arr1[0], arr1[1]));"
      },
      {
        "lineNumber": 121,
        "author": {
          "gitId": "wengfaing"
        },
        "content": "                        displayMessage(addedMsg);"
      },
      {
        "lineNumber": 122,
        "author": {
          "gitId": "wengfaing"
        },
        "content": "                        writeToFile(\"data/duke.txt\", list1.listToTxt());"
      },
      {
        "lineNumber": 123,
        "author": {
          "gitId": "wengfaing"
        },
        "content": "                        break;"
      },
      {
        "lineNumber": 124,
        "author": {
          "gitId": "wengfaing"
        },
        "content": ""
      },
      {
        "lineNumber": 125,
        "author": {
          "gitId": "wengfaing"
        },
        "content": "                    case \"event\":"
      },
      {
        "lineNumber": 126,
        "author": {
          "gitId": "wengfaing"
        },
        "content": "                        if (arr.length \u003d\u003d 1) throw new MissingDescriptionException(\"event\");"
      },
      {
        "lineNumber": 127,
        "author": {
          "gitId": "wengfaing"
        },
        "content": ""
      },
      {
        "lineNumber": 128,
        "author": {
          "gitId": "wengfaing"
        },
        "content": "                        rest \u003d arr[1];"
      },
      {
        "lineNumber": 129,
        "author": {
          "gitId": "wengfaing"
        },
        "content": "                        String[] arr2 \u003d rest.split(\"\\\\s/at\\\\s\", 2);"
      },
      {
        "lineNumber": 130,
        "author": {
          "gitId": "wengfaing"
        },
        "content": ""
      },
      {
        "lineNumber": 131,
        "author": {
          "gitId": "wengfaing"
        },
        "content": "                        if (arr2.length \u003d\u003d 1) throw new MissingDurationException(\"event\");"
      },
      {
        "lineNumber": 132,
        "author": {
          "gitId": "wengfaing"
        },
        "content": ""
      },
      {
        "lineNumber": 133,
        "author": {
          "gitId": "wengfaing"
        },
        "content": "                        addedMsg \u003d list1.addToList(new Event(arr2[0], arr2[1]));"
      },
      {
        "lineNumber": 134,
        "author": {
          "gitId": "wengfaing"
        },
        "content": "                        displayMessage(addedMsg);"
      },
      {
        "lineNumber": 135,
        "author": {
          "gitId": "wengfaing"
        },
        "content": "                        writeToFile(\"data/duke.txt\", list1.listToTxt());"
      },
      {
        "lineNumber": 136,
        "author": {
          "gitId": "wengfaing"
        },
        "content": "                        break;"
      },
      {
        "lineNumber": 137,
        "author": {
          "gitId": "wengfaing"
        },
        "content": ""
      },
      {
        "lineNumber": 138,
        "author": {
          "gitId": "wengfaing"
        },
        "content": "                    default:"
      },
      {
        "lineNumber": 139,
        "author": {
          "gitId": "wengfaing"
        },
        "content": "                        throw new InvalidInputException();"
      },
      {
        "lineNumber": 140,
        "author": {
          "gitId": "wengfaing"
        },
        "content": ""
      },
      {
        "lineNumber": 141,
        "author": {
          "gitId": "wengfaing"
        },
        "content": "                }"
      },
      {
        "lineNumber": 142,
        "author": {
          "gitId": "wengfaing"
        },
        "content": ""
      },
      {
        "lineNumber": 143,
        "author": {
          "gitId": "wengfaing"
        },
        "content": "            } catch (DateTimeParseException e) {"
      },
      {
        "lineNumber": 144,
        "author": {
          "gitId": "wengfaing"
        },
        "content": "                displayMessage(\"Please enter a valid date/time in the format: yyyy-MM-ddTHH:mm\");"
      },
      {
        "lineNumber": 145,
        "author": {
          "gitId": "wengfaing"
        },
        "content": "            } catch (Exception e) {"
      },
      {
        "lineNumber": 146,
        "author": {
          "gitId": "wengfaing"
        },
        "content": "                displayMessage(e.getMessage());"
      },
      {
        "lineNumber": 147,
        "author": {
          "gitId": "wengfaing"
        },
        "content": "            }"
      },
      {
        "lineNumber": 148,
        "author": {
          "gitId": "wengfaing"
        },
        "content": "        }"
      },
      {
        "lineNumber": 149,
        "author": {
          "gitId": "wengfaing"
        },
        "content": "    }"
      },
      {
        "lineNumber": 150,
        "author": {
          "gitId": "wengfaing"
        },
        "content": "}"
      }
    ],
    "authorContributionMap": {
      "wengfaing": 150
    }
  },
  {
    "path": "src/Event.java",
    "fileType": "java",
    "lines": [
      {
        "lineNumber": 1,
        "author": {
          "gitId": "wengfaing"
        },
        "content": "import java.time.LocalDate;"
      },
      {
        "lineNumber": 2,
        "author": {
          "gitId": "wengfaing"
        },
        "content": "import java.time.LocalDateTime;"
      },
      {
        "lineNumber": 3,
        "author": {
          "gitId": "wengfaing"
        },
        "content": "import java.time.format.DateTimeParseException;"
      },
      {
        "lineNumber": 4,
        "author": {
          "gitId": "wengfaing"
        },
        "content": ""
      },
      {
        "lineNumber": 5,
        "author": {
          "gitId": "wengfaing"
        },
        "content": "public class Event extends Task {"
      },
      {
        "lineNumber": 6,
        "author": {
          "gitId": "wengfaing"
        },
        "content": ""
      },
      {
        "lineNumber": 7,
        "author": {
          "gitId": "wengfaing"
        },
        "content": "    public Event(String description, String at) throws DateTimeParseException {"
      },
      {
        "lineNumber": 8,
        "author": {
          "gitId": "wengfaing"
        },
        "content": "        super(description);"
      },
      {
        "lineNumber": 9,
        "author": {
          "gitId": "wengfaing"
        },
        "content": "        this.deadline \u003d LocalDateTime.parse(at);"
      },
      {
        "lineNumber": 10,
        "author": {
          "gitId": "wengfaing"
        },
        "content": "        this.type \u003d \"E\";"
      },
      {
        "lineNumber": 11,
        "author": {
          "gitId": "wengfaing"
        },
        "content": "    }"
      },
      {
        "lineNumber": 12,
        "author": {
          "gitId": "wengfaing"
        },
        "content": ""
      },
      {
        "lineNumber": 13,
        "author": {
          "gitId": "wengfaing"
        },
        "content": "    @Override"
      },
      {
        "lineNumber": 14,
        "author": {
          "gitId": "wengfaing"
        },
        "content": "    public String toString() {"
      },
      {
        "lineNumber": 15,
        "author": {
          "gitId": "wengfaing"
        },
        "content": "    return \"[E]\" + super.toString() + \" (at: \" + this.formatDeadline() + \")\";"
      },
      {
        "lineNumber": 16,
        "author": {
          "gitId": "wengfaing"
        },
        "content": "    }"
      },
      {
        "lineNumber": 17,
        "author": {
          "gitId": "wengfaing"
        },
        "content": ""
      },
      {
        "lineNumber": 18,
        "author": {
          "gitId": "wengfaing"
        },
        "content": "}"
      }
    ],
    "authorContributionMap": {
      "wengfaing": 18
    }
  },
  {
    "path": "src/InvalidInputException.java",
    "fileType": "java",
    "lines": [
      {
        "lineNumber": 1,
        "author": {
          "gitId": "wengfaing"
        },
        "content": "public class InvalidInputException extends Exception {"
      },
      {
        "lineNumber": 2,
        "author": {
          "gitId": "wengfaing"
        },
        "content": "    public InvalidInputException() {"
      },
      {
        "lineNumber": 3,
        "author": {
          "gitId": "wengfaing"
        },
        "content": "        super(\"☹ OOPS!!! I\u0027m sorry, but I don\u0027t know what that means :-(\");"
      },
      {
        "lineNumber": 4,
        "author": {
          "gitId": "wengfaing"
        },
        "content": "    }"
      },
      {
        "lineNumber": 5,
        "author": {
          "gitId": "wengfaing"
        },
        "content": ""
      },
      {
        "lineNumber": 6,
        "author": {
          "gitId": "wengfaing"
        },
        "content": "    public InvalidInputException(String s) {"
      },
      {
        "lineNumber": 7,
        "author": {
          "gitId": "wengfaing"
        },
        "content": "        super(s);"
      },
      {
        "lineNumber": 8,
        "author": {
          "gitId": "wengfaing"
        },
        "content": "    }"
      },
      {
        "lineNumber": 9,
        "author": {
          "gitId": "wengfaing"
        },
        "content": "}"
      }
    ],
    "authorContributionMap": {
      "wengfaing": 9
    }
  },
  {
    "path": "src/InvalidTaskNumberException.java",
    "fileType": "java",
    "lines": [
      {
        "lineNumber": 1,
        "author": {
          "gitId": "wengfaing"
        },
        "content": "public class InvalidTaskNumberException extends Exception {"
      },
      {
        "lineNumber": 2,
        "author": {
          "gitId": "wengfaing"
        },
        "content": ""
      },
      {
        "lineNumber": 3,
        "author": {
          "gitId": "wengfaing"
        },
        "content": "    public InvalidTaskNumberException() {"
      },
      {
        "lineNumber": 4,
        "author": {
          "gitId": "wengfaing"
        },
        "content": "        super(\"☹ OOPS!!! The task number specified is incorrect.\");"
      },
      {
        "lineNumber": 5,
        "author": {
          "gitId": "wengfaing"
        },
        "content": "    }"
      },
      {
        "lineNumber": 6,
        "author": {
          "gitId": "wengfaing"
        },
        "content": ""
      },
      {
        "lineNumber": 7,
        "author": {
          "gitId": "wengfaing"
        },
        "content": "}"
      }
    ],
    "authorContributionMap": {
      "wengfaing": 7
    }
  },
  {
    "path": "src/List.java",
    "fileType": "java",
    "lines": [
      {
        "lineNumber": 1,
        "author": {
          "gitId": "wengfaing"
        },
        "content": "import java.io.*;"
      },
      {
        "lineNumber": 2,
        "author": {
          "gitId": "wengfaing"
        },
        "content": "import java.util.ArrayList;"
      },
      {
        "lineNumber": 3,
        "author": {
          "gitId": "wengfaing"
        },
        "content": "import java.util.Arrays;"
      },
      {
        "lineNumber": 4,
        "author": {
          "gitId": "wengfaing"
        },
        "content": ""
      },
      {
        "lineNumber": 5,
        "author": {
          "gitId": "wengfaing"
        },
        "content": "public class List {"
      },
      {
        "lineNumber": 6,
        "author": {
          "gitId": "wengfaing"
        },
        "content": "    int count;"
      },
      {
        "lineNumber": 7,
        "author": {
          "gitId": "wengfaing"
        },
        "content": "    ArrayList\u003cTask\u003e list;"
      },
      {
        "lineNumber": 8,
        "author": {
          "gitId": "wengfaing"
        },
        "content": ""
      },
      {
        "lineNumber": 9,
        "author": {
          "gitId": "wengfaing"
        },
        "content": "    private List() {"
      },
      {
        "lineNumber": 10,
        "author": {
          "gitId": "wengfaing"
        },
        "content": "        count \u003d 0;"
      },
      {
        "lineNumber": 11,
        "author": {
          "gitId": "wengfaing"
        },
        "content": "        list \u003d new ArrayList\u003c\u003e();"
      },
      {
        "lineNumber": 12,
        "author": {
          "gitId": "wengfaing"
        },
        "content": "    }"
      },
      {
        "lineNumber": 13,
        "author": {
          "gitId": "wengfaing"
        },
        "content": ""
      },
      {
        "lineNumber": 14,
        "author": {
          "gitId": "wengfaing"
        },
        "content": "    public static List startList() {"
      },
      {
        "lineNumber": 15,
        "author": {
          "gitId": "wengfaing"
        },
        "content": "        return new List();"
      },
      {
        "lineNumber": 16,
        "author": {
          "gitId": "wengfaing"
        },
        "content": "    }"
      },
      {
        "lineNumber": 17,
        "author": {
          "gitId": "wengfaing"
        },
        "content": ""
      },
      {
        "lineNumber": 18,
        "author": {
          "gitId": "wengfaing"
        },
        "content": "    public String addToList(Task t) {"
      },
      {
        "lineNumber": 19,
        "author": {
          "gitId": "wengfaing"
        },
        "content": "        this.count \u003d this.count + 1;"
      },
      {
        "lineNumber": 20,
        "author": {
          "gitId": "wengfaing"
        },
        "content": "        this.list.add(t);"
      },
      {
        "lineNumber": 21,
        "author": {
          "gitId": "wengfaing"
        },
        "content": ""
      },
      {
        "lineNumber": 22,
        "author": {
          "gitId": "wengfaing"
        },
        "content": "        return \"Got it. I\u0027ve added this task:\\n\\t\" +"
      },
      {
        "lineNumber": 23,
        "author": {
          "gitId": "wengfaing"
        },
        "content": "                t.toString() +"
      },
      {
        "lineNumber": 24,
        "author": {
          "gitId": "wengfaing"
        },
        "content": "                \"\\n\\tNow you have \" + count + \" tasks in the list.\";"
      },
      {
        "lineNumber": 25,
        "author": {
          "gitId": "wengfaing"
        },
        "content": "    }"
      },
      {
        "lineNumber": 26,
        "author": {
          "gitId": "wengfaing"
        },
        "content": ""
      },
      {
        "lineNumber": 27,
        "author": {
          "gitId": "wengfaing"
        },
        "content": "    public String markAsDone(int i) throws InvalidTaskNumberException{"
      },
      {
        "lineNumber": 28,
        "author": {
          "gitId": "wengfaing"
        },
        "content": "        Task t;"
      },
      {
        "lineNumber": 29,
        "author": {
          "gitId": "wengfaing"
        },
        "content": "        try {"
      },
      {
        "lineNumber": 30,
        "author": {
          "gitId": "wengfaing"
        },
        "content": "            t \u003d this.list.get(i - 1).taskDone();"
      },
      {
        "lineNumber": 31,
        "author": {
          "gitId": "wengfaing"
        },
        "content": "        } catch (IndexOutOfBoundsException e) {"
      },
      {
        "lineNumber": 32,
        "author": {
          "gitId": "wengfaing"
        },
        "content": "            throw new InvalidTaskNumberException();"
      },
      {
        "lineNumber": 33,
        "author": {
          "gitId": "wengfaing"
        },
        "content": "        }"
      },
      {
        "lineNumber": 34,
        "author": {
          "gitId": "wengfaing"
        },
        "content": "        return \"Nice! I\u0027ve marked this task as done:\\n\\t\" +"
      },
      {
        "lineNumber": 35,
        "author": {
          "gitId": "wengfaing"
        },
        "content": "                \"  \" + t.toString();"
      },
      {
        "lineNumber": 36,
        "author": {
          "gitId": "wengfaing"
        },
        "content": "    }"
      },
      {
        "lineNumber": 37,
        "author": {
          "gitId": "wengfaing"
        },
        "content": ""
      },
      {
        "lineNumber": 38,
        "author": {
          "gitId": "wengfaing"
        },
        "content": "    public String remove(int i) throws InvalidTaskNumberException{"
      },
      {
        "lineNumber": 39,
        "author": {
          "gitId": "wengfaing"
        },
        "content": "        Task t;"
      },
      {
        "lineNumber": 40,
        "author": {
          "gitId": "wengfaing"
        },
        "content": "        try {"
      },
      {
        "lineNumber": 41,
        "author": {
          "gitId": "wengfaing"
        },
        "content": "            t \u003d this.list.get(i - 1);"
      },
      {
        "lineNumber": 42,
        "author": {
          "gitId": "wengfaing"
        },
        "content": "        } catch (IndexOutOfBoundsException e) {"
      },
      {
        "lineNumber": 43,
        "author": {
          "gitId": "wengfaing"
        },
        "content": "            throw new InvalidTaskNumberException();"
      },
      {
        "lineNumber": 44,
        "author": {
          "gitId": "wengfaing"
        },
        "content": "        }"
      },
      {
        "lineNumber": 45,
        "author": {
          "gitId": "wengfaing"
        },
        "content": "        this.list.remove(i-1);"
      },
      {
        "lineNumber": 46,
        "author": {
          "gitId": "wengfaing"
        },
        "content": "        this.count \u003d this.count - 1;"
      },
      {
        "lineNumber": 47,
        "author": {
          "gitId": "wengfaing"
        },
        "content": "        return \"Noted. I\u0027ve removed this task:\\n\\t\" +"
      },
      {
        "lineNumber": 48,
        "author": {
          "gitId": "wengfaing"
        },
        "content": "                \"  \" + t.toString() +"
      },
      {
        "lineNumber": 49,
        "author": {
          "gitId": "wengfaing"
        },
        "content": "                \"\\n\\tNow you have \" + count + \" tasks in the list.\";"
      },
      {
        "lineNumber": 50,
        "author": {
          "gitId": "wengfaing"
        },
        "content": "    }"
      },
      {
        "lineNumber": 51,
        "author": {
          "gitId": "wengfaing"
        },
        "content": ""
      },
      {
        "lineNumber": 52,
        "author": {
          "gitId": "wengfaing"
        },
        "content": "    public String listToTxt() {"
      },
      {
        "lineNumber": 53,
        "author": {
          "gitId": "wengfaing"
        },
        "content": "        String str \u003d \"\";"
      },
      {
        "lineNumber": 54,
        "author": {
          "gitId": "wengfaing"
        },
        "content": "        for (Task t : this.list) {"
      },
      {
        "lineNumber": 55,
        "author": {
          "gitId": "wengfaing"
        },
        "content": "            String type \u003d t.getType();"
      },
      {
        "lineNumber": 56,
        "author": {
          "gitId": "wengfaing"
        },
        "content": "            boolean isDone \u003d t.isDone();"
      },
      {
        "lineNumber": 57,
        "author": {
          "gitId": "wengfaing"
        },
        "content": "            String desc \u003d t.getDescription();"
      },
      {
        "lineNumber": 58,
        "author": {
          "gitId": "wengfaing"
        },
        "content": "            String time \u003d t.getDeadline();"
      },
      {
        "lineNumber": 59,
        "author": {
          "gitId": "wengfaing"
        },
        "content": "            str \u003d str + type + \"@\" +"
      },
      {
        "lineNumber": 60,
        "author": {
          "gitId": "wengfaing"
        },
        "content": "                    (isDone ? \"1\" : \"0\") + \"@\" +"
      },
      {
        "lineNumber": 61,
        "author": {
          "gitId": "wengfaing"
        },
        "content": "                    desc +"
      },
      {
        "lineNumber": 62,
        "author": {
          "gitId": "wengfaing"
        },
        "content": "                    ((time \u003d\u003d null) ? \"\" : \"@\" + time) +"
      },
      {
        "lineNumber": 63,
        "author": {
          "gitId": "wengfaing"
        },
        "content": "                    System.getProperty(\"line.separator\");"
      },
      {
        "lineNumber": 64,
        "author": {
          "gitId": "wengfaing"
        },
        "content": "        }"
      },
      {
        "lineNumber": 65,
        "author": {
          "gitId": "wengfaing"
        },
        "content": "        return str;"
      },
      {
        "lineNumber": 66,
        "author": {
          "gitId": "wengfaing"
        },
        "content": "    }"
      },
      {
        "lineNumber": 67,
        "author": {
          "gitId": "wengfaing"
        },
        "content": ""
      },
      {
        "lineNumber": 68,
        "author": {
          "gitId": "wengfaing"
        },
        "content": "    public void populateList(File f) throws IOException, IndexOutOfBoundsException {"
      },
      {
        "lineNumber": 69,
        "author": {
          "gitId": "wengfaing"
        },
        "content": "        FileReader fr \u003d new FileReader(f);"
      },
      {
        "lineNumber": 70,
        "author": {
          "gitId": "wengfaing"
        },
        "content": "        BufferedReader br \u003d new BufferedReader(fr);"
      },
      {
        "lineNumber": 71,
        "author": {
          "gitId": "wengfaing"
        },
        "content": "        String line;"
      },
      {
        "lineNumber": 72,
        "author": {
          "gitId": "wengfaing"
        },
        "content": "        while ((line \u003d br.readLine()) !\u003d null) {"
      },
      {
        "lineNumber": 73,
        "author": {
          "gitId": "wengfaing"
        },
        "content": "            String[] arr \u003d line.split(\"@\", 4);"
      },
      {
        "lineNumber": 74,
        "author": {
          "gitId": "wengfaing"
        },
        "content": "            if (arr[0].equals(\"T\")) {"
      },
      {
        "lineNumber": 75,
        "author": {
          "gitId": "wengfaing"
        },
        "content": "                String desc \u003d arr[2];"
      },
      {
        "lineNumber": 76,
        "author": {
          "gitId": "wengfaing"
        },
        "content": "                if (arr[1].equals(\"1\")) {"
      },
      {
        "lineNumber": 77,
        "author": {
          "gitId": "wengfaing"
        },
        "content": "                    this.addToList(new Todo(desc).taskDone());"
      },
      {
        "lineNumber": 78,
        "author": {
          "gitId": "wengfaing"
        },
        "content": "                } else {"
      },
      {
        "lineNumber": 79,
        "author": {
          "gitId": "wengfaing"
        },
        "content": "                    this.addToList(new Todo(desc));"
      },
      {
        "lineNumber": 80,
        "author": {
          "gitId": "wengfaing"
        },
        "content": "                }"
      },
      {
        "lineNumber": 81,
        "author": {
          "gitId": "wengfaing"
        },
        "content": "            } else if (arr[0].equals(\"D\")) {"
      },
      {
        "lineNumber": 82,
        "author": {
          "gitId": "wengfaing"
        },
        "content": "                String desc \u003d arr[2];"
      },
      {
        "lineNumber": 83,
        "author": {
          "gitId": "wengfaing"
        },
        "content": "                String by \u003d arr[3];"
      },
      {
        "lineNumber": 84,
        "author": {
          "gitId": "wengfaing"
        },
        "content": "                if (arr[1].equals(\"1\")) {"
      },
      {
        "lineNumber": 85,
        "author": {
          "gitId": "wengfaing"
        },
        "content": "                    this.addToList(new Deadline(desc, by).taskDone());"
      },
      {
        "lineNumber": 86,
        "author": {
          "gitId": "wengfaing"
        },
        "content": "                } else {"
      },
      {
        "lineNumber": 87,
        "author": {
          "gitId": "wengfaing"
        },
        "content": "                    this.addToList(new Deadline(desc, by));"
      },
      {
        "lineNumber": 88,
        "author": {
          "gitId": "wengfaing"
        },
        "content": "                }"
      },
      {
        "lineNumber": 89,
        "author": {
          "gitId": "wengfaing"
        },
        "content": "            } else if (arr[0].equals(\"E\")) {"
      },
      {
        "lineNumber": 90,
        "author": {
          "gitId": "wengfaing"
        },
        "content": "                String desc \u003d arr[2];"
      },
      {
        "lineNumber": 91,
        "author": {
          "gitId": "wengfaing"
        },
        "content": "                String at \u003d arr[3];"
      },
      {
        "lineNumber": 92,
        "author": {
          "gitId": "wengfaing"
        },
        "content": "                if (arr[1].equals(\"1\")) {"
      },
      {
        "lineNumber": 93,
        "author": {
          "gitId": "wengfaing"
        },
        "content": "                    this.addToList(new Event(desc, at).taskDone());"
      },
      {
        "lineNumber": 94,
        "author": {
          "gitId": "wengfaing"
        },
        "content": "                } else {"
      },
      {
        "lineNumber": 95,
        "author": {
          "gitId": "wengfaing"
        },
        "content": "                    this.addToList(new Event(desc, at));"
      },
      {
        "lineNumber": 96,
        "author": {
          "gitId": "wengfaing"
        },
        "content": "                }"
      },
      {
        "lineNumber": 97,
        "author": {
          "gitId": "wengfaing"
        },
        "content": "            }"
      },
      {
        "lineNumber": 98,
        "author": {
          "gitId": "wengfaing"
        },
        "content": "        }"
      },
      {
        "lineNumber": 99,
        "author": {
          "gitId": "wengfaing"
        },
        "content": "    }"
      },
      {
        "lineNumber": 100,
        "author": {
          "gitId": "wengfaing"
        },
        "content": ""
      },
      {
        "lineNumber": 101,
        "author": {
          "gitId": "wengfaing"
        },
        "content": "    @Override"
      },
      {
        "lineNumber": 102,
        "author": {
          "gitId": "wengfaing"
        },
        "content": "    public String toString() {"
      },
      {
        "lineNumber": 103,
        "author": {
          "gitId": "wengfaing"
        },
        "content": "        if (this.count \u003d\u003d 0) {"
      },
      {
        "lineNumber": 104,
        "author": {
          "gitId": "wengfaing"
        },
        "content": "            return \"There are no tasks in your list\";"
      },
      {
        "lineNumber": 105,
        "author": {
          "gitId": "wengfaing"
        },
        "content": "        }"
      },
      {
        "lineNumber": 106,
        "author": {
          "gitId": "wengfaing"
        },
        "content": ""
      },
      {
        "lineNumber": 107,
        "author": {
          "gitId": "wengfaing"
        },
        "content": "        String msg \u003d \"Here are the tasks in your list:\\n\\t\";"
      },
      {
        "lineNumber": 108,
        "author": {
          "gitId": "wengfaing"
        },
        "content": "        int num \u003d 1;"
      },
      {
        "lineNumber": 109,
        "author": {
          "gitId": "wengfaing"
        },
        "content": "        for (Task s : this.list) {"
      },
      {
        "lineNumber": 110,
        "author": {
          "gitId": "wengfaing"
        },
        "content": "            msg \u003d msg + num + \". \" + s.toString() + \"\\n\\t\";"
      },
      {
        "lineNumber": 111,
        "author": {
          "gitId": "wengfaing"
        },
        "content": "            num++;"
      },
      {
        "lineNumber": 112,
        "author": {
          "gitId": "wengfaing"
        },
        "content": "        }"
      },
      {
        "lineNumber": 113,
        "author": {
          "gitId": "wengfaing"
        },
        "content": "        return msg;"
      },
      {
        "lineNumber": 114,
        "author": {
          "gitId": "wengfaing"
        },
        "content": "    }"
      },
      {
        "lineNumber": 115,
        "author": {
          "gitId": "wengfaing"
        },
        "content": "}"
      }
    ],
    "authorContributionMap": {
      "wengfaing": 115
    }
  },
  {
    "path": "src/MissingDescriptionException.java",
    "fileType": "java",
    "lines": [
      {
        "lineNumber": 1,
        "author": {
          "gitId": "wengfaing"
        },
        "content": "public class MissingDescriptionException extends Exception {"
      },
      {
        "lineNumber": 2,
        "author": {
          "gitId": "wengfaing"
        },
        "content": ""
      },
      {
        "lineNumber": 3,
        "author": {
          "gitId": "wengfaing"
        },
        "content": "    public MissingDescriptionException(String s) {"
      },
      {
        "lineNumber": 4,
        "author": {
          "gitId": "wengfaing"
        },
        "content": "        super(\"☹ OOPS!!! The description of a \" + s + \" cannot be empty.\");"
      },
      {
        "lineNumber": 5,
        "author": {
          "gitId": "wengfaing"
        },
        "content": "    }"
      },
      {
        "lineNumber": 6,
        "author": {
          "gitId": "wengfaing"
        },
        "content": "}"
      }
    ],
    "authorContributionMap": {
      "wengfaing": 6
    }
  },
  {
    "path": "src/MissingDurationException.java",
    "fileType": "java",
    "lines": [
      {
        "lineNumber": 1,
        "author": {
          "gitId": "wengfaing"
        },
        "content": "public class MissingDurationException extends Exception{"
      },
      {
        "lineNumber": 2,
        "author": {
          "gitId": "wengfaing"
        },
        "content": ""
      },
      {
        "lineNumber": 3,
        "author": {
          "gitId": "wengfaing"
        },
        "content": "    public MissingDurationException(String s) {"
      },
      {
        "lineNumber": 4,
        "author": {
          "gitId": "wengfaing"
        },
        "content": "        super(\"☹ OOPS!!! The time of a \" + s + \" must be specified.\");"
      },
      {
        "lineNumber": 5,
        "author": {
          "gitId": "wengfaing"
        },
        "content": "    }"
      },
      {
        "lineNumber": 6,
        "author": {
          "gitId": "wengfaing"
        },
        "content": ""
      },
      {
        "lineNumber": 7,
        "author": {
          "gitId": "wengfaing"
        },
        "content": "}"
      }
    ],
    "authorContributionMap": {
      "wengfaing": 7
    }
  },
  {
    "path": "src/Task.java",
    "fileType": "java",
    "lines": [
      {
        "lineNumber": 1,
        "author": {
          "gitId": "wengfaing"
        },
        "content": "import java.time.LocalDate;"
      },
      {
        "lineNumber": 2,
        "author": {
          "gitId": "wengfaing"
        },
        "content": "import java.time.LocalDateTime;"
      },
      {
        "lineNumber": 3,
        "author": {
          "gitId": "wengfaing"
        },
        "content": "import java.time.format.DateTimeFormatter;"
      },
      {
        "lineNumber": 4,
        "author": {
          "gitId": "wengfaing"
        },
        "content": ""
      },
      {
        "lineNumber": 5,
        "author": {
          "gitId": "wengfaing"
        },
        "content": "public class Task {"
      },
      {
        "lineNumber": 6,
        "author": {
          "gitId": "wengfaing"
        },
        "content": "    String description;"
      },
      {
        "lineNumber": 7,
        "author": {
          "gitId": "wengfaing"
        },
        "content": "    boolean isDone;"
      },
      {
        "lineNumber": 8,
        "author": {
          "gitId": "wengfaing"
        },
        "content": "    String type \u003d \"\";"
      },
      {
        "lineNumber": 9,
        "author": {
          "gitId": "wengfaing"
        },
        "content": "    LocalDateTime deadline \u003d null;"
      },
      {
        "lineNumber": 10,
        "author": {
          "gitId": "wengfaing"
        },
        "content": ""
      },
      {
        "lineNumber": 11,
        "author": {
          "gitId": "wengfaing"
        },
        "content": "    public Task(String description) {"
      },
      {
        "lineNumber": 12,
        "author": {
          "gitId": "wengfaing"
        },
        "content": "        this.description \u003d description;"
      },
      {
        "lineNumber": 13,
        "author": {
          "gitId": "wengfaing"
        },
        "content": "        this.isDone \u003d false;"
      },
      {
        "lineNumber": 14,
        "author": {
          "gitId": "wengfaing"
        },
        "content": "    }"
      },
      {
        "lineNumber": 15,
        "author": {
          "gitId": "wengfaing"
        },
        "content": ""
      },
      {
        "lineNumber": 16,
        "author": {
          "gitId": "wengfaing"
        },
        "content": "    public String getStatusIcon() {"
      },
      {
        "lineNumber": 17,
        "author": {
          "gitId": "wengfaing"
        },
        "content": "        return (isDone ? \"\\u2713\" : \"\\u2718\"); //return tick or X symbols"
      },
      {
        "lineNumber": 18,
        "author": {
          "gitId": "wengfaing"
        },
        "content": "    }"
      },
      {
        "lineNumber": 19,
        "author": {
          "gitId": "wengfaing"
        },
        "content": ""
      },
      {
        "lineNumber": 20,
        "author": {
          "gitId": "wengfaing"
        },
        "content": "    public String getDescription() {"
      },
      {
        "lineNumber": 21,
        "author": {
          "gitId": "wengfaing"
        },
        "content": "        return this.description;"
      },
      {
        "lineNumber": 22,
        "author": {
          "gitId": "wengfaing"
        },
        "content": "    }"
      },
      {
        "lineNumber": 23,
        "author": {
          "gitId": "wengfaing"
        },
        "content": ""
      },
      {
        "lineNumber": 24,
        "author": {
          "gitId": "wengfaing"
        },
        "content": "    public boolean isDone() {"
      },
      {
        "lineNumber": 25,
        "author": {
          "gitId": "wengfaing"
        },
        "content": "        return this.isDone;"
      },
      {
        "lineNumber": 26,
        "author": {
          "gitId": "wengfaing"
        },
        "content": "    }"
      },
      {
        "lineNumber": 27,
        "author": {
          "gitId": "wengfaing"
        },
        "content": ""
      },
      {
        "lineNumber": 28,
        "author": {
          "gitId": "wengfaing"
        },
        "content": "    public String getType() {"
      },
      {
        "lineNumber": 29,
        "author": {
          "gitId": "wengfaing"
        },
        "content": "        return this.type;"
      },
      {
        "lineNumber": 30,
        "author": {
          "gitId": "wengfaing"
        },
        "content": "    }"
      },
      {
        "lineNumber": 31,
        "author": {
          "gitId": "wengfaing"
        },
        "content": ""
      },
      {
        "lineNumber": 32,
        "author": {
          "gitId": "wengfaing"
        },
        "content": "    public String getDeadline() {"
      },
      {
        "lineNumber": 33,
        "author": {
          "gitId": "wengfaing"
        },
        "content": "        return this.deadline \u003d\u003d null"
      },
      {
        "lineNumber": 34,
        "author": {
          "gitId": "wengfaing"
        },
        "content": "                ? null"
      },
      {
        "lineNumber": 35,
        "author": {
          "gitId": "wengfaing"
        },
        "content": "                : this.deadline.toString();"
      },
      {
        "lineNumber": 36,
        "author": {
          "gitId": "wengfaing"
        },
        "content": "    }"
      },
      {
        "lineNumber": 37,
        "author": {
          "gitId": "wengfaing"
        },
        "content": ""
      },
      {
        "lineNumber": 38,
        "author": {
          "gitId": "wengfaing"
        },
        "content": "    public String formatDeadline() {"
      },
      {
        "lineNumber": 39,
        "author": {
          "gitId": "wengfaing"
        },
        "content": "        return deadline.format(DateTimeFormatter.ofPattern(\"MMM d yyyy\"));"
      },
      {
        "lineNumber": 40,
        "author": {
          "gitId": "wengfaing"
        },
        "content": "    }"
      },
      {
        "lineNumber": 41,
        "author": {
          "gitId": "wengfaing"
        },
        "content": ""
      },
      {
        "lineNumber": 42,
        "author": {
          "gitId": "wengfaing"
        },
        "content": "    public Task taskDone() {"
      },
      {
        "lineNumber": 43,
        "author": {
          "gitId": "wengfaing"
        },
        "content": "        this.isDone \u003d true;"
      },
      {
        "lineNumber": 44,
        "author": {
          "gitId": "wengfaing"
        },
        "content": "        return this;"
      },
      {
        "lineNumber": 45,
        "author": {
          "gitId": "wengfaing"
        },
        "content": "    }"
      },
      {
        "lineNumber": 46,
        "author": {
          "gitId": "wengfaing"
        },
        "content": ""
      },
      {
        "lineNumber": 47,
        "author": {
          "gitId": "wengfaing"
        },
        "content": "    @Override"
      },
      {
        "lineNumber": 48,
        "author": {
          "gitId": "wengfaing"
        },
        "content": "    public String toString() {"
      },
      {
        "lineNumber": 49,
        "author": {
          "gitId": "wengfaing"
        },
        "content": "        return \"[\" + this.getStatusIcon() + \"] \" + this.description;"
      },
      {
        "lineNumber": 50,
        "author": {
          "gitId": "wengfaing"
        },
        "content": "    }"
      },
      {
        "lineNumber": 51,
        "author": {
          "gitId": "wengfaing"
        },
        "content": "}"
      }
    ],
    "authorContributionMap": {
      "wengfaing": 51
    }
  },
  {
    "path": "src/Todo.java",
    "fileType": "java",
    "lines": [
      {
        "lineNumber": 1,
        "author": {
          "gitId": "wengfaing"
        },
        "content": "public class Todo extends Task {"
      },
      {
        "lineNumber": 2,
        "author": {
          "gitId": "wengfaing"
        },
        "content": "    public Todo(String description) {"
      },
      {
        "lineNumber": 3,
        "author": {
          "gitId": "wengfaing"
        },
        "content": "        super(description);"
      },
      {
        "lineNumber": 4,
        "author": {
          "gitId": "wengfaing"
        },
        "content": "        this.type \u003d \"T\";"
      },
      {
        "lineNumber": 5,
        "author": {
          "gitId": "wengfaing"
        },
        "content": "    }"
      },
      {
        "lineNumber": 6,
        "author": {
          "gitId": "wengfaing"
        },
        "content": ""
      },
      {
        "lineNumber": 7,
        "author": {
          "gitId": "wengfaing"
        },
        "content": "    @Override"
      },
      {
        "lineNumber": 8,
        "author": {
          "gitId": "wengfaing"
        },
        "content": "    public String toString() {"
      },
      {
        "lineNumber": 9,
        "author": {
          "gitId": "wengfaing"
        },
        "content": "        return \"[T]\" + super.toString();"
      },
      {
        "lineNumber": 10,
        "author": {
          "gitId": "wengfaing"
        },
        "content": "    }"
      },
      {
        "lineNumber": 11,
        "author": {
          "gitId": "wengfaing"
        },
        "content": "}"
      }
    ],
    "authorContributionMap": {
      "wengfaing": 11
    }
  },
  {
    "path": "text-ui-test/data/duke.txt",
    "fileType": "txt",
    "lines": [
      {
        "lineNumber": 1,
        "author": {
          "gitId": "wengfaing"
        },
        "content": "T@1@read book"
      },
      {
        "lineNumber": 2,
        "author": {
          "gitId": "wengfaing"
        },
        "content": "D@1@return book@2020-06-06T18:00"
      },
      {
        "lineNumber": 3,
        "author": {
          "gitId": "wengfaing"
        },
        "content": "E@1@project meeting@2020-08-06T14:00"
      },
      {
        "lineNumber": 4,
        "author": {
          "gitId": "wengfaing"
        },
        "content": "T@0@eat food"
      },
      {
        "lineNumber": 5,
        "author": {
          "gitId": "wengfaing"
        },
        "content": "E@0@eat friends@2020-12-12T12:00"
      }
    ],
    "authorContributionMap": {
      "wengfaing": 5
    }
  },
  {
    "path": "text-ui-test/duke.txt",
    "fileType": "txt",
    "lines": [
      {
        "lineNumber": 1,
        "author": {
          "gitId": "wengfaing"
        },
        "content": "T@1@read book"
      },
      {
        "lineNumber": 2,
        "author": {
          "gitId": "wengfaing"
        },
        "content": "D@1@return book@2020-06-06T18:00"
      },
      {
        "lineNumber": 3,
        "author": {
          "gitId": "wengfaing"
        },
        "content": "E@1@project meeting@2020-08-06T14:00"
      },
      {
        "lineNumber": 4,
        "author": {
          "gitId": "wengfaing"
        },
        "content": "T@0@eat food"
      },
      {
        "lineNumber": 5,
        "author": {
          "gitId": "wengfaing"
        },
        "content": "E@0@eat friends@2020-12-12T12:00"
      }
    ],
    "authorContributionMap": {
      "wengfaing": 5
    }
  },
  {
    "path": "text-ui-test/input.txt",
    "fileType": "txt",
    "lines": [
      {
        "lineNumber": 1,
        "author": {
          "gitId": "wengfaing"
        },
        "content": "list"
      },
      {
        "lineNumber": 2,
        "author": {
          "gitId": "wengfaing"
        },
        "content": "done 4"
      },
      {
        "lineNumber": 3,
        "author": {
          "gitId": "wengfaing"
        },
        "content": "done 5"
      },
      {
        "lineNumber": 4,
        "author": {
          "gitId": "wengfaing"
        },
        "content": "done 6"
      },
      {
        "lineNumber": 5,
        "author": {
          "gitId": "wengfaing"
        },
        "content": "delete 6"
      },
      {
        "lineNumber": 6,
        "author": {
          "gitId": "wengfaing"
        },
        "content": "delete 1"
      },
      {
        "lineNumber": 7,
        "author": {
          "gitId": "wengfaing"
        },
        "content": "delete 4"
      },
      {
        "lineNumber": 8,
        "author": {
          "gitId": "wengfaing"
        },
        "content": "delete 1"
      },
      {
        "lineNumber": 9,
        "author": {
          "gitId": "wengfaing"
        },
        "content": "delete 1"
      },
      {
        "lineNumber": 10,
        "author": {
          "gitId": "wengfaing"
        },
        "content": "delete 1"
      },
      {
        "lineNumber": 11,
        "author": {
          "gitId": "wengfaing"
        },
        "content": "todo read book"
      },
      {
        "lineNumber": 12,
        "author": {
          "gitId": "wengfaing"
        },
        "content": "deadline return book /by 2020-06-06T18:00"
      },
      {
        "lineNumber": 13,
        "author": {
          "gitId": "wengfaing"
        },
        "content": "event project meeting /at 2020-08-06T14:00"
      },
      {
        "lineNumber": 14,
        "author": {
          "gitId": "wengfaing"
        },
        "content": "todo eat food"
      },
      {
        "lineNumber": 15,
        "author": {
          "gitId": "wengfaing"
        },
        "content": "event eat friends /at 2020-12-12T12:00"
      },
      {
        "lineNumber": 16,
        "author": {
          "gitId": "wengfaing"
        },
        "content": "done 1"
      },
      {
        "lineNumber": 17,
        "author": {
          "gitId": "wengfaing"
        },
        "content": "done 2"
      },
      {
        "lineNumber": 18,
        "author": {
          "gitId": "wengfaing"
        },
        "content": "done 3"
      },
      {
        "lineNumber": 19,
        "author": {
          "gitId": "wengfaing"
        },
        "content": "bye"
      },
      {
        "lineNumber": 20,
        "author": {
          "gitId": "wengfaing"
        },
        "content": ""
      }
    ],
    "authorContributionMap": {
      "wengfaing": 20
    }
  },
  {
    "path": "text-ui-test/runtest.bat",
    "fileType": "bat",
    "lines": [
      {
        "lineNumber": 1,
        "author": {
          "gitId": "-"
        },
        "content": "@ECHO OFF"
      },
      {
        "lineNumber": 2,
        "author": {
          "gitId": "-"
        },
        "content": ""
      },
      {
        "lineNumber": 3,
        "author": {
          "gitId": "-"
        },
        "content": "REM create bin directory if it doesn\u0027t exist"
      },
      {
        "lineNumber": 4,
        "author": {
          "gitId": "-"
        },
        "content": "if not exist ..\\bin mkdir ..\\bin"
      },
      {
        "lineNumber": 5,
        "author": {
          "gitId": "wengfaing"
        },
        "content": "if not exist ..\\data mkdir ..\\data"
      },
      {
        "lineNumber": 6,
        "author": {
          "gitId": "-"
        },
        "content": ""
      },
      {
        "lineNumber": 7,
        "author": {
          "gitId": "-"
        },
        "content": "REM delete output from previous run"
      },
      {
        "lineNumber": 8,
        "author": {
          "gitId": "-"
        },
        "content": "del ACTUAL.TXT"
      },
      {
        "lineNumber": 9,
        "author": {
          "gitId": "wengfaing"
        },
        "content": "del ..\\data\\duke.txt"
      },
      {
        "lineNumber": 10,
        "author": {
          "gitId": "wengfaing"
        },
        "content": ""
      },
      {
        "lineNumber": 11,
        "author": {
          "gitId": "wengfaing"
        },
        "content": "copy duke.txt C:\\Users\\Lenovo\\Desktop\\AY2021\\Sem1\\CS2103T\\iP\\data\\duke.txt"
      },
      {
        "lineNumber": 12,
        "author": {
          "gitId": "-"
        },
        "content": ""
      },
      {
        "lineNumber": 13,
        "author": {
          "gitId": "-"
        },
        "content": "REM compile the code into the bin folder"
      },
      {
        "lineNumber": 14,
        "author": {
          "gitId": "wengfaing"
        },
        "content": "javac  -cp ..\\src -Xlint:none -d ..\\bin ..\\src\\*.java"
      },
      {
        "lineNumber": 15,
        "author": {
          "gitId": "-"
        },
        "content": "IF ERRORLEVEL 1 ("
      },
      {
        "lineNumber": 16,
        "author": {
          "gitId": "-"
        },
        "content": "    echo ********** BUILD FAILURE **********"
      },
      {
        "lineNumber": 17,
        "author": {
          "gitId": "-"
        },
        "content": "    exit /b 1"
      },
      {
        "lineNumber": 18,
        "author": {
          "gitId": "-"
        },
        "content": ")"
      },
      {
        "lineNumber": 19,
        "author": {
          "gitId": "-"
        },
        "content": "REM no error here, errorlevel \u003d\u003d 0"
      },
      {
        "lineNumber": 20,
        "author": {
          "gitId": "-"
        },
        "content": ""
      },
      {
        "lineNumber": 21,
        "author": {
          "gitId": "-"
        },
        "content": "REM run the program, feed commands from input.txt file and redirect the output to the ACTUAL.TXT"
      },
      {
        "lineNumber": 22,
        "author": {
          "gitId": "-"
        },
        "content": "java -classpath ..\\bin Duke \u003c input.txt \u003e ACTUAL.TXT"
      },
      {
        "lineNumber": 23,
        "author": {
          "gitId": "-"
        },
        "content": ""
      },
      {
        "lineNumber": 24,
        "author": {
          "gitId": "-"
        },
        "content": "REM compare the output to the expected output"
      },
      {
        "lineNumber": 25,
        "author": {
          "gitId": "-"
        },
        "content": "FC ACTUAL.TXT EXPECTED.TXT"
      }
    ],
    "authorContributionMap": {
      "wengfaing": 5,
      "-": 20
    }
  }
]
