{
  "authorDailyContributionsMap": {
    "wengfaing": [
      {
        "date": "2020-08-19",
        "commitResults": [
          {
            "hash": "d4f4d3b4e02d7790618d2f1e378463c3a4acc107",
            "messageTitle": "Level-1",
            "messageBody": "",
            "fileTypesAndContributionMap": {
              "java": {
                "insertions": 27,
                "deletions": 1
              }
            }
          }
        ]
      },
      {
        "date": "2020-08-20",
        "commitResults": [
          {
            "hash": "7c9795f7f276390f27b7f63b887f80c69b15274f",
            "messageTitle": "\u0027Level-2\u0027",
            "messageBody": "",
            "tags": [
              "Level-2"
            ],
            "fileTypesAndContributionMap": {
              "java": {
                "insertions": 69,
                "deletions": 36
              }
            }
          },
          {
            "hash": "f8b37e786c4c1ff53c3eee5b39e832bd848de1cd",
            "messageTitle": "Level-3",
            "messageBody": "",
            "tags": [
              "Level-3"
            ],
            "fileTypesAndContributionMap": {
              "java": {
                "insertions": 54,
                "deletions": 8
              }
            }
          },
          {
            "hash": "057d1dd835abdced048d7f8e47199e42240575d0",
            "messageTitle": "Level-4",
            "messageBody": "",
            "tags": [
              "Level-4"
            ],
            "fileTypesAndContributionMap": {
              "java": {
                "insertions": 99,
                "deletions": 37
              }
            }
          },
          {
            "hash": "109a460824086c63d99895e0167e4f8ebb8967c4",
            "messageTitle": "\u0027Level-5\u0027",
            "messageBody": "",
            "tags": [
              "Level-5"
            ],
            "fileTypesAndContributionMap": {
              "txt": {
                "insertions": 7,
                "deletions": 0
              },
              "java": {
                "insertions": 12,
                "deletions": 0
              },
              "bat": {
                "insertions": 1,
                "deletions": 1
              },
              "sh": {
                "insertions": 0,
                "deletions": 38
              }
            }
          },
          {
            "hash": "973629e9db5039ede793158172fcef9b2ca5abbb",
            "messageTitle": "Level-6",
            "messageBody": "",
            "tags": [
              "Level-6"
            ],
            "fileTypesAndContributionMap": {
              "java": {
                "insertions": 131,
                "deletions": 49
              }
            }
          },
          {
            "hash": "85d1cacf19326e148db4b90e8d6e501297711de0",
            "messageTitle": "TextUITest",
            "messageBody": "",
            "tags": [
              "TextUITest"
            ],
            "fileTypesAndContributionMap": {
              "txt": {
                "insertions": 5,
                "deletions": 1
              },
              "java": {
                "insertions": 1,
                "deletions": 1
              }
            }
          }
        ]
      },
      {
        "date": "2020-08-26",
        "commitResults": [
          {
            "hash": "c2e78e9df65b8ba0e41d0c104b8878da0dfc04af",
            "messageTitle": "Level-8",
            "messageBody": "",
            "fileTypesAndContributionMap": {
              "txt": {
                "insertions": 36,
                "deletions": 8
              },
              "java": {
                "insertions": 153,
                "deletions": 33
              },
              "bat": {
                "insertions": 4,
                "deletions": 0
              }
            }
          }
        ]
      }
    ]
  },
  "authorFileTypeContributionMap": {
    "wengfaing": {
      "java": 391,
      "md": 0,
      "fxml": 0,
      "sh": 0,
      "bat": 5,
      "gradle": 0,
      "txt": 39
    }
  },
  "authorContributionVariance": {
    "wengfaing": 23640.092
  },
  "authorDisplayNameMap": {
    "wengfaing": "NG W.. FAI"
  }
}
