{
  "authorDailyContributionsMap": {
    "dextertanyj": [
      {
        "date": "2020-08-15",
        "commitResults": [
          {
            "hash": "e2fcccf0a4883121fef653be0779d6e8c905022f",
            "messageTitle": "Add basic commands",
            "messageBody": "",
            "tags": [
              "Level-1"
            ],
            "fileTypesAndContributionMap": {
              "java": {
                "insertions": 34,
                "deletions": 6
              }
            }
          },
          {
            "hash": "68eeb668a0974aab101fd568a075aa62c1df1f7f",
            "messageTitle": "Add temporary store",
            "messageBody": "",
            "fileTypesAndContributionMap": {
              "java": {
                "insertions": 31,
                "deletions": 5
              }
            }
          },
          {
            "hash": "0e4a0e87b9b0805681d613dc9f521295c40afc71",
            "messageTitle": "Fix greet and exit message indentations",
            "messageBody": "",
            "tags": [
              "Level-2"
            ],
            "fileTypesAndContributionMap": {
              "java": {
                "insertions": 3,
                "deletions": 3
              }
            }
          },
          {
            "hash": "492dd33e41112410879dc9c21e83f8d264d92ac9",
            "messageTitle": "Add task completion tracking",
            "messageBody": "",
            "tags": [
              "Level-3",
              "A-Classes"
            ],
            "fileTypesAndContributionMap": {
              "java": {
                "insertions": 41,
                "deletions": 5
              }
            }
          }
        ]
      },
      {
        "date": "2020-08-16",
        "commitResults": [
          {
            "hash": "74927211ddb616d25bf8fd4225ecd8756bcaf7a1",
            "messageTitle": "Add todos, events and deadlines",
            "messageBody": "",
            "fileTypesAndContributionMap": {
              "java": {
                "insertions": 67,
                "deletions": 7
              }
            }
          },
          {
            "hash": "8dbf84833d5acb4ade9ea61e737a8a65d137cdc5",
            "messageTitle": "Add task count message",
            "messageBody": "",
            "tags": [
              "Level-4",
              "A-Inheritance"
            ],
            "fileTypesAndContributionMap": {
              "java": {
                "insertions": 1,
                "deletions": 0
              }
            }
          },
          {
            "hash": "da619c702485c12d888fcd00ef6b2aa14943e1c8",
            "messageTitle": "Add text UI tests",
            "messageBody": "",
            "fileTypesAndContributionMap": {
              "txt": {
                "insertions": 9,
                "deletions": 0
              },
              "bat": {
                "insertions": 1,
                "deletions": 1
              },
              "sh": {
                "insertions": 1,
                "deletions": 1
              }
            }
          }
        ]
      },
      {
        "date": "2020-08-17",
        "commitResults": [
          {
            "hash": "656d34929c34cef5b4db9049d41a124b9bf2a0a2",
            "messageTitle": "Refactor indentation code",
            "messageBody": "",
            "fileTypesAndContributionMap": {
              "java": {
                "insertions": 40,
                "deletions": 22
              }
            }
          },
          {
            "hash": "5834044735fba41f0c02d314da5e91c1406279ba",
            "messageTitle": "Add error handling",
            "messageBody": "",
            "fileTypesAndContributionMap": {
              "java": {
                "insertions": 70,
                "deletions": 30
              }
            }
          },
          {
            "hash": "b5221856b7b806de03ada57e5edca335e187575b",
            "messageTitle": "Update test cases",
            "messageBody": "",
            "tags": [
              "Level-5",
              "A-Exceptions"
            ],
            "fileTypesAndContributionMap": {
              "txt": {
                "insertions": 9,
                "deletions": 0
              }
            }
          },
          {
            "hash": "6c4aed980bb0f9b350b77f3324a4811b10dac692",
            "messageTitle": "Add delete command",
            "messageBody": "",
            "tags": [
              "A-Collections"
            ],
            "fileTypesAndContributionMap": {
              "java": {
                "insertions": 20,
                "deletions": 0
              }
            }
          },
          {
            "hash": "21712287b440530a485fa884953d4e292c7fb95a",
            "messageTitle": "Update test cases for delete operation",
            "messageBody": "",
            "tags": [
              "Level-6"
            ],
            "fileTypesAndContributionMap": {
              "txt": {
                "insertions": 4,
                "deletions": 0
              }
            }
          },
          {
            "hash": "6633842beaa72a363b8b53f9a608d8d389f97d7c",
            "messageTitle": "Refactor command logic for enums",
            "messageBody": "",
            "tags": [
              "A-Enums"
            ],
            "fileTypesAndContributionMap": {
              "java": {
                "insertions": 69,
                "deletions": 43
              }
            }
          }
        ]
      },
      {
        "date": "2020-08-24",
        "commitResults": [
          {
            "hash": "c754af61451fd005e9388920c9354713dcaac142",
            "messageTitle": "Add file save feature",
            "messageBody": "",
            "fileTypesAndContributionMap": {
              "java": {
                "insertions": 148,
                "deletions": 5
              }
            }
          },
          {
            "hash": "34654231a6f204946f217d1e73fefc3ec530d017",
            "messageTitle": "Add proper support for datetime",
            "messageBody": "",
            "fileTypesAndContributionMap": {
              "java": {
                "insertions": 94,
                "deletions": 26
              }
            }
          },
          {
            "hash": "018bbb525d8a08cb3b16acf620a09ce783535674",
            "messageTitle": "Update test cases for datetime support",
            "messageBody": "",
            "fileTypesAndContributionMap": {
              "txt": {
                "insertions": 2,
                "deletions": 2
              }
            }
          },
          {
            "hash": "74057e959e0c41e87503da2534e6e11bc7b9c1e8",
            "messageTitle": "Fix datetime saving",
            "messageBody": "",
            "fileTypesAndContributionMap": {
              "java": {
                "insertions": 5,
                "deletions": 5
              }
            }
          },
          {
            "hash": "52f6af9e4b2d02a9197eac239dc0c82704758bb4",
            "messageTitle": "Rename Store class to TaskList",
            "messageBody": "",
            "fileTypesAndContributionMap": {
              "java": {
                "insertions": 9,
                "deletions": 12
              }
            }
          },
          {
            "hash": "ebab403aca980a06050e8675510761e6f21b22ca",
            "messageTitle": "Rename FileSaver class to Storage",
            "messageBody": "",
            "fileTypesAndContributionMap": {
              "java": {
                "insertions": 3,
                "deletions": 3
              }
            }
          },
          {
            "hash": "16d037b857313e528eb3713956d7dd721a40ee97",
            "messageTitle": "Refactor UI elements",
            "messageBody": "",
            "fileTypesAndContributionMap": {
              "java": {
                "insertions": 108,
                "deletions": 64
              }
            }
          },
          {
            "hash": "22adb619b75ddaf19294e2ac7ba333936f95e2b6",
            "messageTitle": "Refactor parsing and command",
            "messageBody": "",
            "tags": [
              "A-MoreOOP"
            ],
            "fileTypesAndContributionMap": {
              "java": {
                "insertions": 249,
                "deletions": 91
              }
            }
          }
        ]
      },
      {
        "date": "2020-08-25",
        "commitResults": [
          {
            "hash": "0bcda4d444c89df2ef3878f361e6d95c4aceb3bc",
            "messageTitle": "Refactor project into packages",
            "messageBody": "",
            "tags": [
              "A-Packages"
            ],
            "fileTypesAndContributionMap": {
              "txt": {
                "insertions": 1,
                "deletions": 1
              },
              "java": {
                "insertions": 109,
                "deletions": 15
              },
              "sh": {
                "insertions": 1,
                "deletions": 1
              }
            }
          },
          {
            "hash": "c37193aa8bdb2a98900696b43eb7529ae3380191",
            "messageTitle": "Change done keyword to complete",
            "messageBody": "",
            "fileTypesAndContributionMap": {
              "java": {
                "insertions": 12,
                "deletions": 8
              }
            }
          },
          {
            "hash": "c25850d41f4fad2041022b54f0940223db62ab54",
            "messageTitle": "Add delete all feature",
            "messageBody": "",
            "fileTypesAndContributionMap": {
              "txt": {
                "insertions": 1,
                "deletions": 0
              },
              "java": {
                "insertions": 38,
                "deletions": 2
              }
            }
          },
          {
            "hash": "cae9dcbbb29f988867c23f52eb1e0d1c55f101ac",
            "messageTitle": "Move DukeException into package",
            "messageBody": "",
            "fileTypesAndContributionMap": {
              "java": {
                "insertions": 15,
                "deletions": 14
              }
            }
          },
          {
            "hash": "bda4c31b7143fc18632291f78e393d7fe52fd0c7",
            "messageTitle": "Refactor incomplete command error handling",
            "messageBody": "",
            "fileTypesAndContributionMap": {
              "java": {
                "insertions": 32,
                "deletions": 14
              }
            }
          },
          {
            "hash": "f26b26ea3fe57690bbf4dcbb884a2c1685667837",
            "messageTitle": "Add tests for Deadline class",
            "messageBody": "",
            "fileTypesAndContributionMap": {
              "java": {
                "insertions": 62,
                "deletions": 2
              }
            }
          },
          {
            "hash": "77a7cdd9e6d64f38862d786c5379f89563790da0",
            "messageTitle": "Add tests for ToDo class",
            "messageBody": "",
            "fileTypesAndContributionMap": {
              "java": {
                "insertions": 71,
                "deletions": 2
              }
            }
          },
          {
            "hash": "ab7047d8917517676d5f1784e02232cb14ceed29",
            "messageTitle": "Update decoding error messages",
            "messageBody": "",
            "fileTypesAndContributionMap": {
              "java": {
                "insertions": 8,
                "deletions": 4
              }
            }
          },
          {
            "hash": "1443226952b102ffa5311f4ea0b30279227124fb",
            "messageTitle": "Fix bug in decoding exception thrown",
            "messageBody": "",
            "fileTypesAndContributionMap": {
              "java": {
                "insertions": 2,
                "deletions": 2
              }
            }
          },
          {
            "hash": "112bbf8a18840f649ea9a3da35589594ade2bdbc",
            "messageTitle": "Update tests for Deadline class",
            "messageBody": "",
            "fileTypesAndContributionMap": {
              "java": {
                "insertions": 41,
                "deletions": 4
              }
            }
          },
          {
            "hash": "87e6081596a468f35989377dc9b0587698b61542",
            "messageTitle": "Improve list message for empty task list",
            "messageBody": "",
            "tags": [
              "A-JUnit"
            ],
            "fileTypesAndContributionMap": {
              "java": {
                "insertions": 26,
                "deletions": 21
              }
            }
          },
          {
            "hash": "505549d58ea236f7cebade8c11aed7548d77e3d1",
            "messageTitle": "Refactor exception handling",
            "messageBody": "",
            "fileTypesAndContributionMap": {
              "java": {
                "insertions": 85,
                "deletions": 49
              }
            }
          },
          {
            "hash": "842fa222c387b457b7cd50bcb0322c1dbd1ecd04",
            "messageTitle": "Improve code style",
            "messageBody": "",
            "fileTypesAndContributionMap": {
              "java": {
                "insertions": 102,
                "deletions": 65
              }
            }
          },
          {
            "hash": "7a8e9556d81d9437359b85df04c6e444fcef58a4",
            "messageTitle": "Add search by description and date feature",
            "messageBody": "",
            "fileTypesAndContributionMap": {
              "java": {
                "insertions": 118,
                "deletions": 12
              }
            }
          }
        ]
      },
      {
        "date": "2020-08-26",
        "commitResults": [
          {
            "hash": "b5c0d3e1cb3f5d4adaa9ef45fd860c8650ba8479",
            "messageTitle": "Add JavaDocs for parser package",
            "messageBody": "",
            "fileTypesAndContributionMap": {
              "java": {
                "insertions": 50,
                "deletions": 6
              }
            }
          },
          {
            "hash": "c62b65cf75830a631e9b75b98639965e0ed2d8b3",
            "messageTitle": "Add JavaDocs for task package",
            "messageBody": "",
            "fileTypesAndContributionMap": {
              "java": {
                "insertions": 159,
                "deletions": 7
              }
            }
          },
          {
            "hash": "7dfdb031a32b7b5b8195d016b6dc465d74474418",
            "messageTitle": "Add JavaDocs to command package",
            "messageBody": "",
            "fileTypesAndContributionMap": {
              "java": {
                "insertions": 157,
                "deletions": 9
              }
            }
          },
          {
            "hash": "0eff1427811532a2938b34cafbdf384f6a65eb40",
            "messageTitle": "Add JavaDocs to Ui and Storage",
            "messageBody": "",
            "fileTypesAndContributionMap": {
              "java": {
                "insertions": 66,
                "deletions": 5
              }
            }
          },
          {
            "hash": "a751fd89b7044ee1682d28eb2f19361ad58d4ae0",
            "messageTitle": "Fix JavaDocs and code style",
            "messageBody": "",
            "fileTypesAndContributionMap": {
              "java": {
                "insertions": 17,
                "deletions": 10
              }
            }
          },
          {
            "hash": "7ab383d0bc37d8f60fbbf646cde33f0544767d9b",
            "messageTitle": "Fix missing import in deadline",
            "messageBody": "",
            "tags": [
              "Level-9"
            ],
            "fileTypesAndContributionMap": {
              "java": {
                "insertions": 1,
                "deletions": 0
              }
            }
          }
        ]
      },
      {
        "date": "2020-08-28",
        "commitResults": [
          {
            "hash": "96af2ff64b128fb871a3caabe16cc1cbd0722e6d",
            "messageTitle": "Add autosave on selected commands",
            "messageBody": "",
            "fileTypesAndContributionMap": {
              "java": {
                "insertions": 4,
                "deletions": 0
              }
            }
          },
          {
            "hash": "6aa91942a46c415924d1dd2a5fdae208c5a44911",
            "messageTitle": "Delete existing file before cli test",
            "messageBody": "",
            "fileTypesAndContributionMap": {
              "txt": {
                "insertions": 0,
                "deletions": 1
              },
              "bat": {
                "insertions": 2,
                "deletions": 0
              },
              "sh": {
                "insertions": 2,
                "deletions": 0
              }
            }
          },
          {
            "hash": "a405f10e456bd17e30f3ec236739a102b9e400c8",
            "messageTitle": "Support duration for events",
            "messageBody": "",
            "fileTypesAndContributionMap": {
              "txt": {
                "insertions": 4,
                "deletions": 1
              },
              "java": {
                "insertions": 100,
                "deletions": 18
              }
            }
          },
          {
            "hash": "6d7f167a0c816f9decd88c170a318169d170ab66",
            "messageTitle": "Add case insensitive keyword matching",
            "messageBody": "",
            "fileTypesAndContributionMap": {
              "java": {
                "insertions": 1,
                "deletions": 1
              }
            }
          },
          {
            "hash": "f870e415f8aa34d60f29824a628ad7cb123e039d",
            "messageTitle": "Remove required backslash for user input",
            "messageBody": "",
            "fileTypesAndContributionMap": {
              "txt": {
                "insertions": 5,
                "deletions": 5
              },
              "java": {
                "insertions": 21,
                "deletions": 18
              }
            }
          },
          {
            "hash": "ea44addd099838cd9d253aad7db6919d0b8776ef",
            "messageTitle": "Move ui and storage into packages",
            "messageBody": "",
            "fileTypesAndContributionMap": {
              "java": {
                "insertions": 20,
                "deletions": 20
              }
            }
          },
          {
            "hash": "5245f5e33f04282d147dfb5854721d71410e745a",
            "messageTitle": "Prevent deletion of exising data for cli test",
            "messageBody": "",
            "fileTypesAndContributionMap": {
              "sh": {
                "insertions": 3,
                "deletions": 1
              }
            }
          },
          {
            "hash": "7bbbe10bc349df048c649193d4d9585ff55a4a54",
            "messageTitle": "Add tests for Task class",
            "messageBody": "",
            "fileTypesAndContributionMap": {
              "java": {
                "insertions": 55,
                "deletions": 5
              }
            }
          },
          {
            "hash": "d0c9a7ab1f2158788742ab36eae6923ec1e6394a",
            "messageTitle": "Fix naming of test cases",
            "messageBody": "",
            "fileTypesAndContributionMap": {
              "java": {
                "insertions": 15,
                "deletions": 15
              }
            }
          },
          {
            "hash": "d77f5009b0ff11bf0e90436d291ae35a4d00c767",
            "messageTitle": "Remove print statement in test",
            "messageBody": "",
            "fileTypesAndContributionMap": {
              "java": {
                "insertions": 4,
                "deletions": 2
              }
            }
          },
          {
            "hash": "529ab7dd129498311982f5ffa74a303f617142bb",
            "messageTitle": "Add tests for Ui class",
            "messageBody": "",
            "fileTypesAndContributionMap": {
              "java": {
                "insertions": 58,
                "deletions": 4
              }
            }
          }
        ]
      },
      {
        "date": "2020-08-29",
        "commitResults": [
          {
            "hash": "62c7f023e46eb5a1dc446e31fa43d89c1c6da295",
            "messageTitle": "Update Gradle configuration",
            "messageBody": "",
            "fileTypesAndContributionMap": {
              "gradle": {
                "insertions": 2,
                "deletions": 2
              }
            }
          },
          {
            "hash": "591db78bbc52a8c569c02b71e669b790e0d3c395",
            "messageTitle": "Add checkstyle",
            "messageBody": "",
            "fileTypesAndContributionMap": {
              "gradle": {
                "insertions": 1,
                "deletions": 1
              }
            }
          },
          {
            "hash": "314ba5799d96027a9a6120847e50e34eb7fc4744",
            "messageTitle": "Fix import statement order",
            "messageBody": "",
            "fileTypesAndContributionMap": {
              "java": {
                "insertions": 22,
                "deletions": 21
              }
            }
          },
          {
            "hash": "a645c78d09b9a642d1861d4d270dc85ea40c32cd",
            "messageTitle": "Fix empty try catch blocks",
            "messageBody": "",
            "fileTypesAndContributionMap": {
              "java": {
                "insertions": 6,
                "deletions": 2
              }
            }
          },
          {
            "hash": "8c811c2babfcbaff9eaa5ee487e859ad0cb4eadf",
            "messageTitle": "Add missing JavaDocs and refactor List command",
            "messageBody": "",
            "fileTypesAndContributionMap": {
              "java": {
                "insertions": 37,
                "deletions": 18
              }
            }
          },
          {
            "hash": "8f7b4c7caae564d5c78ba1222a08607a2e42bd05",
            "messageTitle": "Add JavaDocs for SearchCommand class",
            "messageBody": "",
            "fileTypesAndContributionMap": {
              "java": {
                "insertions": 26,
                "deletions": 2
              }
            }
          }
        ]
      },
      {
        "date": "2020-08-30",
        "commitResults": [
          {
            "hash": "e30b87060d384f6c173e2f8dd84cddc394af7845",
            "messageTitle": "Fix JavaDoc typos",
            "messageBody": "",
            "fileTypesAndContributionMap": {
              "java": {
                "insertions": 24,
                "deletions": 24
              }
            }
          }
        ]
      },
      {
        "date": "2020-09-01",
        "commitResults": [
          {
            "hash": "9ee458598fd762cd18eb6e512d5371d1d7a178c4",
            "messageTitle": "Add common interface for UI classes",
            "messageBody": "",
            "fileTypesAndContributionMap": {
              "gradle": {
                "insertions": 15,
                "deletions": 1
              },
              "java": {
                "insertions": 192,
                "deletions": 200
              },
              "sh": {
                "insertions": 2,
                "deletions": 2
              }
            }
          },
          {
            "hash": "967eaa5a3e53edc1331331e880a82be5eec27d89",
            "messageTitle": "Add GUI",
            "messageBody": "",
            "fileTypesAndContributionMap": {
              "gradle": {
                "insertions": 1,
                "deletions": 1
              },
              "java": {
                "insertions": 199,
                "deletions": 7
              }
            }
          },
          {
            "hash": "2e2236438f0546a0249170a679796383fe650b66",
            "messageTitle": "Refactor for FXML",
            "messageBody": "",
            "fileTypesAndContributionMap": {
              "gradle": {
                "insertions": 1,
                "deletions": 1
              },
              "fxml": {
                "insertions": 41,
                "deletions": 0
              },
              "java": {
                "insertions": 249,
                "deletions": 288
              },
              "bat": {
                "insertions": 1,
                "deletions": 1
              },
              "sh": {
                "insertions": 2,
                "deletions": 2
              },
              "md": {
                "insertions": 2,
                "deletions": 2
              }
            }
          },
          {
            "hash": "3fc4541ec861dbfc98e433ea92dd5447b562f43a",
            "messageTitle": "Apply circle mask to user picture",
            "messageBody": "",
            "fileTypesAndContributionMap": {
              "java": {
                "insertions": 5,
                "deletions": 1
              }
            }
          },
          {
            "hash": "68e8f9e3d124dc465bcc2dc1b81622aeaba6980f",
            "messageTitle": "Improve GUI layout",
            "messageBody": "",
            "fileTypesAndContributionMap": {
              "gradle": {
                "insertions": 1,
                "deletions": 1
              },
              "fxml": {
                "insertions": 21,
                "deletions": 6
              },
              "java": {
                "insertions": 17,
                "deletions": 2
              }
            }
          },
          {
            "hash": "5691f4831f4eae0c7bccd5bb266357b5862e22c6",
            "messageTitle": "Add delay before exiting",
            "messageBody": "",
            "fileTypesAndContributionMap": {
              "java": {
                "insertions": 12,
                "deletions": 3
              }
            }
          },
          {
            "hash": "7c8d251c898f50f72d8c5b052de456c987ec979d",
            "messageTitle": "Add option for cli version",
            "messageBody": "",
            "fileTypesAndContributionMap": {
              "java": {
                "insertions": 87,
                "deletions": 32
              }
            }
          },
          {
            "hash": "94162a387e271eac188eda1f4eb56d12413764e9",
            "messageTitle": "Add missing JavaDocs",
            "messageBody": "",
            "fileTypesAndContributionMap": {
              "java": {
                "insertions": 14,
                "deletions": 2
              }
            }
          }
        ]
      },
      {
        "date": "2020-09-03",
        "commitResults": [
          {
            "hash": "ed0283a4a751e7e85928d8c25bc26675ae6e8188",
            "messageTitle": "Enhance GUI theme",
            "messageBody": "",
            "fileTypesAndContributionMap": {
              "fxml": {
                "insertions": 3,
                "deletions": 3
              }
            }
          },
          {
            "hash": "10f470d4787028d93b050b1eb79352db410c6dfb",
            "messageTitle": "Fix load event bug",
            "messageBody": "",
            "fileTypesAndContributionMap": {
              "java": {
                "insertions": 2,
                "deletions": 2
              }
            }
          },
          {
            "hash": "c918a15293173d6433b0731088230f048882d73c",
            "messageTitle": "Fix error message for corrupt file",
            "messageBody": "",
            "fileTypesAndContributionMap": {
              "java": {
                "insertions": 4,
                "deletions": 8
              }
            }
          },
          {
            "hash": "68ced76c1185b6668717fa778b630ec72521c12e",
            "messageTitle": "Refactor GUI elements into UI package",
            "messageBody": "",
            "fileTypesAndContributionMap": {
              "fxml": {
                "insertions": 1,
                "deletions": 1
              },
              "java": {
                "insertions": 5,
                "deletions": 0
              }
            }
          },
          {
            "hash": "6af7fc3bc631bdb7f211ead38e2804fb557da199",
            "messageTitle": "Rename chatbot",
            "messageBody": "",
            "fileTypesAndContributionMap": {
              "fxml": {
                "insertions": 1,
                "deletions": 1
              },
              "java": {
                "insertions": 293,
                "deletions": 292
              },
              "bat": {
                "insertions": 2,
                "deletions": 2
              },
              "sh": {
                "insertions": 13,
                "deletions": 4
              },
              "md": {
                "insertions": 2,
                "deletions": 2
              }
            }
          },
          {
            "hash": "d1cc0f7d902a97820b978edcbe8e0314dd494d62",
            "messageTitle": "Fix variable and method names",
            "messageBody": "",
            "fileTypesAndContributionMap": {
              "java": {
                "insertions": 30,
                "deletions": 27
              }
            }
          },
          {
            "hash": "8185a2dbe0443f1eb58afa13ecf32258befcdc8b",
            "messageTitle": "Refactor command and task classes",
            "messageBody": "",
            "fileTypesAndContributionMap": {
              "java": {
                "insertions": 86,
                "deletions": 100
              }
            }
          },
          {
            "hash": "dac86a0c11a5c28a4a4d66da2747e193686caf1d",
            "messageTitle": "Fix duration parsing and add tests",
            "messageBody": "",
            "fileTypesAndContributionMap": {
              "java": {
                "insertions": 349,
                "deletions": 41
              }
            }
          }
        ]
      },
      {
        "date": "2020-09-05",
        "commitResults": [
          {
            "hash": "9eff4b7bb0d786b06167938ade232f69b9eec12b",
            "messageTitle": "Refactor error and response messages",
            "messageBody": "",
            "fileTypesAndContributionMap": {
              "java": {
                "insertions": 136,
                "deletions": 63
              }
            }
          },
          {
            "hash": "2d3f57ea7a675f026359f511f4e783f131f4e458",
            "messageTitle": "Refactor magic string in task",
            "messageBody": "",
            "fileTypesAndContributionMap": {
              "java": {
                "insertions": 7,
                "deletions": 3
              }
            }
          },
          {
            "hash": "36bb9a8bc6a339c846b45e822250caf56b2b4bcd",
            "messageTitle": "Reformat list printout",
            "messageBody": "",
            "fileTypesAndContributionMap": {
              "java": {
                "insertions": 1,
                "deletions": 1
              }
            }
          },
          {
            "hash": "0e0843dfc6a326e7bfb59bccd8252db207b6b540",
            "messageTitle": "Update test cases to use declared constants",
            "messageBody": "",
            "fileTypesAndContributionMap": {
              "java": {
                "insertions": 25,
                "deletions": 20
              }
            }
          },
          {
            "hash": "916448e7aa04ae55d8995df9df51a196a3bc4e72",
            "messageTitle": "Refactor duration parser",
            "messageBody": "",
            "fileTypesAndContributionMap": {
              "java": {
                "insertions": 17,
                "deletions": 24
              }
            }
          },
          {
            "hash": "668af23a72fe3e9b5a58f330ade9c84de25342b0",
            "messageTitle": "Add assertions to validate key assumptions",
            "messageBody": "",
            "fileTypesAndContributionMap": {
              "java": {
                "insertions": 20,
                "deletions": 1
              }
            }
          },
          {
            "hash": "a09de579ff5e0162d0101b805f75b00c5fd1dda1",
            "messageTitle": "Improve duration logic and add Event class tests",
            "messageBody": "",
            "fileTypesAndContributionMap": {
              "java": {
                "insertions": 162,
                "deletions": 23
              }
            }
          },
          {
            "hash": "67a745a1b97e22f1aab42270b02db493f665da86",
            "messageTitle": "Change error message for missing details",
            "messageBody": "",
            "fileTypesAndContributionMap": {
              "java": {
                "insertions": 16,
                "deletions": 13
              }
            }
          },
          {
            "hash": "f93c9872d892d091dc52919788ca0c3e924e7c09",
            "messageTitle": "Update test cases",
            "messageBody": "",
            "fileTypesAndContributionMap": {
              "java": {
                "insertions": 3,
                "deletions": 3
              }
            }
          },
          {
            "hash": "1cf2a984be9746ff2005949ca0c88c6e275cedc7",
            "messageTitle": "Refactor command response cycle",
            "messageBody": "",
            "fileTypesAndContributionMap": {
              "java": {
                "insertions": 82,
                "deletions": 130
              }
            }
          },
          {
            "hash": "994e424f6b7384060d1dc188d6c86cdda0d0b9aa",
            "messageTitle": "Improve code standardisation and quality",
            "messageBody": "",
            "fileTypesAndContributionMap": {
              "java": {
                "insertions": 32,
                "deletions": 16
              }
            }
          },
          {
            "hash": "d84433fe094a28576f145738e17f1c612d86c229",
            "messageTitle": "Update search command response",
            "messageBody": "",
            "fileTypesAndContributionMap": {
              "java": {
                "insertions": 15,
                "deletions": 5
              }
            }
          },
          {
            "hash": "61dbdc1838ddecb797699875d645ab1a4cd1983d",
            "messageTitle": "Fix checkstyle errors",
            "messageBody": "",
            "fileTypesAndContributionMap": {
              "java": {
                "insertions": 9,
                "deletions": 6
              }
            }
          }
        ]
      },
      {
        "date": "2020-09-06",
        "commitResults": [
          {
            "hash": "f9e1d5a2078ca89b9614a629d22caaecadf23fa3",
            "messageTitle": "Add support for detecting duplicate or similar tasks",
            "messageBody": "",
            "fileTypesAndContributionMap": {
              "java": {
                "insertions": 184,
                "deletions": 9
              }
            }
          },
          {
            "hash": "80e55f85a2e4efeb3ff68e63f23833349a9afd27",
            "messageTitle": "Update test stub",
            "messageBody": "",
            "fileTypesAndContributionMap": {
              "java": {
                "insertions": 7,
                "deletions": 0
              }
            }
          },
          {
            "hash": "f67a53e8f77e403fd299edaeb60c692fe693a7e6",
            "messageTitle": "Update test cases",
            "messageBody": "",
            "fileTypesAndContributionMap": {
              "java": {
                "insertions": 124,
                "deletions": 43
              }
            }
          }
        ]
      },
      {
        "date": "2020-09-08",
        "commitResults": [
          {
            "hash": "07a18bfcf8f4b2da94cd90599766d1f6872af6cb",
            "messageTitle": "Add undo and redo feature",
            "messageBody": "",
            "fileTypesAndContributionMap": {
              "java": {
                "insertions": 387,
                "deletions": 75
              }
            }
          },
          {
            "hash": "a4ed915d7aa6237a7208c62361ea509fee266469",
            "messageTitle": "Convert to immutable Tasks and TaskLists",
            "messageBody": "",
            "fileTypesAndContributionMap": {
              "java": {
                "insertions": 135,
                "deletions": 71
              }
            }
          },
          {
            "hash": "93affa081d579bdd9bf341ea169959fa9e856393",
            "messageTitle": "Update JavaDocs",
            "messageBody": "",
            "fileTypesAndContributionMap": {
              "java": {
                "insertions": 79,
                "deletions": 49
              }
            }
          },
          {
            "hash": "ff18f5c948d341cf689edc5d010b83b9ff9b4d90",
            "messageTitle": "Rearrange task package code",
            "messageBody": "",
            "fileTypesAndContributionMap": {
              "java": {
                "insertions": 137,
                "deletions": 119
              }
            }
          },
          {
            "hash": "f44f5c908ef17880e6e36815328f7b69fd60eb64",
            "messageTitle": "Refactor duplicate check method",
            "messageBody": "",
            "fileTypesAndContributionMap": {
              "java": {
                "insertions": 29,
                "deletions": 24
              }
            }
          },
          {
            "hash": "65a8082d6940401c559a7757fc5a80557d3ca0c5",
            "messageTitle": "Refactor command response method name",
            "messageBody": "",
            "fileTypesAndContributionMap": {
              "java": {
                "insertions": 11,
                "deletions": 11
              }
            }
          }
        ]
      },
      {
        "date": "2020-09-13",
        "commitResults": [
          {
            "hash": "3b690c8bd21a475af69d1cf095df515ac5239111",
            "messageTitle": "Improve UI error display",
            "messageBody": "",
            "tags": [
              "A-BetterGui"
            ],
            "fileTypesAndContributionMap": {
              "java": {
                "insertions": 20,
                "deletions": 1
              }
            }
          },
          {
            "hash": "8baee9db765b3a09978f95cf4285233b1e76cd2c",
            "messageTitle": "Update response messages",
            "messageBody": "",
            "fileTypesAndContributionMap": {
              "java": {
                "insertions": 25,
                "deletions": 23
              }
            }
          },
          {
            "hash": "a3ef07da0e2ec0f668d26da27e4039db8c62b9d1",
            "messageTitle": "Update user guide",
            "messageBody": "",
            "fileTypesAndContributionMap": {
              "md": {
                "insertions": 194,
                "deletions": 8
              }
            }
          },
          {
            "hash": "4e3c4c7bebc1f27b1da7fb00626dda5d210ec816",
            "messageTitle": "Fix dialog orientation",
            "messageBody": "",
            "fileTypesAndContributionMap": {
              "java": {
                "insertions": 3,
                "deletions": 3
              }
            }
          },
          {
            "hash": "9f0f9ac7dcef1fa5a67c6ee7926c8c7259cf91ac",
            "messageTitle": "Fix decoding completed task",
            "messageBody": "",
            "fileTypesAndContributionMap": {
              "gradle": {
                "insertions": 1,
                "deletions": 1
              },
              "java": {
                "insertions": 3,
                "deletions": 3
              }
            }
          }
        ]
      },
      {
        "date": "2020-09-15",
        "commitResults": [
          {
            "hash": "ae4bbecd23834b1d3a1bd344587ca9bacecf7444",
            "messageTitle": "Fix bug in todo similar task detection",
            "messageBody": "",
            "fileTypesAndContributionMap": {
              "java": {
                "insertions": 22,
                "deletions": 24
              }
            }
          },
          {
            "hash": "bd9b173cea7c5b0804ec737792c2637d71e256f8",
            "messageTitle": "Remove case sensitivity in search feature",
            "messageBody": "",
            "tags": [
              "v0.2",
              "A-Release"
            ],
            "fileTypesAndContributionMap": {
              "java": {
                "insertions": 6,
                "deletions": 3
              }
            }
          }
        ]
      },
      {
        "date": "2020-09-17",
        "commitResults": [
          {
            "hash": "f6e0d36203f26fd038c7ddf5a93882994fb0185d",
            "messageTitle": "Add uninstallation instructions",
            "messageBody": "",
            "fileTypesAndContributionMap": {
              "md": {
                "insertions": 7,
                "deletions": 1
              }
            }
          }
        ]
      }
    ]
  },
  "authorFileTypeContributionMap": {
    "dextertanyj": {
      "java": 3293,
      "md": 195,
      "fxml": 56,
      "sh": 14,
      "bat": 4,
      "gradle": 17,
      "txt": 25
    }
  },
  "authorContributionVariance": {
    "dextertanyj": 163671.53
  },
  "authorDisplayNameMap": {
    "dextertanyj": "CS2103T-T10-4 TAN ..XTER"
  }
}
