{
  "authorDailyContributionsMap": {
    "KishenKumarrrrr": [
      {
        "date": "2020-08-17",
        "commitResults": [
          {
            "hash": "657287b6b3d65a3740bdfa67e3ab2c7e4b2e184b",
            "messageTitle": "Add Greet, Echo, Exit functionality",
            "messageBody": "",
            "tags": [
              "Level-1"
            ],
            "fileTypesAndContributionMap": {
              "java": {
                "insertions": 39,
                "deletions": 6
              }
            }
          },
          {
            "hash": "50e45ae1a6b84d5e7d254ba6a44a2a58e521fc59",
            "messageTitle": "Add ability to add items",
            "messageBody": "",
            "fileTypesAndContributionMap": {
              "java": {
                "insertions": 6,
                "deletions": 1
              }
            }
          },
          {
            "hash": "3390d8991dd3273ee04d8fd50fb445474c78ce10",
            "messageTitle": "Add ability to display added items",
            "messageBody": "",
            "tags": [
              "Level-2"
            ],
            "fileTypesAndContributionMap": {
              "java": {
                "insertions": 10,
                "deletions": 4
              }
            }
          },
          {
            "hash": "28cafd945d9160a97b9b37afb290c84032fa7072",
            "messageTitle": "Create Task class",
            "messageBody": "",
            "fileTypesAndContributionMap": {
              "java": {
                "insertions": 25,
                "deletions": 3
              }
            }
          },
          {
            "hash": "3d7b079a7ca24bb8f0fe927d1c6c8bc19c7db6d4",
            "messageTitle": "Add feature to mark tasks as done",
            "messageBody": "",
            "tags": [
              "Level-3"
            ],
            "fileTypesAndContributionMap": {
              "java": {
                "insertions": 26,
                "deletions": 3
              }
            }
          },
          {
            "hash": "4dfdde7bdee4d80d1e1781bfffce277e5e43f2b9",
            "messageTitle": "Add Event, Deadline and Todo classes",
            "messageBody": "",
            "fileTypesAndContributionMap": {
              "java": {
                "insertions": 38,
                "deletions": 1
              }
            }
          },
          {
            "hash": "858a10b147c1c936b5f7cb416a5654477dac46ad",
            "messageTitle": "Add support for tracking Todos, Events, Deadlines",
            "messageBody": "",
            "tags": [
              "Level-4"
            ],
            "fileTypesAndContributionMap": {
              "java": {
                "insertions": 21,
                "deletions": 4
              }
            }
          },
          {
            "hash": "cbad774ba0f79af4340659cb186004c33aa30b42",
            "messageTitle": "Update automatic Text Ui Testing",
            "messageBody": "",
            "tags": [
              "A-TextUiTesting"
            ],
            "fileTypesAndContributionMap": {
              "txt": {
                "insertions": 12,
                "deletions": 0
              },
              "java": {
                "insertions": 3,
                "deletions": 2
              },
              "bat": {
                "insertions": 3,
                "deletions": 1
              }
            }
          },
          {
            "hash": "456ae2fba6b9334714e3397d7bcf8ab0caa4b9c5",
            "messageTitle": "Change input parsing",
            "messageBody": "",
            "fileTypesAndContributionMap": {
              "java": {
                "insertions": 22,
                "deletions": 35
              }
            }
          },
          {
            "hash": "6adecd426d7081c9049cd5fdee04219e84c81646",
            "messageTitle": "Add error handling for user input",
            "messageBody": "",
            "fileTypesAndContributionMap": {
              "java": {
                "insertions": 28,
                "deletions": 6
              }
            }
          },
          {
            "hash": "73e5a9ed2b605f02759808caf9f869cea0d5b502",
            "messageTitle": "Add Error handling with Exceptions",
            "messageBody": "",
            "tags": [
              "Level-5"
            ],
            "fileTypesAndContributionMap": {
              "txt": {
                "insertions": 10,
                "deletions": 0
              },
              "java": {
                "insertions": 90,
                "deletions": 55
              }
            }
          },
          {
            "hash": "8b9cb28a9540116f2ee90b3f87bd7a224dc6e327",
            "messageTitle": "Add Delete functionality",
            "messageBody": "",
            "tags": [
              "Level-6"
            ],
            "fileTypesAndContributionMap": {
              "txt": {
                "insertions": 3,
                "deletions": 0
              },
              "java": {
                "insertions": 22,
                "deletions": 10
              }
            }
          },
          {
            "hash": "d5260e90b738fe5e01747cc1c1130cd57b31e75a",
            "messageTitle": "Add Enums",
            "messageBody": "",
            "tags": [
              "A-Enums"
            ],
            "fileTypesAndContributionMap": {
              "java": {
                "insertions": 21,
                "deletions": 13
              }
            }
          },
          {
            "hash": "28997d3f17fc4695cb14c750fe26437f64c12e1e",
            "messageTitle": "Refactor code",
            "messageBody": "",
            "fileTypesAndContributionMap": {
              "java": {
                "insertions": 164,
                "deletions": 98
              }
            }
          }
        ]
      },
      {
        "date": "2020-08-21",
        "commitResults": [
          {
            "hash": "866314feece1af8af0215af5bae10bb264536ead",
            "messageTitle": "Add save feature",
            "messageBody": "",
            "fileTypesAndContributionMap": {
              "txt": {
                "insertions": 3,
                "deletions": 0
              },
              "java": {
                "insertions": 96,
                "deletions": 0
              }
            }
          },
          {
            "hash": "78abf9a67cc6dab1e736cd90837d89b05287807e",
            "messageTitle": "Add Dates and Times",
            "messageBody": "",
            "fileTypesAndContributionMap": {
              "txt": {
                "insertions": 5,
                "deletions": 0
              },
              "java": {
                "insertions": 100,
                "deletions": 4
              }
            }
          },
          {
            "hash": "ed6119061455aeba1dc7066cfd3c6542fa151e60",
            "messageTitle": "Fix bug where tasks read from hard disks have the wrong date format",
            "messageBody": "",
            "tags": [
              "Level-8"
            ],
            "fileTypesAndContributionMap": {
              "txt": {
                "insertions": 3,
                "deletions": 3
              },
              "java": {
                "insertions": 33,
                "deletions": 4
              }
            }
          }
        ]
      },
      {
        "date": "2020-08-23",
        "commitResults": [
          {
            "hash": "d583bec5eaefad65620471a1633686beed5ac30c",
            "messageTitle": "Refactor code to use more OOP",
            "messageBody": "",
            "tags": [
              "A-MoreOOP"
            ],
            "fileTypesAndContributionMap": {
              "txt": {
                "insertions": 7,
                "deletions": 3
              },
              "java": {
                "insertions": 584,
                "deletions": 301
              }
            }
          },
          {
            "hash": "e47372bb14d2306a11b133ee9a8c819c6cab8506",
            "messageTitle": "Refactor code into packages",
            "messageBody": "",
            "tags": [
              "A-Packages"
            ],
            "fileTypesAndContributionMap": {
              "java": {
                "insertions": 137,
                "deletions": 18
              },
              "bat": {
                "insertions": 2,
                "deletions": 2
              },
              "md": {
                "insertions": 2,
                "deletions": 2
              }
            }
          },
          {
            "hash": "41c3d4d0ec7be502eef89a42ec0a7918120649b9",
            "messageTitle": "Add JUnit test cases",
            "messageBody": "",
            "tags": [
              "A-JUnit"
            ],
            "fileTypesAndContributionMap": {
              "java": {
                "insertions": 59,
                "deletions": 0
              }
            }
          },
          {
            "hash": "35c24d95bf5cf3a25de3fed269da03bd1c19abb6",
            "messageTitle": "Update UI for --help command",
            "messageBody": "",
            "tags": [
              "A-Jar"
            ],
            "fileTypesAndContributionMap": {
              "java": {
                "insertions": 3,
                "deletions": 0
              }
            }
          }
        ]
      }
    ]
  },
  "authorFileTypeContributionMap": {
    "KishenKumarrrrr": {
      "java": 966,
      "md": 2,
      "fxml": 0,
      "sh": 0,
      "bat": 4,
      "gradle": 0,
      "txt": 37
    }
  },
  "authorContributionVariance": {
    "KishenKumarrrrr": 146879.25
  },
  "authorDisplayNameMap": {
    "KishenKumarrrrr": "KISH..UMAR"
  }
}
