{
  "authorDailyContributionsMap": {
    "li-s": [
      {
        "date": "2020-08-17",
        "commitResults": [
          {
            "hash": "0add4931fcf4d0431a1d8684cd58180e9e630049",
            "messageTitle": "Finished level-1",
            "messageBody": "",
            "tags": [
              "level-1"
            ],
            "fileTypesAndContributionMap": {
              "java": {
                "insertions": 35,
                "deletions": 0
              }
            }
          },
          {
            "hash": "e6f29db365f24e65c74dd692a5ebd354168e0bb3",
            "messageTitle": "Completed level-2",
            "messageBody": "",
            "tags": [
              "level-2"
            ],
            "fileTypesAndContributionMap": {
              "java": {
                "insertions": 28,
                "deletions": 8
              }
            }
          },
          {
            "hash": "655c474955465bb2e65d06fb743860b4ea285301",
            "messageTitle": "Completed level-3",
            "messageBody": "",
            "tags": [
              "level-3"
            ],
            "fileTypesAndContributionMap": {
              "java": {
                "insertions": 41,
                "deletions": 6
              }
            }
          },
          {
            "hash": "14c5cc47ed8a2cf32d1906196c2ccf22fa90a972",
            "messageTitle": "Fix bug where only first word of user input is stored",
            "messageBody": "",
            "fileTypesAndContributionMap": {
              "java": {
                "insertions": 6,
                "deletions": 4
              }
            }
          }
        ]
      },
      {
        "date": "2020-08-18",
        "commitResults": [
          {
            "hash": "79151506c4d472a4ebda5f00460c1be33861ea94",
            "messageTitle": "Changed to immutable class",
            "messageBody": "",
            "fileTypesAndContributionMap": {
              "java": {
                "insertions": 21,
                "deletions": 4
              }
            }
          },
          {
            "hash": "011225edce543ad713fc75d493f12afcff8403e8",
            "messageTitle": "Finished level-4",
            "messageBody": "",
            "tags": [
              "level-4"
            ],
            "fileTypesAndContributionMap": {
              "java": {
                "insertions": 127,
                "deletions": 22
              }
            }
          },
          {
            "hash": "48944af4d52c6910abd800512d45af44ebd911f8",
            "messageTitle": "Added A-TextUiTesting",
            "messageBody": "",
            "tags": [
              "A-TextUiTesting"
            ],
            "fileTypesAndContributionMap": {
              "txt": {
                "insertions": 9,
                "deletions": 0
              },
              "java": {
                "insertions": 1,
                "deletions": 1
              },
              "bat": {
                "insertions": 3,
                "deletions": 1
              },
              "sh": {
                "insertions": 1,
                "deletions": 1
              }
            }
          },
          {
            "hash": "4271768552602e80018b9f27669e6c42eba9da6b",
            "messageTitle": "Level-5 completed",
            "messageBody": "",
            "tags": [
              "level-5"
            ],
            "fileTypesAndContributionMap": {
              "java": {
                "insertions": 107,
                "deletions": 54
              }
            }
          }
        ]
      },
      {
        "date": "2020-08-19",
        "commitResults": [
          {
            "hash": "b1dcb7ced3579d964d44b385f11d5731403aab79",
            "messageTitle": "Handle index out of bound errror when calling done/delete",
            "messageBody": "",
            "fileTypesAndContributionMap": {
              "java": {
                "insertions": 73,
                "deletions": 30
              }
            }
          }
        ]
      },
      {
        "date": "2020-08-21",
        "commitResults": [
          {
            "hash": "29c7d17cc335559fa7067653d04e143587c8d553",
            "messageTitle": "Level-6",
            "messageBody": "",
            "tags": [
              "level-6"
            ],
            "fileTypesAndContributionMap": {
              "java": {
                "insertions": 2,
                "deletions": 1
              }
            }
          },
          {
            "hash": "eff25bb6ccecc7e7d2c075bb07c23a11d6b98fbd",
            "messageTitle": "A-Enums",
            "messageBody": "",
            "tags": [
              "A-Enums"
            ],
            "fileTypesAndContributionMap": {
              "java": {
                "insertions": 2,
                "deletions": 2
              }
            }
          }
        ]
      },
      {
        "date": "2020-08-22",
        "commitResults": [
          {
            "hash": "34ee76a01ec6293f77ea9920e5c72b9a68140af7",
            "messageTitle": "Complete Level-7",
            "messageBody": "",
            "tags": [
              "level-7"
            ],
            "fileTypesAndContributionMap": {
              "java": {
                "insertions": 28,
                "deletions": 8
              }
            }
          },
          {
            "hash": "4f59aece541929bacb01b71e20a5fc038b75e9a9",
            "messageTitle": "Complete Level-7",
            "messageBody": "",
            "fileTypesAndContributionMap": {
              "java": {
                "insertions": 89,
                "deletions": 32
              }
            }
          },
          {
            "hash": "f4a6eb817d0b6281cfac739c2f725b7490746402",
            "messageTitle": "Compete Level-8",
            "messageBody": "",
            "tags": [
              "level-8"
            ],
            "fileTypesAndContributionMap": {
              "java": {
                "insertions": 29,
                "deletions": 19
              }
            }
          }
        ]
      },
      {
        "date": "2020-08-23",
        "commitResults": [
          {
            "hash": "dcf2c716b897eccfabf8c25921a9152f75887c88",
            "messageTitle": "A-MoreOOP",
            "messageBody": "",
            "tags": [
              "A-MoreOOP"
            ],
            "fileTypesAndContributionMap": {
              "java": {
                "insertions": 180,
                "deletions": 110
              }
            }
          }
        ]
      },
      {
        "date": "2020-08-26",
        "commitResults": [
          {
            "hash": "965b50ed69da74de047a61c509e2b81d057e1e92",
            "messageTitle": "A-Packages",
            "messageBody": "",
            "fileTypesAndContributionMap": {
              "java": {
                "insertions": 24,
                "deletions": 0
              }
            }
          },
          {
            "hash": "5622a4a02609a30248664de2df0dd6bfd005453f",
            "messageTitle": "Add A-JUnit",
            "messageBody": "",
            "tags": [
              "A-JUnit"
            ],
            "fileTypesAndContributionMap": {
              "java": {
                "insertions": 59,
                "deletions": 10
              }
            }
          },
          {
            "hash": "69bbae41d02a248ba352f58e3ef8b3f622346782",
            "messageTitle": "Add A-Packages",
            "messageBody": "",
            "tags": [
              "A-Packages"
            ],
            "fileTypesAndContributionMap": {
              "java": {
                "insertions": 1,
                "deletions": 1
              }
            }
          }
        ]
      },
      {
        "date": "2020-08-27",
        "commitResults": [
          {
            "hash": "881474d532c4c251e25f9a1f39e314a50856207e",
            "messageTitle": "Added A-JavaDoc",
            "messageBody": "",
            "tags": [
              "A-JavaDoc"
            ],
            "fileTypesAndContributionMap": {
              "java": {
                "insertions": 122,
                "deletions": 12
              }
            }
          },
          {
            "hash": "14d4cfbbd1dc37ba67edd3bd2655c4e36c0b2d90",
            "messageTitle": "Added A-CodingStandard",
            "messageBody": "",
            "tags": [
              "A-CodingStandard"
            ],
            "fileTypesAndContributionMap": {
              "java": {
                "insertions": 6,
                "deletions": 6
              }
            }
          },
          {
            "hash": "d86b384d3c33b4bdb3817c10f4cc2dd7baffa971",
            "messageTitle": "Added Level-9",
            "messageBody": "",
            "tags": [
              "Level-9"
            ],
            "fileTypesAndContributionMap": {
              "java": {
                "insertions": 21,
                "deletions": 0
              }
            }
          }
        ]
      },
      {
        "date": "2020-08-31",
        "commitResults": [
          {
            "hash": "8685316b101c0d1dd206e4e97d899956b8e52b5f",
            "messageTitle": "Add A-CheckStyle",
            "messageBody": "",
            "tags": [
              "A-CheckStyle"
            ],
            "fileTypesAndContributionMap": {
              "java": {
                "insertions": 79,
                "deletions": 74
              }
            }
          }
        ]
      },
      {
        "date": "2020-09-02",
        "commitResults": [
          {
            "hash": "7723e4ad718a403c0fe4273f75bcb849c968809e",
            "messageTitle": "Add Level-10",
            "messageBody": "",
            "tags": [
              "Level-10"
            ],
            "fileTypesAndContributionMap": {
              "gradle": {
                "insertions": 16,
                "deletions": 1
              },
              "fxml": {
                "insertions": 35,
                "deletions": 0
              },
              "java": {
                "insertions": 245,
                "deletions": 51
              }
            }
          },
          {
            "hash": "a92447ebef7b6d61f6545a67a6cc13bb2ad94b6d",
            "messageTitle": "Add Varargs",
            "messageBody": "",
            "tags": [
              "A-Varargs"
            ],
            "fileTypesAndContributionMap": {
              "java": {
                "insertions": 2,
                "deletions": 39
              }
            }
          }
        ]
      },
      {
        "date": "2020-09-09",
        "commitResults": [
          {
            "hash": "07e2e5251f4e62555ab73dc1cdb32f95f9ed1a9c",
            "messageTitle": "Add A-Assertions",
            "messageBody": "",
            "tags": [
              "A-Assertions"
            ],
            "fileTypesAndContributionMap": {
              "java": {
                "insertions": 10,
                "deletions": 0
              }
            }
          },
          {
            "hash": "ccf27927ec5ba1704f8d27c1ea87eb506f031b99",
            "messageTitle": "Add A-CodeQuality",
            "messageBody": "",
            "fileTypesAndContributionMap": {
              "java": {
                "insertions": 57,
                "deletions": 42
              }
            }
          }
        ]
      },
      {
        "date": "2020-09-11",
        "commitResults": [
          {
            "hash": "76b14b2b6e07844d1f2b685c01605916933cf4c9",
            "messageTitle": "Added BCD-Extension",
            "messageBody": "",
            "tags": [
              "BCD-Extension"
            ],
            "fileTypesAndContributionMap": {
              "java": {
                "insertions": 44,
                "deletions": 0
              }
            }
          }
        ]
      },
      {
        "date": "2020-09-13",
        "commitResults": [
          {
            "hash": "e204715e4753217f0aa7efa4072c66b303f68d7e",
            "messageTitle": "update README",
            "messageBody": "",
            "fileTypesAndContributionMap": {
              "md": {
                "insertions": 2,
                "deletions": 0
              }
            }
          },
          {
            "hash": "208cf2433b0cbe5fca7b307cd019aa07a71b8fad",
            "messageTitle": "update README",
            "messageBody": "",
            "fileTypesAndContributionMap": {
              "md": {
                "insertions": 1,
                "deletions": 0
              }
            }
          },
          {
            "hash": "fe46be44e813bd8c1cdacd72bd540d86faf3a3ab",
            "messageTitle": "Fix bug where UI is stuck after input command",
            "messageBody": "",
            "fileTypesAndContributionMap": {
              "java": {
                "insertions": 5,
                "deletions": 1
              }
            }
          }
        ]
      },
      {
        "date": "2020-09-17",
        "commitResults": [
          {
            "hash": "7fab897929451e759175fabf997aca1d126eb75e",
            "messageTitle": "add A-UserGuide",
            "messageBody": "",
            "tags": [
              "A-UserGuide",
              "A-Release"
            ],
            "fileTypesAndContributionMap": {
              "java": {
                "insertions": 3,
                "deletions": 3
              },
              "md": {
                "insertions": 113,
                "deletions": 6
              }
            }
          }
        ]
      },
      {
        "date": "2020-09-24",
        "commitResults": [
          {
            "hash": "2196d44e475a7741e2eb11ad2ce1acc698daf605",
            "messageTitle": "Change to Java11",
            "messageBody": "",
            "fileTypesAndContributionMap": {
              "java": {
                "insertions": 2,
                "deletions": 3
              }
            }
          }
        ]
      }
    ]
  },
  "authorFileTypeContributionMap": {
    "li-s": {
      "java": 913,
      "md": 114,
      "fxml": 35,
      "sh": 1,
      "bat": 3,
      "gradle": 16,
      "txt": 9
    }
  },
  "authorContributionVariance": {
    "li-s": 9643.014
  },
  "authorDisplayNameMap": {
    "li-s": "CS2103T-F12-1 LI S..SHUO"
  }
}
