{
  "authorDailyContributionsMap": {
    "khenghun": [
      {
        "date": "2020-08-16",
        "commitResults": [
          {
            "hash": "1b045bc713434cd1da979b8ac84a1bda71caa93d",
            "messageTitle": "Level 1",
            "messageBody": "",
            "tags": [
              "Level-1"
            ],
            "fileTypesAndContributionMap": {
              "java": {
                "insertions": 20,
                "deletions": 1
              }
            }
          },
          {
            "hash": "348e51bb9a3d17f68343ebf38d620e86e5837eb3",
            "messageTitle": "Level 2",
            "messageBody": "",
            "tags": [
              "Level-2"
            ],
            "fileTypesAndContributionMap": {
              "java": {
                "insertions": 38,
                "deletions": 15
              }
            }
          },
          {
            "hash": "87f977586bdcda19d0b648c58ec5fffab4febca2",
            "messageTitle": "Level 3, A-Classes",
            "messageBody": "",
            "tags": [
              "Level-3",
              "A-Classes"
            ],
            "fileTypesAndContributionMap": {
              "java": {
                "insertions": 65,
                "deletions": 8
              }
            }
          },
          {
            "hash": "a9d4e185e7f0f8dad3974adc4686ac9b1e7128f3",
            "messageTitle": "Level 4, A-Inheritance",
            "messageBody": "",
            "tags": [
              "Level-4",
              "A-Inheritance"
            ],
            "fileTypesAndContributionMap": {
              "java": {
                "insertions": 80,
                "deletions": 7
              }
            }
          },
          {
            "hash": "7204c975bcbdf2cab715385d24c5908f29bb0d05",
            "messageTitle": "A-TextUiTesting",
            "messageBody": "",
            "tags": [
              "A-TextUiTesting"
            ],
            "fileTypesAndContributionMap": {
              "txt": {
                "insertions": 9,
                "deletions": 0
              },
              "bat": {
                "insertions": 4,
                "deletions": 2
              }
            }
          }
        ]
      },
      {
        "date": "2020-08-17",
        "commitResults": [
          {
            "hash": "4e84710cc635aac3a4b9d374bdff329c1b72ce07",
            "messageTitle": "Level 5",
            "messageBody": "",
            "tags": [
              "Level-5",
              "A-Exceptions"
            ],
            "fileTypesAndContributionMap": {
              "java": {
                "insertions": 96,
                "deletions": 20
              }
            }
          },
          {
            "hash": "cb26bf1bbb1b43f27ae87333614c86af526c2e9a",
            "messageTitle": "Level 6, A-Collections",
            "messageBody": "",
            "tags": [
              "Level-6",
              "A-Collections"
            ],
            "fileTypesAndContributionMap": {
              "java": {
                "insertions": 47,
                "deletions": 6
              }
            }
          }
        ]
      },
      {
        "date": "2020-08-19",
        "commitResults": [
          {
            "hash": "e0031307dcb76adcf255ae27a27e905e55f7a692",
            "messageTitle": "updated test case",
            "messageBody": "",
            "fileTypesAndContributionMap": {
              "txt": {
                "insertions": 1,
                "deletions": 0
              }
            }
          }
        ]
      },
      {
        "date": "2020-08-20",
        "commitResults": [
          {
            "hash": "d0ab52960afee962da3e2276ab7bc74a087f4b3d",
            "messageTitle": "Level 7",
            "messageBody": "",
            "fileTypesAndContributionMap": {
              "txt": {
                "insertions": 5,
                "deletions": 0
              },
              "java": {
                "insertions": 90,
                "deletions": 5
              }
            }
          }
        ]
      },
      {
        "date": "2020-08-21",
        "commitResults": [
          {
            "hash": "5ba463285b5c708d1aee7e42a1319af8a886a6e2",
            "messageTitle": "Level 8",
            "messageBody": "",
            "fileTypesAndContributionMap": {
              "txt": {
                "insertions": 2,
                "deletions": 2
              },
              "java": {
                "insertions": 64,
                "deletions": 21
              }
            }
          }
        ]
      },
      {
        "date": "2020-08-22",
        "commitResults": [
          {
            "hash": "7370bf854c203ddc3572c9e695bbc45d47d13fcb",
            "messageTitle": "Refactor code for more OOP",
            "messageBody": "",
            "tags": [
              "A-MoreOOP"
            ],
            "fileTypesAndContributionMap": {
              "txt": {
                "insertions": 2,
                "deletions": 2
              },
              "java": {
                "insertions": 249,
                "deletions": 196
              }
            }
          },
          {
            "hash": "17ce7ea2ad0706a98a8fe5789b028f18b4421c1c",
            "messageTitle": "Divide classes into packages",
            "messageBody": "",
            "tags": [
              "A-Packages"
            ],
            "fileTypesAndContributionMap": {
              "txt": {
                "insertions": 3,
                "deletions": 2
              },
              "java": {
                "insertions": 46,
                "deletions": 2
              },
              "bat": {
                "insertions": 1,
                "deletions": 1
              },
              "md": {
                "insertions": 2,
                "deletions": 2
              }
            }
          }
        ]
      },
      {
        "date": "2020-08-23",
        "commitResults": [
          {
            "hash": "60ddc16a4c9a471bc82f64719dc2065eec399237",
            "messageTitle": "Add JUnit tests",
            "messageBody": "",
            "tags": [
              "v1.0",
              "A-JUnit"
            ],
            "fileTypesAndContributionMap": {
              "txt": {
                "insertions": 6,
                "deletions": 1
              },
              "java": {
                "insertions": 233,
                "deletions": 22
              }
            }
          },
          {
            "hash": "26b848fbe610dac8b068bf7965cb2df48be21946",
            "messageTitle": "minor fixes",
            "messageBody": "",
            "fileTypesAndContributionMap": {
              "txt": {
                "insertions": 3,
                "deletions": 0
              },
              "java": {
                "insertions": 8,
                "deletions": 3
              }
            }
          },
          {
            "hash": "f609e4f1fde44d494b3c07dc8b6c4fe57c8c17f3",
            "messageTitle": "Add Javadoc comments",
            "messageBody": "",
            "fileTypesAndContributionMap": {
              "java": {
                "insertions": 160,
                "deletions": 1
              }
            }
          },
          {
            "hash": "ae5372a97e05da5c284e5cbdfe3fb18de6e5d38b",
            "messageTitle": "Tweaked to comply with coding standard.",
            "messageBody": "",
            "fileTypesAndContributionMap": {
              "java": {
                "insertions": 35,
                "deletions": 32
              }
            }
          },
          {
            "hash": "9cc5a206706261e707f23b5d4c1b738bf7c965ff",
            "messageTitle": "Add find functionality (Level 9)",
            "messageBody": "",
            "fileTypesAndContributionMap": {
              "txt": {
                "insertions": 7,
                "deletions": 11
              },
              "java": {
                "insertions": 45,
                "deletions": 0
              }
            }
          },
          {
            "hash": "193c7091cb14b98147b3952823b72ecc88b63c4d",
            "messageTitle": "Add javadoc comments for find, add clear function",
            "messageBody": "",
            "tags": [
              "v2.0",
              "A-Jar"
            ],
            "fileTypesAndContributionMap": {
              "txt": {
                "insertions": 1,
                "deletions": 7
              },
              "java": {
                "insertions": 33,
                "deletions": 16
              }
            }
          }
        ]
      },
      {
        "date": "2020-08-29",
        "commitResults": [
          {
            "hash": "10b35e82983719166d64586a3b3372d30608b60e",
            "messageTitle": "Clean up code",
            "messageBody": "",
            "fileTypesAndContributionMap": {
              "txt": {
                "insertions": 4,
                "deletions": 4
              },
              "java": {
                "insertions": 47,
                "deletions": 47
              },
              "bat": {
                "insertions": 1,
                "deletions": 3
              }
            }
          }
        ]
      },
      {
        "date": "2020-08-30",
        "commitResults": [
          {
            "hash": "047171fd1590a6936c590d7c2a2c1455f41bb4b6",
            "messageTitle": "Include usage of gradle, fix tests to run correctly on Gradle",
            "messageBody": "",
            "fileTypesAndContributionMap": {
              "gradle": {
                "insertions": 8,
                "deletions": 0
              },
              "txt": {
                "insertions": 1,
                "deletions": 0
              },
              "java": {
                "insertions": 5,
                "deletions": 5
              }
            }
          },
          {
            "hash": "74af42e72ca2b43a2e093d483e885746d761ea82",
            "messageTitle": "Use CheckStyle with Gradle to detect coding style violations and fix",
            "messageBody": "",
            "fileTypesAndContributionMap": {
              "gradle": {
                "insertions": 1,
                "deletions": 0
              },
              "java": {
                "insertions": 41,
                "deletions": 21
              },
              "sh": {
                "insertions": 116,
                "deletions": 0
              }
            }
          },
          {
            "hash": "cf649be282c745eb2b5aff30b01795034813c8c1",
            "messageTitle": "Fix checkstyle for test files",
            "messageBody": "",
            "fileTypesAndContributionMap": {
              "java": {
                "insertions": 33,
                "deletions": 30
              }
            }
          },
          {
            "hash": "99ef4d9fc8d3f4309c39e42b8cb2ef9f4dbb6b45",
            "messageTitle": "Implement GUI with JavaFx",
            "messageBody": "",
            "fileTypesAndContributionMap": {
              "gradle": {
                "insertions": 14,
                "deletions": 0
              },
              "java": {
                "insertions": 182,
                "deletions": 0
              }
            }
          }
        ]
      },
      {
        "date": "2020-08-31",
        "commitResults": [
          {
            "hash": "3c94aec12125c86018110338c59454d7a8cfae3e",
            "messageTitle": "Use FXML for Duke GUI",
            "messageBody": "",
            "fileTypesAndContributionMap": {
              "txt": {
                "insertions": 7,
                "deletions": 5
              },
              "fxml": {
                "insertions": 35,
                "deletions": 0
              },
              "java": {
                "insertions": 221,
                "deletions": 202
              }
            }
          }
        ]
      }
    ]
  },
  "authorFileTypeContributionMap": {
    "khenghun": {
      "java": 1188,
      "md": 2,
      "fxml": 35,
      "sh": 116,
      "bat": 2,
      "gradle": 21,
      "txt": 17
    }
  },
  "authorContributionVariance": {
    "khenghun": 42761.832
  },
  "authorDisplayNameMap": {
    "khenghun": "CS2103T-F13-1 SIEW.. HUN"
  }
}
