{
  "authorDailyContributionsMap": {
    "nicholasyeo": [
      {
        "date": "2020-08-19",
        "commitResults": [
          {
            "hash": "4b07d151cb643f566139ea9277fed53e9de81883",
            "messageTitle": "level 1 implementation",
            "messageBody": "",
            "tags": [
              "Level-1"
            ],
            "fileTypesAndContributionMap": {
              "java": {
                "insertions": 30,
                "deletions": 6
              }
            }
          },
          {
            "hash": "c9b4de4f6c4366889252ddaaadb4871f2ab6ea58",
            "messageTitle": "level 2 implementation",
            "messageBody": "",
            "tags": [
              "Level-2"
            ],
            "fileTypesAndContributionMap": {
              "java": {
                "insertions": 46,
                "deletions": 3
              }
            }
          },
          {
            "hash": "246744be2c419c768bb3ecb1391da04a2ef5a10c",
            "messageTitle": "changed level 2 design",
            "messageBody": "",
            "fileTypesAndContributionMap": {
              "java": {
                "insertions": 60,
                "deletions": 30
              }
            }
          }
        ]
      },
      {
        "date": "2020-08-20",
        "commitResults": [
          {
            "hash": "512d2a3d654bdb2974bbf1dc46d97e61b5d2507c",
            "messageTitle": "level 3 implementation",
            "messageBody": "",
            "tags": [
              "Level-3"
            ],
            "fileTypesAndContributionMap": {
              "java": {
                "insertions": 17,
                "deletions": 24
              }
            }
          },
          {
            "hash": "b433ae66b261d60e8da538c5a63fc98fdaedb5fe",
            "messageTitle": "level 4 implementation",
            "messageBody": "",
            "fileTypesAndContributionMap": {
              "java": {
                "insertions": 64,
                "deletions": 13
              }
            }
          },
          {
            "hash": "79e7e4882f203ce7ab56f35bfe4a3c0a6354d2d7",
            "messageTitle": "changed data structure from array to arraylist",
            "messageBody": "",
            "tags": [
              "Level-4"
            ],
            "fileTypesAndContributionMap": {
              "java": {
                "insertions": 11,
                "deletions": 18
              }
            }
          },
          {
            "hash": "269ddb5c90ff7abf68ac0c48bd5b7a3fbbfe962b",
            "messageTitle": "automated testing",
            "messageBody": "",
            "tags": [
              "A-TextUiTesting"
            ],
            "fileTypesAndContributionMap": {
              "txt": {
                "insertions": 10,
                "deletions": 0
              },
              "bat": {
                "insertions": 6,
                "deletions": 1
              }
            }
          },
          {
            "hash": "d541d4a7670ca73862b462e301358247d087a718",
            "messageTitle": "added exception handling",
            "messageBody": "",
            "tags": [
              "Level-5"
            ],
            "fileTypesAndContributionMap": {
              "java": {
                "insertions": 69,
                "deletions": 43
              }
            }
          },
          {
            "hash": "e616951cac3a524031eac07a1f45e0d360619b13",
            "messageTitle": "implemented delete feature",
            "messageBody": "",
            "tags": [
              "Level-6"
            ],
            "fileTypesAndContributionMap": {
              "java": {
                "insertions": 10,
                "deletions": 0
              }
            }
          },
          {
            "hash": "f5697602a7f869ed172a473c83fc33cebcbbaeb5",
            "messageTitle": "created task manager class to handle tasks",
            "messageBody": "",
            "fileTypesAndContributionMap": {
              "java": {
                "insertions": 117,
                "deletions": 107
              }
            }
          }
        ]
      },
      {
        "date": "2020-08-24",
        "commitResults": [
          {
            "hash": "aea82ecc3a7f0db9fe19defdd8e6955cba67df66",
            "messageTitle": "Add more cases for exception handling",
            "messageBody": "",
            "fileTypesAndContributionMap": {
              "java": {
                "insertions": 99,
                "deletions": 67
              }
            }
          },
          {
            "hash": "dd8905519ad6ec1fb72cd9e567ed22461183a484",
            "messageTitle": "Add method for writing to file",
            "messageBody": "",
            "fileTypesAndContributionMap": {
              "txt": {
                "insertions": 1,
                "deletions": 0
              },
              "java": {
                "insertions": 80,
                "deletions": 22
              }
            }
          },
          {
            "hash": "507beedc1cc1061d6a4335e4e5d4e2d1c2919031",
            "messageTitle": "Add method to load data upon start up",
            "messageBody": "",
            "fileTypesAndContributionMap": {
              "txt": {
                "insertions": 2,
                "deletions": 1
              },
              "java": {
                "insertions": 47,
                "deletions": 12
              }
            }
          },
          {
            "hash": "41e460a28c31a9fe04f517e2880994b3f1e244cf",
            "messageTitle": "Add dates to deadline and event",
            "messageBody": "",
            "fileTypesAndContributionMap": {
              "java": {
                "insertions": 30,
                "deletions": 15
              }
            }
          }
        ]
      },
      {
        "date": "2020-08-25",
        "commitResults": [
          {
            "hash": "f5df5a0cdf702f8e448e6dbe3e6f2574c79afd74",
            "messageTitle": "Add Storage class to load and save tasks",
            "messageBody": "",
            "fileTypesAndContributionMap": {
              "txt": {
                "insertions": 1,
                "deletions": 1
              },
              "java": {
                "insertions": 121,
                "deletions": 88
              }
            }
          },
          {
            "hash": "77c6e767769875c9f9dfd30b59bc589f1a8b2f6d",
            "messageTitle": "Add Ui class to read and show message",
            "messageBody": "",
            "fileTypesAndContributionMap": {
              "txt": {
                "insertions": 2,
                "deletions": 1
              },
              "java": {
                "insertions": 77,
                "deletions": 49
              }
            }
          },
          {
            "hash": "b754d0642d82ef3028f09b17f9d7e6af5c87fe75",
            "messageTitle": "Add Parser and Command classes to extract code",
            "messageBody": "",
            "fileTypesAndContributionMap": {
              "txt": {
                "insertions": 4,
                "deletions": 2
              },
              "java": {
                "insertions": 292,
                "deletions": 90
              }
            }
          },
          {
            "hash": "323c34c2c8d57816b01b308728f41970fd938f68",
            "messageTitle": "Clean up code",
            "messageBody": "",
            "tags": [
              "A-MoreOOP"
            ],
            "fileTypesAndContributionMap": {
              "java": {
                "insertions": 4,
                "deletions": 84
              }
            }
          },
          {
            "hash": "60c087989829e1bfeeaa6022944454f48d0786ca",
            "messageTitle": "Organise classes into packages",
            "messageBody": "",
            "tags": [
              "A-Packages"
            ],
            "fileTypesAndContributionMap": {
              "java": {
                "insertions": 118,
                "deletions": 0
              }
            }
          }
        ]
      },
      {
        "date": "2020-08-26",
        "commitResults": [
          {
            "hash": "27150d8919077ea4e86322e47175e9ca2edc7a04",
            "messageTitle": "Add JUnit tests",
            "messageBody": "",
            "tags": [
              "v0.1",
              "A-Jar",
              "A-JUnit"
            ],
            "fileTypesAndContributionMap": {
              "txt": {
                "insertions": 0,
                "deletions": 1
              },
              "java": {
                "insertions": 189,
                "deletions": 3
              }
            }
          },
          {
            "hash": "3f4451597b223f740c693bb911f27de81e4a7e30",
            "messageTitle": "Add JavaDoc comments",
            "messageBody": "",
            "fileTypesAndContributionMap": {
              "java": {
                "insertions": 317,
                "deletions": 22
              }
            }
          },
          {
            "hash": "e612aac16af957b7738b05f4a3fc99f19de7bb0c",
            "messageTitle": "Edit JavaDoc comments",
            "messageBody": "",
            "fileTypesAndContributionMap": {
              "java": {
                "insertions": 83,
                "deletions": 50
              }
            }
          },
          {
            "hash": "1b4ab034987d6220741f1dfc1f44be90d18aea6e",
            "messageTitle": "Comply with Coding Standard",
            "messageBody": "",
            "fileTypesAndContributionMap": {
              "java": {
                "insertions": 35,
                "deletions": 33
              }
            }
          },
          {
            "hash": "43d208744d2b6178de426737a3fef452b065ef18",
            "messageTitle": "Add feature for finding tasks with keyword",
            "messageBody": "",
            "fileTypesAndContributionMap": {
              "java": {
                "insertions": 48,
                "deletions": 1
              }
            }
          },
          {
            "hash": "a9e0079c3d9aaf9b9ed63e7e4d61171155d6734b",
            "messageTitle": "Add JavaDoc comments to more methods",
            "messageBody": "",
            "fileTypesAndContributionMap": {
              "java": {
                "insertions": 30,
                "deletions": 5
              }
            }
          },
          {
            "hash": "5339262fce3e344fe4b2d63fcde8fb049b2928f3",
            "messageTitle": "Improve coding standard",
            "messageBody": "",
            "fileTypesAndContributionMap": {
              "java": {
                "insertions": 15,
                "deletions": 15
              }
            }
          }
        ]
      },
      {
        "date": "2020-08-31",
        "commitResults": [
          {
            "hash": "779c89924a355f264e022ee645c038a301ebf586",
            "messageTitle": "Set up Gradle to run Duke",
            "messageBody": "",
            "tags": [
              "A-Gradle"
            ],
            "fileTypesAndContributionMap": {
              "gradle": {
                "insertions": 1,
                "deletions": 1
              }
            }
          },
          {
            "hash": "8025d95f88220b55b3344e42a46cecca47dfeb9f",
            "messageTitle": "Modify file path to compile code",
            "messageBody": "",
            "fileTypesAndContributionMap": {
              "bat": {
                "insertions": 1,
                "deletions": 1
              }
            }
          },
          {
            "hash": "fdf609bcaf380253e8e1bc74f5e77d73aedf894a",
            "messageTitle": "Modify code to follow CheckStyle rules",
            "messageBody": "",
            "tags": [
              "A-CheckStyle"
            ],
            "fileTypesAndContributionMap": {
              "gradle": {
                "insertions": 1,
                "deletions": 1
              },
              "java": {
                "insertions": 32,
                "deletions": 27
              }
            }
          },
          {
            "hash": "45b945ab0f90763bd7e6938b0f9856c25dbede32",
            "messageTitle": "Add GUI using JavaFX",
            "messageBody": "",
            "fileTypesAndContributionMap": {
              "gradle": {
                "insertions": 16,
                "deletions": 1
              },
              "java": {
                "insertions": 182,
                "deletions": 1
              }
            }
          },
          {
            "hash": "86736ef59ecdf0e6142faff927f19283a2344640",
            "messageTitle": "Modify code to generate response for user input",
            "messageBody": "",
            "fileTypesAndContributionMap": {
              "java": {
                "insertions": 86,
                "deletions": 57
              }
            }
          },
          {
            "hash": "731d8c0a3b0c3def6ecbe7628615a986bd18b45f",
            "messageTitle": "Refine GUI to look better",
            "messageBody": "",
            "fileTypesAndContributionMap": {
              "java": {
                "insertions": 51,
                "deletions": 18
              }
            }
          }
        ]
      },
      {
        "date": "2020-09-01",
        "commitResults": [
          {
            "hash": "096f637a90a52a5439660a1142d09cf59692aeeb",
            "messageTitle": "Use FXML to clean up code",
            "messageBody": "",
            "fileTypesAndContributionMap": {
              "fxml": {
                "insertions": 35,
                "deletions": 0
              },
              "java": {
                "insertions": 128,
                "deletions": 138
              }
            }
          },
          {
            "hash": "d9c96d766661d394a1304025ca5a2f32eaf2898a",
            "messageTitle": "Add welcome message to show upon start up",
            "messageBody": "",
            "fileTypesAndContributionMap": {
              "java": {
                "insertions": 3,
                "deletions": 27
              }
            }
          },
          {
            "hash": "8b60c09e53b3d7b57bb623003b5c3d1ea93d376d",
            "messageTitle": "Add method to exit programme",
            "messageBody": "",
            "fileTypesAndContributionMap": {
              "java": {
                "insertions": 18,
                "deletions": 0
              }
            }
          },
          {
            "hash": "c9ed7fc9d5fc12962ca23ecfbe1820926aabe1cf",
            "messageTitle": "Create logic and ui packages",
            "messageBody": "",
            "fileTypesAndContributionMap": {
              "java": {
                "insertions": 3,
                "deletions": 3
              }
            }
          },
          {
            "hash": "69fc091f28b9572946e60ff73ed7efc3ced013d1",
            "messageTitle": "Create logic and ui packages",
            "messageBody": "",
            "fileTypesAndContributionMap": {
              "fxml": {
                "insertions": 1,
                "deletions": 1
              },
              "java": {
                "insertions": 48,
                "deletions": 55
              }
            }
          },
          {
            "hash": "f225effa06a6840d8145b9b662969d4a576b3526",
            "messageTitle": "Add JavaDoc comments",
            "messageBody": "",
            "tags": [
              "Level-10"
            ],
            "fileTypesAndContributionMap": {
              "java": {
                "insertions": 30,
                "deletions": 3
              }
            }
          },
          {
            "hash": "4762eb46e2481e4419032e6dc6959a002842165d",
            "messageTitle": "Clean up and remove redundant code",
            "messageBody": "",
            "fileTypesAndContributionMap": {
              "java": {
                "insertions": 3,
                "deletions": 41
              }
            }
          },
          {
            "hash": "a28fe8f2c332fa48af639c4a65f67d36c0b4868e",
            "messageTitle": "Improve coding standard for test files",
            "messageBody": "",
            "fileTypesAndContributionMap": {
              "java": {
                "insertions": 12,
                "deletions": 7
              }
            }
          },
          {
            "hash": "12ba619fcfd02c4f7f4d515f699630d43eecc234",
            "messageTitle": "Modify code to create new file if no file exists",
            "messageBody": "",
            "fileTypesAndContributionMap": {
              "java": {
                "insertions": 13,
                "deletions": 7
              }
            }
          },
          {
            "hash": "053161539b4a38a38c44077b8a2abeceac21c88e",
            "messageTitle": "Add vararg usage to find command",
            "messageBody": "",
            "tags": [
              "A-Varargs"
            ],
            "fileTypesAndContributionMap": {
              "java": {
                "insertions": 16,
                "deletions": 13
              }
            }
          }
        ]
      },
      {
        "date": "2020-09-05",
        "commitResults": [
          {
            "hash": "5a18c51f7dd691eac3658362a05e3ea72cc271a3",
            "messageTitle": "Refactor based on PR reviews",
            "messageBody": "",
            "fileTypesAndContributionMap": {
              "txt": {
                "insertions": 1,
                "deletions": 3
              },
              "java": {
                "insertions": 51,
                "deletions": 31
              }
            }
          },
          {
            "hash": "e62bb98652236542547a0f706384bc388442c26e",
            "messageTitle": "Resolve issue of dialog box omitting long text",
            "messageBody": "",
            "fileTypesAndContributionMap": {
              "fxml": {
                "insertions": 1,
                "deletions": 1
              }
            }
          },
          {
            "hash": "5d16208b916be9bf5b5fb402da913fc9f6bf10b5",
            "messageTitle": "Add assertion statements to duke",
            "messageBody": "",
            "fileTypesAndContributionMap": {
              "java": {
                "insertions": 2,
                "deletions": 0
              }
            }
          },
          {
            "hash": "010274fb59b3c51eac8b9830c4c24bef2619d26d",
            "messageTitle": "Refactor to improve code quality",
            "messageBody": "",
            "fileTypesAndContributionMap": {
              "java": {
                "insertions": 77,
                "deletions": 49
              }
            }
          },
          {
            "hash": "0b98980e69df2b585fc42e8cd38afa7b85cd4313",
            "messageTitle": "Refactor by adding exception classes",
            "messageBody": "",
            "fileTypesAndContributionMap": {
              "java": {
                "insertions": 160,
                "deletions": 21
              }
            }
          },
          {
            "hash": "3d0d4e2a68e0ed58d374e98a8bf70796097b7e30",
            "messageTitle": "Remove unnecessary code",
            "messageBody": "",
            "fileTypesAndContributionMap": {
              "java": {
                "insertions": 0,
                "deletions": 42
              }
            }
          },
          {
            "hash": "2c377c3e5d619cd1e0bdf1d465d8b397aa55cfc6",
            "messageTitle": "Add streams and lambdas",
            "messageBody": "",
            "fileTypesAndContributionMap": {
              "txt": {
                "insertions": 2,
                "deletions": 0
              },
              "java": {
                "insertions": 17,
                "deletions": 15
              }
            }
          }
        ]
      }
    ]
  },
  "authorFileTypeContributionMap": {
    "nicholasyeo": {
      "java": 1610,
      "md": 0,
      "fxml": 35,
      "sh": 0,
      "bat": 6,
      "gradle": 17,
      "txt": 15
    }
  },
  "authorContributionVariance": {
    "nicholasyeo": 86893.8
  },
  "authorDisplayNameMap": {
    "nicholasyeo": "CS2103T-T09-2 NICH..LENG"
  }
}
