{
  "authorDailyContributionsMap": {
    "jh123x": [
      {
        "date": "2020-08-15",
        "commitResults": [
          {
            "hash": "fe9f5006b03f38bd024ca5a9c0fb1690bd85d77a",
            "messageTitle": "Updated Task.java",
            "messageBody": "Change log:\n1. Added Completed boolean\n2. Added isDone, markDone, markUnDone and getStatusIcon methods\n",
            "tags": [
              "A-Classes"
            ],
            "fileTypesAndContributionMap": {
              "java": {
                "insertions": 21,
                "deletions": 3
              }
            }
          },
          {
            "hash": "becaafe91a6001321711cef1a48488c7a50b30e5",
            "messageTitle": "Update TaskList.java",
            "messageBody": "Change log:\n1. Added size method\n2. Added markDone method\n",
            "fileTypesAndContributionMap": {
              "java": {
                "insertions": 26,
                "deletions": 1
              }
            }
          },
          {
            "hash": "3f6c1123286cf24e16f22b1f96fb1a1e89ce37d2",
            "messageTitle": "Added Task completion to duke",
            "messageBody": "Change log:\n1. Added Checks for the command\n",
            "tags": [
              "Level-3"
            ],
            "fileTypesAndContributionMap": {
              "java": {
                "insertions": 50,
                "deletions": 6
              }
            }
          },
          {
            "hash": "af6680364166e0890d449b6b8b43d055430f96c5",
            "messageTitle": "Updated documentation",
            "messageBody": "",
            "fileTypesAndContributionMap": {
              "java": {
                "insertions": 31,
                "deletions": 5
              }
            }
          },
          {
            "hash": "d8426917af010e79c70865113231f34022179b35",
            "messageTitle": "Refactored displayContent function",
            "messageBody": "",
            "fileTypesAndContributionMap": {
              "java": {
                "insertions": 26,
                "deletions": 1
              }
            }
          },
          {
            "hash": "22c19b2a036e5843f130b67b0606e930d71eaef8",
            "messageTitle": "Create Event class",
            "messageBody": "",
            "fileTypesAndContributionMap": {
              "java": {
                "insertions": 27,
                "deletions": 0
              }
            }
          },
          {
            "hash": "8d82d05e7398388c55e2ca95ffe2aee1b9579eb5",
            "messageTitle": "Created TODO class",
            "messageBody": "",
            "fileTypesAndContributionMap": {
              "java": {
                "insertions": 15,
                "deletions": 0
              }
            }
          },
          {
            "hash": "46c95eea24803b4aaa4d8f8589856ce029cb8233",
            "messageTitle": "Revert \"Refactored displayContent function\"",
            "messageBody": "This reverts commit d8426917af010e79c70865113231f34022179b35.\n",
            "fileTypesAndContributionMap": {
              "java": {
                "insertions": 1,
                "deletions": 26
              }
            }
          },
          {
            "hash": "2234a76b708a261b94cac59f9423fdfe9864382a",
            "messageTitle": "Created Deadline class",
            "messageBody": "",
            "fileTypesAndContributionMap": {
              "java": {
                "insertions": 27,
                "deletions": 0
              }
            }
          },
          {
            "hash": "40657d97448a238d33494a04258c191749719d3a",
            "messageTitle": "Added Enums to keep track of States",
            "messageBody": "",
            "fileTypesAndContributionMap": {
              "java": {
                "insertions": 36,
                "deletions": 0
              }
            }
          },
          {
            "hash": "597accac5e967ce60cc919ab67552bd78ea9b436",
            "messageTitle": "Bumped Duke to level 4",
            "messageBody": "Updated Duke to level-4\n",
            "fileTypesAndContributionMap": {
              "java": {
                "insertions": 91,
                "deletions": 44
              }
            }
          }
        ]
      },
      {
        "date": "2020-08-16",
        "commitResults": [
          {
            "hash": "52ba031f7e33fe24b6789ded18acabe76c415795",
            "messageTitle": "Fixed string formatting",
            "messageBody": "",
            "fileTypesAndContributionMap": {
              "java": {
                "insertions": 2,
                "deletions": 2
              }
            }
          },
          {
            "hash": "9eb29889f8236f67b87b889e9886511ed49deb26",
            "messageTitle": "Refactoring",
            "messageBody": "",
            "fileTypesAndContributionMap": {
              "java": {
                "insertions": 1,
                "deletions": 1
              }
            }
          },
          {
            "hash": "5ad3cde76b7ce65621b234defde9b6aa62fb725c",
            "messageTitle": "Bug fixes and renamed to Ultron",
            "messageBody": "",
            "tags": [
              "Level-4"
            ],
            "fileTypesAndContributionMap": {
              "java": {
                "insertions": 32,
                "deletions": 15
              }
            }
          },
          {
            "hash": "929bbc5f2ea8d6c327d3f672a93fedeea24bbae4",
            "messageTitle": "Update runtest.bat to match ultron",
            "messageBody": "",
            "fileTypesAndContributionMap": {
              "bat": {
                "insertions": 5,
                "deletions": 2
              }
            }
          },
          {
            "hash": "f9a7fedc37441870a65f17eb5ffc8105893aadc0",
            "messageTitle": "Updated test cases",
            "messageBody": "",
            "tags": [
              "A-TextUiTesting"
            ],
            "fileTypesAndContributionMap": {
              "txt": {
                "insertions": 10,
                "deletions": 2
              }
            }
          },
          {
            "hash": "2ee6a2ac9482b94d5a247bcd5506afd6a0caafe7",
            "messageTitle": "Shifted parseComamnd to the different Tasks",
            "messageBody": "",
            "fileTypesAndContributionMap": {
              "java": {
                "insertions": 42,
                "deletions": 0
              }
            }
          },
          {
            "hash": "40f6c493b61c6fe6761e139ca738e0366a1be397",
            "messageTitle": "Refactored States",
            "messageBody": "",
            "fileTypesAndContributionMap": {
              "java": {
                "insertions": 3,
                "deletions": 15
              }
            }
          },
          {
            "hash": "8c2a606a69f47b9f2f4ac368ff40af6ecbe82ab8",
            "messageTitle": "Added Exceptions",
            "messageBody": "",
            "fileTypesAndContributionMap": {
              "java": {
                "insertions": 41,
                "deletions": 51
              }
            }
          },
          {
            "hash": "2b0f6c08417ae6240cf4a9a339f7c80b1aa4c648",
            "messageTitle": "Updated help message",
            "messageBody": "",
            "fileTypesAndContributionMap": {
              "java": {
                "insertions": 5,
                "deletions": 3
              }
            }
          },
          {
            "hash": "7353f3e515b33bebd564ffa6e218baad98a7a001",
            "messageTitle": "Checked Error in converting numbers",
            "messageBody": "",
            "fileTypesAndContributionMap": {
              "java": {
                "insertions": 17,
                "deletions": 4
              }
            }
          },
          {
            "hash": "afa3f7ebf6aa1e81851e64265c53b1c0d652de8e",
            "messageTitle": "Fixed more bugs in Ultron",
            "messageBody": "",
            "fileTypesAndContributionMap": {
              "java": {
                "insertions": 21,
                "deletions": 3
              }
            }
          },
          {
            "hash": "c165399466b3c09f2f0be2da69bb9ddee5e15ba9",
            "messageTitle": "Changed input and expected output",
            "messageBody": "",
            "tags": [
              "Level-5",
              "A-Exceptions"
            ],
            "fileTypesAndContributionMap": {
              "txt": {
                "insertions": 4,
                "deletions": 0
              }
            }
          }
        ]
      },
      {
        "date": "2020-08-17",
        "commitResults": [
          {
            "hash": "9391d01ffbbccb8292c1fbbbc089acccd43f9d24",
            "messageTitle": "Added method to remove class",
            "messageBody": "",
            "fileTypesAndContributionMap": {
              "java": {
                "insertions": 17,
                "deletions": 0
              }
            }
          },
          {
            "hash": "fc7ccbc5361db94540d29075fc16a7e37eba2c0a",
            "messageTitle": "Add the delete method and refactoring",
            "messageBody": "",
            "fileTypesAndContributionMap": {
              "java": {
                "insertions": 32,
                "deletions": 12
              }
            }
          },
          {
            "hash": "eb09276a151eed0b9bb1b858198ff7ac635228fb",
            "messageTitle": "Bug fixes",
            "messageBody": "",
            "tags": [
              "Level-6",
              "A-Enums",
              "A-Collections"
            ],
            "fileTypesAndContributionMap": {
              "java": {
                "insertions": 9,
                "deletions": 6
              }
            }
          }
        ]
      },
      {
        "date": "2020-08-19",
        "commitResults": [
          {
            "hash": "1b4545c18ff4fd6f75a933efc42980dc8184696c",
            "messageTitle": "Renamed States.java to Command.java",
            "messageBody": "",
            "fileTypesAndContributionMap": {
              "java": {
                "insertions": 5,
                "deletions": 5
              }
            }
          },
          {
            "hash": "e95dc0e383cc16311517cbe1ab6c2424800be8d8",
            "messageTitle": "Removed unused method getList in taskList",
            "messageBody": "",
            "fileTypesAndContributionMap": {
              "java": {
                "insertions": 0,
                "deletions": 5
              }
            }
          },
          {
            "hash": "f1f95504530593b52ec1af8e9227faac88867c68",
            "messageTitle": "Renamed variables and set patterns to final",
            "messageBody": "",
            "fileTypesAndContributionMap": {
              "java": {
                "insertions": 10,
                "deletions": 10
              }
            }
          },
          {
            "hash": "56d5100d7497b2d48e98189681a8ba9c615acf0f",
            "messageTitle": "Set list to final",
            "messageBody": "",
            "fileTypesAndContributionMap": {
              "java": {
                "insertions": 1,
                "deletions": 1
              }
            }
          },
          {
            "hash": "8e508baed69dc0866eddc7985ffe9bbf878339b4",
            "messageTitle": "Change task to abstract class",
            "messageBody": "",
            "fileTypesAndContributionMap": {
              "java": {
                "insertions": 1,
                "deletions": 1
              }
            }
          },
          {
            "hash": "4c483eb58dbc8aae5f17f5fb97bb50a4db5d96ec",
            "messageTitle": "Added an enum class for holding exception types",
            "messageBody": "",
            "fileTypesAndContributionMap": {
              "java": {
                "insertions": 28,
                "deletions": 0
              }
            }
          },
          {
            "hash": "3586b118028d3dc9be3e7d94f4aff626224c50fd",
            "messageTitle": "Updated UltronException to match it",
            "messageBody": "",
            "fileTypesAndContributionMap": {
              "java": {
                "insertions": 10,
                "deletions": 2
              }
            }
          },
          {
            "hash": "6df1a68bf9568f5a846565cb5ffc505e607ac928",
            "messageTitle": "Updated ultron class to match the changes",
            "messageBody": "",
            "fileTypesAndContributionMap": {
              "java": {
                "insertions": 51,
                "deletions": 50
              }
            }
          }
        ]
      },
      {
        "date": "2020-08-20",
        "commitResults": [
          {
            "hash": "1aef01dd747919eb0a7e3545fddcb4f7c2082d46",
            "messageTitle": "Changed unchanged variables to final",
            "messageBody": "",
            "fileTypesAndContributionMap": {
              "java": {
                "insertions": 4,
                "deletions": 4
              }
            }
          },
          {
            "hash": "4ee511cb204815bbab464af636f2b91a776236fa",
            "messageTitle": "Refactoring of methods",
            "messageBody": "",
            "fileTypesAndContributionMap": {
              "java": {
                "insertions": 2,
                "deletions": 2
              }
            }
          },
          {
            "hash": "820a1a6ca250d51e22a001fb75fd1cd930d66f87",
            "messageTitle": "Refactoring of methods",
            "messageBody": "",
            "fileTypesAndContributionMap": {
              "java": {
                "insertions": 4,
                "deletions": 4
              }
            }
          },
          {
            "hash": "304a7ed4350d022fbf09b2cdae5771634076f797",
            "messageTitle": "Added an IOException to the Exception type",
            "messageBody": "",
            "fileTypesAndContributionMap": {
              "java": {
                "insertions": 2,
                "deletions": 1
              }
            }
          },
          {
            "hash": "4142531c5fb471aed3dcf428457fb2294915143d",
            "messageTitle": "Abstracted UI class out",
            "messageBody": "",
            "fileTypesAndContributionMap": {
              "java": {
                "insertions": 135,
                "deletions": 118
              }
            }
          },
          {
            "hash": "08e60d1d259df37b0bf761d074fe0a5ed020202d",
            "messageTitle": "Fixed CheckStyles",
            "messageBody": "",
            "fileTypesAndContributionMap": {
              "java": {
                "insertions": 58,
                "deletions": 47
              }
            }
          }
        ]
      },
      {
        "date": "2020-08-21",
        "commitResults": [
          {
            "hash": "0873795088ce1dd006898021866e78585eb7fbea",
            "messageTitle": "Add getType method",
            "messageBody": "",
            "fileTypesAndContributionMap": {
              "java": {
                "insertions": 17,
                "deletions": 0
              }
            }
          },
          {
            "hash": "46dd66b17dbbb787554e5d574f9b0ba75830ebde",
            "messageTitle": "Add new Tasklist constructor",
            "messageBody": "",
            "fileTypesAndContributionMap": {
              "java": {
                "insertions": 7,
                "deletions": 1
              }
            }
          },
          {
            "hash": "141b58e11a94a442b71baa945194e64962f2f488",
            "messageTitle": "Add getList method",
            "messageBody": "",
            "fileTypesAndContributionMap": {
              "java": {
                "insertions": 4,
                "deletions": 0
              }
            }
          },
          {
            "hash": "83fabe189273ce3983173ff1a8902cdd19b6ae59",
            "messageTitle": "Add getCommand to Tasks",
            "messageBody": "",
            "fileTypesAndContributionMap": {
              "java": {
                "insertions": 16,
                "deletions": 0
              }
            }
          },
          {
            "hash": "3296a56a4f9c1ad6ed713b26fe6e23d7a1517a30",
            "messageTitle": "Add Storage to Ultron",
            "messageBody": "",
            "fileTypesAndContributionMap": {
              "java": {
                "insertions": 132,
                "deletions": 4
              }
            }
          },
          {
            "hash": "3809126123ee9bb0a003bf0187f6895c057b7a0b",
            "messageTitle": "Add Path creation when file is not found",
            "messageBody": "",
            "fileTypesAndContributionMap": {
              "java": {
                "insertions": 12,
                "deletions": 0
              }
            }
          },
          {
            "hash": "48427b3236af3bce741b2bd8ffe7de6e629e3f50",
            "messageTitle": "Add DIRECTORY_NOT_CREATED exception type",
            "messageBody": "",
            "fileTypesAndContributionMap": {
              "java": {
                "insertions": 2,
                "deletions": 1
              }
            }
          },
          {
            "hash": "6366d0cde45ddd9ce3f4d8062d2b3b334a935fdf",
            "messageTitle": "Changed path where data is stored",
            "messageBody": "",
            "tags": [
              "Level-7"
            ],
            "fileTypesAndContributionMap": {
              "java": {
                "insertions": 1,
                "deletions": 1
              }
            }
          }
        ]
      },
      {
        "date": "2020-08-23",
        "commitResults": [
          {
            "hash": "ba19a2e315cc42df9f331414c960f86b888aee14",
            "messageTitle": "Add Datetime parsing",
            "messageBody": "Add time parsing for date and time within overloaded constructors.\n\nAdding the code for parsing date will allow for functionalities related to the date\n",
            "tags": [
              "Level-8"
            ],
            "fileTypesAndContributionMap": {
              "java": {
                "insertions": 83,
                "deletions": 12
              }
            }
          },
          {
            "hash": "3cb88e6d65af5600155179ca9c6be9bb4e737979",
            "messageTitle": "Bug fix for path creation",
            "messageBody": "Bug fix for path creation\n\nCorrected the path creation so that text can be saved correctly\n",
            "fileTypesAndContributionMap": {
              "java": {
                "insertions": 2,
                "deletions": 2
              }
            }
          },
          {
            "hash": "91d36c40af9c9a4cc6847c9ffb64edd468896428",
            "messageTitle": "Clean up Ultron",
            "messageBody": "Clean up code from Ultron\n\nRemoved unused code from ultron to make the file smaller and more readable\n",
            "fileTypesAndContributionMap": {
              "java": {
                "insertions": 12,
                "deletions": 44
              }
            }
          },
          {
            "hash": "be8d93d63570ccde40adc0eb1fddc24c50845574",
            "messageTitle": "Change some arguments to final",
            "messageBody": "Change some arguments to final\n\nThis is to prevent unnecessary changes inside of the code.\n",
            "fileTypesAndContributionMap": {
              "java": {
                "insertions": 3,
                "deletions": 3
              }
            }
          },
          {
            "hash": "c094ccb862636ac381e3592b2de9449562788722",
            "messageTitle": "Improve Syntax",
            "messageBody": "Improve Syntax of Storage.java\n",
            "fileTypesAndContributionMap": {
              "java": {
                "insertions": 1,
                "deletions": 1
              }
            }
          }
        ]
      },
      {
        "date": "2020-08-24",
        "commitResults": [
          {
            "hash": "edfabef43cc48c62748083917db624b937fc63d4",
            "messageTitle": "Reformat code",
            "messageBody": "Reformat code\n\nRemoved functions which might not be used and fixed indentations\n",
            "fileTypesAndContributionMap": {
              "java": {
                "insertions": 1,
                "deletions": 12
              }
            }
          },
          {
            "hash": "f88fdb5f339d7de1901f5e8433406e4b6ef24541",
            "messageTitle": "Rename Command to TaskCommand",
            "messageBody": "Rename Command to TaskCommand\n\nThis is to make room for a new class Command which helps abstract the commands away from any single class\n",
            "fileTypesAndContributionMap": {
              "java": {
                "insertions": 29,
                "deletions": 5
              }
            }
          },
          {
            "hash": "b1f5961355aabfceab25da71e524819379320907",
            "messageTitle": "Add ExceptionType TOO_MUCH_ARGUMENTS",
            "messageBody": "Add a new exception type TOO_MUCH_ARGUMENTS\n\nThis is to be able to catch show errors for a different type of exception\n",
            "fileTypesAndContributionMap": {
              "java": {
                "insertions": 1,
                "deletions": 0
              }
            }
          },
          {
            "hash": "9ec9fddacf51ac981bc2f6c5fcefcd127ba8c0ff",
            "messageTitle": "Create abstract class Command",
            "messageBody": "Create abstract class Command\n\nCreate abstract class Command to store different commands\n",
            "fileTypesAndContributionMap": {
              "java": {
                "insertions": 12,
                "deletions": 15
              }
            }
          },
          {
            "hash": "abc569ea2977563371e398bbac88179c900f7df7",
            "messageTitle": "Create ByeCommand.java",
            "messageBody": "",
            "fileTypesAndContributionMap": {
              "java": {
                "insertions": 19,
                "deletions": 0
              }
            }
          },
          {
            "hash": "e2d8178a6176ad917c197f7343ef5f605e860c81",
            "messageTitle": "Create DeleteCommand.java",
            "messageBody": "",
            "fileTypesAndContributionMap": {
              "java": {
                "insertions": 36,
                "deletions": 0
              }
            }
          },
          {
            "hash": "4e0d13de9c7033145e6f23dbd6a3921201d463ff",
            "messageTitle": "Create DoneCommand.java",
            "messageBody": "",
            "fileTypesAndContributionMap": {
              "java": {
                "insertions": 29,
                "deletions": 0
              }
            }
          },
          {
            "hash": "22173959952bb111ca8dcb87b90a1c745a1d6f01",
            "messageTitle": "Create HelpCommand.java",
            "messageBody": "",
            "fileTypesAndContributionMap": {
              "java": {
                "insertions": 23,
                "deletions": 0
              }
            }
          },
          {
            "hash": "20a9e8bc9f1668fe272eb8a7af084563a36bd7c5",
            "messageTitle": "Create ListCommand.java",
            "messageBody": "",
            "fileTypesAndContributionMap": {
              "java": {
                "insertions": 40,
                "deletions": 0
              }
            }
          },
          {
            "hash": "a79890e02ee82ba9ea529f4dc076c0ebf6b673da",
            "messageTitle": "Create Parser class",
            "messageBody": "Create Parser class\n\nThis is to abstract the methods needed for parser\n",
            "fileTypesAndContributionMap": {
              "java": {
                "insertions": 76,
                "deletions": 0
              }
            }
          },
          {
            "hash": "57e09ae99fd2707c8eda4ace2c9a07b1598a39ee",
            "messageTitle": "Create TaskAllocator.java",
            "messageBody": "Create TaskAllocator class\n\nTo ensure efficient allocation of tasks which are to be tracked\n",
            "fileTypesAndContributionMap": {
              "java": {
                "insertions": 56,
                "deletions": 0
              }
            }
          },
          {
            "hash": "68d473055f70adb06d07d135312dc2d63aa9ce6f",
            "messageTitle": "Change wrapper to showError",
            "messageBody": "Change wrapper to showError\n\nA better name to explain what the code does.\n",
            "fileTypesAndContributionMap": {
              "java": {
                "insertions": 3,
                "deletions": 14
              }
            }
          },
          {
            "hash": "714213eca19b0b37f4fb857ed911c72daa2e770f",
            "messageTitle": "Update Ultron to match the code",
            "messageBody": "Update Ultron to match the code\n\nCleaned up Ultron to match the rest of the items\n",
            "fileTypesAndContributionMap": {
              "java": {
                "insertions": 18,
                "deletions": 189
              }
            }
          },
          {
            "hash": "e1bdeab93639025a34d02dd9b4377995d999fb82",
            "messageTitle": "Bug fix for data not loading correctly",
            "messageBody": "Bug fix for data not loading correctly\n\nChanged the way the data is loaded to fix the bug of data not loading correctly\n",
            "fileTypesAndContributionMap": {
              "java": {
                "insertions": 3,
                "deletions": 2
              }
            }
          },
          {
            "hash": "c9f83f9c122caf8c5599e3d1753f98eee322e143",
            "messageTitle": "Clean up code",
            "messageBody": "Clean up code\n\nClean up code within Ultron by removing imports which are not needed\n",
            "tags": [
              "A-MoreOOP"
            ],
            "fileTypesAndContributionMap": {
              "java": {
                "insertions": 1,
                "deletions": 3
              }
            }
          },
          {
            "hash": "f0cb06be3b5f8d6f7900ff06c9e1639430836b83",
            "messageTitle": "Divide class into packages",
            "messageBody": "Divide class into packages\n\nThis is to allow for others and I to find the relavant code more easily\n",
            "tags": [
              "A-Packages"
            ],
            "fileTypesAndContributionMap": {
              "java": {
                "insertions": 134,
                "deletions": 47
              },
              "bat": {
                "insertions": 3,
                "deletions": 2
              }
            }
          },
          {
            "hash": "b252cfc6209379c083ca486351ab35ab5d4524d8",
            "messageTitle": "Create ParserTest",
            "messageBody": "Create ParserTest\n\nThis is to facilitate unit testing for the Parser Class\n",
            "fileTypesAndContributionMap": {
              "java": {
                "insertions": 86,
                "deletions": 0
              }
            }
          },
          {
            "hash": "add536b6b1fb6e7b511a5f4c5bb8108517c63176",
            "messageTitle": "Add print method",
            "messageBody": "Add print method\n\nThis is to faciliatate refactoring\n",
            "fileTypesAndContributionMap": {
              "java": {
                "insertions": 4,
                "deletions": 0
              }
            }
          },
          {
            "hash": "5d8a684e2dbcc95b664bd5b8287fcae222bc70eb",
            "messageTitle": "Removed unused methods",
            "messageBody": "",
            "fileTypesAndContributionMap": {
              "java": {
                "insertions": 0,
                "deletions": 9
              }
            }
          },
          {
            "hash": "9a8e7c28628216fe45ec282798c2168903a176ba",
            "messageTitle": "Refactor Code",
            "messageBody": "Refactor code\n\nTo reduce code size and improve abstraction\n",
            "fileTypesAndContributionMap": {
              "java": {
                "insertions": 12,
                "deletions": 14
              }
            }
          },
          {
            "hash": "b988ecb704848ec9590bfc4b2b938643779b504e",
            "messageTitle": "Add DeadLineTest",
            "messageBody": "Add DeadLineTest\n\nUnit test for Deadline class methods\n",
            "tags": [
              "A-JUnit"
            ],
            "fileTypesAndContributionMap": {
              "java": {
                "insertions": 43,
                "deletions": 0
              }
            }
          },
          {
            "hash": "5be22e880411381c88a0bf2b2b12655269266f4b",
            "messageTitle": "Fix formatting error",
            "messageBody": "",
            "fileTypesAndContributionMap": {
              "java": {
                "insertions": 1,
                "deletions": 1
              }
            }
          },
          {
            "hash": "39ef5a4f2db3840a82cf3ed062baec3365e751ad",
            "messageTitle": "Bug fix where done incorrectly shown",
            "messageBody": "Bug fix where done incorrectly shown.\n\nChanged the format of the writer\n",
            "fileTypesAndContributionMap": {
              "java": {
                "insertions": 12,
                "deletions": 5
              }
            }
          },
          {
            "hash": "550098fc664d920b4634d9d7a55327b267ad30ea",
            "messageTitle": "Change symbol for taskDone",
            "messageBody": "",
            "tags": [
              "A-Jar"
            ],
            "fileTypesAndContributionMap": {
              "java": {
                "insertions": 2,
                "deletions": 3
              }
            }
          }
        ]
      },
      {
        "date": "2020-08-25",
        "commitResults": [
          {
            "hash": "52a4c598fd75e158b73cd6c0454197c89696b557",
            "messageTitle": "Update coding standard",
            "messageBody": "",
            "tags": [
              "A-CodingStandard"
            ],
            "fileTypesAndContributionMap": {
              "java": {
                "insertions": 305,
                "deletions": 269
              },
              "bat": {
                "insertions": 1,
                "deletions": 1
              }
            }
          },
          {
            "hash": "373df1bdaa4c8461893af56c85ae56711c2981b9",
            "messageTitle": "Renamed Package",
            "messageBody": "",
            "fileTypesAndContributionMap": {
              "java": {
                "insertions": 95,
                "deletions": 97
              }
            }
          },
          {
            "hash": "c3575f1ffa5415b4b1d21697a2f8fd27378f071d",
            "messageTitle": "Update JavaDocs for classes",
            "messageBody": "",
            "fileTypesAndContributionMap": {
              "java": {
                "insertions": 453,
                "deletions": 31
              }
            }
          },
          {
            "hash": "f7f9ba9c362cf286b794cbb43875f5d63a002ab5",
            "messageTitle": "Add Find command",
            "messageBody": "",
            "tags": [
              "Level-9"
            ],
            "fileTypesAndContributionMap": {
              "java": {
                "insertions": 40,
                "deletions": 0
              }
            }
          },
          {
            "hash": "4967d74f04162b10b2d039740ba27126ebb9c5f8",
            "messageTitle": "Update text-ui-test",
            "messageBody": "",
            "fileTypesAndContributionMap": {
              "txt": {
                "insertions": 1,
                "deletions": 0
              }
            }
          }
        ]
      },
      {
        "date": "2020-08-29",
        "commitResults": [
          {
            "hash": "0e32362d2ec41f58f4d2bc64b916c71078d5c287",
            "messageTitle": "Update JavaDocs",
            "messageBody": "",
            "fileTypesAndContributionMap": {
              "java": {
                "insertions": 273,
                "deletions": 176
              }
            }
          },
          {
            "hash": "4ff8765373a601b8351a95a3e61f70f72937c76b",
            "messageTitle": "Bugfix for delete 1",
            "messageBody": "",
            "fileTypesAndContributionMap": {
              "java": {
                "insertions": 2,
                "deletions": 2
              }
            }
          },
          {
            "hash": "a527e1ea346fb965746dc7dec0d26a310390852d",
            "messageTitle": "Reduce code length",
            "messageBody": "",
            "fileTypesAndContributionMap": {
              "java": {
                "insertions": 3,
                "deletions": 7
              }
            }
          },
          {
            "hash": "7b79a0dddd1803368a3d812cbddf9709d2a066cc",
            "messageTitle": "Update JavaDocs",
            "messageBody": "",
            "fileTypesAndContributionMap": {
              "java": {
                "insertions": 2,
                "deletions": 2
              }
            }
          },
          {
            "hash": "70512d9f5a821ec79327b3a13d7d0abe592dc5b8",
            "messageTitle": "Update build.gradle to match Ultron",
            "messageBody": "",
            "tags": [
              "A-CheckStyle"
            ],
            "fileTypesAndContributionMap": {
              "gradle": {
                "insertions": 3,
                "deletions": 3
              }
            }
          },
          {
            "hash": "1256410f680fd82bffda010fedc63f5ff6266d1b",
            "messageTitle": "Fix Checkstyle Issues",
            "messageBody": "",
            "fileTypesAndContributionMap": {
              "java": {
                "insertions": 39,
                "deletions": 37
              }
            }
          },
          {
            "hash": "3f84228259a122f76a99609814072bca4164bfbe",
            "messageTitle": "Update CheckStyle",
            "messageBody": "",
            "fileTypesAndContributionMap": {
              "java": {
                "insertions": 5,
                "deletions": 2
              }
            }
          },
          {
            "hash": "87377721c22fb2334c24148087d3e375c9e1c8a3",
            "messageTitle": "Update CheckStyle",
            "messageBody": "",
            "fileTypesAndContributionMap": {
              "java": {
                "insertions": 31,
                "deletions": 1
              }
            }
          },
          {
            "hash": "41197abdedc99b0528d43434e11cd80aad18f81f",
            "messageTitle": "Add JavaFX dependency",
            "messageBody": "",
            "fileTypesAndContributionMap": {
              "gradle": {
                "insertions": 16,
                "deletions": 0
              }
            }
          }
        ]
      },
      {
        "date": "2020-08-30",
        "commitResults": [
          {
            "hash": "7fdce461aa481beb86af9a1b95619308d6a69fce",
            "messageTitle": "Add Images",
            "messageBody": "Add images to be used for GUI later\n",
            "fileTypesAndContributionMap": {
              "java": {
                "insertions": 45,
                "deletions": 35
              }
            }
          },
          {
            "hash": "28bc9e5d4edc924ec92dd9d424257955281de826",
            "messageTitle": "Update DeadlineTest",
            "messageBody": "",
            "fileTypesAndContributionMap": {
              "java": {
                "insertions": 0,
                "deletions": 12
              }
            }
          },
          {
            "hash": "979c128cc0beac2e08ec4bc6095ba10a8329c3bb",
            "messageTitle": "Update build.gradle",
            "messageBody": "",
            "fileTypesAndContributionMap": {
              "gradle": {
                "insertions": 9,
                "deletions": 6
              }
            }
          },
          {
            "hash": "88454a4ab815f7ea443d4d2f783da86fd28855e8",
            "messageTitle": "Update Messages for ExceptionType",
            "messageBody": "Update Messages for ExceptionType\n\nThis is to make it more in line with the Ultron Theme\n",
            "fileTypesAndContributionMap": {
              "java": {
                "insertions": 6,
                "deletions": 6
              }
            }
          },
          {
            "hash": "d44328e00fede48c1ce4efc3a1a51736436c9e10",
            "messageTitle": "Add GUI to Ultron",
            "messageBody": "",
            "tags": [
              "Level-10"
            ],
            "fileTypesAndContributionMap": {
              "fxml": {
                "insertions": 48,
                "deletions": 0
              },
              "java": {
                "insertions": 266,
                "deletions": 55
              }
            }
          },
          {
            "hash": "f1d090f8fbd433925117d8f8dc4610a27ac6a86e",
            "messageTitle": "Update CheckStyle",
            "messageBody": "",
            "fileTypesAndContributionMap": {
              "fxml": {
                "insertions": 19,
                "deletions": 12
              },
              "java": {
                "insertions": 7,
                "deletions": 7
              }
            }
          },
          {
            "hash": "74980a6b332b4f441cf2d814fed1e73468d0e43f",
            "messageTitle": "Refactor UI to ui folder",
            "messageBody": "Refactor UI to ui folder\n\nThis is to make the code more readable and easier to find.\n",
            "fileTypesAndContributionMap": {
              "java": {
                "insertions": 10,
                "deletions": 10
              }
            }
          }
        ]
      },
      {
        "date": "2020-08-31",
        "commitResults": [
          {
            "hash": "2505493aa59d5c516c30975411d8c7546cf7ccfc",
            "messageTitle": "Update FindCommand.java",
            "messageBody": "",
            "fileTypesAndContributionMap": {
              "java": {
                "insertions": 7,
                "deletions": 2
              }
            }
          },
          {
            "hash": "385293594308545acd865f99a75fed87b9fb7a15",
            "messageTitle": "Add Unit test for Bye command",
            "messageBody": "",
            "fileTypesAndContributionMap": {
              "java": {
                "insertions": 14,
                "deletions": 0
              }
            }
          },
          {
            "hash": "35f4963e716414408eb07540229bbf6a02daeaea",
            "messageTitle": "Add Unit test for DeleteCommand",
            "messageBody": "",
            "fileTypesAndContributionMap": {
              "java": {
                "insertions": 99,
                "deletions": 0
              }
            }
          },
          {
            "hash": "5854e5bea1ed1a6b43797866bcb06e2117b8a8b1",
            "messageTitle": "Add Unit test for DoneCommands",
            "messageBody": "",
            "fileTypesAndContributionMap": {
              "java": {
                "insertions": 40,
                "deletions": 0
              }
            }
          },
          {
            "hash": "da6eafa963c2053937e45120d1a9be5531c071e2",
            "messageTitle": "Bugfix for Find command",
            "messageBody": "",
            "fileTypesAndContributionMap": {
              "java": {
                "insertions": 2,
                "deletions": 4
              }
            }
          },
          {
            "hash": "7f41bb8b695b52997c4867db290873e6e23b9be2",
            "messageTitle": "Add Unit test for Find Command",
            "messageBody": "",
            "fileTypesAndContributionMap": {
              "java": {
                "insertions": 107,
                "deletions": 0
              }
            }
          },
          {
            "hash": "3b9435154b841adc7cad90ce4862fdc9089a173b",
            "messageTitle": "Update JavaDocs for FindCommandTest",
            "messageBody": "",
            "fileTypesAndContributionMap": {
              "java": {
                "insertions": 3,
                "deletions": 3
              }
            }
          },
          {
            "hash": "b3d89cd3945f04a565ea7e2c16fc93382769264e",
            "messageTitle": "Add Unit test for Help command",
            "messageBody": "",
            "fileTypesAndContributionMap": {
              "java": {
                "insertions": 67,
                "deletions": 0
              }
            }
          },
          {
            "hash": "7e0fc8abe7a039dd24e4a431cf9fc85fe3364cb9",
            "messageTitle": "Added Unit test for ListCommand",
            "messageBody": "",
            "fileTypesAndContributionMap": {
              "java": {
                "insertions": 88,
                "deletions": 0
              }
            }
          },
          {
            "hash": "6c120fa4bc2f6c1d476bee5258edba18ca104fd0",
            "messageTitle": "Update ByeCommand.java",
            "messageBody": "",
            "fileTypesAndContributionMap": {
              "java": {
                "insertions": 0,
                "deletions": 4
              }
            }
          },
          {
            "hash": "04b6fd24d2f39eba41400ff99017dc13700250fa",
            "messageTitle": "Change way to close application",
            "messageBody": "",
            "fileTypesAndContributionMap": {
              "java": {
                "insertions": 13,
                "deletions": 0
              }
            }
          },
          {
            "hash": "054cdfe6b0ad9848819ca879922aca41f6017dc9",
            "messageTitle": "Update implementation of getResponse",
            "messageBody": "",
            "fileTypesAndContributionMap": {
              "java": {
                "insertions": 23,
                "deletions": 17
              }
            }
          },
          {
            "hash": "c5bc2d1ec16d2ff04853443eaa5d7f27001b937e",
            "messageTitle": "Remove Unused methods",
            "messageBody": "",
            "fileTypesAndContributionMap": {
              "java": {
                "insertions": 3,
                "deletions": 85
              }
            }
          },
          {
            "hash": "388926e18cdf3c03116edcaacca882fe17015d84",
            "messageTitle": "Update Unit test for Deadline",
            "messageBody": "",
            "fileTypesAndContributionMap": {
              "java": {
                "insertions": 11,
                "deletions": 0
              }
            }
          },
          {
            "hash": "e37ccf4cb963040320ed519b7649ab04e36dee58",
            "messageTitle": "Added Unit test for Event",
            "messageBody": "",
            "fileTypesAndContributionMap": {
              "java": {
                "insertions": 43,
                "deletions": 0
              }
            }
          },
          {
            "hash": "139a3dfa39cf2b7db171e885e54e9980785ee03b",
            "messageTitle": "Add Unit test for Todo",
            "messageBody": "",
            "fileTypesAndContributionMap": {
              "java": {
                "insertions": 26,
                "deletions": 0
              }
            }
          },
          {
            "hash": "50b6832ff3bb070ece19db1d22bcbea9e091be86",
            "messageTitle": "Fix UI importing",
            "messageBody": "",
            "fileTypesAndContributionMap": {
              "java": {
                "insertions": 5,
                "deletions": 6
              }
            }
          },
          {
            "hash": "701c7812f11ee41d2650763105666f955b7c46d2",
            "messageTitle": "Update JavaDocs",
            "messageBody": "Update JavaDocs for the project\n\nThis is to make sure that the JavaDocs follow the coding style and makes others otherstand what the code is doing.\n",
            "fileTypesAndContributionMap": {
              "java": {
                "insertions": 148,
                "deletions": 161
              }
            }
          }
        ]
      },
      {
        "date": "2020-09-03",
        "commitResults": [
          {
            "hash": "25a1b6ba7406c9ab791d43033bfe150326c2914c",
            "messageTitle": "Update storage to use gson",
            "messageBody": "",
            "fileTypesAndContributionMap": {
              "java": {
                "insertions": 19,
                "deletions": 21
              }
            }
          },
          {
            "hash": "c8aee05a78613df54d384d4f38628421f291cc30",
            "messageTitle": "Updated Image to be used",
            "messageBody": "",
            "fileTypesAndContributionMap": {
              "java": {
                "insertions": 1,
                "deletions": 1
              }
            }
          }
        ]
      },
      {
        "date": "2020-09-06",
        "commitResults": [
          {
            "hash": "1df69cf9932339ab21d79e4c7c073556edd0f6b2",
            "messageTitle": "Update DeleteCommand",
            "messageBody": "Update DeleteCommand\n\nUpdate delete command to use less variables. This will allow the program to take up less space.\n",
            "fileTypesAndContributionMap": {
              "java": {
                "insertions": 2,
                "deletions": 10
              }
            }
          },
          {
            "hash": "3dd980693da5aa4557b3c6329380c27eb66f9f64",
            "messageTitle": "Update Assertions",
            "messageBody": "Update Assertions\n\nUpdate Assertions so that the program can flag it up if there is any critical errors\n",
            "fileTypesAndContributionMap": {
              "java": {
                "insertions": 15,
                "deletions": 19
              }
            }
          },
          {
            "hash": "b3b13791484365a972bfb94c2b408c9190b59c21",
            "messageTitle": "Fix DeleteCommand",
            "messageBody": "Fix DeleteCommand\n\nFix DeleteCommand bug where the number of tasks left is not shown correctly\n",
            "fileTypesAndContributionMap": {
              "java": {
                "insertions": 3,
                "deletions": 2
              }
            }
          },
          {
            "hash": "eb0e17047404d34367a8133ad20dd45be90485f3",
            "messageTitle": "Edit Comments",
            "messageBody": "",
            "fileTypesAndContributionMap": {
              "java": {
                "insertions": 6,
                "deletions": 6
              }
            }
          },
          {
            "hash": "de7d269690837d65204523fc6d608df4ee4e2902",
            "messageTitle": "Revert \"Edit Comments\"",
            "messageBody": "This reverts commit eb0e17047404d34367a8133ad20dd45be90485f3.\n",
            "fileTypesAndContributionMap": {
              "java": {
                "insertions": 6,
                "deletions": 6
              }
            }
          },
          {
            "hash": "695d975bb06adee2c39647d54d75b94f61a0cb7f",
            "messageTitle": "Edit comments",
            "messageBody": "",
            "fileTypesAndContributionMap": {
              "java": {
                "insertions": 0,
                "deletions": 4
              }
            }
          },
          {
            "hash": "1d404249cc6390ffa0c11227fb6ff23a521f7756",
            "messageTitle": "Add ALREADY_DONE exception",
            "messageBody": "",
            "fileTypesAndContributionMap": {
              "java": {
                "insertions": 12,
                "deletions": 1
              }
            }
          },
          {
            "hash": "f4abe1bb7485d6ad541ae72f5b2faa3ee9bfe8ae",
            "messageTitle": "Bugfix for DoneCommand",
            "messageBody": "",
            "fileTypesAndContributionMap": {
              "java": {
                "insertions": 6,
                "deletions": 2
              }
            }
          },
          {
            "hash": "a7f7997c0c5696b46635c8566504cef7b050a632",
            "messageTitle": "Update FindCommand",
            "messageBody": "",
            "fileTypesAndContributionMap": {
              "java": {
                "insertions": 1,
                "deletions": 3
              }
            }
          },
          {
            "hash": "2a252d78fc22628166b525ad396cbd8b938b1431",
            "messageTitle": "Update Application Source",
            "messageBody": "",
            "fileTypesAndContributionMap": {
              "gradle": {
                "insertions": 3,
                "deletions": 4
              }
            }
          },
          {
            "hash": "309a7cc97c66437bf8943c59f689e3679bc12601",
            "messageTitle": "Update Assertions",
            "messageBody": "",
            "tags": [
              "A-Assertions"
            ],
            "fileTypesAndContributionMap": {
              "java": {
                "insertions": 2,
                "deletions": 0
              }
            }
          },
          {
            "hash": "e055d647aa1a6f99eafed12e6c23bea77e241b8c",
            "messageTitle": "Update DoneCommand",
            "messageBody": "",
            "fileTypesAndContributionMap": {
              "java": {
                "insertions": 2,
                "deletions": 4
              }
            }
          },
          {
            "hash": "407cb9db90df23686b6d574bbfb29a1649da88a6",
            "messageTitle": "Removed Redundant methods",
            "messageBody": "",
            "fileTypesAndContributionMap": {
              "java": {
                "insertions": 0,
                "deletions": 24
              }
            }
          },
          {
            "hash": "05d5fe7a3f42d930ad05e3a12679f772bcfc7087",
            "messageTitle": "Remove WhiteSpace",
            "messageBody": "",
            "fileTypesAndContributionMap": {
              "java": {
                "insertions": 0,
                "deletions": 2
              }
            }
          },
          {
            "hash": "0d8689ab88c71b42a8438ab4ca49e1c6863d7e5c",
            "messageTitle": "Remove redundant comments",
            "messageBody": "",
            "fileTypesAndContributionMap": {
              "java": {
                "insertions": 0,
                "deletions": 29
              }
            }
          },
          {
            "hash": "8558eea47160f1baf75077ad0a74e076115b018d",
            "messageTitle": "Remove redundant comments",
            "messageBody": "",
            "fileTypesAndContributionMap": {
              "java": {
                "insertions": 0,
                "deletions": 9
              }
            }
          },
          {
            "hash": "d935b0975231cf7d719134e42a5a3b535c9a763f",
            "messageTitle": "Remove Redundant comments",
            "messageBody": "",
            "fileTypesAndContributionMap": {
              "java": {
                "insertions": 2,
                "deletions": 36
              }
            }
          },
          {
            "hash": "3dcf2a27c6d080384167d834ac1efcd134dcf1ab",
            "messageTitle": "Update Deadline",
            "messageBody": "",
            "fileTypesAndContributionMap": {
              "java": {
                "insertions": 1,
                "deletions": 25
              }
            }
          },
          {
            "hash": "51dbc4b05933c43cc031154c12eb5534853f9281",
            "messageTitle": "Update Event",
            "messageBody": "",
            "fileTypesAndContributionMap": {
              "java": {
                "insertions": 3,
                "deletions": 32
              }
            }
          },
          {
            "hash": "376105daa1e41de642e513e89f13d136b12f34a6",
            "messageTitle": "Remove Redundant Comments",
            "messageBody": "",
            "fileTypesAndContributionMap": {
              "java": {
                "insertions": 3,
                "deletions": 22
              }
            }
          },
          {
            "hash": "c4b691ae51f9215f2cbe6ab5746c9edc8f97ced5",
            "messageTitle": "Remove Redundant Comments",
            "messageBody": "",
            "fileTypesAndContributionMap": {
              "java": {
                "insertions": 0,
                "deletions": 4
              }
            }
          },
          {
            "hash": "0db7d884f6d624d9ec5b2416ec3f8ca271ac0080",
            "messageTitle": "Remove WhiteSpace",
            "messageBody": "",
            "fileTypesAndContributionMap": {
              "java": {
                "insertions": 0,
                "deletions": 1
              }
            }
          },
          {
            "hash": "27c9a2ea77cdbe14f6f230ff6f1397c0f871affe",
            "messageTitle": "Update JavaDocs",
            "messageBody": "",
            "fileTypesAndContributionMap": {
              "java": {
                "insertions": 4,
                "deletions": 1
              }
            }
          },
          {
            "hash": "e19471829d5341de422009b5851ad1e0f717b9e0",
            "messageTitle": "Update JavaDocs",
            "messageBody": "",
            "fileTypesAndContributionMap": {
              "java": {
                "insertions": 10,
                "deletions": 5
              }
            }
          },
          {
            "hash": "04472905f1f0396c6061b3c68232ec1e330e775c",
            "messageTitle": "Remove Scanner",
            "messageBody": "",
            "fileTypesAndContributionMap": {
              "java": {
                "insertions": 0,
                "deletions": 6
              }
            }
          },
          {
            "hash": "4273325379f44bab608f0bf6601456d13d127b55",
            "messageTitle": "Update Assertions",
            "messageBody": "",
            "fileTypesAndContributionMap": {
              "java": {
                "insertions": 2,
                "deletions": 0
              }
            }
          }
        ]
      },
      {
        "date": "2020-09-07",
        "commitResults": [
          {
            "hash": "343b457ec807302c3562d4f85f2812822b1e3da6",
            "messageTitle": "Rename Variable to better names",
            "messageBody": "",
            "fileTypesAndContributionMap": {
              "java": {
                "insertions": 10,
                "deletions": 10
              }
            }
          },
          {
            "hash": "cffa93adef6fff9e4d26c524a1d4378e03568af9",
            "messageTitle": "Changed getArguments to getArgument",
            "messageBody": "",
            "tags": [
              "A-CodeQuality"
            ],
            "fileTypesAndContributionMap": {
              "java": {
                "insertions": 35,
                "deletions": 35
              }
            }
          },
          {
            "hash": "49ba9d12e7526a02998442dc62d9f3e7fd57367a",
            "messageTitle": "Update JavaDocs for TaskCommand",
            "messageBody": "Update JavaDocs for TaskCommand\n\nUse of lambdas present in Enum already\n",
            "tags": [
              "A-Lambdas"
            ],
            "fileTypesAndContributionMap": {
              "java": {
                "insertions": 4,
                "deletions": 10
              }
            }
          },
          {
            "hash": "31448444d2df8e73588e6919989d88efcf77091f",
            "messageTitle": "Update FindCommand to use streams",
            "messageBody": "Update FindCommand to use streams\n",
            "tags": [
              "C-Help",
              "C-BetterSearch",
              "BCD-Extension",
              "A-Streams"
            ],
            "fileTypesAndContributionMap": {
              "java": {
                "insertions": 14,
                "deletions": 8
              }
            }
          }
        ]
      },
      {
        "date": "2020-09-08",
        "commitResults": [
          {
            "hash": "a5b3cc2d2fb625d8d399e7109fd0f5774efe2a4d",
            "messageTitle": "Add CSS for styling fxml",
            "messageBody": "",
            "fileTypesAndContributionMap": {
              "fxml": {
                "insertions": 11,
                "deletions": 3
              }
            }
          },
          {
            "hash": "c1b3af6b11b5ea41ece8f060245971d177039b8f",
            "messageTitle": "Reformat Code",
            "messageBody": "",
            "fileTypesAndContributionMap": {
              "java": {
                "insertions": 3,
                "deletions": 25
              }
            }
          }
        ]
      },
      {
        "date": "2020-09-12",
        "commitResults": [
          {
            "hash": "45d4c4f919a057becadd6984f40db30054edbb1d",
            "messageTitle": "Remove JavaDocs",
            "messageBody": "",
            "fileTypesAndContributionMap": {
              "md": {
                "insertions": 131,
                "deletions": 7
              }
            }
          },
          {
            "hash": "e2466f37252af33bc44e31d6ded1d676d8b9b31d",
            "messageTitle": "Adjust line spacing",
            "messageBody": "",
            "fileTypesAndContributionMap": {
              "java": {
                "insertions": 17,
                "deletions": 22
              }
            }
          },
          {
            "hash": "3baba5275b83a9aca194a75d345fdb15a8ca53bc",
            "messageTitle": "Update help message",
            "messageBody": "Update help message to show find\n",
            "fileTypesAndContributionMap": {
              "java": {
                "insertions": 8,
                "deletions": 6
              }
            }
          },
          {
            "hash": "2aad97c2ab432a29eaa7b2fd384987debd49b0e2",
            "messageTitle": "Update Acknowledgement",
            "messageBody": "",
            "fileTypesAndContributionMap": {
              "java": {
                "insertions": 2,
                "deletions": 1
              }
            }
          },
          {
            "hash": "fa50cf89d2ad45a8cf42457c2846a27718178cb4",
            "messageTitle": "Update Readme",
            "messageBody": "",
            "tags": [
              "A-UserGuide"
            ],
            "fileTypesAndContributionMap": {
              "md": {
                "insertions": 4,
                "deletions": 0
              }
            }
          },
          {
            "hash": "95ca4c66b86962fce64ab8012b1372326b26ce2e",
            "messageTitle": "Update build.gradle",
            "messageBody": "",
            "fileTypesAndContributionMap": {
              "gradle": {
                "insertions": 0,
                "deletions": 1
              }
            }
          }
        ]
      }
    ]
  },
  "authorFileTypeContributionMap": {
    "jh123x": {
      "java": 2163,
      "md": 128,
      "fxml": 63,
      "sh": 0,
      "bat": 6,
      "gradle": 23,
      "txt": 14
    }
  },
  "authorContributionVariance": {
    "jh123x": 112019.836
  },
  "authorDisplayNameMap": {
    "jh123x": "CS2103T-W17-3 WEN ..NHUA"
  }
}
