{
  "authorDailyContributionsMap": {
    "mgiang2015": [
      {
        "date": "2020-08-16",
        "commitResults": [
          {
            "hash": "9fba442bc3d6a06341f14c472b6b50812cde7381",
            "messageTitle": "Change bot name from Duke to HAL9000",
            "messageBody": "",
            "tags": [
              "Change_name"
            ],
            "fileTypesAndContributionMap": {
              "java": {
                "insertions": 9,
                "deletions": 0
              }
            }
          },
          {
            "hash": "8d365a02687fa7d029b0e27194143a667f9f36a2",
            "messageTitle": "Implement functions to help with Hal9000 operations. Specificly get input, generate output and then format output",
            "messageBody": "",
            "tags": [
              "Level-1"
            ],
            "fileTypesAndContributionMap": {
              "java": {
                "insertions": 53,
                "deletions": 9
              }
            }
          },
          {
            "hash": "89e1ee913f92d93c1a49ea41f397a31eaa5957c4",
            "messageTitle": "Implement Level-2. Add function summarize to produce a string with all tasks, fix get_output and hal9000_op",
            "messageBody": "",
            "tags": [
              "Level-2"
            ],
            "fileTypesAndContributionMap": {
              "java": {
                "insertions": 21,
                "deletions": 4
              }
            }
          },
          {
            "hash": "d4d4cbcffa2f308369c6c1e88350b93c6e5e7200",
            "messageTitle": "Implement level 3. Create function mark done, and fix get output",
            "messageBody": "",
            "tags": [
              "Level-3"
            ],
            "fileTypesAndContributionMap": {
              "java": {
                "insertions": 25,
                "deletions": 5
              }
            }
          },
          {
            "hash": "6c31f918e1761d7c8d81eebe08c57c2310c6b5a5",
            "messageTitle": "Allown todo, deadline and event typed tasks",
            "messageBody": "",
            "tags": [
              "A-Enums"
            ],
            "fileTypesAndContributionMap": {
              "java": {
                "insertions": 73,
                "deletions": 17
              }
            }
          },
          {
            "hash": "0c2f8af586257a390040626d27b49e506c7470ab",
            "messageTitle": "Refactor code to smaller files",
            "messageBody": "",
            "tags": [
              "refactor-code"
            ],
            "fileTypesAndContributionMap": {
              "java": {
                "insertions": 121,
                "deletions": 39
              }
            }
          },
          {
            "hash": "616a1bb39ffac0c8bf6d175fe69ff6347fcaf229",
            "messageTitle": "Implement level 4. Create functions to generate strings which will be passed on to be displayed",
            "messageBody": "",
            "tags": [
              "Level-4"
            ],
            "fileTypesAndContributionMap": {
              "java": {
                "insertions": 21,
                "deletions": 19
              }
            }
          }
        ]
      },
      {
        "date": "2020-08-17",
        "commitResults": [
          {
            "hash": "ea1e7f39a241dcc82e162d0a8a576c55ff6233f9",
            "messageTitle": "Automate testing for Duke for A-TextUiTesting",
            "messageBody": "",
            "tags": [
              "A-TextUiTesting"
            ],
            "fileTypesAndContributionMap": {
              "txt": {
                "insertions": 5,
                "deletions": 0
              },
              "sh": {
                "insertions": 4,
                "deletions": 4
              }
            }
          },
          {
            "hash": "37637ab24fda952cc4544bc245b40557d3c306d1",
            "messageTitle": "Create DukeException class",
            "messageBody": "",
            "fileTypesAndContributionMap": {
              "java": {
                "insertions": 5,
                "deletions": 0
              }
            }
          },
          {
            "hash": "fbbf0cf28dac1c447f0738165eab990f4de9833d",
            "messageTitle": "Add comments for implementing DukeException",
            "messageBody": "",
            "fileTypesAndContributionMap": {
              "java": {
                "insertions": 7,
                "deletions": 7
              }
            }
          },
          {
            "hash": "6d6ba6869a74f8380a3815a99b9302cc7bf0338e",
            "messageTitle": "Implement Level-5. Supports all kinds of input and will not exit",
            "messageBody": "",
            "tags": [
              "Level-5"
            ],
            "fileTypesAndContributionMap": {
              "java": {
                "insertions": 38,
                "deletions": 7
              }
            }
          }
        ]
      },
      {
        "date": "2020-08-18",
        "commitResults": [
          {
            "hash": "7d1420c9e0106f5662709c6c6b1de0020e0bd3e6",
            "messageTitle": "Implement deleteTask to allow deleting tasks",
            "messageBody": "",
            "tags": [
              "Level-6"
            ],
            "fileTypesAndContributionMap": {
              "java": {
                "insertions": 11,
                "deletions": 0
              }
            }
          },
          {
            "hash": "da6971e276b4b0ea897032d2766cc5c68dcadb57",
            "messageTitle": "Factor code so that the labels appear in every task toString() method, instead of inside Duke class",
            "messageBody": "",
            "tags": [
              "refactoring"
            ],
            "fileTypesAndContributionMap": {
              "java": {
                "insertions": 16,
                "deletions": 26
              }
            }
          },
          {
            "hash": "39e3bb810eae950e986e181b707c8e5d21543318",
            "messageTitle": "Fix regression bug due to refactoring of code",
            "messageBody": "",
            "tags": [
              "regression-bug"
            ],
            "fileTypesAndContributionMap": {
              "java": {
                "insertions": 2,
                "deletions": 2
              }
            }
          }
        ]
      },
      {
        "date": "2020-08-20",
        "commitResults": [
          {
            "hash": "dcaf737720ade627de656f0bac76061484a1bb0e",
            "messageTitle": "Update DukeException",
            "messageBody": "",
            "fileTypesAndContributionMap": {
              "java": {
                "insertions": 0,
                "deletions": 5
              }
            }
          }
        ]
      },
      {
        "date": "2020-08-27",
        "commitResults": [
          {
            "hash": "f66a3d0ffc673579ab52eb2f78932c42db742c96",
            "messageTitle": "Implement save tasks to hard disk (Level 7)",
            "messageBody": "",
            "fileTypesAndContributionMap": {
              "java": {
                "insertions": 76,
                "deletions": 2
              }
            }
          },
          {
            "hash": "6030b4085bf98538bddafd77e7f04634be3cf957",
            "messageTitle": "Fix extractTask and add extractDetails, in case date time has / inside",
            "messageBody": "",
            "fileTypesAndContributionMap": {
              "java": {
                "insertions": 14,
                "deletions": 6
              }
            }
          },
          {
            "hash": "2447df2a8aa3758453d043d0842b591c5ab1b6ec",
            "messageTitle": "Implement date and time for deadline",
            "messageBody": "",
            "fileTypesAndContributionMap": {
              "java": {
                "insertions": 28,
                "deletions": 6
              }
            }
          },
          {
            "hash": "f6b2a1fd583758faa1ce8b300b464d02e1d6110a",
            "messageTitle": "Fix code to support saving to hard drive with date time",
            "messageBody": "",
            "fileTypesAndContributionMap": {
              "java": {
                "insertions": 4,
                "deletions": 2
              }
            }
          }
        ]
      },
      {
        "date": "2020-08-28",
        "commitResults": [
          {
            "hash": "48cd4fe6dcceb8dfeb6aae1c72ba75b96e02d7cf",
            "messageTitle": "Refactor code to many other files",
            "messageBody": "",
            "fileTypesAndContributionMap": {
              "java": {
                "insertions": 252,
                "deletions": 195
              }
            }
          },
          {
            "hash": "5c4be626186d27658eac48b57792219bf23a7bf4",
            "messageTitle": "Refactor enum TaskType",
            "messageBody": "",
            "tags": [
              "A-MoreOOP"
            ],
            "fileTypesAndContributionMap": {
              "java": {
                "insertions": 5,
                "deletions": 6
              }
            }
          },
          {
            "hash": "bfa6efe3323f69c10adfd098d672f6112b902576",
            "messageTitle": "Implement find feature. Supports find by only 1 word",
            "messageBody": "",
            "tags": [
              "Level-9"
            ],
            "fileTypesAndContributionMap": {
              "java": {
                "insertions": 43,
                "deletions": 0
              }
            }
          },
          {
            "hash": "ea7a48f6d2fdc6fc52ddd958aa7c904ae3ddca9e",
            "messageTitle": "Refactor all code to be included in package duke. Create test folder",
            "messageBody": "",
            "tags": [
              "A-Packages"
            ],
            "fileTypesAndContributionMap": {
              "java": {
                "insertions": 48,
                "deletions": 0
              }
            }
          },
          {
            "hash": "7ac92f3542eed2485fe7b96b867abe24bafbe468",
            "messageTitle": "Add JUnit test for Formatter class",
            "messageBody": "",
            "tags": [
              "0.1"
            ],
            "fileTypesAndContributionMap": {
              "java": {
                "insertions": 22,
                "deletions": 16
              }
            }
          }
        ]
      },
      {
        "date": "2020-09-01",
        "commitResults": [
          {
            "hash": "20020ae794e5a64b6911cfd18c44ac230759c785",
            "messageTitle": "Create JAR file",
            "messageBody": "",
            "tags": [
              "A-Jar"
            ],
            "fileTypesAndContributionMap": {
              "txt": {
                "insertions": 0,
                "deletions": 0
              }
            }
          },
          {
            "hash": "3e5d3977d134635cf744c602e5ea79e1e1522580",
            "messageTitle": "Change FileOpener to open any path instead of standard prev_tasks.txt",
            "messageBody": "",
            "fileTypesAndContributionMap": {
              "java": {
                "insertions": 2,
                "deletions": 2
              }
            }
          },
          {
            "hash": "acdbd0f4a49c958d287ecc178be2f48b052165ba",
            "messageTitle": "Indentation fix in FormatPrinter.java",
            "messageBody": "",
            "fileTypesAndContributionMap": {
              "java": {
                "insertions": 2,
                "deletions": 2
              }
            }
          },
          {
            "hash": "9be9848ffbb880a0e26d43a0b2a975794692a06d",
            "messageTitle": "Fix boolean naming to isDonew",
            "messageBody": "",
            "fileTypesAndContributionMap": {
              "java": {
                "insertions": 2,
                "deletions": 2
              }
            }
          },
          {
            "hash": "7e84c38259c70ca172da26094bb478b55b6f133c",
            "messageTitle": "Add private access modifier",
            "messageBody": "",
            "fileTypesAndContributionMap": {
              "java": {
                "insertions": 1,
                "deletions": 1
              }
            }
          },
          {
            "hash": "c9f0fd104011e155ec3621d3f2a57200619ae0c4",
            "messageTitle": "Add private modifier",
            "messageBody": "",
            "fileTypesAndContributionMap": {
              "java": {
                "insertions": 8,
                "deletions": 8
              }
            }
          },
          {
            "hash": "19ab5978da8cece5ef8cb32742f84149fb8a0af4",
            "messageTitle": "Add javadoc to necessary methods",
            "messageBody": "",
            "fileTypesAndContributionMap": {
              "java": {
                "insertions": 127,
                "deletions": 14
              }
            }
          },
          {
            "hash": "80abe9924c3bb1a9331ac1070570393d6e0d9f86",
            "messageTitle": "Change method names to suit Java coding standard",
            "messageBody": "",
            "fileTypesAndContributionMap": {
              "java": {
                "insertions": 15,
                "deletions": 15
              }
            }
          },
          {
            "hash": "722d750bc5ab2410879f5b12291173a83b029674",
            "messageTitle": "Fix syntax error from fixing style",
            "messageBody": "",
            "fileTypesAndContributionMap": {
              "java": {
                "insertions": 5,
                "deletions": 5
              }
            }
          }
        ]
      },
      {
        "date": "2020-09-02",
        "commitResults": [
          {
            "hash": "1e876771a4557705a24f6edea9b351147205e57f",
            "messageTitle": "Add gradle support",
            "messageBody": "",
            "fileTypesAndContributionMap": {
              "bat": {
                "insertions": 89,
                "deletions": 0
              }
            }
          }
        ]
      },
      {
        "date": "2020-09-03",
        "commitResults": [
          {
            "hash": "ab9f7dd9c8995c892df4c5ecab9f08d814f3f529",
            "messageTitle": "Fix code to follow checkstyle by Gradle",
            "messageBody": "",
            "fileTypesAndContributionMap": {
              "java": {
                "insertions": 114,
                "deletions": 110
              }
            }
          },
          {
            "hash": "68785087ea1aed2a39622168242bfc9dd82231f7",
            "messageTitle": "Add files to facilitate gradle build",
            "messageBody": "",
            "fileTypesAndContributionMap": {
              "gradle": {
                "insertions": 1,
                "deletions": 1
              }
            }
          },
          {
            "hash": "321fd3a20ac94ea9ad593a2f2c74d49b62a881fc",
            "messageTitle": "Finally can run gradle build",
            "messageBody": "",
            "fileTypesAndContributionMap": {
              "java": {
                "insertions": 31,
                "deletions": 27
              }
            }
          }
        ]
      },
      {
        "date": "2020-09-04",
        "commitResults": [
          {
            "hash": "5b34bdb614a69e6029ba6f0b3b58b8219f62d543",
            "messageTitle": "Add JUnit tests to test with gradle",
            "messageBody": "",
            "tags": [
              "A-Gradle"
            ],
            "fileTypesAndContributionMap": {
              "java": {
                "insertions": 107,
                "deletions": 0
              }
            }
          },
          {
            "hash": "32da07e9d3ab7b9fdcad64cb6c03af43447975f4",
            "messageTitle": "Add JavaFX support to build.gradle",
            "messageBody": "",
            "fileTypesAndContributionMap": {
              "gradle": {
                "insertions": 20,
                "deletions": 0
              }
            }
          },
          {
            "hash": "80cd1b1e957f39f80a64fd24d6951ee208ba02fb",
            "messageTitle": "Set up JavaFX, successfully launched a GUI window",
            "messageBody": "",
            "fileTypesAndContributionMap": {
              "java": {
                "insertions": 33,
                "deletions": 1
              },
              "md": {
                "insertions": 2198,
                "deletions": 0
              }
            }
          },
          {
            "hash": "9820c808a100a054c9cf31c74bcb3f18272f55be",
            "messageTitle": "Implement button and text field for GUI",
            "messageBody": "",
            "fileTypesAndContributionMap": {
              "java": {
                "insertions": 27,
                "deletions": 2
              }
            }
          }
        ]
      },
      {
        "date": "2020-09-05",
        "commitResults": [
          {
            "hash": "e696a774c8ca6b764330febb708aeba80267948d",
            "messageTitle": "Implement a window GUI that gets user input and display it on the panel",
            "messageBody": "",
            "fileTypesAndContributionMap": {
              "java": {
                "insertions": 70,
                "deletions": 3
              }
            }
          }
        ]
      },
      {
        "date": "2020-09-06",
        "commitResults": [
          {
            "hash": "bef20c2a99d9d8d13740957ef4a6329929074742",
            "messageTitle": "Implement dialogBox support, support image for user and Duke",
            "messageBody": "",
            "fileTypesAndContributionMap": {
              "java": {
                "insertions": 58,
                "deletions": 21
              }
            }
          },
          {
            "hash": "912a5d2d2a1b009caf8a5ff2dcb9f394f19fc4b5",
            "messageTitle": "Implement a functional GUI. Still needs improvements",
            "messageBody": "",
            "fileTypesAndContributionMap": {
              "java": {
                "insertions": 45,
                "deletions": 7
              }
            }
          },
          {
            "hash": "5b131c4a2e90fa2f8412a9aea036fab4ecb349e0",
            "messageTitle": "Add support for FXML and add Controller classes in duke.controllers",
            "messageBody": "",
            "fileTypesAndContributionMap": {
              "fxml": {
                "insertions": 42,
                "deletions": 0
              },
              "java": {
                "insertions": 12,
                "deletions": 1
              }
            }
          },
          {
            "hash": "2c5802787387432fb9b714e5d0462ee8a4b76ebb",
            "messageTitle": "Create MainWindow.java",
            "messageBody": "",
            "fileTypesAndContributionMap": {
              "java": {
                "insertions": 53,
                "deletions": 3
              }
            }
          },
          {
            "hash": "c95e9120594a667076d7351857250a9a81c8c1e3",
            "messageTitle": "Implement basic FXML support",
            "messageBody": "",
            "fileTypesAndContributionMap": {
              "fxml": {
                "insertions": 7,
                "deletions": 7
              },
              "java": {
                "insertions": 59,
                "deletions": 118
              }
            }
          },
          {
            "hash": "ac96f0559682b5605a102cef74dce079134844d9",
            "messageTitle": "edit getResponse to produce the supposed behavior of Hal9000",
            "messageBody": "",
            "fileTypesAndContributionMap": {
              "java": {
                "insertions": 24,
                "deletions": 78
              }
            }
          }
        ]
      },
      {
        "date": "2020-09-07",
        "commitResults": [
          {
            "hash": "c2703bf8071a304885cae8f11afaf7b6b2bca331",
            "messageTitle": "Decorate GUI with JavaFX css styling",
            "messageBody": "",
            "fileTypesAndContributionMap": {
              "fxml": {
                "insertions": 18,
                "deletions": 5
              },
              "java": {
                "insertions": 2,
                "deletions": 2
              }
            }
          }
        ]
      }
    ]
  },
  "authorFileTypeContributionMap": {
    "mgiang2015": {
      "java": 905,
      "md": 2198,
      "fxml": 55,
      "sh": 3,
      "bat": 90,
      "gradle": 21,
      "txt": 5
    }
  },
  "authorContributionVariance": {
    "mgiang2015": 228739.45
  },
  "authorDisplayNameMap": {
    "mgiang2015": "CS2103T-F13-2 LE M..IANG"
  }
}
