{
  "authorDailyContributionsMap": {
    "pangpuncake": [
      {
        "date": "2020-08-14",
        "commitResults": [
          {
            "hash": "d87f0e0fc9daf845a66c9d952244debde97b643c",
            "messageTitle": "Level - 1",
            "messageBody": "",
            "tags": [
              "Level-1"
            ],
            "fileTypesAndContributionMap": {
              "java": {
                "insertions": 30,
                "deletions": 1
              }
            }
          },
          {
            "hash": "9e7c894519bbf958fc6c0721893cfeb7e7ba1505",
            "messageTitle": "Level - 2",
            "messageBody": "",
            "tags": [
              "Level-2"
            ],
            "fileTypesAndContributionMap": {
              "java": {
                "insertions": 33,
                "deletions": 3
              }
            }
          },
          {
            "hash": "f1f88406d51e9f584949a07644fec43afea94829",
            "messageTitle": "Level - 3",
            "messageBody": "",
            "tags": [
              "Level-3"
            ],
            "fileTypesAndContributionMap": {
              "java": {
                "insertions": 49,
                "deletions": 4
              }
            }
          },
          {
            "hash": "e2084776c6512a5c2ae56c79298880eba6cad616",
            "messageTitle": "Level - 4",
            "messageBody": "",
            "tags": [
              "Level-4"
            ],
            "fileTypesAndContributionMap": {
              "java": {
                "insertions": 113,
                "deletions": 14
              }
            }
          }
        ]
      },
      {
        "date": "2020-08-15",
        "commitResults": [
          {
            "hash": "3db75b14a60a1d74c9105c2945d38eb427fed039",
            "messageTitle": "A - TextUiTesting",
            "messageBody": "",
            "tags": [
              "A-TextUiTesting"
            ],
            "fileTypesAndContributionMap": {
              "txt": {
                "insertions": 23,
                "deletions": 0
              },
              "java": {
                "insertions": 8,
                "deletions": 9
              },
              "sh": {
                "insertions": 5,
                "deletions": 1
              }
            }
          }
        ]
      },
      {
        "date": "2020-08-16",
        "commitResults": [
          {
            "hash": "db75379c5f5a3aa51c6ddf250005fb5135327861",
            "messageTitle": "Level - 5",
            "messageBody": "",
            "tags": [
              "Level-5"
            ],
            "fileTypesAndContributionMap": {
              "java": {
                "insertions": 111,
                "deletions": 62
              }
            }
          },
          {
            "hash": "650ea033fc5c2cc0ad8beff321d1e58576119040",
            "messageTitle": "Level - 6",
            "messageBody": "",
            "fileTypesAndContributionMap": {
              "java": {
                "insertions": 21,
                "deletions": 5
              }
            }
          }
        ]
      },
      {
        "date": "2020-08-20",
        "commitResults": [
          {
            "hash": "4a2c97f1dafcccbbb0a624633092d578edccbc06",
            "messageTitle": "Level - 6 : Used Switch statements in Command.java for cleaner code",
            "messageBody": "",
            "fileTypesAndContributionMap": {
              "txt": {
                "insertions": 2,
                "deletions": 0
              },
              "java": {
                "insertions": 67,
                "deletions": 57
              }
            }
          },
          {
            "hash": "e79dda0a34ab5d100389c9f655915ead0defb23c",
            "messageTitle": "Level - 6 : Add \"undo\" functionality to mark as undone.",
            "messageBody": "",
            "tags": [
              "Level-6"
            ],
            "fileTypesAndContributionMap": {
              "java": {
                "insertions": 31,
                "deletions": 5
              }
            }
          }
        ]
      },
      {
        "date": "2020-08-23",
        "commitResults": [
          {
            "hash": "4588530ef6eb2fa6e4a36948e49c6b1f4502cf84",
            "messageTitle": "Level - 7: Create initial working foundation",
            "messageBody": "",
            "fileTypesAndContributionMap": {
              "java": {
                "insertions": 156,
                "deletions": 3
              }
            }
          }
        ]
      },
      {
        "date": "2020-08-24",
        "commitResults": [
          {
            "hash": "0b5ed30375cfe79f8bb4d9d90f0bc000387d481a",
            "messageTitle": "Level - 8: Use regex to handle input, modify methods in Command.java and FileHandler.java",
            "messageBody": "",
            "tags": [
              "Level-8"
            ],
            "fileTypesAndContributionMap": {
              "java": {
                "insertions": 110,
                "deletions": 80
              }
            }
          }
        ]
      }
    ]
  },
  "authorFileTypeContributionMap": {
    "pangpuncake": {
      "java": 487,
      "md": 0,
      "fxml": 0,
      "sh": 5,
      "bat": 0,
      "gradle": 0,
      "txt": 25
    }
  },
  "authorContributionVariance": {
    "pangpuncake": 8990.513
  },
  "authorDisplayNameMap": {
    "pangpuncake": "PANG.. KYE"
  }
}
