{"authorDailyContributionsMap":{"seowalex":[{"date":"2020-08-17","commitResults":[{"hash":"924a2533172477261caa446950e0b2c2d4464ce0","messageTitle":"Implement skeletal version","messageBody":"","tags":["Level-1"],"fileTypesAndContributionMap":{"java":{"insertions":43,"deletions":3}}},{"hash":"7c73dde6f4fe55b14d9be31254576547c7c09621","messageTitle":"Add ability to store text","messageBody":"","tags":["Level-2"],"fileTypesAndContributionMap":{"java":{"insertions":29,"deletions":5}}},{"hash":"4d5a80ce1bd0d18d4202719df8d760b6e576fb8e","messageTitle":"Mark tasks as done","messageBody":"","fileTypesAndContributionMap":{"java":{"insertions":43,"deletions":9}}},{"hash":"2415565a0561ab517e4e36840705dc110edf488e","messageTitle":"Handle unknown tasks","messageBody":"","fileTypesAndContributionMap":{"java":{"insertions":7,"deletions":1}}}]},{"date":"2020-08-18","commitResults":[{"hash":"334e64d7f8fe20e32b51b5132985bda3a7f983d7","messageTitle":"Add missing text","messageBody":"","tags":["Level-3","A-Classes"],"fileTypesAndContributionMap":{"java":{"insertions":1,"deletions":1}}},{"hash":"dce0796d2a2ee4e244e96aced5ac573d29ce840f","messageTitle":"Add multiple task types","messageBody":"","tags":["Level-4","A-Inheritance"],"fileTypesAndContributionMap":{"java":{"insertions":99,"deletions":18}}}]},{"date":"2020-08-19","commitResults":[{"hash":"8dfcf0b5cb80f50eec65ec8dc2e4e7b0cced4cb9","messageTitle":"Add automated testing","messageBody":"","tags":["A-TextUiTesting"],"fileTypesAndContributionMap":{"txt":{"insertions":12,"deletions":0},"java":{"insertions":0,"deletions":1},"sh":{"insertions":2,"deletions":2}}},{"hash":"50d2f1bed4bf5028a40ec3ba0481ea155b550a51","messageTitle":"Handle errors","messageBody":"","tags":["Level-5","A-Exceptions"],"fileTypesAndContributionMap":{"txt":{"insertions":10,"deletions":0},"java":{"insertions":82,"deletions":37}}},{"hash":"79dbba911f57070886de4c91783433bca307dda2","messageTitle":"Allow deleting of tasks","messageBody":"","tags":["Level-6","A-Collections"],"fileTypesAndContributionMap":{"java":{"insertions":25,"deletions":0}}}]},{"date":"2020-08-24","commitResults":[{"hash":"e5b8313585b8ea844c20022e2410e01b8d8916e3","messageTitle":"Add task saving","messageBody":"","fileTypesAndContributionMap":{"java":{"insertions":119,"deletions":30}}},{"hash":"ad4fea9c297aa8f0a76e4881981ee90510177821","messageTitle":"Check if data file is corrupt when loading","messageBody":"","fileTypesAndContributionMap":{"java":{"insertions":50,"deletions":34}}}]},{"date":"2020-08-26","commitResults":[{"hash":"6f335876cb118f16cc83bdd409a405d97da76bdc","messageTitle":"Parse date/times","messageBody":"","fileTypesAndContributionMap":{"java":{"insertions":69,"deletions":16}}},{"hash":"1eb91a1f0d8aaa486f62ce47616846f8752d5fd3","messageTitle":"Add ability to view tasks due on a certain date","messageBody":"","fileTypesAndContributionMap":{"java":{"insertions":83,"deletions":18}}},{"hash":"ed6058840941da1053f585a24a4a5061b23c2d6f","messageTitle":"Fix loading data","messageBody":"","fileTypesAndContributionMap":{"java":{"insertions":24,"deletions":18}}},{"hash":"b229d170fdc50b66e8550b8b4dda70469d6abcd8","messageTitle":"Change output when no due tasks","messageBody":"","tags":["Level-8"],"fileTypesAndContributionMap":{"java":{"insertions":9,"deletions":4}}},{"hash":"d99fb0607254286834a6840e0e0041ea0decff8f","messageTitle":"Refactor code","messageBody":"","fileTypesAndContributionMap":{"java":{"insertions":509,"deletions":382}}},{"hash":"1536c16e06743b94e5ce0a1298b4a483b02a9af3","messageTitle":"Change error prompt colour","messageBody":"","fileTypesAndContributionMap":{"java":{"insertions":10,"deletions":4}}},{"hash":"a3a49a342b1b9cd923e297239e352e0623d188a0","messageTitle":"Refactor datetime parsing","messageBody":"","fileTypesAndContributionMap":{"java":{"insertions":10,"deletions":17}}},{"hash":"8d1613963005d378b0c6b12d70bfdd8a68757ac2","messageTitle":"Use isBlank instead of isEmpty","messageBody":"","fileTypesAndContributionMap":{"java":{"insertions":3,"deletions":3}}},{"hash":"17e4b0876270c577d7691e50ac78ac285f78e740","messageTitle":"Fix typo","messageBody":"","fileTypesAndContributionMap":{"java":{"insertions":2,"deletions":2}}},{"hash":"05081a149bb53e7fe79c83c471c5d3e78a9652fb","messageTitle":"Combine AddCommands","messageBody":"","tags":["A-MoreOOP"],"fileTypesAndContributionMap":{"java":{"insertions":66,"deletions":67}}},{"hash":"f4a69fc474b87c4828b0e1a94276479878794730","messageTitle":"Divide classes into packages","messageBody":"","tags":["A-Packages"],"fileTypesAndContributionMap":{"java":{"insertions":102,"deletions":4}}},{"hash":"3e94a55956ab25c6a2d4456dde9f8d2bed1196e6","messageTitle":"Add Junit tests","messageBody":"","tags":["A-JUnit"],"fileTypesAndContributionMap":{"java":{"insertions":49,"deletions":1}}},{"hash":"1e53c514855b6be6f2ecb5d8b0657375522226e0","messageTitle":"Fix switch case indentation","messageBody":"","fileTypesAndContributionMap":{"java":{"insertions":73,"deletions":73}}},{"hash":"a917c7daa286952ff00b882aa7de681f44f16399","messageTitle":"Add docs","messageBody":"","fileTypesAndContributionMap":{"java":{"insertions":206,"deletions":0}}},{"hash":"8c77a310f9436afa3f22ecb1f560206926f2c59a","messageTitle":"Add finding","messageBody":"","fileTypesAndContributionMap":{"java":{"insertions":47,"deletions":7}}}]},{"date":"2020-08-27","commitResults":[{"hash":"509e5caca5c8ac39647f23c0decde72529f40793","messageTitle":"Cleanup","messageBody":"","fileTypesAndContributionMap":{"java":{"insertions":9,"deletions":3}}},{"hash":"de47931278d328304d357ffcc1bcff0366a32d75","messageTitle":"Restore balance and fix blank keyword bug","messageBody":"","fileTypesAndContributionMap":{"java":{"insertions":86,"deletions":78}}},{"hash":"ab777456eea1dcc02f857c5e18df159869ae9ea7","messageTitle":"Fix spacing","messageBody":"","fileTypesAndContributionMap":{"java":{"insertions":2,"deletions":2}}},{"hash":"64607ca82fb927929f09d15b9b8394bc3ff7ef87","messageTitle":"Update ParserTest","messageBody":"","fileTypesAndContributionMap":{"java":{"insertions":190,"deletions":16}}},{"hash":"804bb30bbd251b6010a55b20a8cc527926454cf7","messageTitle":"Add invalid command tests","messageBody":"","fileTypesAndContributionMap":{"java":{"insertions":35,"deletions":0}}},{"hash":"53abc74576d1e49d86166e674d8db0006623a63f","messageTitle":"Update TaskListTest","messageBody":"","fileTypesAndContributionMap":{"java":{"insertions":110,"deletions":35}}},{"hash":"54c1f8e150cd074f171074e6b03c07d3d0bbcdd6","messageTitle":"Update command JavaDocs","messageBody":"","fileTypesAndContributionMap":{"java":{"insertions":38,"deletions":27}}},{"hash":"96617ed2272bc7ce03cf1c80c69e1ba367cb1e85","messageTitle":"Update task JavaDocs","messageBody":"","fileTypesAndContributionMap":{"java":{"insertions":22,"deletions":19}}},{"hash":"dd3a777da37a286af0815f728e4861e885bbd7b7","messageTitle":"Update TaskList JavaDocs","messageBody":"","fileTypesAndContributionMap":{"java":{"insertions":62,"deletions":12}}},{"hash":"77ce1ee0a37030a2d229e32d0cb219a219a1aab0","messageTitle":"Add gradle support","messageBody":"","fileTypesAndContributionMap":{"gradle":{"insertions":41,"deletions":0},"bat":{"insertions":89,"deletions":0}}},{"hash":"b7fabd6c2306ffca758098fa089252d2cba00b28","messageTitle":"Change deprecated names","messageBody":"","fileTypesAndContributionMap":{"gradle":{"insertions":2,"deletions":2}}},{"hash":"e5ad273db2b14515fdbf5e8e2b9e35cfedba19ee","messageTitle":"Add JUnit params import to gradle","messageBody":"","tags":["A-Gradle"],"fileTypesAndContributionMap":{"gradle":{"insertions":1,"deletions":0}}},{"hash":"f5c018077b58e4495a5d8a27d95ff83ec688ac05","messageTitle":"Add Checkstyle","messageBody":"","tags":["A-CheckStyle"],"fileTypesAndContributionMap":{"gradle":{"insertions":1,"deletions":0},"java":{"insertions":109,"deletions":77}}}]},{"date":"2020-09-01","commitResults":[{"hash":"cb6aecd03cf53f4d0c5c58774b42f0c32d7577a2","messageTitle":"Move save from exit to add command","messageBody":"","fileTypesAndContributionMap":{"java":{"insertions":2,"deletions":2}}},{"hash":"240e1ce5812e3abeb5514530b2d21f87b6227d79","messageTitle":"Use better line breaks","messageBody":"","fileTypesAndContributionMap":{"java":{"insertions":7,"deletions":3}}}]},{"date":"2020-09-02","commitResults":[{"hash":"3ced0e43c6c12ac0b55255913422ffac1f551e32","messageTitle":"Refactor Ui class","messageBody":"","fileTypesAndContributionMap":{"java":{"insertions":20,"deletions":15}}},{"hash":"8143ae9db3f7d16dde9d5d23cf0c56140bf2bbd1","messageTitle":"Add saving on delete and done command","messageBody":"","fileTypesAndContributionMap":{"java":{"insertions":3,"deletions":1}}}]},{"date":"2020-09-03","commitResults":[{"hash":"22ab82c6b68fc8c08a1e37d1339597d8b53675b9","messageTitle":"Fix repeating task numbers","messageBody":"","fileTypesAndContributionMap":{"java":{"insertions":20,"deletions":33}}}]},{"date":"2020-09-04","commitResults":[{"hash":"10be31a96b066d376886032ca6029834283ba9ae","messageTitle":"Add basic GUI","messageBody":"","fileTypesAndContributionMap":{"gradle":{"insertions":7,"deletions":1},"fxml":{"insertions":89,"deletions":0},"java":{"insertions":247,"deletions":125}}},{"hash":"c85a819d863b85b19c348bea184a9514d2472093","messageTitle":"Fix Checkstyle","messageBody":"","fileTypesAndContributionMap":{"java":{"insertions":48,"deletions":34}}},{"hash":"74167260a843b881132ad5e5ee23aa541396f63b","messageTitle":"Add basic styling","messageBody":"","tags":["Level-10"],"fileTypesAndContributionMap":{"fxml":{"insertions":0,"deletions":0},"java":{"insertions":9,"deletions":3}}}]},{"date":"2020-09-08","commitResults":[{"hash":"d2ddafd80182aa9d62ac071f239faa41bdf5fb5b","messageTitle":"Add assertions","messageBody":"","fileTypesAndContributionMap":{"java":{"insertions":8,"deletions":0}}},{"hash":"4ef48e3eaa497211b1ce56e95399af16556a3bb1","messageTitle":"Rename variables","messageBody":"","fileTypesAndContributionMap":{"java":{"insertions":28,"deletions":28}}},{"hash":"9deb194ae1368e7fdbd8c2890ecb416919207993","messageTitle":"Fix Checkstyle","messageBody":"","fileTypesAndContributionMap":{"java":{"insertions":5,"deletions":1}}}]},{"date":"2020-09-09","commitResults":[{"hash":"546c2b570c1f5a379d9a9a98ecab7534ef8685b2","messageTitle":"Add basic priority and tags","messageBody":"","fileTypesAndContributionMap":{"java":{"insertions":135,"deletions":31}}},{"hash":"9166ef62f069dc40251817abcd70e98dc25ea845","messageTitle":"Add priority and tags for deadlines and events","messageBody":"","fileTypesAndContributionMap":{"java":{"insertions":98,"deletions":92}}},{"hash":"b4a4f4177f3042ee81085d2e3347c96ba1168e21","messageTitle":"Fix Checkstyle","messageBody":"","fileTypesAndContributionMap":{"java":{"insertions":56,"deletions":19}}},{"hash":"b1a58bbd14e046a742a0eaf9dde07e4fb5fc4071","messageTitle":"Fix tests","messageBody":"","fileTypesAndContributionMap":{"java":{"insertions":13,"deletions":6}}},{"hash":"abed657d0ed24cfd57058e92f8844f41486a1558","messageTitle":"Prevent illegal characters in description","messageBody":"","fileTypesAndContributionMap":{"java":{"insertions":5,"deletions":1}}},{"hash":"455f61ac7910eee1f9ee61f0f5e1d072a563c41e","messageTitle":"Add custom font","messageBody":"","fileTypesAndContributionMap":{"fxml":{"insertions":4,"deletions":4},"java":{"insertions":12,"deletions":2}}}]},{"date":"2020-09-10","commitResults":[{"hash":"4f5ab501ce752981dd36696d174090bc651276c9","messageTitle":"Add tagged and prioritised commands","messageBody":"","fileTypesAndContributionMap":{"java":{"insertions":148,"deletions":6}}}]},{"date":"2020-09-16","commitResults":[{"hash":"1267229fe186d1cce4a724f57f67633ed7726725","messageTitle":"Fix Checkstyle","messageBody":"","fileTypesAndContributionMap":{"java":{"insertions":11,"deletions":6}}},{"hash":"babd040ec66e955ce8c1a592c88c8dd8e8b0f713","messageTitle":"Change error message colour","messageBody":"","tags":["A-BetterGui"],"fileTypesAndContributionMap":{"java":{"insertions":24,"deletions":14}}},{"hash":"8464d48cb312dc33a00d23ae4f982302afdf9376","messageTitle":"Add User Guide","messageBody":"","tags":["A-UserGuide"],"fileTypesAndContributionMap":{"md":{"insertions":129,"deletions":9}}}]},{"date":"2020-09-17","commitResults":[{"hash":"e1be20e478ef780d17a8f75bf1f7ccc1283f1c09","messageTitle":"Add cross-platform compilation","messageBody":"","tags":["v0.3.0","A-Release"],"fileTypesAndContributionMap":{"gradle":{"insertions":18,"deletions":9}}}]},{"date":"2020-09-18","commitResults":[{"hash":"25faef6d33564f56064e9058e3ff64ad9150269b","messageTitle":"Fix typo","messageBody":"","fileTypesAndContributionMap":{"md":{"insertions":2,"deletions":2}}}]}]},"authorFileTypeContributionMap":{"seowalex":{"java":1886,"md":129,"fxml":89,"sh":1,"bat":89,"gradle":58,"txt":22}},"authorContributionVariance":{"seowalex":129142.29},"authorDisplayNameMap":{"seowalex":"CS2103T-T10-3 SEOW..ALEX"}}
