{
  "authorDailyContributionsMap": {
    "WhiteLio": [
      {
        "date": "2020-08-18",
        "commitResults": [
          {
            "hash": "d55d8be97951af5e6478ebc503a68ddb7a89fce1",
            "messageTitle": "Level-1",
            "messageBody": "",
            "tags": [
              "Level-1"
            ],
            "fileTypesAndContributionMap": {
              "java": {
                "insertions": 22,
                "deletions": 7
              }
            }
          },
          {
            "hash": "80f84921af456b217663585b4fdb500622f6d6ad",
            "messageTitle": "Level-2",
            "messageBody": "",
            "tags": [
              "Level-2"
            ],
            "fileTypesAndContributionMap": {
              "java": {
                "insertions": 10,
                "deletions": 2
              }
            }
          },
          {
            "hash": "88d9af741084c5908f7631d08d7d1e416836039d",
            "messageTitle": "Level-3",
            "messageBody": "",
            "tags": [
              "Level-3"
            ],
            "fileTypesAndContributionMap": {
              "java": {
                "insertions": 39,
                "deletions": 10
              }
            }
          },
          {
            "hash": "001d7d4682ba5f5b1a9abeab06587fc3bd8a9033",
            "messageTitle": "Level-4",
            "messageBody": "",
            "tags": [
              "Level-4"
            ],
            "fileTypesAndContributionMap": {
              "java": {
                "insertions": 67,
                "deletions": 11
              }
            }
          }
        ]
      },
      {
        "date": "2020-08-19",
        "commitResults": [
          {
            "hash": "7547ded2acdd92b817bf26471443109006d9e851",
            "messageTitle": "A-TextUiTesting",
            "messageBody": "",
            "tags": [
              "A-TextUiTesting"
            ],
            "fileTypesAndContributionMap": {
              "txt": {
                "insertions": 6,
                "deletions": 0
              },
              "bat": {
                "insertions": 1,
                "deletions": 1
              },
              "md": {
                "insertions": 1,
                "deletions": 1
              }
            }
          },
          {
            "hash": "294ea31d0eadae66b7683da3d5497c52cd15925f",
            "messageTitle": "Level-5",
            "messageBody": "",
            "tags": [
              "Level-5"
            ],
            "fileTypesAndContributionMap": {
              "txt": {
                "insertions": 2,
                "deletions": 0
              },
              "java": {
                "insertions": 11,
                "deletions": 3
              }
            }
          },
          {
            "hash": "92fc9bdbe10557d62fc55c7acddaf8f340cdf4ed",
            "messageTitle": "Level-6",
            "messageBody": "",
            "tags": [
              "Level-6"
            ],
            "fileTypesAndContributionMap": {
              "txt": {
                "insertions": 2,
                "deletions": 0
              },
              "java": {
                "insertions": 6,
                "deletions": 0
              }
            }
          }
        ]
      }
    ]
  },
  "authorFileTypeContributionMap": {
    "WhiteLio": {
      "java": 127,
      "md": 1,
      "fxml": 0,
      "sh": 0,
      "bat": 1,
      "gradle": 0,
      "txt": 10
    }
  },
  "authorContributionVariance": {
    "WhiteLio": 3763.222
  },
  "authorDisplayNameMap": {
    "WhiteLio": "LIM ..ONEL"
  }
}
