{
  "authorDailyContributionsMap": {
    "vigneshbhuvan-nus": [
      {
        "date": "2020-08-19",
        "commitResults": [
          {
            "hash": "0adcb36ca12650763ff75bbdce57ef6429bd5c06",
            "messageTitle": "Level 1: Greet, Echo, Exit",
            "messageBody": "",
            "tags": [
              "Level-1"
            ],
            "fileTypesAndContributionMap": {
              "java": {
                "insertions": 43,
                "deletions": 6
              }
            }
          }
        ]
      },
      {
        "date": "2020-08-20",
        "commitResults": [
          {
            "hash": "2383fb01fba1ece17588e995c541a56713fa56fb",
            "messageTitle": "Level-2: Add, List",
            "messageBody": "",
            "tags": [
              "Level-2"
            ],
            "fileTypesAndContributionMap": {
              "java": {
                "insertions": 17,
                "deletions": 3
              }
            }
          },
          {
            "hash": "1d36397a95359ee459b9efa86af680ee72db8759",
            "messageTitle": "Level-3: Mark as Done",
            "messageBody": "",
            "tags": [
              "Level-3"
            ],
            "fileTypesAndContributionMap": {
              "java": {
                "insertions": 37,
                "deletions": 5
              }
            }
          }
        ]
      },
      {
        "date": "2020-08-25",
        "commitResults": [
          {
            "hash": "5087372b97817aeb801c6259ea6b9e03e68639a9",
            "messageTitle": "Level-4: ToDo, Event, Deadline",
            "messageBody": "",
            "tags": [
              "Level-4"
            ],
            "fileTypesAndContributionMap": {
              "java": {
                "insertions": 89,
                "deletions": 22
              }
            }
          },
          {
            "hash": "259351b13e4d1a0af48c8ea1f3a0108a4991b97a",
            "messageTitle": "A-TextUiTesting: Automated Text UI Testing",
            "messageBody": "",
            "tags": [
              "A-TextUiTesting"
            ],
            "fileTypesAndContributionMap": {
              "txt": {
                "insertions": 4,
                "deletions": 0
              },
              "bat": {
                "insertions": 1,
                "deletions": 1
              }
            }
          }
        ]
      },
      {
        "date": "2020-08-26",
        "commitResults": [
          {
            "hash": "c7207ff645882fb1f77cfc0242a6906d2f7db76a",
            "messageTitle": "Level-5: Handle Errors",
            "messageBody": "",
            "tags": [
              "Level-5"
            ],
            "fileTypesAndContributionMap": {
              "java": {
                "insertions": 87,
                "deletions": 26
              }
            }
          },
          {
            "hash": "1fd66183e8a810b0ae1b61ec4f94266fe59c2540",
            "messageTitle": "Level-6: Delete",
            "messageBody": "",
            "tags": [
              "Level-6"
            ],
            "fileTypesAndContributionMap": {
              "java": {
                "insertions": 60,
                "deletions": 43
              }
            }
          }
        ]
      },
      {
        "date": "2020-08-30",
        "commitResults": [
          {
            "hash": "ab323f19c8b7b7df3dbb8d1b7aabd4ae2c7ea702",
            "messageTitle": "Level-7: Save",
            "messageBody": "",
            "tags": [
              "Level-7"
            ],
            "fileTypesAndContributionMap": {
              "java": {
                "insertions": 105,
                "deletions": 3
              }
            }
          }
        ]
      },
      {
        "date": "2020-08-31",
        "commitResults": [
          {
            "hash": "50a3a26a60f387314e6cd57ea93e76423cd9667c",
            "messageTitle": "Level-8: Dates and Times",
            "messageBody": "",
            "tags": [
              "Level-8"
            ],
            "fileTypesAndContributionMap": {
              "java": {
                "insertions": 36,
                "deletions": 22
              }
            }
          }
        ]
      },
      {
        "date": "2020-09-01",
        "commitResults": [
          {
            "hash": "51d0ac49753a2558b3897ff0a92ba33aa4ec86cb",
            "messageTitle": "A-MoreOOP:Use more OOP",
            "messageBody": "",
            "tags": [
              "A-MoreOOP"
            ],
            "fileTypesAndContributionMap": {
              "java": {
                "insertions": 353,
                "deletions": 217
              }
            }
          }
        ]
      },
      {
        "date": "2020-09-02",
        "commitResults": [
          {
            "hash": "1fb8176108c0b621d12a355cdb58d75099ab3350",
            "messageTitle": "A-JUnit: Add JUnit Tests",
            "messageBody": "",
            "tags": [
              "A-JUnit"
            ],
            "fileTypesAndContributionMap": {
              "java": {
                "insertions": 75,
                "deletions": 0
              }
            }
          },
          {
            "hash": "505ae2f7569371f408a409d734b2cfba2f23a899",
            "messageTitle": "A-JavaDoc: JavaDoc",
            "messageBody": "",
            "tags": [
              "A-JavaDoc"
            ],
            "fileTypesAndContributionMap": {
              "txt": {
                "insertions": 1,
                "deletions": 0
              },
              "java": {
                "insertions": 290,
                "deletions": 52
              }
            }
          },
          {
            "hash": "7797dc7ec777c0dadbd8dc5d17f56769415ebc1e",
            "messageTitle": "A-CodingStandard: Follow the coding Standard",
            "messageBody": "",
            "tags": [
              "A-CodingStandard"
            ],
            "fileTypesAndContributionMap": {
              "java": {
                "insertions": 9,
                "deletions": 9
              }
            }
          },
          {
            "hash": "790fb20086856093307c3a27c3a3b991973c8fa5",
            "messageTitle": "Level-9: Find",
            "messageBody": "",
            "tags": [
              "Level-9"
            ],
            "fileTypesAndContributionMap": {
              "txt": {
                "insertions": 1,
                "deletions": 0
              },
              "java": {
                "insertions": 30,
                "deletions": 0
              }
            }
          }
        ]
      },
      {
        "date": "2020-09-16",
        "commitResults": [
          {
            "hash": "7ac14fb268898218127521edf815f9ed78d13cf8",
            "messageTitle": "Final Duke",
            "messageBody": "",
            "tags": [
              "Level-10"
            ],
            "fileTypesAndContributionMap": {
              "gradle": {
                "insertions": 37,
                "deletions": 23
              },
              "txt": {
                "insertions": 2,
                "deletions": 3
              },
              "fxml": {
                "insertions": 35,
                "deletions": 0
              },
              "java": {
                "insertions": 578,
                "deletions": 335
              },
              "bat": {
                "insertions": 9,
                "deletions": 22
              },
              "sh": {
                "insertions": 0,
                "deletions": 38
              },
              "md": {
                "insertions": 144,
                "deletions": 32
              }
            }
          },
          {
            "hash": "587fac897ab3247af3891e0fa616c11db72b1a3a",
            "messageTitle": "Ui.png added",
            "messageBody": "",
            "fileTypesAndContributionMap": {
              "txt": {
                "insertions": 1,
                "deletions": 0
              }
            }
          },
          {
            "hash": "66aba5d971622df626126c50008902b60c6a4bb6",
            "messageTitle": "Delete README.md",
            "messageBody": "",
            "fileTypesAndContributionMap": {
              "md": {
                "insertions": 0,
                "deletions": 39
              }
            }
          },
          {
            "hash": "d0cf38942b3dc8fec511c0b4bfdf80f1978e1045",
            "messageTitle": "Editing ReadMe.md",
            "messageBody": "",
            "tags": [
              "ReadME_changed"
            ],
            "fileTypesAndContributionMap": {
              "md": {
                "insertions": 9,
                "deletions": 9
              }
            }
          },
          {
            "hash": "2790112fe942e8e6f87fdee35c7cb57cc43cd255",
            "messageTitle": "Changes to README.md",
            "messageBody": "",
            "fileTypesAndContributionMap": {
              "md": {
                "insertions": 1,
                "deletions": 1
              }
            }
          }
        ]
      },
      {
        "date": "2020-09-21",
        "commitResults": [
          {
            "hash": "7ad07ad4d68270a3e5246eb2f55c9b01eca3aad8",
            "messageTitle": "Updated README.md",
            "messageBody": "",
            "fileTypesAndContributionMap": {
              "md": {
                "insertions": 0,
                "deletions": 3
              }
            }
          }
        ]
      }
    ]
  },
  "authorFileTypeContributionMap": {
    "vigneshbhuvan-nus": {
      "java": 1073,
      "md": 95,
      "fxml": 35,
      "sh": 0,
      "bat": 8,
      "gradle": 34,
      "txt": 6
    }
  },
  "authorContributionVariance": {
    "vigneshbhuvan-nus": 54765.832
  },
  "authorDisplayNameMap": {
    "vigneshbhuvan-nus": "CS2103T-T09-4 BHUV..NESH"
  }
}
