{
  "authorDailyContributionsMap": {
    "TianYong-Goh": [
      {
        "date": "2020-08-15",
        "commitResults": [
          {
            "hash": "62fd5a295b9ec9e743d1553b9bfa74a9924a05df",
            "messageTitle": "Level-1",
            "messageBody": "",
            "tags": [
              "Level-1"
            ],
            "fileTypesAndContributionMap": {
              "java": {
                "insertions": 37,
                "deletions": 6
              }
            }
          },
          {
            "hash": "1774536d7fc66154a958d96d0f1f7cf8ae859969",
            "messageTitle": "Level-2",
            "messageBody": "",
            "tags": [
              "Level-2"
            ],
            "fileTypesAndContributionMap": {
              "java": {
                "insertions": 42,
                "deletions": 6
              }
            }
          },
          {
            "hash": "369c43a971e79e0599ae51cdb1cfc71058cf4808",
            "messageTitle": "Level-3",
            "messageBody": "",
            "tags": [
              "Level-3"
            ],
            "fileTypesAndContributionMap": {
              "java": {
                "insertions": 66,
                "deletions": 12
              }
            }
          },
          {
            "hash": "ef38b0d5cc56ba917075c056e9a36544f8e5559b",
            "messageTitle": "Level-4",
            "messageBody": "",
            "tags": [
              "Level-4"
            ],
            "fileTypesAndContributionMap": {
              "java": {
                "insertions": 132,
                "deletions": 29
              }
            }
          },
          {
            "hash": "d3518b2c08b1f256650a57adc627f1373003dc12",
            "messageTitle": "Automated Text UI Testing",
            "messageBody": "",
            "fileTypesAndContributionMap": {
              "txt": {
                "insertions": 8,
                "deletions": 0
              },
              "java": {
                "insertions": 1,
                "deletions": 1
              },
              "sh": {
                "insertions": 5,
                "deletions": 1
              }
            }
          },
          {
            "hash": "4ed285a75503327442feb29a3ca2d2a93c1dd8f0",
            "messageTitle": "Automated Text UI Testing",
            "messageBody": "",
            "fileTypesAndContributionMap": {
              "txt": {
                "insertions": 6,
                "deletions": 0
              }
            }
          },
          {
            "hash": "59722bbc539d2f0eb37ff43cda572cac1d455e0c",
            "messageTitle": "Add, List",
            "messageBody": "",
            "fileTypesAndContributionMap": {
              "java": {
                "insertions": 42,
                "deletions": 6
              }
            }
          }
        ]
      },
      {
        "date": "2020-08-16",
        "commitResults": [
          {
            "hash": "dc007842a02c7a2c536515de1dd09b3bd0c9e73e",
            "messageTitle": "Handle Errors",
            "messageBody": "",
            "fileTypesAndContributionMap": {
              "txt": {
                "insertions": 1,
                "deletions": 0
              },
              "java": {
                "insertions": 86,
                "deletions": 44
              }
            }
          },
          {
            "hash": "9ba90db3a8ca397c1832f1da3daebd81358d9e79",
            "messageTitle": "Delete",
            "messageBody": "",
            "tags": [
              "Level-6"
            ],
            "fileTypesAndContributionMap": {
              "java": {
                "insertions": 21,
                "deletions": 2
              }
            }
          }
        ]
      },
      {
        "date": "2020-08-18",
        "commitResults": [
          {
            "hash": "806dda7b46db0966a297ed6839cd8982481de31f",
            "messageTitle": "debug symbol(utf-8)",
            "messageBody": "",
            "fileTypesAndContributionMap": {
              "txt": {
                "insertions": 1,
                "deletions": 0
              },
              "sh": {
                "insertions": 1,
                "deletions": 0
              }
            }
          },
          {
            "hash": "3caa2d311dec983b424acccf50bb13623847722e",
            "messageTitle": "create a Validator class",
            "messageBody": "",
            "tags": [
              "Level-5"
            ],
            "fileTypesAndContributionMap": {
              "java": {
                "insertions": 44,
                "deletions": 42
              }
            }
          },
          {
            "hash": "3489bdd3ee16d27d2be4191caa4c07db7befb533",
            "messageTitle": "Use Enums",
            "messageBody": "",
            "fileTypesAndContributionMap": {
              "txt": {
                "insertions": 1,
                "deletions": 0
              },
              "java": {
                "insertions": 35,
                "deletions": 14
              }
            }
          },
          {
            "hash": "089ceb546a7523bc8d99b1cbc6ff118343e40362",
            "messageTitle": "catch error cause by enums",
            "messageBody": "",
            "tags": [
              "A-Enums"
            ],
            "fileTypesAndContributionMap": {
              "java": {
                "insertions": 1,
                "deletions": 1
              }
            }
          }
        ]
      },
      {
        "date": "2020-08-19",
        "commitResults": [
          {
            "hash": "bb53ccfaf222af18e2683cab487261bccb64c731",
            "messageTitle": "1) print no task message and task marked done message 2) modify message print",
            "messageBody": "",
            "fileTypesAndContributionMap": {
              "java": {
                "insertions": 28,
                "deletions": 17
              }
            }
          }
        ]
      },
      {
        "date": "2020-08-20",
        "commitResults": [
          {
            "hash": "20a4c624da144d90a0511e33e55a0faefb1f8899",
            "messageTitle": "New Automated Text UI Testing on including new feature(delete, error message)",
            "messageBody": "",
            "tags": [
              "A-TextUiTesting"
            ],
            "fileTypesAndContributionMap": {
              "txt": {
                "insertions": 12,
                "deletions": 1
              },
              "java": {
                "insertions": 1,
                "deletions": 1
              }
            }
          }
        ]
      },
      {
        "date": "2020-08-21",
        "commitResults": [
          {
            "hash": "85fecd3caaca9060425bba968535ff8a565c2d20",
            "messageTitle": "Create file and writing to the file",
            "messageBody": "",
            "fileTypesAndContributionMap": {
              "txt": {
                "insertions": 1,
                "deletions": 0
              },
              "java": {
                "insertions": 67,
                "deletions": 5
              }
            }
          },
          {
            "hash": "32843d2d2735fcfac6bf6d2f47aa59b6c8cfa5dd",
            "messageTitle": "Delete task in file",
            "messageBody": "",
            "fileTypesAndContributionMap": {
              "java": {
                "insertions": 35,
                "deletions": 5
              }
            }
          },
          {
            "hash": "005ff427e9a1eba6db0024fe29285605b690ba89",
            "messageTitle": "Mark task in file done",
            "messageBody": "",
            "fileTypesAndContributionMap": {
              "java": {
                "insertions": 39,
                "deletions": 3
              }
            }
          }
        ]
      },
      {
        "date": "2020-08-22",
        "commitResults": [
          {
            "hash": "7266b248b77f0f6eef27291f31b0c2cbe87b0189",
            "messageTitle": "Read file and list task",
            "messageBody": "",
            "fileTypesAndContributionMap": {
              "java": {
                "insertions": 48,
                "deletions": 12
              }
            }
          },
          {
            "hash": "09a681aaa1c65f754c1a69aa15761cbe93732b46",
            "messageTitle": "Print Message when Adding Task into File",
            "messageBody": "",
            "fileTypesAndContributionMap": {
              "java": {
                "insertions": 11,
                "deletions": 26
              }
            }
          },
          {
            "hash": "38c4d6dc302324771d3f9978a19ab1c2739b6533",
            "messageTitle": "Add Task Creator",
            "messageBody": "",
            "fileTypesAndContributionMap": {
              "java": {
                "insertions": 27,
                "deletions": 4
              }
            }
          },
          {
            "hash": "5e513149a911a0ae5fafed4129780bbc07245324",
            "messageTitle": "Print Message when Update Task Status in File",
            "messageBody": "",
            "fileTypesAndContributionMap": {
              "java": {
                "insertions": 23,
                "deletions": 15
              }
            }
          },
          {
            "hash": "82c37f86a50fcf988ecb9515b0c9c4889d4ab8a3",
            "messageTitle": "Print Message when Delete Task from File",
            "messageBody": "",
            "fileTypesAndContributionMap": {
              "java": {
                "insertions": 20,
                "deletions": 8
              }
            }
          },
          {
            "hash": "527dd91ae02fb5ce46d1a9686c1a7acfa310a447",
            "messageTitle": "Message Correction when Testing",
            "messageBody": "",
            "fileTypesAndContributionMap": {
              "java": {
                "insertions": 2,
                "deletions": 3
              }
            }
          },
          {
            "hash": "0cf7c11cbad38604c37b7f58180ccc397f1de86f",
            "messageTitle": "Remove the Additional Code",
            "messageBody": "",
            "tags": [
              "Level-7"
            ],
            "fileTypesAndContributionMap": {
              "java": {
                "insertions": 3,
                "deletions": 101
              }
            }
          },
          {
            "hash": "904e3903b74d917f1cf48d06598e736159e8b3f5",
            "messageTitle": "Introduce LocalDate to Event and Deadline",
            "messageBody": "",
            "fileTypesAndContributionMap": {
              "java": {
                "insertions": 44,
                "deletions": 20
              }
            }
          },
          {
            "hash": "3e0b5c78a9dc718cfe2caa345852330712bb9b9a",
            "messageTitle": "Testing for Date",
            "messageBody": "",
            "fileTypesAndContributionMap": {
              "txt": {
                "insertions": 2,
                "deletions": 2
              }
            }
          }
        ]
      },
      {
        "date": "2020-08-23",
        "commitResults": [
          {
            "hash": "45d381aff904e270f6f963f839878a71fdb4e114",
            "messageTitle": "Use More OOP",
            "messageBody": "",
            "fileTypesAndContributionMap": {
              "txt": {
                "insertions": 4,
                "deletions": 2
              },
              "java": {
                "insertions": 237,
                "deletions": 346
              }
            }
          },
          {
            "hash": "db662f52b7e6c77e59c79a13252e2fb2f79f4fab",
            "messageTitle": "Use More OOP",
            "messageBody": "",
            "tags": [
              "A-MoreOOP"
            ],
            "fileTypesAndContributionMap": {
              "java": {
                "insertions": 232,
                "deletions": 0
              }
            }
          },
          {
            "hash": "f695bf833410275ecda2942b89dbb9a20343160e",
            "messageTitle": "Add More Test",
            "messageBody": "",
            "fileTypesAndContributionMap": {
              "txt": {
                "insertions": 5,
                "deletions": 0
              },
              "java": {
                "insertions": 8,
                "deletions": 2
              }
            }
          },
          {
            "hash": "4bc11a863c02c5e43a6cfa64c0a239c98f3243d7",
            "messageTitle": "Organize into Packages",
            "messageBody": "",
            "tags": [
              "A-Packages"
            ],
            "fileTypesAndContributionMap": {
              "txt": {
                "insertions": 10,
                "deletions": 10
              },
              "java": {
                "insertions": 60,
                "deletions": 11
              }
            }
          },
          {
            "hash": "b21812a2f82cf5bc21f00f06faead7a81529bd54",
            "messageTitle": "Junit Parser Test",
            "messageBody": "",
            "fileTypesAndContributionMap": {
              "java": {
                "insertions": 65,
                "deletions": 2
              }
            }
          },
          {
            "hash": "1b39fc21fb02bb35a75769026cedc41b1f3b548d",
            "messageTitle": "Junit Storage, TaskList, Ui Test",
            "messageBody": "",
            "tags": [
              "A-JUnit"
            ],
            "fileTypesAndContributionMap": {
              "txt": {
                "insertions": 2,
                "deletions": 0
              },
              "java": {
                "insertions": 111,
                "deletions": 7
              }
            }
          },
          {
            "hash": "806f4561682fcbd2ae3b732edd271e5107d03d5b",
            "messageTitle": "Change File name",
            "messageBody": "",
            "fileTypesAndContributionMap": {
              "java": {
                "insertions": 0,
                "deletions": 33
              }
            }
          },
          {
            "hash": "ff260b348b22afd2044cd75fcddbba7a60c32a0a",
            "messageTitle": "Change File Name",
            "messageBody": "",
            "tags": [
              "v0.1"
            ],
            "fileTypesAndContributionMap": {
              "java": {
                "insertions": 33,
                "deletions": 0
              }
            }
          },
          {
            "hash": "cbdacf29ff7bc203c36047af026727d4b6dcf1b6",
            "messageTitle": "Javadoc for Command, DukeException, Parser and Storage",
            "messageBody": "",
            "fileTypesAndContributionMap": {
              "java": {
                "insertions": 79,
                "deletions": 6
              }
            }
          },
          {
            "hash": "d0915656cf11c7cea5e44f85d969688907cd2ee6",
            "messageTitle": "Javadoc for Tasks package and minor change on Storage",
            "messageBody": "",
            "fileTypesAndContributionMap": {
              "java": {
                "insertions": 70,
                "deletions": 3
              }
            }
          },
          {
            "hash": "522e9121221f0abee8e909c8c623663008c0fbdc",
            "messageTitle": "Javadoc for Ui and Mug",
            "messageBody": "",
            "fileTypesAndContributionMap": {
              "java": {
                "insertions": 29,
                "deletions": 0
              }
            }
          },
          {
            "hash": "926333960f0035198df4aa82e41fe43b0700e2ce",
            "messageTitle": "Change error name and minor warning debug",
            "messageBody": "",
            "fileTypesAndContributionMap": {
              "java": {
                "insertions": 60,
                "deletions": 69
              }
            }
          },
          {
            "hash": "7e498baeddd7eee23d08564c798b8d509f806993",
            "messageTitle": "Change Error File Name",
            "messageBody": "",
            "fileTypesAndContributionMap": {
              "java": {
                "insertions": 16,
                "deletions": 0
              }
            }
          }
        ]
      },
      {
        "date": "2020-08-24",
        "commitResults": [
          {
            "hash": "658bc7931d815d6274a69828a2bcfce6fc3290d7",
            "messageTitle": "Remove JavaDoc",
            "messageBody": "",
            "fileTypesAndContributionMap": {
              "java": {
                "insertions": 0,
                "deletions": 176
              }
            }
          },
          {
            "hash": "72eb72fe9e5f9b24498b7a20ff0598060e672118",
            "messageTitle": "JavaDoc for Every Class",
            "messageBody": "",
            "fileTypesAndContributionMap": {
              "java": {
                "insertions": 247,
                "deletions": 2
              }
            }
          },
          {
            "hash": "961bafad31f9abfa9ae971303a706d785f90a476",
            "messageTitle": "Follow the Coding Standard",
            "messageBody": "",
            "fileTypesAndContributionMap": {
              "txt": {
                "insertions": 2,
                "deletions": 0
              },
              "java": {
                "insertions": 159,
                "deletions": 154
              }
            }
          },
          {
            "hash": "38875acc1372217ce1bb8a8be9eb2081578112c7",
            "messageTitle": "Add MugException JavacDoc",
            "messageBody": "",
            "fileTypesAndContributionMap": {
              "java": {
                "insertions": 5,
                "deletions": 0
              }
            }
          },
          {
            "hash": "d20f05bdf2f7e71332adf5b3259c1eb2295a2838",
            "messageTitle": "Add Command Find",
            "messageBody": "",
            "fileTypesAndContributionMap": {
              "java": {
                "insertions": 30,
                "deletions": 1
              }
            }
          },
          {
            "hash": "5778435f5452bc0fddbd658fc1bcd9a1a2b28b7b",
            "messageTitle": "JavaDoc for Search Method",
            "messageBody": "",
            "tags": [
              "A-JavaDoc"
            ],
            "fileTypesAndContributionMap": {
              "java": {
                "insertions": 6,
                "deletions": 0
              }
            }
          },
          {
            "hash": "3ea19013b12ce4ad060a2342f459be8d1f6afab5",
            "messageTitle": "Add JUnit test and TextUiTesting",
            "messageBody": "",
            "fileTypesAndContributionMap": {
              "txt": {
                "insertions": 14,
                "deletions": 11
              },
              "java": {
                "insertions": 11,
                "deletions": 3
              },
              "sh": {
                "insertions": 1,
                "deletions": 1
              }
            }
          },
          {
            "hash": "6e27a340a34c4352c5ad321a047f3bc0a8458fca",
            "messageTitle": "Remove Local Storage File from TextUiTesting",
            "messageBody": "",
            "fileTypesAndContributionMap": {
              "txt": {
                "insertions": 0,
                "deletions": 2
              }
            }
          }
        ]
      },
      {
        "date": "2020-08-25",
        "commitResults": [
          {
            "hash": "29a504c341c9a969c832a2028098224a932d84a7",
            "messageTitle": "resolve cyclic dependency",
            "messageBody": "",
            "fileTypesAndContributionMap": {
              "java": {
                "insertions": 10,
                "deletions": 206
              }
            }
          },
          {
            "hash": "edcaca31f1223733c7b69f54908d071f193fd124",
            "messageTitle": "resolve cyclic dependency",
            "messageBody": "",
            "fileTypesAndContributionMap": {
              "java": {
                "insertions": 199,
                "deletions": 0
              }
            }
          }
        ]
      },
      {
        "date": "2020-08-27",
        "commitResults": [
          {
            "hash": "baccb928b7084c8dacf35aae801bcf62c1e25c23",
            "messageTitle": "move tasklist back to tasks package",
            "messageBody": "",
            "fileTypesAndContributionMap": {
              "java": {
                "insertions": 199,
                "deletions": 3
              }
            }
          },
          {
            "hash": "c3a648a7477cdad3f16030fb18f2aa5e7e04eb5c",
            "messageTitle": "Move TaskList back to tasks package",
            "messageBody": "",
            "fileTypesAndContributionMap": {
              "java": {
                "insertions": 0,
                "deletions": 199
              }
            }
          },
          {
            "hash": "5c636f54c3c799396320ff0d04aed9e1543b77f4",
            "messageTitle": "Use CheckStyle",
            "messageBody": "",
            "fileTypesAndContributionMap": {
              "gradle": {
                "insertions": 1,
                "deletions": 1
              },
              "java": {
                "insertions": 25,
                "deletions": 23
              },
              "sh": {
                "insertions": 74,
                "deletions": 0
              }
            }
          },
          {
            "hash": "30700ade7516c6b606f3ef7cb4f538ce4425f5b2",
            "messageTitle": "Test\u0027s checkstyle(manually)",
            "messageBody": "",
            "fileTypesAndContributionMap": {
              "java": {
                "insertions": 7,
                "deletions": 7
              }
            }
          },
          {
            "hash": "85f351cb44bed629979a6abfcf0a6f4b35c908a0",
            "messageTitle": "Use CheckStyle",
            "messageBody": "",
            "fileTypesAndContributionMap": {
              "java": {
                "insertions": 30,
                "deletions": 28
              },
              "sh": {
                "insertions": 74,
                "deletions": 0
              }
            }
          },
          {
            "hash": "ebbf43052cb85e25506bbdb8e97372632ac95f0e",
            "messageTitle": "Set up Gradle to run unit tests.",
            "messageBody": "",
            "fileTypesAndContributionMap": {
              "txt": {
                "insertions": 0,
                "deletions": 0
              },
              "java": {
                "insertions": 11,
                "deletions": 11
              }
            }
          }
        ]
      },
      {
        "date": "2020-08-28",
        "commitResults": [
          {
            "hash": "8458f7dcbede957dfa601d352706c4b0e02ca59b",
            "messageTitle": "JavaFX Tutorial Part 3",
            "messageBody": "",
            "fileTypesAndContributionMap": {
              "gradle": {
                "insertions": 15,
                "deletions": 0
              },
              "txt": {
                "insertions": 2,
                "deletions": 0
              },
              "java": {
                "insertions": 151,
                "deletions": 5
              }
            }
          }
        ]
      },
      {
        "date": "2020-08-30",
        "commitResults": [
          {
            "hash": "ba621479d300483859d48fe681291705b11ba71d",
            "messageTitle": "Add Gui part4",
            "messageBody": "",
            "fileTypesAndContributionMap": {
              "txt": {
                "insertions": 5,
                "deletions": 1
              },
              "fxml": {
                "insertions": 43,
                "deletions": 0
              },
              "java": {
                "insertions": 152,
                "deletions": 153
              }
            }
          },
          {
            "hash": "8ae0852339b2bf6e45852306415f0c72e6fbe775",
            "messageTitle": "Remove extra line",
            "messageBody": "",
            "fileTypesAndContributionMap": {
              "java": {
                "insertions": 1,
                "deletions": 3
              }
            }
          },
          {
            "hash": "ec632407e42dd3538dde9b737b197920141938c4",
            "messageTitle": "Use Checkstyle on Junit Test",
            "messageBody": "",
            "fileTypesAndContributionMap": {
              "gradle": {
                "insertions": 1,
                "deletions": 1
              },
              "java": {
                "insertions": 16,
                "deletions": 17
              }
            }
          }
        ]
      },
      {
        "date": "2020-08-31",
        "commitResults": [
          {
            "hash": "83c0c56c79b474217e96c48e2e96f16fa52098c5",
            "messageTitle": "Add welcome note when open",
            "messageBody": "",
            "fileTypesAndContributionMap": {
              "java": {
                "insertions": 12,
                "deletions": 2
              }
            }
          }
        ]
      },
      {
        "date": "2020-09-01",
        "commitResults": [
          {
            "hash": "512991824a34313540647da92a57ab89df3fa010",
            "messageTitle": "Disable Textfield and sendButton (Bye Command)",
            "messageBody": "",
            "fileTypesAndContributionMap": {
              "fxml": {
                "insertions": 1,
                "deletions": 1
              },
              "txt": {
                "insertions": 4,
                "deletions": 0
              },
              "java": {
                "insertions": 6,
                "deletions": 1
              }
            }
          },
          {
            "hash": "892a0fd081b777041b06d0e6c2b2038370f658ea",
            "messageTitle": "Try to change package first letter to small case",
            "messageBody": "",
            "fileTypesAndContributionMap": {
              "txt": {
                "insertions": 0,
                "deletions": 7
              },
              "java": {
                "insertions": 0,
                "deletions": 0
              }
            }
          },
          {
            "hash": "d2417a47d0ebfae836164af901e566bcd0843d04",
            "messageTitle": "Change package first letter to small case",
            "messageBody": "",
            "fileTypesAndContributionMap": {
              "java": {
                "insertions": 0,
                "deletions": 0
              }
            }
          },
          {
            "hash": "a426709d3fc8bb3007f1e30bde8a458090d56fb0",
            "messageTitle": "Change javaFX version",
            "messageBody": "",
            "fileTypesAndContributionMap": {
              "gradle": {
                "insertions": 1,
                "deletions": 1
              },
              "fxml": {
                "insertions": 2,
                "deletions": 2
              }
            }
          }
        ]
      },
      {
        "date": "2020-09-03",
        "commitResults": [
          {
            "hash": "63ab485398fa278bfd2d9c8ecb02fe01bc02fe79",
            "messageTitle": "Rename variable and change visibility of some method",
            "messageBody": "",
            "fileTypesAndContributionMap": {
              "java": {
                "insertions": 47,
                "deletions": 83
              }
            }
          },
          {
            "hash": "338a0b1eb092420f5e875b0624394c04a5c5bca5",
            "messageTitle": "Generate new Jar File",
            "messageBody": "",
            "fileTypesAndContributionMap": {
              "gradle": {
                "insertions": 2,
                "deletions": 2
              }
            }
          }
        ]
      },
      {
        "date": "2020-09-04",
        "commitResults": [
          {
            "hash": "6bf1b101f1a5ee6a095fb0394ea5ddd307aa2391",
            "messageTitle": "Assertions for Done, Delete and Command",
            "messageBody": "",
            "fileTypesAndContributionMap": {
              "java": {
                "insertions": 15,
                "deletions": 3
              }
            }
          },
          {
            "hash": "53646a84f5e048ec8602bc088ccb0f03791d6cfa",
            "messageTitle": "Add more Assertions",
            "messageBody": "",
            "fileTypesAndContributionMap": {
              "java": {
                "insertions": 18,
                "deletions": 0
              }
            }
          },
          {
            "hash": "81633dfe2d54e997df0520c9f1dbb4cb14673977",
            "messageTitle": "Improve code quality",
            "messageBody": "",
            "fileTypesAndContributionMap": {
              "java": {
                "insertions": 120,
                "deletions": 36
              }
            }
          },
          {
            "hash": "2c26a16b85248b1312c53d3a4825dea95815b399",
            "messageTitle": "Rearrange assert in Ui and remove unnecessarily comment",
            "messageBody": "",
            "fileTypesAndContributionMap": {
              "java": {
                "insertions": 9,
                "deletions": 18
              }
            }
          },
          {
            "hash": "4ad454fe4ebcc41f2628cae9bb519e50702ca43b",
            "messageTitle": "Change for loop to Stream",
            "messageBody": "",
            "fileTypesAndContributionMap": {
              "java": {
                "insertions": 25,
                "deletions": 24
              }
            }
          }
        ]
      },
      {
        "date": "2020-09-06",
        "commitResults": [
          {
            "hash": "1ff83eb4a4d7fd3b6143896e593bfcba103f807b",
            "messageTitle": "Add undo command first version",
            "messageBody": "",
            "fileTypesAndContributionMap": {
              "java": {
                "insertions": 229,
                "deletions": 9
              }
            }
          },
          {
            "hash": "da043eb54c4257c311c021a0a4a289807cf5a52d",
            "messageTitle": "Change undo error message",
            "messageBody": "",
            "fileTypesAndContributionMap": {
              "java": {
                "insertions": 44,
                "deletions": 14
              }
            }
          },
          {
            "hash": "0780dfda7eed5b896c11cda78b5bd654c66b4813",
            "messageTitle": "Rewrite undo to more readable",
            "messageBody": "",
            "fileTypesAndContributionMap": {
              "java": {
                "insertions": 71,
                "deletions": 95
              }
            }
          },
          {
            "hash": "36c3aa00e2c550847465558fc304892df7cf0a8a",
            "messageTitle": "Add Assertions",
            "messageBody": "",
            "fileTypesAndContributionMap": {
              "java": {
                "insertions": 6,
                "deletions": 2
              }
            }
          },
          {
            "hash": "e2824664afef1ff6f703506b8c347d403620d8b8",
            "messageTitle": "Change Scanner to BufferedReader",
            "messageBody": "",
            "fileTypesAndContributionMap": {
              "java": {
                "insertions": 25,
                "deletions": 20
              }
            }
          }
        ]
      },
      {
        "date": "2020-09-07",
        "commitResults": [
          {
            "hash": "85eb32dea1389f78f3c3dbf51f704a9b90096dda",
            "messageTitle": "Change the use of magic String and  update Javadoc",
            "messageBody": "",
            "fileTypesAndContributionMap": {
              "java": {
                "insertions": 28,
                "deletions": 13
              }
            }
          },
          {
            "hash": "cb9177c90e28c8dfc5408296f5eab73a71251ad6",
            "messageTitle": "Allow multiple undo",
            "messageBody": "",
            "fileTypesAndContributionMap": {
              "java": {
                "insertions": 46,
                "deletions": 11
              }
            }
          }
        ]
      },
      {
        "date": "2020-09-08",
        "commitResults": [
          {
            "hash": "41032c9e068ef9c6e23cf721ad8cdbd42cc35f12",
            "messageTitle": "Solve merge bug",
            "messageBody": "",
            "fileTypesAndContributionMap": {
              "java": {
                "insertions": 8,
                "deletions": 8
              }
            }
          },
          {
            "hash": "8f92b651af708d722bb86af15668138aad2ffc3e",
            "messageTitle": "Rename parser to validator",
            "messageBody": "",
            "fileTypesAndContributionMap": {
              "txt": {
                "insertions": 1,
                "deletions": 1
              },
              "java": {
                "insertions": 38,
                "deletions": 38
              }
            }
          },
          {
            "hash": "253dcfba394de8f678766d4c928f746cc2700593",
            "messageTitle": "Correct Checkstyle",
            "messageBody": "",
            "fileTypesAndContributionMap": {
              "java": {
                "insertions": 3,
                "deletions": 2
              }
            }
          },
          {
            "hash": "7aa8d3725e55a893304024886219a1e7e9a09904",
            "messageTitle": "Correct Checkstyle",
            "messageBody": "",
            "fileTypesAndContributionMap": {
              "txt": {
                "insertions": 1,
                "deletions": 1
              },
              "java": {
                "insertions": 12,
                "deletions": 5
              }
            }
          },
          {
            "hash": "59aaf430fde7a2039eca0b9d7199598b25348806",
            "messageTitle": "remove ParserTest",
            "messageBody": "",
            "fileTypesAndContributionMap": {
              "java": {
                "insertions": 0,
                "deletions": 65
              }
            }
          },
          {
            "hash": "ce99065668b470c20481a63e801d850510aa7f0e",
            "messageTitle": "Correct ValidatorTest",
            "messageBody": "",
            "fileTypesAndContributionMap": {
              "java": {
                "insertions": 2,
                "deletions": 2
              }
            }
          },
          {
            "hash": "6aa745d8247e003363bdc69a3a711eb9be70dd16",
            "messageTitle": "Change Checkstyle and JUnit test",
            "messageBody": "",
            "fileTypesAndContributionMap": {
              "java": {
                "insertions": 2,
                "deletions": 2
              }
            }
          },
          {
            "hash": "fc567118a777986cf5f01e7e4695bad15188ee49",
            "messageTitle": "Change message return",
            "messageBody": "",
            "fileTypesAndContributionMap": {
              "java": {
                "insertions": 11,
                "deletions": 11
              }
            }
          },
          {
            "hash": "d688323f52bdf406df8914670a388ab47cf09670",
            "messageTitle": "Solving Ci",
            "messageBody": "",
            "fileTypesAndContributionMap": {
              "java": {
                "insertions": 5,
                "deletions": 4
              }
            }
          }
        ]
      },
      {
        "date": "2020-09-11",
        "commitResults": [
          {
            "hash": "ed629b2f5777f8e4789b738bffed8782b9fd8546",
            "messageTitle": "Change Scanner to BufferReader",
            "messageBody": "",
            "fileTypesAndContributionMap": {
              "java": {
                "insertions": 66,
                "deletions": 52
              },
              "bat": {
                "insertions": 2,
                "deletions": 0
              }
            }
          }
        ]
      },
      {
        "date": "2020-09-12",
        "commitResults": [
          {
            "hash": "64c78dfa4f04304c7f6d2578c2da390f4892c4af",
            "messageTitle": "Change exception caught",
            "messageBody": "",
            "fileTypesAndContributionMap": {
              "java": {
                "insertions": 8,
                "deletions": 6
              }
            }
          },
          {
            "hash": "2986b60c701244c36c28eba89253acb96ca6acd2",
            "messageTitle": "Add Optional",
            "messageBody": "",
            "fileTypesAndContributionMap": {
              "java": {
                "insertions": 29,
                "deletions": 21
              }
            }
          },
          {
            "hash": "b8f6dda2706dc6f87c08862133535d0c5da16abb",
            "messageTitle": "Organise Storage",
            "messageBody": "",
            "fileTypesAndContributionMap": {
              "fxml": {
                "insertions": 1,
                "deletions": 1
              },
              "java": {
                "insertions": 342,
                "deletions": 296
              }
            }
          },
          {
            "hash": "2c29bcda6ee9a6e92fd37539421ed23411e5d0cf",
            "messageTitle": "Update JUnit test",
            "messageBody": "",
            "fileTypesAndContributionMap": {
              "java": {
                "insertions": 12,
                "deletions": 9
              }
            }
          },
          {
            "hash": "701083c34a9a9f0834b734a558549473e6d664c0",
            "messageTitle": "Update Checkstyle",
            "messageBody": "",
            "fileTypesAndContributionMap": {
              "java": {
                "insertions": 1,
                "deletions": 1
              }
            }
          },
          {
            "hash": "99323f9376295fc0babb33fc10d7b9e0554deb8c",
            "messageTitle": "Update checkstyle",
            "messageBody": "",
            "fileTypesAndContributionMap": {
              "java": {
                "insertions": 2,
                "deletions": 2
              }
            }
          }
        ]
      },
      {
        "date": "2020-09-13",
        "commitResults": [
          {
            "hash": "b37884bb97f86bd46b2f830f0582140a151db969",
            "messageTitle": "Update README.md",
            "messageBody": "Draft UG",
            "fileTypesAndContributionMap": {
              "md": {
                "insertions": 63,
                "deletions": 2
              }
            }
          },
          {
            "hash": "9ba1d9503b1cc56cc0a10d0a1599c1a9ede638c0",
            "messageTitle": "Update README.md",
            "messageBody": "Reorganise feature",
            "fileTypesAndContributionMap": {
              "md": {
                "insertions": 129,
                "deletions": 41
              }
            }
          },
          {
            "hash": "300b17cbc1eeb90473a85e1f3ee717496f660c59",
            "messageTitle": "Update README.md",
            "messageBody": "Refine the user guide",
            "fileTypesAndContributionMap": {
              "md": {
                "insertions": 50,
                "deletions": 17
              }
            }
          },
          {
            "hash": "4e228d78e3e5ac7ddca18e14ba4d5c90114d74cd",
            "messageTitle": "Update README.md",
            "messageBody": "minor change",
            "fileTypesAndContributionMap": {
              "md": {
                "insertions": 2,
                "deletions": 2
              }
            }
          },
          {
            "hash": "0a2f02c5b8a41f1ff1b645f1f7780cc541378d97",
            "messageTitle": "Update README.md",
            "messageBody": "rename image",
            "fileTypesAndContributionMap": {
              "md": {
                "insertions": 1,
                "deletions": 1
              }
            }
          },
          {
            "hash": "a87e1e8aeed2acd017ed42fd3686dfdea5228e99",
            "messageTitle": "Update README.md",
            "messageBody": "",
            "fileTypesAndContributionMap": {
              "md": {
                "insertions": 1,
                "deletions": 1
              }
            }
          },
          {
            "hash": "d9dfd2db0d2303cc414434e45baef294709bce6c",
            "messageTitle": "Create mug package",
            "messageBody": "",
            "fileTypesAndContributionMap": {
              "gradle": {
                "insertions": 1,
                "deletions": 1
              },
              "fxml": {
                "insertions": 1,
                "deletions": 1
              },
              "txt": {
                "insertions": 15,
                "deletions": 15
              },
              "java": {
                "insertions": 108,
                "deletions": 97
              },
              "bat": {
                "insertions": 4,
                "deletions": 4
              },
              "md": {
                "insertions": 14,
                "deletions": 14
              }
            }
          },
          {
            "hash": "a760fe54da24406dc0ff2f034da89548e434c81d",
            "messageTitle": "Update JUnit test",
            "messageBody": "",
            "fileTypesAndContributionMap": {
              "java": {
                "insertions": 7,
                "deletions": 7
              }
            }
          },
          {
            "hash": "1abeba51c9ccf4c215e0be5e8a8a9d6558ac3814",
            "messageTitle": "Update JUnit test",
            "messageBody": "",
            "fileTypesAndContributionMap": {
              "java": {
                "insertions": 1,
                "deletions": 1
              }
            }
          },
          {
            "hash": "b4505d07481e65f5e87c056dbaef01552c42f710",
            "messageTitle": "Change message",
            "messageBody": "",
            "fileTypesAndContributionMap": {
              "java": {
                "insertions": 17,
                "deletions": 17
              }
            }
          },
          {
            "hash": "5633676561ca5a0331a9d6fce1c3704174f7e246",
            "messageTitle": "Update README.md",
            "messageBody": "Add v0.2 release link",
            "fileTypesAndContributionMap": {
              "md": {
                "insertions": 1,
                "deletions": 1
              }
            }
          },
          {
            "hash": "8e713317e85abd1d0ad2a2a93875a3d2eb97f1de",
            "messageTitle": "Update Readme and remove JavaDoc for private",
            "messageBody": "",
            "fileTypesAndContributionMap": {
              "java": {
                "insertions": 0,
                "deletions": 6
              },
              "md": {
                "insertions": 15,
                "deletions": 15
              }
            }
          },
          {
            "hash": "4e81361b5c467aefc253942ac9a26361ac4e3573",
            "messageTitle": "Add help command",
            "messageBody": "",
            "fileTypesAndContributionMap": {
              "java": {
                "insertions": 20,
                "deletions": 1
              }
            }
          },
          {
            "hash": "e5c756ab2e83377adb7c974eb8e4717d6102bd79",
            "messageTitle": "Update Readme( Add help command)",
            "messageBody": "",
            "fileTypesAndContributionMap": {
              "md": {
                "insertions": 21,
                "deletions": 1
              }
            }
          },
          {
            "hash": "e51ce689abde1cd8b8b858a313fab6f65dbf3a3b",
            "messageTitle": "Correct Spelling",
            "messageBody": "",
            "tags": [
              "v0.2",
              "A-UserGuide",
              "A-Release"
            ],
            "fileTypesAndContributionMap": {
              "md": {
                "insertions": 2,
                "deletions": 2
              }
            }
          }
        ]
      }
    ]
  },
  "authorFileTypeContributionMap": {
    "TianYong-Goh": {
      "java": 1711,
      "md": 198,
      "fxml": 43,
      "sh": 81,
      "bat": 6,
      "gradle": 18,
      "txt": 43
    }
  },
  "authorContributionVariance": {
    "TianYong-Goh": 113416.08
  },
  "authorDisplayNameMap": {
    "TianYong-Goh": "CS2103T-W10-2 GOH ..YONG"
  }
}
