{
  "authorDailyContributionsMap": {
    "m0nggh": [
      {
        "date": "2020-08-17",
        "commitResults": [
          {
            "hash": "6f50f5f5b52589579f61120acb0af7125dad80e7",
            "messageTitle": "Level-1 Completed",
            "messageBody": "",
            "tags": [
              "Level-1"
            ],
            "fileTypesAndContributionMap": {
              "java": {
                "insertions": 29,
                "deletions": 1
              }
            }
          },
          {
            "hash": "ea3974564993c3acb75657ff982d0b54f6b019b8",
            "messageTitle": "Level-2 Completed",
            "messageBody": "",
            "tags": [
              "Level-2"
            ],
            "fileTypesAndContributionMap": {
              "java": {
                "insertions": 24,
                "deletions": 2
              }
            }
          },
          {
            "hash": "495fd6f0a0a6766a9597677992adf4eba7821a4b",
            "messageTitle": "Level-3 Completed",
            "messageBody": "",
            "tags": [
              "Level-3"
            ],
            "fileTypesAndContributionMap": {
              "java": {
                "insertions": 43,
                "deletions": 13
              }
            }
          }
        ]
      },
      {
        "date": "2020-08-18",
        "commitResults": [
          {
            "hash": "f40d57949583b13613218048a6bacacc4d82d948",
            "messageTitle": "Level-4 Completed",
            "messageBody": "",
            "tags": [
              "Level-4"
            ],
            "fileTypesAndContributionMap": {
              "java": {
                "insertions": 65,
                "deletions": 8
              }
            }
          },
          {
            "hash": "7331cbc7d92ee5a88a5e137dda89fa5182407cec",
            "messageTitle": "A-TextUiTesting Completed",
            "messageBody": "",
            "tags": [
              "A-TextUiTesting"
            ],
            "fileTypesAndContributionMap": {
              "txt": {
                "insertions": 13,
                "deletions": 0
              },
              "java": {
                "insertions": 1,
                "deletions": 1
              },
              "bat": {
                "insertions": 1,
                "deletions": 1
              }
            }
          },
          {
            "hash": "f224142a9c81c3ecec52e168cac78583d988959b",
            "messageTitle": "Level-5 Completed",
            "messageBody": "",
            "tags": [
              "Level-5"
            ],
            "fileTypesAndContributionMap": {
              "java": {
                "insertions": 72,
                "deletions": 28
              }
            }
          },
          {
            "hash": "f5d38767cdcb95064464dd2136d97e81c7d15fca",
            "messageTitle": "Level-6 Completed",
            "messageBody": "",
            "tags": [
              "Level-6"
            ],
            "fileTypesAndContributionMap": {
              "java": {
                "insertions": 27,
                "deletions": 12
              }
            }
          }
        ]
      },
      {
        "date": "2020-08-20",
        "commitResults": [
          {
            "hash": "b144918c2f44b659bc83d97f4cf8d13d80bdc53a",
            "messageTitle": "A-Enums Completed, Updated UiTesting for delete",
            "messageBody": "",
            "tags": [
              "A-Enums"
            ],
            "fileTypesAndContributionMap": {
              "txt": {
                "insertions": 2,
                "deletions": 0
              },
              "java": {
                "insertions": 103,
                "deletions": 62
              }
            }
          }
        ]
      },
      {
        "date": "2020-08-23",
        "commitResults": [
          {
            "hash": "cb983dd9ad24d5b7aa4ff078a577c882191d6bc9",
            "messageTitle": "Level-7 Completed: save and load task with hard disk",
            "messageBody": "",
            "fileTypesAndContributionMap": {
              "txt": {
                "insertions": 3,
                "deletions": 0
              },
              "java": {
                "insertions": 140,
                "deletions": 2
              }
            }
          }
        ]
      }
    ]
  },
  "authorFileTypeContributionMap": {
    "m0nggh": {
      "java": 376,
      "md": 0,
      "fxml": 0,
      "sh": 0,
      "bat": 1,
      "gradle": 0,
      "txt": 18
    }
  },
  "authorContributionVariance": {
    "m0nggh": 7125.81
  },
  "authorDisplayNameMap": {
    "m0nggh": "ONG ..COLM"
  }
}
