{
  "authorDailyContributionsMap": {
    "xz0127": [
      {
        "date": "2020-08-19",
        "commitResults": [
          {
            "hash": "619d828a7a9d21c87bb38ea70a7db550609995f0",
            "messageTitle": "added level-1 increment with customised bot",
            "messageBody": "",
            "tags": [
              "Level-1"
            ],
            "fileTypesAndContributionMap": {
              "java": {
                "insertions": 44,
                "deletions": 6
              }
            }
          },
          {
            "hash": "52e882f55583cd5a90f1ad235e8c5c45cc79f515",
            "messageTitle": "added level-2 increment",
            "messageBody": "",
            "tags": [
              "Level-2"
            ],
            "fileTypesAndContributionMap": {
              "java": {
                "insertions": 39,
                "deletions": 1
              }
            }
          }
        ]
      },
      {
        "date": "2020-08-20",
        "commitResults": [
          {
            "hash": "54b3b2feda27f49b0a2ab89117db0868a1975631",
            "messageTitle": "added level-3 increment with marking as done ability",
            "messageBody": "",
            "tags": [
              "Level-3"
            ],
            "fileTypesAndContributionMap": {
              "java": {
                "insertions": 78,
                "deletions": 35
              }
            }
          },
          {
            "hash": "b8cb908faee49f3b73b527cf36a1cb664cfe6f2e",
            "messageTitle": "added level-4 increment with Todos, Events and Deadlines",
            "messageBody": "",
            "tags": [
              "Level-4"
            ],
            "fileTypesAndContributionMap": {
              "java": {
                "insertions": 140,
                "deletions": 13
              }
            }
          },
          {
            "hash": "4b745fe5cf157b9a1e36f7c55762d8199b62f840",
            "messageTitle": "added TextUiTesting increment",
            "messageBody": "",
            "tags": [
              "A-TextUiTesting"
            ],
            "fileTypesAndContributionMap": {
              "txt": {
                "insertions": 11,
                "deletions": 0
              },
              "sh": {
                "insertions": 5,
                "deletions": 0
              }
            }
          },
          {
            "hash": "a12111b2e4023b3bd9da044658e4dc1cbee358b2",
            "messageTitle": "added level-5 increment",
            "messageBody": "",
            "tags": [
              "Level-5"
            ],
            "fileTypesAndContributionMap": {
              "java": {
                "insertions": 158,
                "deletions": 53
              }
            }
          },
          {
            "hash": "c40c1ac53d3ed4900c464772ad0418d39c15a2a9",
            "messageTitle": "added level-6 increment",
            "messageBody": "",
            "tags": [
              "Level-6"
            ],
            "fileTypesAndContributionMap": {
              "txt": {
                "insertions": 5,
                "deletions": 0
              },
              "java": {
                "insertions": 21,
                "deletions": 1
              }
            }
          },
          {
            "hash": "b528890acd692ee9ced5ed6aac87ceba6371a584",
            "messageTitle": "added Enum for emoji",
            "messageBody": "",
            "tags": [
              "A-Enums"
            ],
            "fileTypesAndContributionMap": {
              "java": {
                "insertions": 33,
                "deletions": 12
              }
            }
          },
          {
            "hash": "420862fec8f51e4d63eda62fbc61d3928f8a99cd",
            "messageTitle": "changed source root",
            "messageBody": "",
            "fileTypesAndContributionMap": {
              "java": {
                "insertions": 0,
                "deletions": 16
              }
            }
          }
        ]
      },
      {
        "date": "2020-08-26",
        "commitResults": [
          {
            "hash": "b84302f6c6839a700c3bf3d4ff9853a98928dea7",
            "messageTitle": "Add level-7 increment",
            "messageBody": "",
            "tags": [
              "Level-7"
            ],
            "fileTypesAndContributionMap": {
              "txt": {
                "insertions": 5,
                "deletions": 0
              },
              "java": {
                "insertions": 116,
                "deletions": 12
              }
            }
          },
          {
            "hash": "ae50aaf7bc7b700f9a9c8e842ed08bf6a8a81ddb",
            "messageTitle": "Add level-8 increment",
            "messageBody": "",
            "fileTypesAndContributionMap": {
              "java": {
                "insertions": 20,
                "deletions": 8
              }
            }
          },
          {
            "hash": "0309ade673610cd0fe8089b52634571f8a31e2f6",
            "messageTitle": "Add A-MoreOOP increment",
            "messageBody": "",
            "tags": [
              "A-MoreOOP"
            ],
            "fileTypesAndContributionMap": {
              "txt": {
                "insertions": 4,
                "deletions": 3
              },
              "java": {
                "insertions": 354,
                "deletions": 281
              }
            }
          },
          {
            "hash": "805a8b003edca19ee7f9215c91010eafcb69b836",
            "messageTitle": "Add A-Packages increment",
            "messageBody": "",
            "tags": [
              "A-Packages"
            ],
            "fileTypesAndContributionMap": {
              "java": {
                "insertions": 42,
                "deletions": 12
              }
            }
          },
          {
            "hash": "40e5a6b434cdbf859ab1b3df09049f4249e3cef8",
            "messageTitle": "Add A-JUnit increment",
            "messageBody": "",
            "tags": [
              "A-Jar",
              "A-JUnit"
            ],
            "fileTypesAndContributionMap": {
              "java": {
                "insertions": 73,
                "deletions": 0
              }
            }
          },
          {
            "hash": "db7991a55a3d247bdb45e992d2a014d054074c9c",
            "messageTitle": "Add A-JavaDoc increment",
            "messageBody": "",
            "tags": [
              "A-JavaDoc"
            ],
            "fileTypesAndContributionMap": {
              "java": {
                "insertions": 247,
                "deletions": 37
              }
            }
          },
          {
            "hash": "fd075d1246b9fe53f00a688191c07c10fffffa6b",
            "messageTitle": "Add A-CodingStandard increment",
            "messageBody": "",
            "fileTypesAndContributionMap": {
              "java": {
                "insertions": 5,
                "deletions": 58
              }
            }
          },
          {
            "hash": "af8fe00eb650e11bef33423d878be35a11225845",
            "messageTitle": "Add Level-9 increment",
            "messageBody": "",
            "fileTypesAndContributionMap": {
              "java": {
                "insertions": 33,
                "deletions": 2
              }
            }
          }
        ]
      },
      {
        "date": "2020-09-01",
        "commitResults": [
          {
            "hash": "3866994ea0229726bf54234a6db2dce242f34eb2",
            "messageTitle": "Refactor code according to reviews",
            "messageBody": "",
            "fileTypesAndContributionMap": {
              "java": {
                "insertions": 116,
                "deletions": 69
              },
              "bat": {
                "insertions": 2,
                "deletions": 2
              },
              "sh": {
                "insertions": 2,
                "deletions": 2
              },
              "md": {
                "insertions": 2,
                "deletions": 2
              }
            }
          }
        ]
      },
      {
        "date": "2020-09-02",
        "commitResults": [
          {
            "hash": "493773845150cc16c7532a6328f891475635f85c",
            "messageTitle": "Update A-Gradle",
            "messageBody": "",
            "tags": [
              "A-Gradle"
            ],
            "fileTypesAndContributionMap": {
              "gradle": {
                "insertions": 2,
                "deletions": 1
              }
            }
          },
          {
            "hash": "1e156e254c8f510ee2565a47edf22552deeef6b4",
            "messageTitle": "Implement A-CheckStyle",
            "messageBody": "",
            "tags": [
              "A-CheckStyle"
            ],
            "fileTypesAndContributionMap": {
              "gradle": {
                "insertions": 1,
                "deletions": 1
              },
              "java": {
                "insertions": 60,
                "deletions": 95
              }
            }
          },
          {
            "hash": "ca1aff73fd3d1302b3f16d8f4f37b71a637c7559",
            "messageTitle": "Add Level-10 increment",
            "messageBody": "",
            "tags": [
              "Level-10"
            ],
            "fileTypesAndContributionMap": {
              "gradle": {
                "insertions": 15,
                "deletions": 0
              },
              "fxml": {
                "insertions": 39,
                "deletions": 0
              },
              "java": {
                "insertions": 288,
                "deletions": 110
              }
            }
          }
        ]
      },
      {
        "date": "2020-09-04",
        "commitResults": [
          {
            "hash": "6a2b0a4ce2fb80d03a162750172b95e8bc2ae7d3",
            "messageTitle": "Change UI Layout",
            "messageBody": "",
            "fileTypesAndContributionMap": {
              "fxml": {
                "insertions": 10,
                "deletions": 6
              },
              "java": {
                "insertions": 21,
                "deletions": 21
              }
            }
          }
        ]
      },
      {
        "date": "2020-09-09",
        "commitResults": [
          {
            "hash": "91fdb3f88c46f0ad03b8701a17f82076c34d8997",
            "messageTitle": "Configure Jar file",
            "messageBody": "",
            "fileTypesAndContributionMap": {
              "gradle": {
                "insertions": 2,
                "deletions": 2
              }
            }
          },
          {
            "hash": "672709f40a990690c4448d65d234df0158529059",
            "messageTitle": "Implement A-Assertions",
            "messageBody": "",
            "fileTypesAndContributionMap": {
              "java": {
                "insertions": 15,
                "deletions": 5
              }
            }
          },
          {
            "hash": "72fae6282dd3135484f0167d9298091d05aba8ee",
            "messageTitle": "Improve Code Quality",
            "messageBody": "",
            "fileTypesAndContributionMap": {
              "java": {
                "insertions": 89,
                "deletions": 65
              }
            }
          },
          {
            "hash": "1aba7548540a70431633f06847d5f53deb88375d",
            "messageTitle": "Implement A-Streams and A-Lambdas",
            "messageBody": "",
            "tags": [
              "A-Streams",
              "A-Lambdas"
            ],
            "fileTypesAndContributionMap": {
              "txt": {
                "insertions": 0,
                "deletions": 2
              },
              "java": {
                "insertions": 7,
                "deletions": 3
              }
            }
          },
          {
            "hash": "72dccfcd1bdcee9f7d7feb4b0edcb4b0f419ac64",
            "messageTitle": "Fix CheckStyle issue",
            "messageBody": "",
            "fileTypesAndContributionMap": {
              "java": {
                "insertions": 8,
                "deletions": 6
              },
              "sh": {
                "insertions": 1,
                "deletions": 1
              }
            }
          },
          {
            "hash": "5bdd2380c5f57e09b4392f089184c08fe5c8a861",
            "messageTitle": "Add B-FindFreeTime extension",
            "messageBody": "",
            "fileTypesAndContributionMap": {
              "java": {
                "insertions": 295,
                "deletions": 0
              }
            }
          }
        ]
      },
      {
        "date": "2020-09-16",
        "commitResults": [
          {
            "hash": "834a3016b828f1c1cc3c4e0c86805259959a5f63",
            "messageTitle": "Add A-BetterGui increment",
            "messageBody": "",
            "fileTypesAndContributionMap": {
              "fxml": {
                "insertions": 5,
                "deletions": 4
              },
              "java": {
                "insertions": 24,
                "deletions": 21
              }
            }
          },
          {
            "hash": "fe7310a719e08419ef4c823ba2c2620b069b94d5",
            "messageTitle": "Add A-UserGuide increment",
            "messageBody": "",
            "fileTypesAndContributionMap": {
              "md": {
                "insertions": 79,
                "deletions": 8
              }
            }
          },
          {
            "hash": "e34b5af077a4fbd2e83d28c5c3cb61a789fe2515",
            "messageTitle": "Fix styling issues",
            "messageBody": "",
            "tags": [
              "v0.2"
            ],
            "fileTypesAndContributionMap": {
              "md": {
                "insertions": 2,
                "deletions": 1
              }
            }
          }
        ]
      },
      {
        "date": "2020-09-18",
        "commitResults": [
          {
            "hash": "530310e37947aab68b4f58838b97fa1905a8ddec",
            "messageTitle": "Update background image",
            "messageBody": "",
            "tags": [
              "A-BetterGui"
            ],
            "fileTypesAndContributionMap": {
              "txt": {
                "insertions": 0,
                "deletions": 1
              },
              "fxml": {
                "insertions": 2,
                "deletions": 2
              }
            }
          },
          {
            "hash": "d276aa15f46cc5108ee482695e46e07491d5655f",
            "messageTitle": "Update README.md",
            "messageBody": "",
            "fileTypesAndContributionMap": {
              "java": {
                "insertions": 2,
                "deletions": 2
              },
              "md": {
                "insertions": 138,
                "deletions": 74
              }
            }
          },
          {
            "hash": "8d6ba8d00939d3aee0e0f9c322d47b578ba513ec",
            "messageTitle": "Update README.md",
            "messageBody": "",
            "fileTypesAndContributionMap": {
              "md": {
                "insertions": 11,
                "deletions": 10
              }
            }
          },
          {
            "hash": "7a339b7581dd5bfbee309d1f5ee21385d84ae076",
            "messageTitle": "Update README.md link address",
            "messageBody": "",
            "fileTypesAndContributionMap": {
              "md": {
                "insertions": 4,
                "deletions": 3
              }
            }
          },
          {
            "hash": "dc3e481b4d7ae9f6700863a0adbf5b8f20897839",
            "messageTitle": "Update README.md introduction",
            "messageBody": "",
            "fileTypesAndContributionMap": {
              "md": {
                "insertions": 1,
                "deletions": 1
              }
            }
          },
          {
            "hash": "e558d6eb3754c2b138bcd694e70970f3fd586bd9",
            "messageTitle": "Refactor Exception classes",
            "messageBody": "",
            "fileTypesAndContributionMap": {
              "java": {
                "insertions": 105,
                "deletions": 71
              }
            }
          },
          {
            "hash": "775ce3ba2d3add912700a1a7ee097f5d26b78041",
            "messageTitle": "Update README",
            "messageBody": "",
            "fileTypesAndContributionMap": {
              "md": {
                "insertions": 1,
                "deletions": 1
              }
            }
          },
          {
            "hash": "2f425d1e5960cbec6cd283dc31d021055edb5edd",
            "messageTitle": "Exit programme on user input",
            "messageBody": "",
            "fileTypesAndContributionMap": {
              "java": {
                "insertions": 16,
                "deletions": 0
              }
            }
          },
          {
            "hash": "d28a68b37c285cfbfe95b17b9d0bc6d016edf1b8",
            "messageTitle": "Fix time formatting issues",
            "messageBody": "",
            "fileTypesAndContributionMap": {
              "java": {
                "insertions": 1,
                "deletions": 1
              }
            }
          },
          {
            "hash": "25176a9da34183642befdbbaa03f854596f20daa",
            "messageTitle": "Update README",
            "messageBody": "",
            "fileTypesAndContributionMap": {
              "md": {
                "insertions": 1,
                "deletions": 1
              }
            }
          },
          {
            "hash": "47fecd27710e231b34c5f7fa5a7da8bb81d3e408",
            "messageTitle": "Update README",
            "messageBody": "",
            "tags": [
              "v0.3",
              "A-UserGuide",
              "A-Release"
            ],
            "fileTypesAndContributionMap": {
              "md": {
                "insertions": 6,
                "deletions": 3
              }
            }
          }
        ]
      }
    ]
  },
  "authorFileTypeContributionMap": {
    "xz0127": {
      "java": 1457,
      "md": 146,
      "fxml": 44,
      "sh": 7,
      "bat": 2,
      "gradle": 19,
      "txt": 19
    }
  },
  "authorContributionVariance": {
    "xz0127": 70310.04
  },
  "authorDisplayNameMap": {
    "xz0127": "CS2103T-T12-4 XIN .. ZHE"
  }
}
