[
  {
    "path": "src/main/java/Deadline.java",
    "fileType": "java",
    "lines": [
      {
        "lineNumber": 1,
        "author": {
          "gitId": "ya0-yuan"
        },
        "content": "public class Deadline extends Task {"
      },
      {
        "lineNumber": 2,
        "author": {
          "gitId": "ya0-yuan"
        },
        "content": "    private String time;"
      },
      {
        "lineNumber": 3,
        "author": {
          "gitId": "ya0-yuan"
        },
        "content": ""
      },
      {
        "lineNumber": 4,
        "author": {
          "gitId": "ya0-yuan"
        },
        "content": "    public Deadline(String description, String time) {"
      },
      {
        "lineNumber": 5,
        "author": {
          "gitId": "ya0-yuan"
        },
        "content": "        super(description);"
      },
      {
        "lineNumber": 6,
        "author": {
          "gitId": "ya0-yuan"
        },
        "content": "        this.time \u003d time;"
      },
      {
        "lineNumber": 7,
        "author": {
          "gitId": "ya0-yuan"
        },
        "content": "    }"
      },
      {
        "lineNumber": 8,
        "author": {
          "gitId": "ya0-yuan"
        },
        "content": ""
      },
      {
        "lineNumber": 9,
        "author": {
          "gitId": "ya0-yuan"
        },
        "content": "    public String toString() {"
      },
      {
        "lineNumber": 10,
        "author": {
          "gitId": "ya0-yuan"
        },
        "content": "        return \"[D]\" + super.toString()"
      },
      {
        "lineNumber": 11,
        "author": {
          "gitId": "ya0-yuan"
        },
        "content": "                + \" (by: \" + time + \")\";"
      },
      {
        "lineNumber": 12,
        "author": {
          "gitId": "ya0-yuan"
        },
        "content": "    }"
      },
      {
        "lineNumber": 13,
        "author": {
          "gitId": "ya0-yuan"
        },
        "content": "}"
      }
    ],
    "authorContributionMap": {
      "ya0-yuan": 13
    }
  },
  {
    "path": "src/main/java/Duke.java",
    "fileType": "java",
    "lines": [
      {
        "lineNumber": 1,
        "author": {
          "gitId": "ya0-yuan"
        },
        "content": "import java.util.ArrayList;"
      },
      {
        "lineNumber": 2,
        "author": {
          "gitId": "ya0-yuan"
        },
        "content": "import java.util.List;"
      },
      {
        "lineNumber": 3,
        "author": {
          "gitId": "ya0-yuan"
        },
        "content": "import java.util.Scanner;"
      },
      {
        "lineNumber": 4,
        "author": {
          "gitId": "ya0-yuan"
        },
        "content": ""
      },
      {
        "lineNumber": 5,
        "author": {
          "gitId": "-"
        },
        "content": "public class Duke {"
      },
      {
        "lineNumber": 6,
        "author": {
          "gitId": "ya0-yuan"
        },
        "content": ""
      },
      {
        "lineNumber": 7,
        "author": {
          "gitId": "ya0-yuan"
        },
        "content": "    static String line \u003d \"_________________________________________________________________\";"
      },
      {
        "lineNumber": 8,
        "author": {
          "gitId": "ya0-yuan"
        },
        "content": "    static List\u003cTask\u003e list \u003d new ArrayList\u003c\u003e();"
      },
      {
        "lineNumber": 9,
        "author": {
          "gitId": "ya0-yuan"
        },
        "content": "    //static int index \u003d 0;"
      },
      {
        "lineNumber": 10,
        "author": {
          "gitId": "ya0-yuan"
        },
        "content": ""
      },
      {
        "lineNumber": 11,
        "author": {
          "gitId": "ya0-yuan"
        },
        "content": "    public static void greeting() {"
      },
      {
        "lineNumber": 12,
        "author": {
          "gitId": "ya0-yuan"
        },
        "content": "        String str \u003d (\"\\t\" + line + \"\\n\""
      },
      {
        "lineNumber": 13,
        "author": {
          "gitId": "ya0-yuan"
        },
        "content": "                + \"\\tHello! I\u0027m Duke\\n\""
      },
      {
        "lineNumber": 14,
        "author": {
          "gitId": "ya0-yuan"
        },
        "content": "                + \"\\tWhat can I do for you?\\n\""
      },
      {
        "lineNumber": 15,
        "author": {
          "gitId": "ya0-yuan"
        },
        "content": "                + \"\\t\" + line);"
      },
      {
        "lineNumber": 16,
        "author": {
          "gitId": "ya0-yuan"
        },
        "content": "        System.out.println(str);"
      },
      {
        "lineNumber": 17,
        "author": {
          "gitId": "ya0-yuan"
        },
        "content": "    }"
      },
      {
        "lineNumber": 18,
        "author": {
          "gitId": "ya0-yuan"
        },
        "content": ""
      },
      {
        "lineNumber": 19,
        "author": {
          "gitId": "ya0-yuan"
        },
        "content": "    public static void bye(){"
      },
      {
        "lineNumber": 20,
        "author": {
          "gitId": "ya0-yuan"
        },
        "content": "        System.out.println(\"\\t\" + line + \"\\n\""
      },
      {
        "lineNumber": 21,
        "author": {
          "gitId": "ya0-yuan"
        },
        "content": "                + \"\\tBye. Hope to see you again soon!\\n\""
      },
      {
        "lineNumber": 22,
        "author": {
          "gitId": "ya0-yuan"
        },
        "content": "                + \"\\t\" + line);"
      },
      {
        "lineNumber": 23,
        "author": {
          "gitId": "ya0-yuan"
        },
        "content": "    }"
      },
      {
        "lineNumber": 24,
        "author": {
          "gitId": "ya0-yuan"
        },
        "content": ""
      },
      {
        "lineNumber": 25,
        "author": {
          "gitId": "ya0-yuan"
        },
        "content": "    public static void addTask(Task task) {"
      },
      {
        "lineNumber": 26,
        "author": {
          "gitId": "ya0-yuan"
        },
        "content": "        //list[index] \u003d task;"
      },
      {
        "lineNumber": 27,
        "author": {
          "gitId": "ya0-yuan"
        },
        "content": "        //index++;"
      },
      {
        "lineNumber": 28,
        "author": {
          "gitId": "ya0-yuan"
        },
        "content": "        list.add(task);"
      },
      {
        "lineNumber": 29,
        "author": {
          "gitId": "ya0-yuan"
        },
        "content": "        System.out.println(\"\\t\" + line + \"\\n\\tGot it. I\u0027ve added this task:\\n\""
      },
      {
        "lineNumber": 30,
        "author": {
          "gitId": "ya0-yuan"
        },
        "content": "                + \"\\t  \" + task + \"\\n\""
      },
      {
        "lineNumber": 31,
        "author": {
          "gitId": "ya0-yuan"
        },
        "content": "                + \"\\tNow you have \" + list.size() + \" tasks in the list.\\n\""
      },
      {
        "lineNumber": 32,
        "author": {
          "gitId": "ya0-yuan"
        },
        "content": "                + \"\\t\" + line);"
      },
      {
        "lineNumber": 33,
        "author": {
          "gitId": "ya0-yuan"
        },
        "content": "    }"
      },
      {
        "lineNumber": 34,
        "author": {
          "gitId": "ya0-yuan"
        },
        "content": ""
      },
      {
        "lineNumber": 35,
        "author": {
          "gitId": "ya0-yuan"
        },
        "content": "    public static void showList(){"
      },
      {
        "lineNumber": 36,
        "author": {
          "gitId": "ya0-yuan"
        },
        "content": "        System.out.println(\"\\t\" + line + \"\\n\\tHere are the tasks in your list:\");"
      },
      {
        "lineNumber": 37,
        "author": {
          "gitId": "ya0-yuan"
        },
        "content": "        int index \u003d 1;"
      },
      {
        "lineNumber": 38,
        "author": {
          "gitId": "ya0-yuan"
        },
        "content": "        for (Task t : list){"
      },
      {
        "lineNumber": 39,
        "author": {
          "gitId": "ya0-yuan"
        },
        "content": "            System.out.println(\"\\t\" + index + \". \" + t);"
      },
      {
        "lineNumber": 40,
        "author": {
          "gitId": "ya0-yuan"
        },
        "content": "            index++;"
      },
      {
        "lineNumber": 41,
        "author": {
          "gitId": "ya0-yuan"
        },
        "content": "        }"
      },
      {
        "lineNumber": 42,
        "author": {
          "gitId": "ya0-yuan"
        },
        "content": "        System.out.println(\"\\t\" + line);"
      },
      {
        "lineNumber": 43,
        "author": {
          "gitId": "ya0-yuan"
        },
        "content": "    }"
      },
      {
        "lineNumber": 44,
        "author": {
          "gitId": "ya0-yuan"
        },
        "content": ""
      },
      {
        "lineNumber": 45,
        "author": {
          "gitId": "ya0-yuan"
        },
        "content": "    public static String firstWord(String str) {"
      },
      {
        "lineNumber": 46,
        "author": {
          "gitId": "ya0-yuan"
        },
        "content": "        return str.split(\" \")[0]; // create array of words and return 0th word"
      },
      {
        "lineNumber": 47,
        "author": {
          "gitId": "ya0-yuan"
        },
        "content": "    }"
      },
      {
        "lineNumber": 48,
        "author": {
          "gitId": "ya0-yuan"
        },
        "content": ""
      },
      {
        "lineNumber": 49,
        "author": {
          "gitId": "ya0-yuan"
        },
        "content": "    public static int getTaskNum(String str) {"
      },
      {
        "lineNumber": 50,
        "author": {
          "gitId": "ya0-yuan"
        },
        "content": "        return Integer.parseInt(str.split(\" \")[1]);"
      },
      {
        "lineNumber": 51,
        "author": {
          "gitId": "ya0-yuan"
        },
        "content": "    }"
      },
      {
        "lineNumber": 52,
        "author": {
          "gitId": "ya0-yuan"
        },
        "content": ""
      },
      {
        "lineNumber": 53,
        "author": {
          "gitId": "ya0-yuan"
        },
        "content": "    public static void markDone(int num) {"
      },
      {
        "lineNumber": 54,
        "author": {
          "gitId": "ya0-yuan"
        },
        "content": "            list.get(num-1).markDone();"
      },
      {
        "lineNumber": 55,
        "author": {
          "gitId": "ya0-yuan"
        },
        "content": "            System.out.println(\"\\t\" + line + \"\\n\\tNice! I\u0027ve marked this task as done:\\n\\t  \""
      },
      {
        "lineNumber": 56,
        "author": {
          "gitId": "ya0-yuan"
        },
        "content": "                    + list.get(num-1)"
      },
      {
        "lineNumber": 57,
        "author": {
          "gitId": "ya0-yuan"
        },
        "content": "                    + \"\\n\\t\" + line);"
      },
      {
        "lineNumber": 58,
        "author": {
          "gitId": "ya0-yuan"
        },
        "content": "    }"
      },
      {
        "lineNumber": 59,
        "author": {
          "gitId": "ya0-yuan"
        },
        "content": ""
      },
      {
        "lineNumber": 60,
        "author": {
          "gitId": "ya0-yuan"
        },
        "content": "    public static void delete(int num) {"
      },
      {
        "lineNumber": 61,
        "author": {
          "gitId": "ya0-yuan"
        },
        "content": "        System.out.println(\"\\t\" + line + \"\\n\\tNoted. I\u0027ve removed this task:\\n\\t  \""
      },
      {
        "lineNumber": 62,
        "author": {
          "gitId": "ya0-yuan"
        },
        "content": "                + list.get(num-1)"
      },
      {
        "lineNumber": 63,
        "author": {
          "gitId": "ya0-yuan"
        },
        "content": "                + \"\\n\\tNow you have \" + (list.size() - 1) + \" tasks in the list.\""
      },
      {
        "lineNumber": 64,
        "author": {
          "gitId": "ya0-yuan"
        },
        "content": "                + \"\\n\\t\" + line);"
      },
      {
        "lineNumber": 65,
        "author": {
          "gitId": "ya0-yuan"
        },
        "content": "        list.remove(num-1);"
      },
      {
        "lineNumber": 66,
        "author": {
          "gitId": "ya0-yuan"
        },
        "content": "    }"
      },
      {
        "lineNumber": 67,
        "author": {
          "gitId": "ya0-yuan"
        },
        "content": ""
      },
      {
        "lineNumber": 68,
        "author": {
          "gitId": "ya0-yuan"
        },
        "content": ""
      },
      {
        "lineNumber": 69,
        "author": {
          "gitId": "ya0-yuan"
        },
        "content": ""
      },
      {
        "lineNumber": 70,
        "author": {
          "gitId": "-"
        },
        "content": "    public static void main(String[] args) {"
      },
      {
        "lineNumber": 71,
        "author": {
          "gitId": "ya0-yuan"
        },
        "content": "        greeting();"
      },
      {
        "lineNumber": 72,
        "author": {
          "gitId": "ya0-yuan"
        },
        "content": "        Scanner sc \u003d new Scanner(System.in);"
      },
      {
        "lineNumber": 73,
        "author": {
          "gitId": "ya0-yuan"
        },
        "content": "        while (true) {"
      },
      {
        "lineNumber": 74,
        "author": {
          "gitId": "ya0-yuan"
        },
        "content": "            try {"
      },
      {
        "lineNumber": 75,
        "author": {
          "gitId": "ya0-yuan"
        },
        "content": "                String input \u003d sc.nextLine().toLowerCase(); // everything in lower case"
      },
      {
        "lineNumber": 76,
        "author": {
          "gitId": "ya0-yuan"
        },
        "content": "                // possible actions: type task (todos/deadline/event), list, bye, done 2"
      },
      {
        "lineNumber": 77,
        "author": {
          "gitId": "ya0-yuan"
        },
        "content": "                if (input.equals(\"bye\")) {"
      },
      {
        "lineNumber": 78,
        "author": {
          "gitId": "ya0-yuan"
        },
        "content": "                    bye();"
      },
      {
        "lineNumber": 79,
        "author": {
          "gitId": "ya0-yuan"
        },
        "content": "                    sc.close();"
      },
      {
        "lineNumber": 80,
        "author": {
          "gitId": "ya0-yuan"
        },
        "content": "                    break;"
      },
      {
        "lineNumber": 81,
        "author": {
          "gitId": "ya0-yuan"
        },
        "content": "                } else if (input.equals(\"list\")) {"
      },
      {
        "lineNumber": 82,
        "author": {
          "gitId": "ya0-yuan"
        },
        "content": "                    showList();"
      },
      {
        "lineNumber": 83,
        "author": {
          "gitId": "ya0-yuan"
        },
        "content": "                } else if (firstWord(input).equals(\"done\")) {"
      },
      {
        "lineNumber": 84,
        "author": {
          "gitId": "ya0-yuan"
        },
        "content": "                    try {"
      },
      {
        "lineNumber": 85,
        "author": {
          "gitId": "ya0-yuan"
        },
        "content": "                        int taskNum \u003d getTaskNum(input);"
      },
      {
        "lineNumber": 86,
        "author": {
          "gitId": "ya0-yuan"
        },
        "content": "                        markDone(taskNum);"
      },
      {
        "lineNumber": 87,
        "author": {
          "gitId": "ya0-yuan"
        },
        "content": "                    } catch (IndexOutOfBoundsException | NumberFormatException e) {"
      },
      {
        "lineNumber": 88,
        "author": {
          "gitId": "ya0-yuan"
        },
        "content": "                        System.err.println(\"☹ OOPS!!! The task number is invalid.\");"
      },
      {
        "lineNumber": 89,
        "author": {
          "gitId": "ya0-yuan"
        },
        "content": "                    }"
      },
      {
        "lineNumber": 90,
        "author": {
          "gitId": "ya0-yuan"
        },
        "content": "                } else if (firstWord(input).equals(\"delete\")) {"
      },
      {
        "lineNumber": 91,
        "author": {
          "gitId": "ya0-yuan"
        },
        "content": "                    try {"
      },
      {
        "lineNumber": 92,
        "author": {
          "gitId": "ya0-yuan"
        },
        "content": "                        int taskNum \u003d getTaskNum(input);"
      },
      {
        "lineNumber": 93,
        "author": {
          "gitId": "ya0-yuan"
        },
        "content": "                        delete(taskNum);"
      },
      {
        "lineNumber": 94,
        "author": {
          "gitId": "ya0-yuan"
        },
        "content": "                    } catch (IndexOutOfBoundsException | NumberFormatException e) {"
      },
      {
        "lineNumber": 95,
        "author": {
          "gitId": "ya0-yuan"
        },
        "content": "                        System.err.println(\"☹ OOPS!!! The task number is invalid.\");"
      },
      {
        "lineNumber": 96,
        "author": {
          "gitId": "ya0-yuan"
        },
        "content": "                    }"
      },
      {
        "lineNumber": 97,
        "author": {
          "gitId": "ya0-yuan"
        },
        "content": "                } else if (firstWord(input).equals(\"todo\")) {"
      },
      {
        "lineNumber": 98,
        "author": {
          "gitId": "ya0-yuan"
        },
        "content": "                    try {"
      },
      {
        "lineNumber": 99,
        "author": {
          "gitId": "ya0-yuan"
        },
        "content": "                        Task newTask \u003d new Todo(input.substring(5)); // cut \"todo \""
      },
      {
        "lineNumber": 100,
        "author": {
          "gitId": "ya0-yuan"
        },
        "content": "                        addTask(newTask);"
      },
      {
        "lineNumber": 101,
        "author": {
          "gitId": "ya0-yuan"
        },
        "content": "                    } catch (IndexOutOfBoundsException e) {"
      },
      {
        "lineNumber": 102,
        "author": {
          "gitId": "ya0-yuan"
        },
        "content": "                        System.err.println(\"☹ OOPS!!! The description of a todo cannot be empty.\");"
      },
      {
        "lineNumber": 103,
        "author": {
          "gitId": "ya0-yuan"
        },
        "content": "                    }"
      },
      {
        "lineNumber": 104,
        "author": {
          "gitId": "ya0-yuan"
        },
        "content": "                } else if (firstWord(input).equals(\"deadline\")) {"
      },
      {
        "lineNumber": 105,
        "author": {
          "gitId": "ya0-yuan"
        },
        "content": "                    try {"
      },
      {
        "lineNumber": 106,
        "author": {
          "gitId": "ya0-yuan"
        },
        "content": "                        String str \u003d input.substring(9);"
      },
      {
        "lineNumber": 107,
        "author": {
          "gitId": "ya0-yuan"
        },
        "content": "                        String description \u003d str.split(\" /by \")[0]; // split the stirng by \"/by \", take first half"
      },
      {
        "lineNumber": 108,
        "author": {
          "gitId": "ya0-yuan"
        },
        "content": "                        String time \u003d str.split(\" /by \")[1];"
      },
      {
        "lineNumber": 109,
        "author": {
          "gitId": "ya0-yuan"
        },
        "content": "                        Task newTask \u003d new Deadline(description, time);"
      },
      {
        "lineNumber": 110,
        "author": {
          "gitId": "ya0-yuan"
        },
        "content": "                        addTask(newTask);"
      },
      {
        "lineNumber": 111,
        "author": {
          "gitId": "ya0-yuan"
        },
        "content": "                    } catch (IndexOutOfBoundsException e) {"
      },
      {
        "lineNumber": 112,
        "author": {
          "gitId": "ya0-yuan"
        },
        "content": "                        System.err.println(\"☹ OOPS!!! The description or date of a deadline cannot be empty.\");"
      },
      {
        "lineNumber": 113,
        "author": {
          "gitId": "ya0-yuan"
        },
        "content": "                    }"
      },
      {
        "lineNumber": 114,
        "author": {
          "gitId": "ya0-yuan"
        },
        "content": "                } else if (firstWord(input).equals(\"event\")) {"
      },
      {
        "lineNumber": 115,
        "author": {
          "gitId": "ya0-yuan"
        },
        "content": "                    try {"
      },
      {
        "lineNumber": 116,
        "author": {
          "gitId": "ya0-yuan"
        },
        "content": "                        String str \u003d input.substring(6);"
      },
      {
        "lineNumber": 117,
        "author": {
          "gitId": "ya0-yuan"
        },
        "content": "                        String description \u003d str.split(\" /at \")[0]; // split the stirng by \"/by \", take first half"
      },
      {
        "lineNumber": 118,
        "author": {
          "gitId": "ya0-yuan"
        },
        "content": "                        String time \u003d str.split(\" /at \")[1];"
      },
      {
        "lineNumber": 119,
        "author": {
          "gitId": "ya0-yuan"
        },
        "content": "                        Task newTask \u003d new Event(description, time);"
      },
      {
        "lineNumber": 120,
        "author": {
          "gitId": "ya0-yuan"
        },
        "content": "                        addTask(newTask);"
      },
      {
        "lineNumber": 121,
        "author": {
          "gitId": "ya0-yuan"
        },
        "content": "                    } catch (IndexOutOfBoundsException e) {"
      },
      {
        "lineNumber": 122,
        "author": {
          "gitId": "ya0-yuan"
        },
        "content": "                        System.err.println(\"☹ OOPS!!! The description or date of a event cannot be empty.\");"
      },
      {
        "lineNumber": 123,
        "author": {
          "gitId": "ya0-yuan"
        },
        "content": "                    }"
      },
      {
        "lineNumber": 124,
        "author": {
          "gitId": "ya0-yuan"
        },
        "content": "                } else { // when input cannot be recognised"
      },
      {
        "lineNumber": 125,
        "author": {
          "gitId": "ya0-yuan"
        },
        "content": "                    throw new DukeException(\"☹ OOPS!!! I\u0027m sorry, but I don\u0027t know what that means :-(\");"
      },
      {
        "lineNumber": 126,
        "author": {
          "gitId": "ya0-yuan"
        },
        "content": "                }"
      },
      {
        "lineNumber": 127,
        "author": {
          "gitId": "ya0-yuan"
        },
        "content": "            } catch (DukeException e) { // catch all the exception I manually throwed in the try block"
      },
      {
        "lineNumber": 128,
        "author": {
          "gitId": "ya0-yuan"
        },
        "content": "                System.err.println(e);"
      },
      {
        "lineNumber": 129,
        "author": {
          "gitId": "ya0-yuan"
        },
        "content": "            }"
      },
      {
        "lineNumber": 130,
        "author": {
          "gitId": "ya0-yuan"
        },
        "content": "        }"
      },
      {
        "lineNumber": 131,
        "author": {
          "gitId": "-"
        },
        "content": "    }"
      },
      {
        "lineNumber": 132,
        "author": {
          "gitId": "-"
        },
        "content": "}"
      }
    ],
    "authorContributionMap": {
      "ya0-yuan": 128,
      "-": 4
    }
  },
  {
    "path": "src/main/java/DukeException.java",
    "fileType": "java",
    "lines": [
      {
        "lineNumber": 1,
        "author": {
          "gitId": "ya0-yuan"
        },
        "content": "public class DukeException extends Exception{"
      },
      {
        "lineNumber": 2,
        "author": {
          "gitId": "ya0-yuan"
        },
        "content": "    DukeException(String msg){"
      },
      {
        "lineNumber": 3,
        "author": {
          "gitId": "ya0-yuan"
        },
        "content": "        super(msg);"
      },
      {
        "lineNumber": 4,
        "author": {
          "gitId": "ya0-yuan"
        },
        "content": "    }"
      },
      {
        "lineNumber": 5,
        "author": {
          "gitId": "ya0-yuan"
        },
        "content": ""
      },
      {
        "lineNumber": 6,
        "author": {
          "gitId": "ya0-yuan"
        },
        "content": "    public String toString() {"
      },
      {
        "lineNumber": 7,
        "author": {
          "gitId": "ya0-yuan"
        },
        "content": "        return this.getMessage();"
      },
      {
        "lineNumber": 8,
        "author": {
          "gitId": "ya0-yuan"
        },
        "content": "    }"
      },
      {
        "lineNumber": 9,
        "author": {
          "gitId": "ya0-yuan"
        },
        "content": "}"
      }
    ],
    "authorContributionMap": {
      "ya0-yuan": 9
    }
  },
  {
    "path": "src/main/java/Event.java",
    "fileType": "java",
    "lines": [
      {
        "lineNumber": 1,
        "author": {
          "gitId": "ya0-yuan"
        },
        "content": "public class Event extends Task{"
      },
      {
        "lineNumber": 2,
        "author": {
          "gitId": "ya0-yuan"
        },
        "content": "    private String time;"
      },
      {
        "lineNumber": 3,
        "author": {
          "gitId": "ya0-yuan"
        },
        "content": ""
      },
      {
        "lineNumber": 4,
        "author": {
          "gitId": "ya0-yuan"
        },
        "content": "    public Event(String description, String time) {"
      },
      {
        "lineNumber": 5,
        "author": {
          "gitId": "ya0-yuan"
        },
        "content": "        super(description);"
      },
      {
        "lineNumber": 6,
        "author": {
          "gitId": "ya0-yuan"
        },
        "content": "        this.time \u003d time;"
      },
      {
        "lineNumber": 7,
        "author": {
          "gitId": "ya0-yuan"
        },
        "content": "    }"
      },
      {
        "lineNumber": 8,
        "author": {
          "gitId": "ya0-yuan"
        },
        "content": ""
      },
      {
        "lineNumber": 9,
        "author": {
          "gitId": "ya0-yuan"
        },
        "content": "    public String toString() {"
      },
      {
        "lineNumber": 10,
        "author": {
          "gitId": "ya0-yuan"
        },
        "content": "        return \"[E]\" + super.toString()"
      },
      {
        "lineNumber": 11,
        "author": {
          "gitId": "ya0-yuan"
        },
        "content": "                + \" (at: \" + time + \")\";"
      },
      {
        "lineNumber": 12,
        "author": {
          "gitId": "ya0-yuan"
        },
        "content": "    }"
      },
      {
        "lineNumber": 13,
        "author": {
          "gitId": "ya0-yuan"
        },
        "content": "}"
      }
    ],
    "authorContributionMap": {
      "ya0-yuan": 13
    }
  },
  {
    "path": "src/main/java/Task.java",
    "fileType": "java",
    "lines": [
      {
        "lineNumber": 1,
        "author": {
          "gitId": "ya0-yuan"
        },
        "content": "public class Task {"
      },
      {
        "lineNumber": 2,
        "author": {
          "gitId": "ya0-yuan"
        },
        "content": "    // 3 types of tasks: todos, deadline, event"
      },
      {
        "lineNumber": 3,
        "author": {
          "gitId": "ya0-yuan"
        },
        "content": "    // use polymorphism to store all tasks in a DS containing Task obj"
      },
      {
        "lineNumber": 4,
        "author": {
          "gitId": "ya0-yuan"
        },
        "content": "    protected String description;"
      },
      {
        "lineNumber": 5,
        "author": {
          "gitId": "ya0-yuan"
        },
        "content": "    protected boolean isDone;"
      },
      {
        "lineNumber": 6,
        "author": {
          "gitId": "ya0-yuan"
        },
        "content": ""
      },
      {
        "lineNumber": 7,
        "author": {
          "gitId": "ya0-yuan"
        },
        "content": "    public Task(String description) {"
      },
      {
        "lineNumber": 8,
        "author": {
          "gitId": "ya0-yuan"
        },
        "content": "        this.description \u003d description;"
      },
      {
        "lineNumber": 9,
        "author": {
          "gitId": "ya0-yuan"
        },
        "content": "        isDone \u003d false;"
      },
      {
        "lineNumber": 10,
        "author": {
          "gitId": "ya0-yuan"
        },
        "content": "    }"
      },
      {
        "lineNumber": 11,
        "author": {
          "gitId": "ya0-yuan"
        },
        "content": ""
      },
      {
        "lineNumber": 12,
        "author": {
          "gitId": "ya0-yuan"
        },
        "content": "    public String getStatusIcon() {"
      },
      {
        "lineNumber": 13,
        "author": {
          "gitId": "ya0-yuan"
        },
        "content": "        return isDone ? \"[\\u2713] \" : \"[\\u2718] \";"
      },
      {
        "lineNumber": 14,
        "author": {
          "gitId": "ya0-yuan"
        },
        "content": "    }"
      },
      {
        "lineNumber": 15,
        "author": {
          "gitId": "ya0-yuan"
        },
        "content": ""
      },
      {
        "lineNumber": 16,
        "author": {
          "gitId": "ya0-yuan"
        },
        "content": "    public void markDone() {"
      },
      {
        "lineNumber": 17,
        "author": {
          "gitId": "ya0-yuan"
        },
        "content": "        isDone \u003d true;"
      },
      {
        "lineNumber": 18,
        "author": {
          "gitId": "ya0-yuan"
        },
        "content": "    }"
      },
      {
        "lineNumber": 19,
        "author": {
          "gitId": "ya0-yuan"
        },
        "content": ""
      },
      {
        "lineNumber": 20,
        "author": {
          "gitId": "ya0-yuan"
        },
        "content": "    public String toString() {"
      },
      {
        "lineNumber": 21,
        "author": {
          "gitId": "ya0-yuan"
        },
        "content": "        return getStatusIcon() + description;"
      },
      {
        "lineNumber": 22,
        "author": {
          "gitId": "ya0-yuan"
        },
        "content": "    }"
      },
      {
        "lineNumber": 23,
        "author": {
          "gitId": "ya0-yuan"
        },
        "content": "}"
      }
    ],
    "authorContributionMap": {
      "ya0-yuan": 23
    }
  },
  {
    "path": "src/main/java/Todo.java",
    "fileType": "java",
    "lines": [
      {
        "lineNumber": 1,
        "author": {
          "gitId": "ya0-yuan"
        },
        "content": "public class Todo extends Task {"
      },
      {
        "lineNumber": 2,
        "author": {
          "gitId": "ya0-yuan"
        },
        "content": "    public Todo(String description) {"
      },
      {
        "lineNumber": 3,
        "author": {
          "gitId": "ya0-yuan"
        },
        "content": "        super(description);"
      },
      {
        "lineNumber": 4,
        "author": {
          "gitId": "ya0-yuan"
        },
        "content": "    }"
      },
      {
        "lineNumber": 5,
        "author": {
          "gitId": "ya0-yuan"
        },
        "content": ""
      },
      {
        "lineNumber": 6,
        "author": {
          "gitId": "ya0-yuan"
        },
        "content": "    public String toString() {"
      },
      {
        "lineNumber": 7,
        "author": {
          "gitId": "ya0-yuan"
        },
        "content": "        return \"[T]\" + super.toString();"
      },
      {
        "lineNumber": 8,
        "author": {
          "gitId": "ya0-yuan"
        },
        "content": "    }"
      },
      {
        "lineNumber": 9,
        "author": {
          "gitId": "ya0-yuan"
        },
        "content": "}"
      }
    ],
    "authorContributionMap": {
      "ya0-yuan": 9
    }
  },
  {
    "path": "text-ui-test/input.txt",
    "fileType": "txt",
    "lines": [
      {
        "lineNumber": 1,
        "author": {
          "gitId": "ya0-yuan"
        },
        "content": "todo work"
      },
      {
        "lineNumber": 2,
        "author": {
          "gitId": "ya0-yuan"
        },
        "content": "deadline homework /by Sunday"
      },
      {
        "lineNumber": 3,
        "author": {
          "gitId": "ya0-yuan"
        },
        "content": "event meeting /at 6th 2pm"
      },
      {
        "lineNumber": 4,
        "author": {
          "gitId": "ya0-yuan"
        },
        "content": "done 2"
      },
      {
        "lineNumber": 5,
        "author": {
          "gitId": "ya0-yuan"
        },
        "content": "list"
      },
      {
        "lineNumber": 6,
        "author": {
          "gitId": "ya0-yuan"
        },
        "content": "bye"
      }
    ],
    "authorContributionMap": {
      "ya0-yuan": 6
    }
  },
  {
    "path": "text-ui-test/runtest.sh",
    "fileType": "sh",
    "lines": [
      {
        "lineNumber": 1,
        "author": {
          "gitId": "-"
        },
        "content": "#!/usr/bin/env bash"
      },
      {
        "lineNumber": 2,
        "author": {
          "gitId": "-"
        },
        "content": ""
      },
      {
        "lineNumber": 3,
        "author": {
          "gitId": "-"
        },
        "content": "# create bin directory if it doesn\u0027t exist"
      },
      {
        "lineNumber": 4,
        "author": {
          "gitId": "-"
        },
        "content": "if [ ! -d \"../bin\" ]"
      },
      {
        "lineNumber": 5,
        "author": {
          "gitId": "-"
        },
        "content": "then"
      },
      {
        "lineNumber": 6,
        "author": {
          "gitId": "-"
        },
        "content": "    mkdir ../bin"
      },
      {
        "lineNumber": 7,
        "author": {
          "gitId": "-"
        },
        "content": "fi"
      },
      {
        "lineNumber": 8,
        "author": {
          "gitId": "-"
        },
        "content": ""
      },
      {
        "lineNumber": 9,
        "author": {
          "gitId": "-"
        },
        "content": "# delete output from previous run"
      },
      {
        "lineNumber": 10,
        "author": {
          "gitId": "-"
        },
        "content": "if [ -e \"./ACTUAL.TXT\" ]"
      },
      {
        "lineNumber": 11,
        "author": {
          "gitId": "-"
        },
        "content": "then"
      },
      {
        "lineNumber": 12,
        "author": {
          "gitId": "-"
        },
        "content": "    rm ACTUAL.TXT"
      },
      {
        "lineNumber": 13,
        "author": {
          "gitId": "-"
        },
        "content": "fi"
      },
      {
        "lineNumber": 14,
        "author": {
          "gitId": "-"
        },
        "content": ""
      },
      {
        "lineNumber": 15,
        "author": {
          "gitId": "-"
        },
        "content": "# compile the code into the bin folder, terminates if error occurred"
      },
      {
        "lineNumber": 16,
        "author": {
          "gitId": "ya0-yuan"
        },
        "content": "export LC_ALL\u003den_GB.UTF-8"
      },
      {
        "lineNumber": 17,
        "author": {
          "gitId": "ya0-yuan"
        },
        "content": "if ! javac -cp ../src -Xlint:none -d ../bin ../src/main/java/*.java"
      },
      {
        "lineNumber": 18,
        "author": {
          "gitId": "-"
        },
        "content": "then"
      },
      {
        "lineNumber": 19,
        "author": {
          "gitId": "-"
        },
        "content": "    echo \"********** BUILD FAILURE **********\""
      },
      {
        "lineNumber": 20,
        "author": {
          "gitId": "-"
        },
        "content": "    exit 1"
      },
      {
        "lineNumber": 21,
        "author": {
          "gitId": "-"
        },
        "content": "fi"
      },
      {
        "lineNumber": 22,
        "author": {
          "gitId": "-"
        },
        "content": ""
      },
      {
        "lineNumber": 23,
        "author": {
          "gitId": "-"
        },
        "content": "# run the program, feed commands from input.txt file and redirect the output to the ACTUAL.TXT"
      },
      {
        "lineNumber": 24,
        "author": {
          "gitId": "-"
        },
        "content": "java -classpath ../bin Duke \u003c input.txt \u003e ACTUAL.TXT"
      },
      {
        "lineNumber": 25,
        "author": {
          "gitId": "-"
        },
        "content": ""
      },
      {
        "lineNumber": 26,
        "author": {
          "gitId": "-"
        },
        "content": "# convert to UNIX format"
      },
      {
        "lineNumber": 27,
        "author": {
          "gitId": "-"
        },
        "content": "cp EXPECTED.TXT EXPECTED-UNIX.TXT"
      },
      {
        "lineNumber": 28,
        "author": {
          "gitId": "-"
        },
        "content": "dos2unix ACTUAL.TXT EXPECTED-UNIX.TXT"
      },
      {
        "lineNumber": 29,
        "author": {
          "gitId": "-"
        },
        "content": ""
      },
      {
        "lineNumber": 30,
        "author": {
          "gitId": "-"
        },
        "content": "# compare the output to the expected output"
      },
      {
        "lineNumber": 31,
        "author": {
          "gitId": "-"
        },
        "content": "diff ACTUAL.TXT EXPECTED-UNIX.TXT"
      },
      {
        "lineNumber": 32,
        "author": {
          "gitId": "-"
        },
        "content": "if [ $? -eq 0 ]"
      },
      {
        "lineNumber": 33,
        "author": {
          "gitId": "-"
        },
        "content": "then"
      },
      {
        "lineNumber": 34,
        "author": {
          "gitId": "-"
        },
        "content": "    echo \"Test result: PASSED\""
      },
      {
        "lineNumber": 35,
        "author": {
          "gitId": "-"
        },
        "content": "    exit 0"
      },
      {
        "lineNumber": 36,
        "author": {
          "gitId": "-"
        },
        "content": "else"
      },
      {
        "lineNumber": 37,
        "author": {
          "gitId": "-"
        },
        "content": "    echo \"Test result: FAILED\""
      },
      {
        "lineNumber": 38,
        "author": {
          "gitId": "-"
        },
        "content": "    exit 1"
      },
      {
        "lineNumber": 39,
        "author": {
          "gitId": "-"
        },
        "content": "fi"
      }
    ],
    "authorContributionMap": {
      "ya0-yuan": 2,
      "-": 37
    }
  }
]
