{
  "authorDailyContributionsMap": {
    "teekoksiang": [
      {
        "date": "2020-08-20",
        "commitResults": [
          {
            "hash": "cba56e953cb5e1ccdf85a0966461fc88513fa9c8",
            "messageTitle": "Implement greet, echo and exit chatbot actions",
            "messageBody": "",
            "tags": [
              "Level-1"
            ],
            "fileTypesAndContributionMap": {
              "java": {
                "insertions": 25,
                "deletions": 6
              }
            }
          },
          {
            "hash": "f5032652005f7265144256f261735ea2eac2a616",
            "messageTitle": "Implement add and list chatbot actions",
            "messageBody": "",
            "tags": [
              "Level-2"
            ],
            "fileTypesAndContributionMap": {
              "java": {
                "insertions": 30,
                "deletions": 1
              }
            }
          },
          {
            "hash": "e210c96f2fb1355068a4068cad78f9dd7e178d94",
            "messageTitle": "Implement done chatbot action",
            "messageBody": "",
            "tags": [
              "Level-3"
            ],
            "fileTypesAndContributionMap": {
              "java": {
                "insertions": 71,
                "deletions": 15
              }
            }
          },
          {
            "hash": "07efd61b7e3f9f10f313e3071be968c2cc0da451",
            "messageTitle": "Add Todo, Event and Deadline Task type",
            "messageBody": "",
            "tags": [
              "Level-4"
            ],
            "fileTypesAndContributionMap": {
              "java": {
                "insertions": 81,
                "deletions": 10
              }
            }
          },
          {
            "hash": "4e50cc7d57e1eb8b39a3bfcb2df37f7da1ae838d",
            "messageTitle": "Implement automated text UI testing",
            "messageBody": "",
            "tags": [
              "Level-5",
              "A-TextUiTesting"
            ],
            "fileTypesAndContributionMap": {
              "txt": {
                "insertions": 10,
                "deletions": 0
              },
              "sh": {
                "insertions": 2,
                "deletions": 2
              }
            }
          },
          {
            "hash": "5d3d65df75f6d8bf0f87dacab9286aa149937cc1",
            "messageTitle": "Add error handling practices",
            "messageBody": "",
            "fileTypesAndContributionMap": {
              "java": {
                "insertions": 21,
                "deletions": 3
              }
            }
          },
          {
            "hash": "dae8c04a7c7cbf33782b2c5c228e11eac6cf0114",
            "messageTitle": "Implement delete task feature",
            "messageBody": "",
            "tags": [
              "Level-6"
            ],
            "fileTypesAndContributionMap": {
              "java": {
                "insertions": 69,
                "deletions": 48
              }
            }
          }
        ]
      },
      {
        "date": "2020-08-27",
        "commitResults": [
          {
            "hash": "128c8ba4e70d5ebc6634109ad40d094581df43ac",
            "messageTitle": "Implement save tasks data in the hard disk",
            "messageBody": "",
            "fileTypesAndContributionMap": {
              "txt": {
                "insertions": 2,
                "deletions": 0
              },
              "java": {
                "insertions": 85,
                "deletions": 3
              }
            }
          },
          {
            "hash": "59c3244400fd89d3048b092a7b8e5a4abd0801b1",
            "messageTitle": "Store deadline dates as a LocalDate object",
            "messageBody": "",
            "fileTypesAndContributionMap": {
              "java": {
                "insertions": 11,
                "deletions": 3
              }
            }
          }
        ]
      }
    ]
  },
  "authorFileTypeContributionMap": {
    "teekoksiang": {
      "java": 310,
      "md": 0,
      "fxml": 0,
      "sh": 1,
      "bat": 0,
      "gradle": 0,
      "txt": 12
    }
  },
  "authorContributionVariance": {
    "teekoksiang": 10595.53
  },
  "authorDisplayNameMap": {
    "teekoksiang": "TEE ..IANG"
  }
}
