{
  "authorDailyContributionsMap": {
    "shadowezz": [
      {
        "date": "2020-08-18",
        "commitResults": [
          {
            "hash": "a5d34e6a5e2574238829acdc262c7c8cade67218",
            "messageTitle": "Implemented greet,echo,exit",
            "messageBody": "",
            "tags": [
              "Level-1"
            ],
            "fileTypesAndContributionMap": {
              "java": {
                "insertions": 19,
                "deletions": 0
              }
            }
          },
          {
            "hash": "489bbc5cdffe4c93c5496df1aa814c49254f625b",
            "messageTitle": "Implemented add and list tasks",
            "messageBody": "",
            "tags": [
              "Level-2"
            ],
            "fileTypesAndContributionMap": {
              "java": {
                "insertions": 39,
                "deletions": 4
              }
            }
          },
          {
            "hash": "f86d3c678bc922223d33abc3e5394e87a7598de7",
            "messageTitle": "Allow tasks to be marked as done",
            "messageBody": "",
            "tags": [
              "Level-3"
            ],
            "fileTypesAndContributionMap": {
              "java": {
                "insertions": 29,
                "deletions": 5
              }
            }
          },
          {
            "hash": "679c3c724b06b120804519ea0cc3e9e9a57b1f74",
            "messageTitle": "Implemented 3 kinds of task: Todo, Deadline and Event",
            "messageBody": "",
            "tags": [
              "Level-4"
            ],
            "fileTypesAndContributionMap": {
              "java": {
                "insertions": 70,
                "deletions": 6
              }
            }
          }
        ]
      },
      {
        "date": "2020-08-19",
        "commitResults": [
          {
            "hash": "97d29df36472e3503d9ffabd543a3098c0780d82",
            "messageTitle": "Implement UI testing",
            "messageBody": "",
            "tags": [
              "A-TextUiTesting"
            ],
            "fileTypesAndContributionMap": {
              "txt": {
                "insertions": 15,
                "deletions": 0
              },
              "java": {
                "insertions": 3,
                "deletions": 3
              },
              "sh": {
                "insertions": 5,
                "deletions": 1
              }
            }
          }
        ]
      },
      {
        "date": "2020-08-20",
        "commitResults": [
          {
            "hash": "d8cfc8cfa08b57577a3864ec7790f90285b52004",
            "messageTitle": "Handle incorrect inputs by user",
            "messageBody": "",
            "tags": [
              "Level-5"
            ],
            "fileTypesAndContributionMap": {
              "txt": {
                "insertions": 13,
                "deletions": 0
              },
              "java": {
                "insertions": 75,
                "deletions": 21
              }
            }
          },
          {
            "hash": "7a81bca34bf716e8346d66bf3ec99483cc17e17e",
            "messageTitle": "Allow deleting of tasks from the list",
            "messageBody": "",
            "tags": [
              "Level-6"
            ],
            "fileTypesAndContributionMap": {
              "txt": {
                "insertions": 5,
                "deletions": 0
              },
              "java": {
                "insertions": 20,
                "deletions": 4
              }
            }
          },
          {
            "hash": "ac88dd7770923aed7c88a20f3bb9cdf1675b87f6",
            "messageTitle": "Use Enums for the different types of task",
            "messageBody": "",
            "tags": [
              "v0.1",
              "A-Enums"
            ],
            "fileTypesAndContributionMap": {
              "txt": {
                "insertions": 1,
                "deletions": 0
              },
              "java": {
                "insertions": 12,
                "deletions": 7
              }
            }
          }
        ]
      },
      {
        "date": "2020-08-26",
        "commitResults": [
          {
            "hash": "15dc295eb0f6b2985f8e84d5a0111fbcd0055ee5",
            "messageTitle": "Add load and save tasks functionality",
            "messageBody": "",
            "fileTypesAndContributionMap": {
              "java": {
                "insertions": 124,
                "deletions": 13
              }
            }
          },
          {
            "hash": "c39b2fac7f2ab990047649423cfcca679ffa7b2d",
            "messageTitle": "Implement date and time",
            "messageBody": "",
            "fileTypesAndContributionMap": {
              "java": {
                "insertions": 100,
                "deletions": 12
              }
            }
          }
        ]
      },
      {
        "date": "2020-08-27",
        "commitResults": [
          {
            "hash": "c0c1f888f5bbb8e11a781c326ae378a411ae500d",
            "messageTitle": "Extract the classes: Ui, Storage, Parser, TaskList",
            "messageBody": "",
            "tags": [
              "A-MoreOOP"
            ],
            "fileTypesAndContributionMap": {
              "txt": {
                "insertions": 10,
                "deletions": 2
              },
              "java": {
                "insertions": 331,
                "deletions": 243
              }
            }
          },
          {
            "hash": "b535ae04665af9295c84818849af1228cd6da611",
            "messageTitle": "Organise into packages",
            "messageBody": "",
            "tags": [
              "A-Package"
            ],
            "fileTypesAndContributionMap": {
              "txt": {
                "insertions": 14,
                "deletions": 14
              },
              "java": {
                "insertions": 62,
                "deletions": 8
              },
              "bat": {
                "insertions": 1,
                "deletions": 1
              },
              "md": {
                "insertions": 1,
                "deletions": 1
              }
            }
          },
          {
            "hash": "05b0e9afa354d196789329c637c8d21e38a560da",
            "messageTitle": "Add JUnit Tests",
            "messageBody": "",
            "tags": [
              "A-JUnit"
            ],
            "fileTypesAndContributionMap": {
              "java": {
                "insertions": 115,
                "deletions": 0
              }
            }
          },
          {
            "hash": "f1d55abed9420eaf8b25de0fbaab90e73e2ba9bd",
            "messageTitle": "Add JavaDoc comments",
            "messageBody": "",
            "fileTypesAndContributionMap": {
              "java": {
                "insertions": 256,
                "deletions": 10
              }
            }
          },
          {
            "hash": "55e67d6e849be883bf204f181dc968411e33e33d",
            "messageTitle": "Make styling adjustments to comply with coding standards",
            "messageBody": "",
            "fileTypesAndContributionMap": {
              "java": {
                "insertions": 6,
                "deletions": 3
              }
            }
          },
          {
            "hash": "baff8ec2c17276f54bf15f39e1e96beff1534125",
            "messageTitle": "Allow users to find tasks by searching a keyword",
            "messageBody": "",
            "fileTypesAndContributionMap": {
              "java": {
                "insertions": 34,
                "deletions": 0
              }
            }
          }
        ]
      },
      {
        "date": "2020-08-31",
        "commitResults": [
          {
            "hash": "3d35963115d83d4f3f8c0c461222cea82bc137f4",
            "messageTitle": "Extract Command classes and implement new jUnit tests for Parser class",
            "messageBody": "",
            "fileTypesAndContributionMap": {
              "txt": {
                "insertions": 8,
                "deletions": 0
              },
              "java": {
                "insertions": 521,
                "deletions": 170
              }
            }
          }
        ]
      },
      {
        "date": "2020-09-01",
        "commitResults": [
          {
            "hash": "bb1b8034eb529940f6f1a74b6643dddf5ca670c6",
            "messageTitle": "Include checkstyle and refactor code to follow checkstyle rules",
            "messageBody": "",
            "tags": [
              "A-CheckStyle"
            ],
            "fileTypesAndContributionMap": {
              "gradle": {
                "insertions": 1,
                "deletions": 1
              },
              "java": {
                "insertions": 81,
                "deletions": 68
              }
            }
          }
        ]
      },
      {
        "date": "2020-09-09",
        "commitResults": [
          {
            "hash": "f75b30d9399178487de52554ebd9250544edd9d3",
            "messageTitle": "Add GUI to Duke using JavaFx",
            "messageBody": "",
            "fileTypesAndContributionMap": {
              "gradle": {
                "insertions": 15,
                "deletions": 0
              },
              "fxml": {
                "insertions": 35,
                "deletions": 0
              },
              "txt": {
                "insertions": 4,
                "deletions": 0
              },
              "java": {
                "insertions": 235,
                "deletions": 72
              }
            }
          }
        ]
      }
    ]
  },
  "authorFileTypeContributionMap": {
    "shadowezz": {
      "java": 1481,
      "md": 1,
      "fxml": 35,
      "sh": 5,
      "bat": 1,
      "gradle": 16,
      "txt": 54
    }
  },
  "authorContributionVariance": {
    "shadowezz": 62140.85
  },
  "authorDisplayNameMap": {
    "shadowezz": "CS2103T-F11-2 CAO ..NJIE"
  }
}
