{
  "authorDailyContributionsMap": {
    "onglijin": [
      {
        "date": "2020-08-18",
        "commitResults": [
          {
            "hash": "102a3b0a448bd0235cf97f7e3bdacb0b53a6da55",
            "messageTitle": "Add a skeletal version of Duke to greet, echo and exit",
            "messageBody": "",
            "fileTypesAndContributionMap": {
              "java": {
                "insertions": 16,
                "deletions": 6
              }
            }
          },
          {
            "hash": "77e639af7ffa428e48cacfab0c878803bf822e98",
            "messageTitle": "Rename Duke as Mocha",
            "messageBody": "",
            "tags": [
              "Level-1"
            ],
            "fileTypesAndContributionMap": {
              "java": {
                "insertions": 2,
                "deletions": 2
              }
            }
          },
          {
            "hash": "1ea1333c7f54aabbdeb27546e7f3afa60c3d5557",
            "messageTitle": "Add the ability to store text entered by user and display when requested",
            "messageBody": "",
            "tags": [
              "Level-2"
            ],
            "fileTypesAndContributionMap": {
              "java": {
                "insertions": 27,
                "deletions": 8
              }
            }
          },
          {
            "hash": "1fc4a5b75fb07708a51e491e786715a6b999fe77",
            "messageTitle": "Add comments to level 2 code",
            "messageBody": "",
            "fileTypesAndContributionMap": {
              "java": {
                "insertions": 5,
                "deletions": 0
              }
            }
          },
          {
            "hash": "4b08f06b814696f15bd08607cee2bd0ee438fd34",
            "messageTitle": "Introduce a new Class Task",
            "messageBody": "",
            "tags": [
              "A-Classes"
            ],
            "fileTypesAndContributionMap": {
              "java": {
                "insertions": 23,
                "deletions": 0
              }
            }
          },
          {
            "hash": "1f85d131859de4160a927b357cfdbcb7fc5a96d3",
            "messageTitle": "Introduce a new Class MissingTaskNumberException",
            "messageBody": "",
            "fileTypesAndContributionMap": {
              "java": {
                "insertions": 5,
                "deletions": 0
              }
            }
          },
          {
            "hash": "b5bf6de12b8f2f8f8fcf6e780ea8df06ecf4230c",
            "messageTitle": "Add the ability to mark tasks as done",
            "messageBody": "",
            "tags": [
              "Level-3"
            ],
            "fileTypesAndContributionMap": {
              "java": {
                "insertions": 44,
                "deletions": 10
              }
            }
          },
          {
            "hash": "faf947f0a618fc05a00eb520b95a5b2c217d623a",
            "messageTitle": "Remove unnecessary comment",
            "messageBody": "",
            "fileTypesAndContributionMap": {
              "java": {
                "insertions": 0,
                "deletions": 1
              }
            }
          }
        ]
      },
      {
        "date": "2020-08-19",
        "commitResults": [
          {
            "hash": "01afef7db66a94dc77ea7ecce5d95ecdd09d0ef2",
            "messageTitle": "Create toString() in Task for inheritance purposes and simplification of code in Main",
            "messageBody": "",
            "fileTypesAndContributionMap": {
              "java": {
                "insertions": 6,
                "deletions": 5
              }
            }
          },
          {
            "hash": "5b2630446acaa75788fd6a494b01cf3fc90015a1",
            "messageTitle": "Introduce new Classes Deadline, Event and ToDo",
            "messageBody": "",
            "tags": [
              "A-Inheritance"
            ],
            "fileTypesAndContributionMap": {
              "java": {
                "insertions": 43,
                "deletions": 0
              }
            }
          },
          {
            "hash": "81aec73a24adde69e507c1ca282344a92b4b6e82",
            "messageTitle": "Rename ToDos.java to ToDo.java",
            "messageBody": "",
            "fileTypesAndContributionMap": {
              "java": {
                "insertions": 0,
                "deletions": 0
              }
            }
          },
          {
            "hash": "45af545f69ffc05eaef50c55e746b7adc7e26887",
            "messageTitle": "Edit Class Name of ToDo Class",
            "messageBody": "",
            "fileTypesAndContributionMap": {
              "java": {
                "insertions": 2,
                "deletions": 2
              }
            }
          },
          {
            "hash": "9abd7f53f0a1064cfb92a4262b57cb6fc7839051",
            "messageTitle": "Add support for tracking ToDos, Deadlines and Events",
            "messageBody": "",
            "tags": [
              "Level-4"
            ],
            "fileTypesAndContributionMap": {
              "java": {
                "insertions": 73,
                "deletions": 38
              }
            }
          },
          {
            "hash": "91e60ae008e3949594688e987e5e7868e9ae15b4",
            "messageTitle": "Update name of main class",
            "messageBody": "",
            "fileTypesAndContributionMap": {
              "sh": {
                "insertions": 1,
                "deletions": 1
              }
            }
          },
          {
            "hash": "e2d97ffbe9e873317bc71114d74b6129bdc0747f",
            "messageTitle": "Update name of main class",
            "messageBody": "",
            "fileTypesAndContributionMap": {
              "bat": {
                "insertions": 1,
                "deletions": 1
              }
            }
          }
        ]
      },
      {
        "date": "2020-08-20",
        "commitResults": [
          {
            "hash": "05fa4e27a354c5dd19d7bf493681e998b72c9af5",
            "messageTitle": "Rename Mocha.java as Duke.java",
            "messageBody": "",
            "fileTypesAndContributionMap": {
              "java": {
                "insertions": 1,
                "deletions": 2
              }
            }
          },
          {
            "hash": "c13e2ca2f371e244ba93a188a35b2529700b0d8d",
            "messageTitle": "Introduce two exceptions",
            "messageBody": "",
            "tags": [
              "A-Exceptions"
            ],
            "fileTypesAndContributionMap": {
              "java": {
                "insertions": 28,
                "deletions": 2
              }
            }
          },
          {
            "hash": "8974bbb5f5e59aaebb7ef34e3e4f3a29abf59465",
            "messageTitle": "Introduce ability to deal with errors",
            "messageBody": "",
            "tags": [
              "Level-5"
            ],
            "fileTypesAndContributionMap": {
              "java": {
                "insertions": 76,
                "deletions": 58
              }
            }
          },
          {
            "hash": "df34547f691b542116de2f06c8f6cbf61a89b1f4",
            "messageTitle": "Introduce ability to delete task",
            "messageBody": "",
            "tags": [
              "Level-6"
            ],
            "fileTypesAndContributionMap": {
              "java": {
                "insertions": 18,
                "deletions": 1
              }
            }
          },
          {
            "hash": "422c7a7763cec3b4be7814ee94b591f71569533a",
            "messageTitle": "Update test files",
            "messageBody": "",
            "fileTypesAndContributionMap": {
              "txt": {
                "insertions": 10,
                "deletions": 0
              },
              "bat": {
                "insertions": 8,
                "deletions": 4
              },
              "sh": {
                "insertions": 1,
                "deletions": 1
              }
            }
          }
        ]
      },
      {
        "date": "2020-08-23",
        "commitResults": [
          {
            "hash": "08a3a694b481e1053b508e6edf1a2bfdbd2666b5",
            "messageTitle": "Restart code to find out issue with test",
            "messageBody": "",
            "fileTypesAndContributionMap": {
              "java": {
                "insertions": 134,
                "deletions": 135
              }
            }
          },
          {
            "hash": "f3206adef0dbbbcd329775534e06b3df7b2e1170",
            "messageTitle": "Add ability to greet, echo and exit",
            "messageBody": "",
            "fileTypesAndContributionMap": {
              "java": {
                "insertions": 30,
                "deletions": 0
              }
            }
          },
          {
            "hash": "9c8504c2803972043a81f8cfe3a8ee62ee72e4d9",
            "messageTitle": "Update test files for level 1",
            "messageBody": "",
            "fileTypesAndContributionMap": {
              "txt": {
                "insertions": 2,
                "deletions": 9
              },
              "bat": {
                "insertions": 3,
                "deletions": 7
              }
            }
          },
          {
            "hash": "7ffdc56b393207658ad7c5a2d85e23edbf0fd70c",
            "messageTitle": "Add ability to store text and display when requested",
            "messageBody": "",
            "fileTypesAndContributionMap": {
              "java": {
                "insertions": 38,
                "deletions": 7
              }
            }
          },
          {
            "hash": "d4f75e97c64b5ec8f22c96d3a1a4b827ba7de28d",
            "messageTitle": "Update test files for level 2",
            "messageBody": "",
            "fileTypesAndContributionMap": {
              "txt": {
                "insertions": 2,
                "deletions": 1
              }
            }
          },
          {
            "hash": "df73307e29d4bea9e46326aa95cc8c47945585e8",
            "messageTitle": "Add ability to mark things as done",
            "messageBody": "",
            "fileTypesAndContributionMap": {
              "java": {
                "insertions": 21,
                "deletions": 5
              }
            }
          },
          {
            "hash": "8d660c9bd364c623f251a97363bae59d1750d1e6",
            "messageTitle": "Update test files for level 3",
            "messageBody": "",
            "fileTypesAndContributionMap": {
              "txt": {
                "insertions": 3,
                "deletions": 0
              }
            }
          },
          {
            "hash": "91a744c0bdc3b63007190116b697298bbedb648a",
            "messageTitle": "Introduce three types of tasks: ToDos, Deadlines and Events",
            "messageBody": "",
            "fileTypesAndContributionMap": {
              "java": {
                "insertions": 40,
                "deletions": 7
              }
            }
          },
          {
            "hash": "ac76108969287d18273d77f34f4425c6ce5a18f0",
            "messageTitle": "Update test files for level 4",
            "messageBody": "",
            "fileTypesAndContributionMap": {
              "txt": {
                "insertions": 9,
                "deletions": 4
              }
            }
          },
          {
            "hash": "e52849de442b5d46ac485e3d5cba98f5c1658d15",
            "messageTitle": "Add ability to delete task",
            "messageBody": "",
            "fileTypesAndContributionMap": {
              "java": {
                "insertions": 19,
                "deletions": 2
              }
            }
          },
          {
            "hash": "5b6a38734be63dc236ae85d1527c5e4bee9cdedf",
            "messageTitle": "Update test files for level 6",
            "messageBody": "",
            "fileTypesAndContributionMap": {
              "txt": {
                "insertions": 2,
                "deletions": 3
              }
            }
          },
          {
            "hash": "0fa0114299a8fd55ace3249966d962b71a4ca985",
            "messageTitle": "Update Exception Files",
            "messageBody": "",
            "fileTypesAndContributionMap": {
              "java": {
                "insertions": 12,
                "deletions": 24
              }
            }
          },
          {
            "hash": "e0f5fff1a0d21d749e9a06662382940a615d94fd",
            "messageTitle": "Add exception handling",
            "messageBody": "",
            "fileTypesAndContributionMap": {
              "java": {
                "insertions": 190,
                "deletions": 101
              }
            }
          },
          {
            "hash": "332caa3ec3181a94dd234f8beb78cdfa99f5dff3",
            "messageTitle": "Update test files for level 5",
            "messageBody": "",
            "fileTypesAndContributionMap": {
              "txt": {
                "insertions": 4,
                "deletions": 1
              }
            }
          }
        ]
      },
      {
        "date": "2020-08-24",
        "commitResults": [
          {
            "hash": "e8205d194d3e73c9c8dcd2c6e56b85aaf240c993",
            "messageTitle": "Remove unnecessary code",
            "messageBody": "",
            "fileTypesAndContributionMap": {
              "java": {
                "insertions": 1,
                "deletions": 134
              }
            }
          }
        ]
      },
      {
        "date": "2020-08-25",
        "commitResults": [
          {
            "hash": "d72cbf65476336a4bb5de42665f5b274813af006",
            "messageTitle": "Add code to save data to hard drive",
            "messageBody": "",
            "fileTypesAndContributionMap": {
              "java": {
                "insertions": 63,
                "deletions": 4
              }
            }
          },
          {
            "hash": "f3bcf507ecfa868661a4525c3ca3938d02ea927c",
            "messageTitle": "Teach Duke to understand date",
            "messageBody": "",
            "tags": [
              "Level-8"
            ],
            "fileTypesAndContributionMap": {
              "java": {
                "insertions": 9,
                "deletions": 2
              }
            }
          }
        ]
      },
      {
        "date": "2020-08-26",
        "commitResults": [
          {
            "hash": "581ee06d14191edecfda660afb24d6df9c0a25f6",
            "messageTitle": "Update code to save data to hard drive",
            "messageBody": "",
            "tags": [
              "Level-7"
            ],
            "fileTypesAndContributionMap": {
              "java": {
                "insertions": 153,
                "deletions": 191
              }
            }
          }
        ]
      }
    ]
  },
  "authorFileTypeContributionMap": {
    "onglijin": {
      "java": 340,
      "md": 0,
      "fxml": 0,
      "sh": 0,
      "bat": 1,
      "gradle": 0,
      "txt": 14
    }
  },
  "authorContributionVariance": {
    "onglijin": 48018.25
  },
  "authorDisplayNameMap": {
    "onglijin": "ONG .. JIN"
  }
}
