{
  "authorDailyContributionsMap": {
    "PrestonTYR": [
      {
        "date": "2020-08-22",
        "commitResults": [
          {
            "hash": "369a9fbb6d112bb12f2f53bb443d7ebe1c362b35",
            "messageTitle": "add skeletal Level-1",
            "messageBody": "",
            "fileTypesAndContributionMap": {
              "java": {
                "insertions": 27,
                "deletions": 6
              }
            }
          },
          {
            "hash": "5edd7c80194229cb8bffedcaf7901e87dca3fdbf",
            "messageTitle": "Level-1",
            "messageBody": "",
            "tags": [
              "Level-1"
            ],
            "fileTypesAndContributionMap": {
              "java": {
                "insertions": 6,
                "deletions": 4
              }
            }
          },
          {
            "hash": "64fd472bbea0a0278af6bdb57b9396ef50cb2008",
            "messageTitle": "Level-2",
            "messageBody": "",
            "tags": [
              "Level-2"
            ],
            "fileTypesAndContributionMap": {
              "java": {
                "insertions": 11,
                "deletions": 2
              }
            }
          },
          {
            "hash": "8d11a82cad9dbe6b6c5549edaf4dcb9383933d5b",
            "messageTitle": "add Task class",
            "messageBody": "",
            "fileTypesAndContributionMap": {
              "java": {
                "insertions": 38,
                "deletions": 0
              }
            }
          },
          {
            "hash": "d6ff8fc45fadd6006cf7c74259eb6fb5a20050d7",
            "messageTitle": "Level-3",
            "messageBody": "",
            "tags": [
              "Level-3"
            ],
            "fileTypesAndContributionMap": {
              "java": {
                "insertions": 13,
                "deletions": 7
              }
            }
          },
          {
            "hash": "10bdcebd4b659b15d0acda23060cfd668c2c3ead",
            "messageTitle": "add Todo, Deadline and Event classes",
            "messageBody": "",
            "fileTypesAndContributionMap": {
              "java": {
                "insertions": 53,
                "deletions": 7
              }
            }
          },
          {
            "hash": "7541095e62484c57a5d6a2842d0be4a667a90be2",
            "messageTitle": "Level-4",
            "messageBody": "",
            "tags": [
              "Level-4"
            ],
            "fileTypesAndContributionMap": {
              "java": {
                "insertions": 26,
                "deletions": 4
              }
            }
          },
          {
            "hash": "16ca0237f580f5357e01aded65689137d0708f94",
            "messageTitle": "clean up the Duke class to be more easily readable",
            "messageBody": "",
            "fileTypesAndContributionMap": {
              "java": {
                "insertions": 74,
                "deletions": 48
              }
            }
          },
          {
            "hash": "3b564880d0475843131884b30b5014f06215edd6",
            "messageTitle": "Level-5",
            "messageBody": "",
            "tags": [
              "Level-5"
            ],
            "fileTypesAndContributionMap": {
              "java": {
                "insertions": 124,
                "deletions": 50
              }
            }
          },
          {
            "hash": "5ec8efdf7424e57a7a52056c78921237afcbd684",
            "messageTitle": "fix some formatting issues",
            "messageBody": "",
            "fileTypesAndContributionMap": {
              "java": {
                "insertions": 3,
                "deletions": 3
              }
            }
          },
          {
            "hash": "e2672f3c33b6385b56e19c3595c6ad95f3be7690",
            "messageTitle": "Level-6",
            "messageBody": "",
            "tags": [
              "Level-6"
            ],
            "fileTypesAndContributionMap": {
              "java": {
                "insertions": 26,
                "deletions": 2
              }
            }
          },
          {
            "hash": "dc05893bb4a791a3b93bb8fbf260580969010979",
            "messageTitle": "update exception messages",
            "messageBody": "",
            "fileTypesAndContributionMap": {
              "java": {
                "insertions": 11,
                "deletions": 3
              }
            }
          },
          {
            "hash": "903259b0e933162f77dcd5512d4372293e8d6966",
            "messageTitle": "fix some exceptions not being thrown right",
            "messageBody": "",
            "fileTypesAndContributionMap": {
              "java": {
                "insertions": 27,
                "deletions": 28
              }
            }
          },
          {
            "hash": "164828526da93aaab0cf678718828d37f24ed07a",
            "messageTitle": "A-TextUiTesting",
            "messageBody": "",
            "tags": [
              "A-TextUiTesting"
            ],
            "fileTypesAndContributionMap": {
              "txt": {
                "insertions": 17,
                "deletions": 0
              },
              "sh": {
                "insertions": 1,
                "deletions": 1
              }
            }
          },
          {
            "hash": "a80a12a42208231e3ebb6e3b3e7cd36b8a5c6fcf",
            "messageTitle": "Add file storage for level-7",
            "messageBody": "",
            "tags": [
              "Level-7"
            ],
            "fileTypesAndContributionMap": {
              "java": {
                "insertions": 94,
                "deletions": 1
              }
            }
          }
        ]
      },
      {
        "date": "2020-08-23",
        "commitResults": [
          {
            "hash": "48a69e1e1b14747c81273ac1a77ab5a9ec5cd116",
            "messageTitle": "Improve date support for Level-8",
            "messageBody": "",
            "tags": [
              "Level-8"
            ],
            "fileTypesAndContributionMap": {
              "java": {
                "insertions": 29,
                "deletions": 10
              }
            }
          },
          {
            "hash": "265cf06d6c71ed71a43a5642494208e6892f7408",
            "messageTitle": "Fix saving error between Level-7 and Level-8",
            "messageBody": "",
            "fileTypesAndContributionMap": {
              "java": {
                "insertions": 12,
                "deletions": 8
              }
            }
          }
        ]
      },
      {
        "date": "2020-08-24",
        "commitResults": [
          {
            "hash": "cf96984de5e088a2ff017d654aea592897090386",
            "messageTitle": "Make duke more OOP",
            "messageBody": "",
            "tags": [
              "A-MoreOOP",
              "A-Enums"
            ],
            "fileTypesAndContributionMap": {
              "java": {
                "insertions": 448,
                "deletions": 246
              }
            }
          },
          {
            "hash": "63e5f0e1c16e8408751d159364f2ab65acb5716a",
            "messageTitle": "Divide classes into packages",
            "messageBody": "",
            "tags": [
              "A-Packages"
            ],
            "fileTypesAndContributionMap": {
              "java": {
                "insertions": 95,
                "deletions": 7
              }
            }
          }
        ]
      },
      {
        "date": "2020-08-25",
        "commitResults": [
          {
            "hash": "94fa1fa7b5533d9ccb4a819e65e350e6df2718ad",
            "messageTitle": "Add JUnit Tests for adding a todo, deadline and event",
            "messageBody": "",
            "tags": [
              "v0.1",
              "A-Jar",
              "A-JUnit"
            ],
            "fileTypesAndContributionMap": {
              "java": {
                "insertions": 101,
                "deletions": 1
              }
            }
          }
        ]
      },
      {
        "date": "2020-08-26",
        "commitResults": [
          {
            "hash": "cd5e1decefabfe7e44c97dbd91a2bdbdabaaae4f",
            "messageTitle": "Add Java documentation for all classes",
            "messageBody": "",
            "tags": [
              "A-JavaDoc"
            ],
            "fileTypesAndContributionMap": {
              "java": {
                "insertions": 301,
                "deletions": 27
              }
            }
          },
          {
            "hash": "b1d0f6af3490ddc47219a8dba587bfa8d53ad7c7",
            "messageTitle": "Tweak the code to follow the given coding standard",
            "messageBody": "",
            "tags": [
              "A-CodingStandard"
            ],
            "fileTypesAndContributionMap": {
              "java": {
                "insertions": 66,
                "deletions": 66
              }
            }
          },
          {
            "hash": "1cea090a45550e4a67e071c1263a58e8adde96e1",
            "messageTitle": "Implement find command for Level-9",
            "messageBody": "",
            "tags": [
              "Level-9"
            ],
            "fileTypesAndContributionMap": {
              "java": {
                "insertions": 59,
                "deletions": 11
              }
            }
          },
          {
            "hash": "54607087771ac715865d7d9e83bec49f99fb33c7",
            "messageTitle": "Resolve merging conflicts from branch-A-CodingStandard",
            "messageBody": "",
            "fileTypesAndContributionMap": {
              "java": {
                "insertions": 9,
                "deletions": 24
              }
            }
          }
        ]
      }
    ]
  },
  "authorFileTypeContributionMap": {
    "PrestonTYR": {
      "java": 1109,
      "md": 0,
      "fxml": 0,
      "sh": 1,
      "bat": 0,
      "gradle": 0,
      "txt": 17
    }
  },
  "authorContributionVariance": {
    "PrestonTYR": 84124.836
  },
  "authorDisplayNameMap": {
    "PrestonTYR": "CS2103T-F13-3 PRES.. RUI"
  }
}
