{
  "authorDailyContributionsMap": {
    "pooty3": [
      {
        "date": "2020-08-15",
        "commitResults": [
          {
            "hash": "350b0cdaa9f848da68796960122acd2604de06de",
            "messageTitle": "add level 1",
            "messageBody": "",
            "tags": [
              "Level-1"
            ],
            "fileTypesAndContributionMap": {
              "java": {
                "insertions": 15,
                "deletions": 0
              }
            }
          },
          {
            "hash": "83a3cb6f4b2b0d97129b4f9991f26652688675ac",
            "messageTitle": "Add Level 2",
            "messageBody": "",
            "tags": [
              "Level-2"
            ],
            "fileTypesAndContributionMap": {
              "java": {
                "insertions": 11,
                "deletions": 1
              }
            }
          },
          {
            "hash": "a917b97a9927ae3092a810d56b1f40d2b3e17d62",
            "messageTitle": "Add Level 3",
            "messageBody": "",
            "tags": [
              "Level-3"
            ],
            "fileTypesAndContributionMap": {
              "java": {
                "insertions": 48,
                "deletions": 15
              }
            }
          }
        ]
      },
      {
        "date": "2020-08-16",
        "commitResults": [
          {
            "hash": "3edff79fdae2e8b49c4136b11e3f4e44d6388a44",
            "messageTitle": "Add Deadline, Event and ToDo files. This provides functionality for deadline, event and todo tasks.",
            "messageBody": "",
            "tags": [
              "Level-4"
            ],
            "fileTypesAndContributionMap": {
              "java": {
                "insertions": 86,
                "deletions": 12
              }
            }
          }
        ]
      },
      {
        "date": "2020-08-18",
        "commitResults": [
          {
            "hash": "edfa4571dcc78e9f85622d9050f2c00d915429dc",
            "messageTitle": "Add Testing",
            "messageBody": "",
            "tags": [
              "A-TextUiTesting"
            ],
            "fileTypesAndContributionMap": {
              "txt": {
                "insertions": 14,
                "deletions": 0
              },
              "java": {
                "insertions": 10,
                "deletions": 10
              },
              "bat": {
                "insertions": 2,
                "deletions": 3
              },
              "sh": {
                "insertions": 3,
                "deletions": 2
              }
            }
          },
          {
            "hash": "f645147d9c38c566a310ffc85a81b46b7d4baab8",
            "messageTitle": "Add Exception Handling",
            "messageBody": "",
            "tags": [
              "Level-5"
            ],
            "fileTypesAndContributionMap": {
              "java": {
                "insertions": 79,
                "deletions": 7
              }
            }
          },
          {
            "hash": "122a407c96a868b4ee117e776b124e4f0ec91be6",
            "messageTitle": "Add Enums for duke commands and update test files",
            "messageBody": "",
            "tags": [
              "A-Enums"
            ],
            "fileTypesAndContributionMap": {
              "txt": {
                "insertions": 12,
                "deletions": 5
              },
              "java": {
                "insertions": 53,
                "deletions": 10
              }
            }
          }
        ]
      },
      {
        "date": "2020-08-20",
        "commitResults": [
          {
            "hash": "0d09889caddf2f728a14d506556795fa3508c02d",
            "messageTitle": "Add delete function",
            "messageBody": "",
            "tags": [
              "Level-6"
            ],
            "fileTypesAndContributionMap": {
              "java": {
                "insertions": 7,
                "deletions": 7
              }
            }
          }
        ]
      },
      {
        "date": "2020-08-23",
        "commitResults": [
          {
            "hash": "dfd4a44514cd2de77f3dcb153a8279df7fa88597",
            "messageTitle": "Add file reading and writing to allow saving",
            "messageBody": "",
            "fileTypesAndContributionMap": {
              "txt": {
                "insertions": 14,
                "deletions": 0
              },
              "java": {
                "insertions": 88,
                "deletions": 2
              }
            }
          },
          {
            "hash": "3d05d7daa74f063834797778a127dc9b89499e86",
            "messageTitle": "Add time and date processing",
            "messageBody": "",
            "fileTypesAndContributionMap": {
              "java": {
                "insertions": 39,
                "deletions": 8
              }
            }
          },
          {
            "hash": "ff37bcd56bd91476c82c42b9ab7147ecb308eb7c",
            "messageTitle": "Refactor code to make it more object-oriented.",
            "messageBody": "",
            "tags": [
              "A-MoreOOP"
            ],
            "fileTypesAndContributionMap": {
              "txt": {
                "insertions": 14,
                "deletions": 0
              },
              "java": {
                "insertions": 392,
                "deletions": 224
              }
            }
          },
          {
            "hash": "af10a9c67a2c5f33b22f3fcc033a73cfe254024a",
            "messageTitle": "Organise files into packages",
            "messageBody": "",
            "tags": [
              "A-Packages"
            ],
            "fileTypesAndContributionMap": {
              "java": {
                "insertions": 91,
                "deletions": 0
              }
            }
          }
        ]
      },
      {
        "date": "2020-08-25",
        "commitResults": [
          {
            "hash": "c6989bd4c926eb15957fc36b1a6efda5c0307cec",
            "messageTitle": "Add Junit tests",
            "messageBody": "",
            "tags": [
              "v0.1",
              "A-JUnit"
            ],
            "fileTypesAndContributionMap": {
              "java": {
                "insertions": 89,
                "deletions": 0
              }
            }
          },
          {
            "hash": "c6c9596adedd21c5bac3a49c0070829c4e0b10ed",
            "messageTitle": "Add Javadocs",
            "messageBody": "",
            "tags": [
              "A-JavaDoc"
            ],
            "fileTypesAndContributionMap": {
              "java": {
                "insertions": 207,
                "deletions": 9
              }
            }
          },
          {
            "hash": "e4c283d9cf439b7930b62ac9f8a9982cf707848e",
            "messageTitle": "Reformat code to adhere to coding standards",
            "messageBody": "",
            "fileTypesAndContributionMap": {
              "java": {
                "insertions": 55,
                "deletions": 69
              }
            }
          },
          {
            "hash": "a0bef9f0b73d73f0e3716ffad2a7a3501421c157",
            "messageTitle": "Add find functionality",
            "messageBody": "",
            "fileTypesAndContributionMap": {
              "txt": {
                "insertions": 4,
                "deletions": 0
              },
              "java": {
                "insertions": 53,
                "deletions": 4
              }
            }
          }
        ]
      },
      {
        "date": "2020-09-02",
        "commitResults": [
          {
            "hash": "7863a0b9d8c90ea193c4377d773e665ebb9e38a5",
            "messageTitle": "Add Gradle support",
            "messageBody": "",
            "tags": [
              "A-Gradle"
            ],
            "fileTypesAndContributionMap": {
              "gradle": {
                "insertions": 11,
                "deletions": 2
              },
              "txt": {
                "insertions": 4,
                "deletions": 0
              },
              "java": {
                "insertions": 1,
                "deletions": 0
              }
            }
          },
          {
            "hash": "38228abe4c7de4ec21db9854f0c318cf7472a41f",
            "messageTitle": "Add gradle checkstyle",
            "messageBody": "",
            "tags": [
              "A-CheckStyle"
            ],
            "fileTypesAndContributionMap": {
              "gradle": {
                "insertions": 1,
                "deletions": 1
              },
              "java": {
                "insertions": 53,
                "deletions": 43
              }
            }
          }
        ]
      },
      {
        "date": "2020-09-03",
        "commitResults": [
          {
            "hash": "d30bce371630d8198b6f1038e9cbfccb6a614902",
            "messageTitle": "Add a GUI to Duke",
            "messageBody": "",
            "tags": [
              "Level-10"
            ],
            "fileTypesAndContributionMap": {
              "gradle": {
                "insertions": 18,
                "deletions": 1
              },
              "txt": {
                "insertions": 9,
                "deletions": 0
              },
              "fxml": {
                "insertions": 37,
                "deletions": 0
              },
              "java": {
                "insertions": 195,
                "deletions": 47
              },
              "md": {
                "insertions": 2198,
                "deletions": 0
              }
            }
          }
        ]
      },
      {
        "date": "2020-09-06",
        "commitResults": [
          {
            "hash": "766a72bdb396661c2c217fe83bb1cf3cb5089eb3",
            "messageTitle": "Update duke.txt",
            "messageBody": "",
            "fileTypesAndContributionMap": {
              "txt": {
                "insertions": 7,
                "deletions": 3
              }
            }
          }
        ]
      },
      {
        "date": "2020-09-09",
        "commitResults": [
          {
            "hash": "383b34cb307b4779e5ad3a7eb5fdae487308f142",
            "messageTitle": "Add assertions to codebase.",
            "messageBody": "",
            "tags": [
              "A-Assertions"
            ],
            "fileTypesAndContributionMap": {
              "java": {
                "insertions": 7,
                "deletions": 0
              },
              "md": {
                "insertions": 0,
                "deletions": 2198
              }
            }
          },
          {
            "hash": "6295416e53d9457814b70fec4f6982633f202f54",
            "messageTitle": "Refactor code base to remove redundant class UI",
            "messageBody": "",
            "tags": [
              "A-CodeQuality"
            ],
            "fileTypesAndContributionMap": {
              "java": {
                "insertions": 14,
                "deletions": 93
              }
            }
          },
          {
            "hash": "dd9ae001fc90e443d68a59c4eecaec980983d4a2",
            "messageTitle": "Prevent user from adding duplicate tasks.",
            "messageBody": "",
            "tags": [
              "BCD-Extension"
            ],
            "fileTypesAndContributionMap": {
              "txt": {
                "insertions": 4,
                "deletions": 0
              },
              "java": {
                "insertions": 20,
                "deletions": 8
              }
            }
          }
        ]
      },
      {
        "date": "2020-09-16",
        "commitResults": [
          {
            "hash": "c428cfd3c362f4550e216199250e8bfed2dc6dee",
            "messageTitle": "Update User Guide",
            "messageBody": "",
            "tags": [
              "A-UserGuide"
            ],
            "fileTypesAndContributionMap": {
              "md": {
                "insertions": 12,
                "deletions": 10
              }
            }
          },
          {
            "hash": "0b5f159f60a096f515c64768384103e3b0f9f533",
            "messageTitle": "Create new release",
            "messageBody": "",
            "tags": [
              "A-Release"
            ],
            "fileTypesAndContributionMap": {
              "gradle": {
                "insertions": 8,
                "deletions": 0
              }
            }
          }
        ]
      }
    ]
  },
  "authorFileTypeContributionMap": {
    "pooty3": {
      "java": 1049,
      "md": 12,
      "fxml": 37,
      "sh": 3,
      "bat": 1,
      "gradle": 37,
      "txt": 70
    }
  },
  "authorContributionVariance": {
    "pooty3": 338079.0
  },
  "authorDisplayNameMap": {
    "pooty3": "CS2103T-T15-1 LIM ..SIUS"
  }
}
