{
  "authorDailyContributionsMap": {
    "StopTakingAllTheNames": [
      {
        "date": "2020-08-16",
        "commitResults": [
          {
            "hash": "74234f12326b3be56251f17595591ff7556f896a",
            "messageTitle": "Changed greeting message",
            "messageBody": "",
            "fileTypesAndContributionMap": {
              "java": {
                "insertions": 2,
                "deletions": 7
              }
            }
          },
          {
            "hash": "cc0c41db90d523da96d286454deb15547ab3b0c5",
            "messageTitle": "Added bye command",
            "messageBody": "",
            "tags": [
              "Level-1"
            ],
            "fileTypesAndContributionMap": {
              "java": {
                "insertions": 14,
                "deletions": 0
              }
            }
          },
          {
            "hash": "cea12adfd874e17365760163762aaf7512163ed2",
            "messageTitle": "Added ability to record input strings from user as a task",
            "messageBody": "",
            "fileTypesAndContributionMap": {
              "java": {
                "insertions": 15,
                "deletions": 4
              }
            }
          },
          {
            "hash": "847b7636e88bc32a46701807311f3fbd4e0679a8",
            "messageTitle": "Added list command to view recorded tasks",
            "messageBody": "",
            "tags": [
              "Level-2"
            ],
            "fileTypesAndContributionMap": {
              "java": {
                "insertions": 4,
                "deletions": 0
              }
            }
          },
          {
            "hash": "faf2ec3116ac54ebc7d3f73d3a7f1d7ad8595144",
            "messageTitle": "Added Task class",
            "messageBody": "",
            "fileTypesAndContributionMap": {
              "java": {
                "insertions": 24,
                "deletions": 0
              }
            }
          },
          {
            "hash": "1fcf1e0b3f65b88339ec475262da62298fbee4ad",
            "messageTitle": "Reorganised tasks into their respective Task objects",
            "messageBody": "",
            "fileTypesAndContributionMap": {
              "java": {
                "insertions": 4,
                "deletions": 3
              }
            }
          },
          {
            "hash": "57837cee196cccd7db62e15bfc7b7c4e9cb733e8",
            "messageTitle": "Added ability to complete tasks",
            "messageBody": "",
            "fileTypesAndContributionMap": {
              "java": {
                "insertions": 5,
                "deletions": 0
              }
            }
          },
          {
            "hash": "55b348ef6370f3a36a62a71a9147986b1aaed103",
            "messageTitle": "Removed unnecessary else clause",
            "messageBody": "",
            "fileTypesAndContributionMap": {
              "java": {
                "insertions": 1,
                "deletions": 2
              }
            }
          },
          {
            "hash": "89ee2d81394e2351978ba1bb065066bba2e2681d",
            "messageTitle": "Silly me, re-added ability to add tasks",
            "messageBody": "",
            "tags": [
              "Level-3"
            ],
            "fileTypesAndContributionMap": {
              "java": {
                "insertions": 2,
                "deletions": 1
              }
            }
          },
          {
            "hash": "42b8ba928d0bf73b28c33f93409deb855a7f4789",
            "messageTitle": "Added deadlines, events and todos",
            "messageBody": "",
            "fileTypesAndContributionMap": {
              "java": {
                "insertions": 39,
                "deletions": 5
              }
            }
          },
          {
            "hash": "607c1e54a4aa69fd69ab8d59ba463c065a867bd2",
            "messageTitle": "Added ability to add different types of tasks",
            "messageBody": "",
            "fileTypesAndContributionMap": {
              "java": {
                "insertions": 28,
                "deletions": 7
              }
            }
          },
          {
            "hash": "3ff4cab572dcd430ae2ac0196c594ec440f2f8f8",
            "messageTitle": "Reorganised commands into their own methods",
            "messageBody": "",
            "tags": [
              "Level-4"
            ],
            "fileTypesAndContributionMap": {
              "java": {
                "insertions": 49,
                "deletions": 37
              }
            }
          },
          {
            "hash": "f98dcd981a78af0cc19c4beb89f31955e1cd6620",
            "messageTitle": "Fixed grammatical errors",
            "messageBody": "",
            "fileTypesAndContributionMap": {
              "java": {
                "insertions": 5,
                "deletions": 5
              }
            }
          },
          {
            "hash": "6e451150f507763bf56e2e7a74a6c1991d00607b",
            "messageTitle": "Added automated testing",
            "messageBody": "",
            "fileTypesAndContributionMap": {
              "txt": {
                "insertions": 8,
                "deletions": 0
              },
              "sh": {
                "insertions": 1,
                "deletions": 1
              }
            }
          },
          {
            "hash": "10ac81398118f469d01c4c30f6eec95f02b8fcc9",
            "messageTitle": "Updated runtest.bat",
            "messageBody": "",
            "tags": [
              "A-TextUiTesting"
            ],
            "fileTypesAndContributionMap": {
              "bat": {
                "insertions": 1,
                "deletions": 1
              }
            }
          },
          {
            "hash": "c029e9ff6bd33e31bc873dbd90ab1e8cdbf8943b",
            "messageTitle": "Added exception classes and static factory methods for error handling",
            "messageBody": "",
            "fileTypesAndContributionMap": {
              "java": {
                "insertions": 111,
                "deletions": 32
              }
            }
          },
          {
            "hash": "95fb8bc297d923f8263859b05da8c28b24c62ce0",
            "messageTitle": "Updated test cases, fixed bug at Event.java",
            "messageBody": "",
            "tags": [
              "Level-5"
            ],
            "fileTypesAndContributionMap": {
              "txt": {
                "insertions": 10,
                "deletions": 0
              },
              "java": {
                "insertions": 1,
                "deletions": 1
              }
            }
          },
          {
            "hash": "6e3f3ea88ec022c2a8da39b2fb20f5d42c772f04",
            "messageTitle": "Added delete command",
            "messageBody": "",
            "tags": [
              "Level-6"
            ],
            "fileTypesAndContributionMap": {
              "txt": {
                "insertions": 4,
                "deletions": 0
              },
              "java": {
                "insertions": 32,
                "deletions": 27
              }
            }
          }
        ]
      },
      {
        "date": "2020-08-21",
        "commitResults": [
          {
            "hash": "886d0a81aa2578d969c875577484f4ecd92137d2",
            "messageTitle": "Refactored exceptions as their own package",
            "messageBody": "",
            "fileTypesAndContributionMap": {
              "java": {
                "insertions": 0,
                "deletions": 0
              }
            }
          },
          {
            "hash": "b63931c46c242fb0ed9204d023bc4b3591d9a92d",
            "messageTitle": "Refactored tasks into their own package",
            "messageBody": "",
            "fileTypesAndContributionMap": {
              "java": {
                "insertions": 20,
                "deletions": 4
              }
            }
          },
          {
            "hash": "59e59b0f4c98e009b99e1853205e28cd4f56a8bc",
            "messageTitle": "imported newly created packages",
            "messageBody": "",
            "fileTypesAndContributionMap": {
              "java": {
                "insertions": 20,
                "deletions": 2
              }
            }
          },
          {
            "hash": "29755555cb18c21ea04b8120562ffd73d121d291",
            "messageTitle": "Add new packages into runtest.bat and runtest.sh",
            "messageBody": "",
            "fileTypesAndContributionMap": {
              "bat": {
                "insertions": 1,
                "deletions": 1
              },
              "sh": {
                "insertions": 1,
                "deletions": 1
              }
            }
          }
        ]
      },
      {
        "date": "2020-08-24",
        "commitResults": [
          {
            "hash": "ce80c226f81592c888642dd236dd4a96a6c323c4",
            "messageTitle": "Add save functionality",
            "messageBody": "",
            "fileTypesAndContributionMap": {
              "txt": {
                "insertions": 0,
                "deletions": 0
              },
              "java": {
                "insertions": 137,
                "deletions": 34
              }
            }
          },
          {
            "hash": "f8569c422061580b234763455e9c2537204919ef",
            "messageTitle": "Set fields in Deadline class to private",
            "messageBody": "",
            "tags": [
              "Level-7"
            ],
            "fileTypesAndContributionMap": {
              "java": {
                "insertions": 1,
                "deletions": 1
              }
            }
          },
          {
            "hash": "538c3a7737c32fcab91242d0d4b8f9c3f2e7acb4",
            "messageTitle": "Add date recognition",
            "messageBody": "",
            "fileTypesAndContributionMap": {
              "java": {
                "insertions": 75,
                "deletions": 15
              }
            }
          },
          {
            "hash": "0741cd20ccb719e8a39a648517e3c2e4ded3b6e3",
            "messageTitle": "Add Ui, Parser, Storage, TaskList classes",
            "messageBody": "",
            "tags": [
              "A-MoreOOP"
            ],
            "fileTypesAndContributionMap": {
              "txt": {
                "insertions": 1,
                "deletions": 0
              },
              "java": {
                "insertions": 264,
                "deletions": 191
              }
            }
          },
          {
            "hash": "a64a20e5b6c72b02109db654594f0b87ad579d48",
            "messageTitle": "Refactor classes into duke.main, duke.exception and duke.task",
            "messageBody": "",
            "fileTypesAndContributionMap": {
              "java": {
                "insertions": 46,
                "deletions": 36
              }
            }
          },
          {
            "hash": "722eb251ae8f2e5acd80deb448b9e36208f48a5b",
            "messageTitle": "Change Parser.parse() message on adding a new task",
            "messageBody": "",
            "fileTypesAndContributionMap": {
              "txt": {
                "insertions": 1,
                "deletions": 1
              },
              "java": {
                "insertions": 2,
                "deletions": 2
              }
            }
          }
        ]
      },
      {
        "date": "2020-08-25",
        "commitResults": [
          {
            "hash": "991f64c3087a06f71c8cbae4448506b34bb3f72f",
            "messageTitle": "Fix incorrect package names",
            "messageBody": "",
            "tags": [
              "A-Packages"
            ],
            "fileTypesAndContributionMap": {
              "java": {
                "insertions": 33,
                "deletions": 2
              }
            }
          },
          {
            "hash": "fcbae1f0416aca8d49da228a81f8eb45e91d9316",
            "messageTitle": "Add JUnit tests",
            "messageBody": "Test cases test public and package-private methods in duke.task package as part of A-JUnit requirements.\n",
            "tags": [
              "A-JUnit"
            ],
            "fileTypesAndContributionMap": {
              "java": {
                "insertions": 68,
                "deletions": 0
              }
            }
          },
          {
            "hash": "b9de178a8b30d4d07c75c3c832cab3020f7c5e1a",
            "messageTitle": "Resolve errors when printing or writing empty TaskLists",
            "messageBody": "",
            "tags": [
              "A-Jar"
            ],
            "fileTypesAndContributionMap": {
              "txt": {
                "insertions": 0,
                "deletions": 3
              },
              "java": {
                "insertions": 6,
                "deletions": 2
              }
            }
          },
          {
            "hash": "9e6306dd2eb78f16b624f315ace88686ed5a4f13",
            "messageTitle": "Add JavaDoc comments to all non-trivial non-private methods",
            "messageBody": "",
            "fileTypesAndContributionMap": {
              "java": {
                "insertions": 132,
                "deletions": 0
              }
            }
          },
          {
            "hash": "9c62a76927f92cb7f9fc213bcdfbae7b2c2c643c",
            "messageTitle": "Add support for find operation",
            "messageBody": "Methods have been added to Task, Parser and TaskList classes to facilitate searching for Tasks that contain a given keyword.\n",
            "fileTypesAndContributionMap": {
              "txt": {
                "insertions": 3,
                "deletions": 0
              },
              "java": {
                "insertions": 101,
                "deletions": 18
              }
            }
          },
          {
            "hash": "9c825b5da04662bd033b9f64a799b674e95de662",
            "messageTitle": "Amend code style",
            "messageBody": "Braces have been added to single-line if clauses in compliance with the coding standards.\n",
            "fileTypesAndContributionMap": {
              "java": {
                "insertions": 25,
                "deletions": 11
              }
            }
          },
          {
            "hash": "bc74d07d57d41c06facf1b231435e5a24f91b663",
            "messageTitle": "Rename factory methods for file reading",
            "messageBody": "",
            "tags": [
              "A-CodingStandard"
            ],
            "fileTypesAndContributionMap": {
              "java": {
                "insertions": 9,
                "deletions": 9
              }
            }
          },
          {
            "hash": "e95661738ee6abb17c29450d3dd3e177c5edbd6a",
            "messageTitle": "Fix bug in Parser.find()",
            "messageBody": "",
            "tags": [
              "Level-9"
            ],
            "fileTypesAndContributionMap": {
              "txt": {
                "insertions": 1,
                "deletions": 1
              },
              "java": {
                "insertions": 1,
                "deletions": 1
              }
            }
          }
        ]
      }
    ]
  },
  "authorFileTypeContributionMap": {
    "StopTakingAllTheNames": {
      "java": 848,
      "md": 0,
      "fxml": 0,
      "sh": 1,
      "bat": 1,
      "gradle": 0,
      "txt": 25
    }
  },
  "authorContributionVariance": {
    "StopTakingAllTheNames": 67952.164
  },
  "authorDisplayNameMap": {
    "StopTakingAllTheNames": "CS2103T-W15-2 ONG .. GAO"
  }
}
