{"authorDailyContributionsMap":{"xnoobftw":[{"date":"2020-08-14","commitResults":[{"hash":"3b6d1a8d8e1a10991f60b3ecc6dd9f0dafc5ea13","messageTitle":"Level-1","messageBody":"implemented level-1 Greet, Echo, Exit\n","tags":["Level-1"],"fileTypesAndContributionMap":{"java":{"insertions":15,"deletions":6}}},{"hash":"43c98d5126639363e10503ec06bcfd3a73307ea0","messageTitle":"Level-2","messageBody":"implemented Add, List\n","tags":["Level-2"],"fileTypesAndContributionMap":{"java":{"insertions":12,"deletions":2}}},{"hash":"7a09a8f3ded1da579f84cb7206326058ada18264","messageTitle":"Level-3","messageBody":"Implemented level-3 Mark as Done\n","tags":["Level-3"],"fileTypesAndContributionMap":{"java":{"insertions":39,"deletions":7}}},{"hash":"fff5a81a246f6f38537406bc926fc7acdc06b57d","messageTitle":"Level-4","messageBody":"implemented ToDo, deadline, event\n","tags":["Level-4","Level-3.5"],"fileTypesAndContributionMap":{"java":{"insertions":104,"deletions":11}}},{"hash":"90285ed85c9161f0b685eb29cf86497da1cadb28","messageTitle":"Level-4.1","messageBody":"made bot handle invalid input\n","tags":["Level-4.1"],"fileTypesAndContributionMap":{"txt":{"insertions":1,"deletions":0},"java":{"insertions":10,"deletions":3},"bat":{"insertions":1,"deletions":1}}}]},{"date":"2020-08-15","commitResults":[{"hash":"fb13dd1a9cb60e44e81bf7c6945264e71591e6f8","messageTitle":"updated input.txt and expected.txt","messageBody":"","fileTypesAndContributionMap":{"txt":{"insertions":11,"deletions":1},"sh":{"insertions":0,"deletions":38}}}]},{"date":"2020-08-16","commitResults":[{"hash":"e2156d0f0f92e5e27d0fe53a9e4e9f9142a4e64b","messageTitle":"Update runtest.bat","messageBody":"","fileTypesAndContributionMap":{"bat":{"insertions":9,"deletions":4}}},{"hash":"ad86fc32156b9af52200a264e4a8d58c8e824c75","messageTitle":"A-TextUiTesting","messageBody":"implemented UI Testing\n","tags":["A-TextUiTesting"],"fileTypesAndContributionMap":{"java":{"insertions":1,"deletions":1},"bat":{"insertions":4,"deletions":9}}},{"hash":"25c43cce577f24562135232e184f5b8dd682309e","messageTitle":"Level-5 Handle Errors","messageBody":"implemented exception handling of\n1) empty todo\n2) deadline/event without time description\n3) deadline/event without task description\n4) deadline/event without time and task description\n","tags":["Level-5"],"fileTypesAndContributionMap":{"txt":{"insertions":5,"deletions":0},"java":{"insertions":81,"deletions":31}}},{"hash":"2ce0a756a837acaf23fe5d912f831d2f332a3b52","messageTitle":"Level-6","messageBody":"implemented delete, handled exceptions such as\n1) index \u003c 0\n2) index \u003e userList.size()\n3) too few arguments for delete\n","tags":["Level-6"],"fileTypesAndContributionMap":{"txt":{"insertions":8,"deletions":0},"java":{"insertions":38,"deletions":4}}}]},{"date":"2020-08-18","commitResults":[{"hash":"62a3df0cc928a121f843ad8700fdcfc4481046b5","messageTitle":"Update runtest.bat","messageBody":"","fileTypesAndContributionMap":{"bat":{"insertions":3,"deletions":1}}}]},{"date":"2020-08-19","commitResults":[{"hash":"4a0d69e1c854ed8738a8f1fc101169e7c86789e7","messageTitle":"added doneexception, abstracted bodies into methods","messageBody":"covered the corner cases for done where\n1) done (w/o argument is input)\n2) done 213123 (when number exceeds size of userList)\n3) done 2 3 2 (when too many arguements)\n","fileTypesAndContributionMap":{"txt":{"insertions":3,"deletions":0},"java":{"insertions":56,"deletions":30}}}]},{"date":"2020-08-22","commitResults":[{"hash":"cdc04054fb0990a091ac67e50983f959be8180a8","messageTitle":"Add DukeCSV.java","messageBody":"Level-7. Implemented Duke\u0027s ability to read from and save to\n\"data/duke.csv\" so Tasks will be stored even after exiting\nprogram.\n","tags":["Level-7"],"fileTypesAndContributionMap":{"java":{"insertions":219,"deletions":47},"bat":{"insertions":1,"deletions":2}}},{"hash":"6ae82c1a035d6f50168eedc986ce6410ebd770c1","messageTitle":"Add comment in Duke.java line 31 for clarity","messageBody":"","fileTypesAndContributionMap":{"java":{"insertions":1,"deletions":0}}},{"hash":"536e534e990d1ef16fc7e8ed71a77c3f5eeadb01","messageTitle":"Revert \"Add comment in Duke.java line 31 for clarity\"","messageBody":"This reverts commit 6ae82c1a035d6f50168eedc986ce6410ebd770c1.\n","fileTypesAndContributionMap":{"java":{"insertions":0,"deletions":1}}},{"hash":"821561436f7edd5f27cfe746a99b50eeb4baef41","messageTitle":"Implement Duke\u0027s ability to take in date time.","messageBody":"Duke now takes in a LocalDateTime instead of simply a string\nto store deadlines or event timings.\n","tags":["Level-8"],"fileTypesAndContributionMap":{"java":{"insertions":72,"deletions":21}}},{"hash":"22210bcbe94a54e88f4738f86c08690a9b7bedd6","messageTitle":"Refactor CSV reading and writing and Update runtest.bat","messageBody":"Because:\n- Previous commit didn\u0027t capture DDMMYYYYHHHH\n- to automate testing\n","fileTypesAndContributionMap":{"txt":{"insertions":15,"deletions":4},"java":{"insertions":60,"deletions":13}}}]},{"date":"2020-08-23","commitResults":[{"hash":"713cb8a37140a2c1ab5ad7af00bb270a6d1dbbcb","messageTitle":"Refactor Duke to adhere to OOP more.","messageBody":"","fileTypesAndContributionMap":{"java":{"insertions":34,"deletions":23}}},{"hash":"46299185ee9f98d6e4847be935bd4de940a1bfc5","messageTitle":"Refactor Duke.java Add Command.java and various child classes Add Storage.java Add Parser.java Add TaskList.java Add Ui.java","messageBody":"Adhered to OOP by separating implementations into different classes\n1) Parent - Command.java\n   Child - *insertCommandName*Command.java (eg DeleteCommand.java)\n\nHold the bulk of the main logic\n\n2) Storage.java\nResponsible for reading and writing to data/tasks.csv\n\n3) Parser.java\nDeals with making sense of the user command\n\n4) TaskList.java\nContains the task list\ne.g., it has operations to add/delete tasks in the list\n\n5) Ui.java\nDeals with interactions with the user\n","tags":["A-MoreOOP"],"fileTypesAndContributionMap":{"java":{"insertions":495,"deletions":261}}},{"hash":"497699604f39ab8f542c0cd43e0f8301b4a98990","messageTitle":"Refactor into packages Fix Storage.java","messageBody":"Refactoring to packages such as:\n- duke\n    - Command\n    - Exception\n    - Task\n\nFix Storage.java\n    Since now it\u0027s in a package the getClass().getName() will\n    return duke.Task instead. -\u003e changed to\n    getClass().getSimpleName()\n","tags":["A-Packages"],"fileTypesAndContributionMap":{"java":{"insertions":165,"deletions":49}}},{"hash":"6fa20d8f4a113042d68d1ef49a2b5b00b1606812","messageTitle":"Optimise Duke and Ui","messageBody":"Scanner object changed to only being instantiated once instead\nof every call of Ui.readCommand();\n","fileTypesAndContributionMap":{"java":{"insertions":5,"deletions":3},"bat":{"insertions":2,"deletions":1}}},{"hash":"085b63e1a41dc83d059d5a9e0ed842d852f73e5c","messageTitle":"Add Tests","messageBody":"Tests includes:\n- DeadlineTest\n- EventTest\n- TaskInheritanceTest\n- ToDoTest\n","tags":["A-JUnit"],"fileTypesAndContributionMap":{"txt":{"insertions":3,"deletions":37},"java":{"insertions":132,"deletions":6}}},{"hash":"1f0570c70e73dc9a76e4d624ddc47c54190fa893","messageTitle":"Fix runtest.bat","messageBody":"Due to packaging, runtest.bat broke\nfixed by:\n- changing line 20\nfrom:java -classpath ..\\bin duke.Duke \u003c input.txt \u003e ACTUAL.TXT\nto:java -classpath ..\\bin duke.Duke \u003c input.txt \u003e ACTUAL.TXT\n\n- changing line 10\nfrom: javac  -cp ..\\src -Xlint:none -d ..\\bin ..\\src\\main\\java\\duke\\*.java\nto: javac  -cp ..\\src -Xlint:none -d ..\\bin ..\\src\\main\\java\\duke\\Command\\*.java ..\\src\\main\\java\\duke\\Exception\\*.java ..\\src\\main\\java\\duke\\Task\\*.java ..\\src\\main\\java\\duke\\*.java\n","tags":["v0.1","A-Jar"],"fileTypesAndContributionMap":{"txt":{"insertions":37,"deletions":3},"bat":{"insertions":1,"deletions":1}}},{"hash":"c9f3a7356f58c450b0b3198cc7b9301935721c13","messageTitle":"Add JavaDocs and Remove throwing unnecessary exceptions","messageBody":"","tags":["A-JavaDoc"],"fileTypesAndContributionMap":{"java":{"insertions":256,"deletions":8}}},{"hash":"d4edf2651a544fedb6b96e1bc68dd7e10c12c82c","messageTitle":"Upkeep coding standard","messageBody":"","tags":["A-CodingStandard"],"fileTypesAndContributionMap":{"java":{"insertions":18,"deletions":8}}},{"hash":"17c1dcf473ff46268f1f1b7b9c6f8aab3b32b346","messageTitle":"Add FindException and FindCommand","messageBody":"Duke now supports find command which returns a list of task\nthat contains the user\u0027s input keyword\n","tags":["Level-9"],"fileTypesAndContributionMap":{"java":{"insertions":56,"deletions":1}}},{"hash":"ad292118c2b9061203434d462e34f6b1958b38fc","messageTitle":"Remove InvalidInputException, Amend FindCommand, Update runtest.bat","messageBody":"Amend FindCommand:\nKeywords are now every subsequent letters after find prefix instead\nof just 1 word\n\nRemove InvalidInputException:\nNot used\n\nUpdate runtest.bat\nTo include findcommand as testcase\n","tags":["Level-9.1"],"fileTypesAndContributionMap":{"txt":{"insertions":3,"deletions":0},"java":{"insertions":34,"deletions":19}}}]},{"date":"2020-08-25","commitResults":[{"hash":"e7d65241e5ad086117374a903ad57281e47cce01","messageTitle":"Add Gradle, Checkstyle","messageBody":"Pending:\n    - Addressing checkstyle compliance.\n","tags":["A-Gradle"],"fileTypesAndContributionMap":{"gradle":{"insertions":3,"deletions":2},"java":{"insertions":1,"deletions":1}}}]},{"date":"2020-08-26","commitResults":[{"hash":"e5a2901adb9282d362e50b1224d12b8881334f70","messageTitle":"Fix checkstyle","messageBody":"Resolved all checkstyle error reported by checkstyle\n","tags":["A-CheckStyle"],"fileTypesAndContributionMap":{"java":{"insertions":164,"deletions":149},"md":{"insertions":2,"deletions":2}}}]},{"date":"2020-08-29","commitResults":[{"hash":"8cfbb1d50693c8233ba0014b1287e9f0294e7bf8","messageTitle":"Add Javafx implementation till level 3","messageBody":"","fileTypesAndContributionMap":{"gradle":{"insertions":15,"deletions":0},"java":{"insertions":166,"deletions":1}}}]},{"date":"2020-08-30","commitResults":[{"hash":"33b0330d6703da1b7dff1cec63406859ce2da71c","messageTitle":"Add FXML implementation","messageBody":"","fileTypesAndContributionMap":{"fxml":{"insertions":35,"deletions":0},"java":{"insertions":139,"deletions":120}}},{"hash":"f4bb483b23c85285824d5a35919bfb0c50b85bcb","messageTitle":"Implement MainWndow to use fx:root construct","messageBody":"","fileTypesAndContributionMap":{"fxml":{"insertions":2,"deletions":2},"java":{"insertions":10,"deletions":18}}},{"hash":"c87b77ff2520f206c41a6bfbb1e4b566bc84f07c","messageTitle":"Update","messageBody":"","tags":["Level-10"],"fileTypesAndContributionMap":{"fxml":{"insertions":1,"deletions":1},"java":{"insertions":2,"deletions":3}}},{"hash":"78dab2c21e46d51e3f96d5d5e9dc5c42de2a28e0","messageTitle":"Update chat format and color","messageBody":"","fileTypesAndContributionMap":{"java":{"insertions":5,"deletions":4}}}]},{"date":"2020-08-31","commitResults":[{"hash":"19007b63d217344f8ffa0525f43b90ed9944f0d3","messageTitle":"Integrate Duke to GUI","messageBody":"","fileTypesAndContributionMap":{"java":{"insertions":94,"deletions":2}}},{"hash":"5861922cf7ca246a3bcc30e88e1b709903626953","messageTitle":"Update javadocs and Fix when message is null under Ui","messageBody":"","fileTypesAndContributionMap":{"fxml":{"insertions":1,"deletions":1},"java":{"insertions":43,"deletions":51}}}]},{"date":"2020-09-03","commitResults":[{"hash":"805b1262925292d6378c7bdb1c4a184df416b363","messageTitle":"Fix max height in GUI","messageBody":"","fileTypesAndContributionMap":{"fxml":{"insertions":1,"deletions":1},"java":{"insertions":11,"deletions":1}}}]},{"date":"2020-09-05","commitResults":[{"hash":"a6d86cd6b908377fc8c2a523aa63a9ac383b35a3","messageTitle":"Fix package name","messageBody":"","fileTypesAndContributionMap":{"fxml":{"insertions":1,"deletions":1},"java":{"insertions":3,"deletions":3}}},{"hash":"56276b87fac729f9301521b29ae72511e04756d5","messageTitle":"Add assertions into duke.java","messageBody":"","tags":["A-Assertions"],"fileTypesAndContributionMap":{"java":{"insertions":4,"deletions":0}}},{"hash":"ee437f29ad87f4bc688a0aaec352aa5b35c59826","messageTitle":"Refactor package name","messageBody":"","fileTypesAndContributionMap":{"java":{"insertions":0,"deletions":1}}},{"hash":"5bc22c2f3a816dbf2e220def5ce52639ced55d58","messageTitle":"Refactor code quality in different java files","messageBody":"","tags":["A-CodeQuality"],"fileTypesAndContributionMap":{"java":{"insertions":5,"deletions":11}}},{"hash":"be233e41160b1b7fa822c49cd3ce6bbbd4522636","messageTitle":"Changed how GUI looks","messageBody":"","fileTypesAndContributionMap":{"java":{"insertions":6,"deletions":2}}},{"hash":"413397a9d726b14c3a1e77d2a1c77949afaf7226","messageTitle":"Add sorting to tasklist","messageBody":"","tags":["C-Sort","BCD-Extension"],"fileTypesAndContributionMap":{"java":{"insertions":95,"deletions":5}}},{"hash":"cf5e53662c56e683ba6fa6bcf53de6ae6a86f000","messageTitle":"Update build.gradle with shadow","messageBody":"","fileTypesAndContributionMap":{"gradle":{"insertions":2,"deletions":2}}}]},{"date":"2020-09-12","commitResults":[{"hash":"f02dce4190aa997f3ae709a7b1d7487c879cc36f","messageTitle":"Swap User and Duke position, Add Ui.png in docs","messageBody":"","fileTypesAndContributionMap":{"java":{"insertions":1,"deletions":1}}},{"hash":"f2f50e60103430df53ceac039bfff32695bfe2de","messageTitle":"Update README","messageBody":"","tags":["A-UserGuide"],"fileTypesAndContributionMap":{"md":{"insertions":56,"deletions":9}}},{"hash":"f9e86b1636122a0cf0685f3ffb515a6ddf8ed53c","messageTitle":"Fix deadline toString method","messageBody":"","tags":["v0.3","A-Release"],"fileTypesAndContributionMap":{"java":{"insertions":1,"deletions":1}}}]},{"date":"2020-09-13","commitResults":[{"hash":"ea3a1756215851f6b654ba0f050940f05c480d41","messageTitle":"Update README.md","messageBody":"","fileTypesAndContributionMap":{"md":{"insertions":9,"deletions":1}}},{"hash":"258904b6996f27c4d352e1e1c3e3d64fc17ea4b8","messageTitle":"Update README.md","messageBody":"","fileTypesAndContributionMap":{"md":{"insertions":1,"deletions":1}}}]}]},"authorFileTypeContributionMap":{"xnoobftw":{"java":1722,"md":62,"fxml":35,"sh":0,"bat":4,"gradle":19,"txt":41}},"authorContributionVariance":{"xnoobftw":92619.72},"authorDisplayNameMap":{"xnoobftw":"CS2103T-T12-1 CHOO..G YU"}}
