{
  "authorDailyContributionsMap": {
    "justweihong": [
      {
        "date": "2020-08-20",
        "commitResults": [
          {
            "hash": "c4f347be0ff1d3037c85710f9287f229d9730a80",
            "messageTitle": "finished level 1",
            "messageBody": "",
            "tags": [
              "level-1"
            ],
            "fileTypesAndContributionMap": {
              "java": {
                "insertions": 12,
                "deletions": 6
              }
            }
          },
          {
            "hash": "17e5656cc43c229b7b9a7d777b320d9b22ef8e18",
            "messageTitle": "finished level-2",
            "messageBody": "",
            "tags": [
              "level-2"
            ],
            "fileTypesAndContributionMap": {
              "java": {
                "insertions": 15,
                "deletions": 2
              }
            }
          },
          {
            "hash": "a2e6c6f723bde39285ce01649be485b1b6fd60e6",
            "messageTitle": "done with level-3",
            "messageBody": "",
            "tags": [
              "level-3"
            ],
            "fileTypesAndContributionMap": {
              "java": {
                "insertions": 35,
                "deletions": 9
              }
            }
          },
          {
            "hash": "50704057773657a52f071624e7be9d216826b34b",
            "messageTitle": "finished level-4, but did not use inheritance and polymorphism",
            "messageBody": "",
            "tags": [
              "level-4"
            ],
            "fileTypesAndContributionMap": {
              "java": {
                "insertions": 46,
                "deletions": 4
              }
            }
          },
          {
            "hash": "6b702ce2d3503848366d5f6052c42c026dbf9d9c",
            "messageTitle": "finished level-5, oh but i didnt see the automated Text UI Testing",
            "messageBody": "",
            "tags": [
              "level-5"
            ],
            "fileTypesAndContributionMap": {
              "java": {
                "insertions": 63,
                "deletions": 39
              }
            }
          },
          {
            "hash": "f7a576337e5d11ab4b6bf458238da60adf05f8dc",
            "messageTitle": "done automated testing",
            "messageBody": "",
            "tags": [
              "A-TextUiTesting"
            ],
            "fileTypesAndContributionMap": {
              "txt": {
                "insertions": 4,
                "deletions": 0
              },
              "java": {
                "insertions": 1,
                "deletions": 1
              },
              "bat": {
                "insertions": 1,
                "deletions": 1
              }
            }
          },
          {
            "hash": "b4d9f26667e6f805dd949db2b89888da37fdcbfc",
            "messageTitle": "finish level-6",
            "messageBody": "",
            "tags": [
              "level-6"
            ],
            "fileTypesAndContributionMap": {
              "java": {
                "insertions": 7,
                "deletions": 0
              }
            }
          }
        ]
      },
      {
        "date": "2020-08-24",
        "commitResults": [
          {
            "hash": "e81b4584668f183374d1a3c1629c716d527cac0a",
            "messageTitle": "incorporated inheritance of Tasks: EventTask, DeadlineTask and TodoTask classes",
            "messageBody": "",
            "fileTypesAndContributionMap": {
              "java": {
                "insertions": 62,
                "deletions": 31
              }
            }
          }
        ]
      }
    ]
  },
  "authorFileTypeContributionMap": {
    "justweihong": {
      "java": 155,
      "md": 0,
      "fxml": 0,
      "sh": 0,
      "bat": 1,
      "gradle": 0,
      "txt": 4
    }
  },
  "authorContributionVariance": {
    "justweihong": 5337.9673
  },
  "authorDisplayNameMap": {
    "justweihong": "NG W..HONG"
  }
}
