{
  "authorDailyContributionsMap": {
    "LinkedInk": [
      {
        "date": "2020-08-20",
        "commitResults": [
          {
            "hash": "072b4ff3315c046b5a5dcd96c87b9cefc80f349c",
            "messageTitle": "this is a test commit",
            "messageBody": "",
            "fileTypesAndContributionMap": {
              "java": {
                "insertions": 1,
                "deletions": 0
              }
            }
          },
          {
            "hash": "9e5b10b80fc3313d38d529414ff7c68f5c5d12d6",
            "messageTitle": "tag testing commit",
            "messageBody": "",
            "fileTypesAndContributionMap": {
              "java": {
                "insertions": 2,
                "deletions": 1
              }
            }
          },
          {
            "hash": "3d71ded39737f7752937769bd0a0ff8f4b950a5a",
            "messageTitle": "This now has Duke Level-1 completed",
            "messageBody": "",
            "tags": [
              "Level-1"
            ],
            "fileTypesAndContributionMap": {
              "java": {
                "insertions": 33,
                "deletions": 8
              }
            }
          },
          {
            "hash": "2bdcf170b5f2b3f1541aa3ca3630fa7a55c18ca4",
            "messageTitle": "Level-1 complete",
            "messageBody": "",
            "fileTypesAndContributionMap": {
              "java": {
                "insertions": 1,
                "deletions": 0
              }
            }
          },
          {
            "hash": "de1246e3e6af54ff50af6a8b40178748bb9b2c00",
            "messageTitle": "Level 2 Completed",
            "messageBody": "",
            "fileTypesAndContributionMap": {
              "java": {
                "insertions": 85,
                "deletions": 33
              }
            }
          },
          {
            "hash": "da74f683a01b17de93208ca22a5665b9c56bb4cd",
            "messageTitle": "Level 3 Complete",
            "messageBody": "",
            "tags": [
              "Level-2"
            ],
            "fileTypesAndContributionMap": {
              "java": {
                "insertions": 55,
                "deletions": 12
              }
            }
          },
          {
            "hash": "f8f7f17be6e8be75c7bb888905cb44b1f3e7e59a",
            "messageTitle": "Level 2 Complete",
            "messageBody": "",
            "tags": [
              "Level-3"
            ],
            "fileTypesAndContributionMap": {
              "java": {
                "insertions": 50,
                "deletions": 16
              }
            }
          },
          {
            "hash": "b4017e207ca6681f58c2fca501cfcf17e711bbb0",
            "messageTitle": "Level 3 Complete",
            "messageBody": "",
            "tags": [
              "Level-4"
            ],
            "fileTypesAndContributionMap": {
              "java": {
                "insertions": 3,
                "deletions": 4
              }
            }
          },
          {
            "hash": "2b8ad4710ed8d5d430fd96e2d59d26dbda83dcf3",
            "messageTitle": "Level 4 Complete",
            "messageBody": "",
            "tags": [
              "Level-5"
            ],
            "fileTypesAndContributionMap": {
              "java": {
                "insertions": 88,
                "deletions": 31
              }
            }
          },
          {
            "hash": "95f1abbb441373ed34401ee1cf1e8ed94c923d98",
            "messageTitle": "Level 5 Complete",
            "messageBody": "",
            "tags": [
              "Level-6"
            ],
            "fileTypesAndContributionMap": {
              "java": {
                "insertions": 22,
                "deletions": 9
              }
            }
          },
          {
            "hash": "54668c97b755fdb357f40fa9285c73e6487a5197",
            "messageTitle": "Level 6 Complete",
            "messageBody": "",
            "fileTypesAndContributionMap": {
              "java": {
                "insertions": 44,
                "deletions": 5
              }
            }
          },
          {
            "hash": "9bfc13080b2564b808a24395d43ff731ea180ee0",
            "messageTitle": "Level 6 Complete",
            "messageBody": "",
            "tags": [
              "A-TextUiTesting"
            ],
            "fileTypesAndContributionMap": {
              "java": {
                "insertions": 6,
                "deletions": 0
              }
            }
          }
        ]
      },
      {
        "date": "2020-08-21",
        "commitResults": [
          {
            "hash": "876d00d97e0f2d4ab6b6eeff4c725555c55af43e",
            "messageTitle": "Testing texts",
            "messageBody": "",
            "fileTypesAndContributionMap": {
              "txt": {
                "insertions": 12,
                "deletions": 0
              }
            }
          }
        ]
      },
      {
        "date": "2020-08-25",
        "commitResults": [
          {
            "hash": "753efd861702e231200201224b442035cad67fa4",
            "messageTitle": "Level-7",
            "messageBody": "",
            "tags": [
              "Level-8"
            ],
            "fileTypesAndContributionMap": {
              "txt": {
                "insertions": 4,
                "deletions": 0
              },
              "java": {
                "insertions": 127,
                "deletions": 8
              },
              "bat": {
                "insertions": 1,
                "deletions": 1
              }
            }
          }
        ]
      },
      {
        "date": "2020-08-26",
        "commitResults": [
          {
            "hash": "c44ee6546b497d31f41e8212b2f48aa988b8680f",
            "messageTitle": "Level-8",
            "messageBody": "",
            "tags": [
              "Level-9"
            ],
            "fileTypesAndContributionMap": {
              "txt": {
                "insertions": 2,
                "deletions": 2
              },
              "java": {
                "insertions": 66,
                "deletions": 12
              }
            }
          },
          {
            "hash": "27c850c46d7ef277aeb3f07f3edf43dafe2adac9",
            "messageTitle": "Level-9",
            "messageBody": "",
            "fileTypesAndContributionMap": {
              "txt": {
                "insertions": 0,
                "deletions": 4
              },
              "java": {
                "insertions": 96,
                "deletions": 68
              }
            }
          }
        ]
      }
    ]
  },
  "authorFileTypeContributionMap": {
    "LinkedInk": {
      "java": 479,
      "md": 0,
      "fxml": 0,
      "sh": 0,
      "bat": 1,
      "gradle": 0,
      "txt": 12
    }
  },
  "authorContributionVariance": {
    "LinkedInk": 21355.824
  },
  "authorDisplayNameMap": {
    "LinkedInk": "CS2103T-W10-4 HEND..CHEN"
  }
}
