{
  "authorDailyContributionsMap": {
    "zhizhizhizhizhi": [
      {
        "date": "2020-08-20",
        "commitResults": [
          {
            "hash": "64239bc823a348443e0e55f623a94bce3c97d683",
            "messageTitle": "level-1",
            "messageBody": "",
            "tags": [
              "Level-1"
            ],
            "fileTypesAndContributionMap": {
              "java": {
                "insertions": 21,
                "deletions": 6
              }
            }
          },
          {
            "hash": "697c9b1daa90ea752d32f2cc1493b80b232da727",
            "messageTitle": "level-2",
            "messageBody": "",
            "tags": [
              "Level-2"
            ],
            "fileTypesAndContributionMap": {
              "java": {
                "insertions": 16,
                "deletions": 3
              }
            }
          },
          {
            "hash": "ddf8bbf46734afa4bf844f7b27d0f982b9668f6f",
            "messageTitle": "level-3",
            "messageBody": "",
            "tags": [
              "Level-3"
            ],
            "fileTypesAndContributionMap": {
              "java": {
                "insertions": 49,
                "deletions": 16
              }
            }
          },
          {
            "hash": "32de3f7edf1d607e73fdbe3b2725fe45c6affc7a",
            "messageTitle": "level-4",
            "messageBody": "",
            "tags": [
              "Level-4"
            ],
            "fileTypesAndContributionMap": {
              "java": {
                "insertions": 62,
                "deletions": 17
              }
            }
          },
          {
            "hash": "3dbb88495fe6516443d795434bca83c6f0eda84f",
            "messageTitle": "A-TextUiTesting",
            "messageBody": "",
            "tags": [
              "A-TextUiTesting"
            ],
            "fileTypesAndContributionMap": {
              "txt": {
                "insertions": 5,
                "deletions": 0
              },
              "java": {
                "insertions": 2,
                "deletions": 2
              },
              "sh": {
                "insertions": 0,
                "deletions": 0
              }
            }
          },
          {
            "hash": "ff808f4164ed90bc02e270f49487998148264c06",
            "messageTitle": "level-5",
            "messageBody": "",
            "tags": [
              "Level-5"
            ],
            "fileTypesAndContributionMap": {
              "java": {
                "insertions": 5,
                "deletions": 1
              }
            }
          },
          {
            "hash": "0d204b32b32b193810e3281f3444d9eec6f0d12e",
            "messageTitle": "level-6",
            "messageBody": "",
            "tags": [
              "Level-6"
            ],
            "fileTypesAndContributionMap": {
              "java": {
                "insertions": 12,
                "deletions": 4
              }
            }
          }
        ]
      }
    ]
  },
  "authorFileTypeContributionMap": {
    "zhizhizhizhizhi": {
      "java": 124,
      "md": 0,
      "fxml": 0,
      "sh": 0,
      "bat": 0,
      "gradle": 0,
      "txt": 5
    }
  },
  "authorContributionVariance": {
    "zhizhizhizhizhi": 5980.531
  },
  "authorDisplayNameMap": {
    "zhizhizhizhizhi": "XU Z..IZHI"
  }
}
