{
  "authorDailyContributionsMap": {
    "Lingy12": [
      {
        "date": "2020-08-14",
        "commitResults": [
          {
            "hash": "cf12c9cefca8828aae9d91a12e42c7f33f9c9e4e",
            "messageTitle": "Version 1",
            "messageBody": "",
            "fileTypesAndContributionMap": {
              "java": {
                "insertions": 14,
                "deletions": 10
              }
            }
          },
          {
            "hash": "3e8c44b3d813d411740202c4436e820ca44aac18",
            "messageTitle": "change the exit keyword to \"bye\"",
            "messageBody": "",
            "tags": [
              "Level-1"
            ],
            "fileTypesAndContributionMap": {
              "java": {
                "insertions": 3,
                "deletions": 3
              }
            }
          },
          {
            "hash": "eaec328a510e20008f6ad8c424c047b19c205690",
            "messageTitle": "Add feature to add and list",
            "messageBody": "",
            "tags": [
              "Level-2"
            ],
            "fileTypesAndContributionMap": {
              "java": {
                "insertions": 26,
                "deletions": 1
              }
            }
          },
          {
            "hash": "57f049f4d289541b9b447f7501cf6eae19b6f8b0",
            "messageTitle": "Allow user to mark the task as done",
            "messageBody": "Use class task to represent task and class server to handle the input of\nthe user\n",
            "tags": [
              "Level-3"
            ],
            "fileTypesAndContributionMap": {
              "java": {
                "insertions": 59,
                "deletions": 20
              }
            }
          },
          {
            "hash": "551110861d118c9ae4899156e7e65cdc87328024",
            "messageTitle": "Add support for tracking three types of task",
            "messageBody": "Also, add the discription for list of item\n",
            "fileTypesAndContributionMap": {
              "java": {
                "insertions": 65,
                "deletions": 5
              }
            }
          },
          {
            "hash": "06ddbe59962bfb97a0d48fa29e49b4c3c0c7b0fe",
            "messageTitle": "Auto test",
            "messageBody": "",
            "tags": [
              "A-TextUiTesting"
            ],
            "fileTypesAndContributionMap": {
              "txt": {
                "insertions": 12,
                "deletions": 0
              },
              "bat": {
                "insertions": 3,
                "deletions": 1
              }
            }
          },
          {
            "hash": "e715c0107ad0fc7797940eb23acdfaaf5c65e480",
            "messageTitle": "Handing error",
            "messageBody": "",
            "tags": [
              "Level-5"
            ],
            "fileTypesAndContributionMap": {
              "java": {
                "insertions": 99,
                "deletions": 51
              }
            }
          },
          {
            "hash": "28c4bf948c89ee41b392457a7b418ecc03d6f935",
            "messageTitle": "Support deletion",
            "messageBody": "",
            "tags": [
              "Level-6"
            ],
            "fileTypesAndContributionMap": {
              "java": {
                "insertions": 4,
                "deletions": 4
              }
            }
          }
        ]
      },
      {
        "date": "2020-08-22",
        "commitResults": [
          {
            "hash": "dd99a95d2d9a4fb92b879702c11357de3362dfe9",
            "messageTitle": "Support save user data to hard drive",
            "messageBody": "",
            "tags": [
              "Level-7"
            ],
            "fileTypesAndContributionMap": {
              "java": {
                "insertions": 138,
                "deletions": 25
              }
            }
          },
          {
            "hash": "dfa76949d62680691108ec4a2e271eb53ee006b5",
            "messageTitle": "Have ability to detect the date and time",
            "messageBody": "",
            "tags": [
              "Level-8"
            ],
            "fileTypesAndContributionMap": {
              "java": {
                "insertions": 29,
                "deletions": 9
              }
            }
          },
          {
            "hash": "73f145742b86c24bead0f0cd0fac3747f50e7c52",
            "messageTitle": "Include the OOP design",
            "messageBody": "",
            "tags": [
              "A-Packages",
              "A-MoreOOP"
            ],
            "fileTypesAndContributionMap": {
              "txt": {
                "insertions": 2,
                "deletions": 2
              },
              "java": {
                "insertions": 455,
                "deletions": 198
              },
              "bat": {
                "insertions": 1,
                "deletions": 1
              },
              "md": {
                "insertions": 2,
                "deletions": 2
              }
            }
          },
          {
            "hash": "12479495e2da60304ce6c0cade3a108cea10ea6b",
            "messageTitle": "Add Unit test for Deadline\u0027s toString",
            "messageBody": "",
            "tags": [
              "v0.1",
              "A-JUnit"
            ],
            "fileTypesAndContributionMap": {
              "java": {
                "insertions": 32,
                "deletions": 0
              }
            }
          },
          {
            "hash": "c997e91d7670a8fdb8316c04e82dc7a767174ddc",
            "messageTitle": "Add some javaDoc into the file",
            "messageBody": "",
            "tags": [
              "A-JavaDoc"
            ],
            "fileTypesAndContributionMap": {
              "java": {
                "insertions": 90,
                "deletions": 10
              }
            }
          }
        ]
      },
      {
        "date": "2020-08-23",
        "commitResults": [
          {
            "hash": "6773f43885040deb2130820dc73ee0adaf50c864",
            "messageTitle": "Improve the code quality",
            "messageBody": "",
            "tags": [
              "A-CodingStandard"
            ],
            "fileTypesAndContributionMap": {
              "java": {
                "insertions": 7,
                "deletions": 3
              }
            }
          },
          {
            "hash": "bf64ddf681b0dcd0f6fea301875622495ead4736",
            "messageTitle": "Add the find command",
            "messageBody": "",
            "tags": [
              "Level-9"
            ],
            "fileTypesAndContributionMap": {
              "java": {
                "insertions": 49,
                "deletions": 0
              }
            }
          },
          {
            "hash": "7e610e992c6e1be51dcaea8d0732febd48efac09",
            "messageTitle": "Add more test for Task and TaskList",
            "messageBody": "",
            "fileTypesAndContributionMap": {
              "java": {
                "insertions": 67,
                "deletions": 0
              }
            }
          }
        ]
      },
      {
        "date": "2020-08-25",
        "commitResults": [
          {
            "hash": "f0be198e664ba5864ffc7bd9ee40477b318f40a8",
            "messageTitle": "Add clear command",
            "messageBody": "",
            "fileTypesAndContributionMap": {
              "java": {
                "insertions": 100,
                "deletions": 36
              }
            }
          },
          {
            "hash": "7340066f3367d1d4ef4a1f40791da5e5768594ba",
            "messageTitle": "Support type alias",
            "messageBody": "",
            "tags": [
              "A-varargs",
              "A-Enum"
            ],
            "fileTypesAndContributionMap": {
              "java": {
                "insertions": 57,
                "deletions": 14
              }
            }
          },
          {
            "hash": "8b14d747629d5ff4c65b52260be45b6171fd580b",
            "messageTitle": "Support detection for duplicate description of task",
            "messageBody": "",
            "fileTypesAndContributionMap": {
              "java": {
                "insertions": 150,
                "deletions": 21
              }
            }
          }
        ]
      },
      {
        "date": "2020-08-26",
        "commitResults": [
          {
            "hash": "9645605a0854ce6335ce7d41848680bca82c8b94",
            "messageTitle": "Add more Javadoc",
            "messageBody": "",
            "fileTypesAndContributionMap": {
              "java": {
                "insertions": 249,
                "deletions": 52
              }
            }
          },
          {
            "hash": "2bcc24af3c4126c74a34309e55343b0456aa424c",
            "messageTitle": "Fix typo in exception",
            "messageBody": "",
            "fileTypesAndContributionMap": {
              "java": {
                "insertions": 13,
                "deletions": 5
              }
            }
          }
        ]
      },
      {
        "date": "2020-08-29",
        "commitResults": [
          {
            "hash": "bb379b5c5e5cca912009254c69105268f0efc04e",
            "messageTitle": "Support Gradle for run Duke",
            "messageBody": "",
            "fileTypesAndContributionMap": {
              "gradle": {
                "insertions": 5,
                "deletions": 5
              },
              "java": {
                "insertions": 0,
                "deletions": 10
              }
            }
          },
          {
            "hash": "7227e83b8d7b5b987992c9ddf937a47605eb8094",
            "messageTitle": "Support run unit test",
            "messageBody": "",
            "fileTypesAndContributionMap": {
              "java": {
                "insertions": 8,
                "deletions": 2
              }
            }
          },
          {
            "hash": "7de9db3567ca806cb0744bd860415848cdd3ad59",
            "messageTitle": "Support GUI",
            "messageBody": "",
            "fileTypesAndContributionMap": {
              "gradle": {
                "insertions": 17,
                "deletions": 1
              },
              "java": {
                "insertions": 327,
                "deletions": 156
              }
            }
          }
        ]
      },
      {
        "date": "2020-08-30",
        "commitResults": [
          {
            "hash": "a40707fa62d7961eec7621a52af9391c2eb308b4",
            "messageTitle": "Add padding and change image to circle for better UI",
            "messageBody": "",
            "fileTypesAndContributionMap": {
              "java": {
                "insertions": 15,
                "deletions": 28
              }
            }
          },
          {
            "hash": "fcf83fcfc379e73d1a6e495103182759de0a1576",
            "messageTitle": "Reformmat DialogBox.java",
            "messageBody": "",
            "fileTypesAndContributionMap": {
              "java": {
                "insertions": 6,
                "deletions": 12
              }
            }
          },
          {
            "hash": "71cffc9dd6ebf26ecf168987763c2f6ce3035858",
            "messageTitle": "Import checkstyle",
            "messageBody": "",
            "fileTypesAndContributionMap": {
              "gradle": {
                "insertions": 4,
                "deletions": 4
              },
              "java": {
                "insertions": 2,
                "deletions": 2
              }
            }
          },
          {
            "hash": "140957e6570b64d649d7ddaed58bb8910161f2c4",
            "messageTitle": "Fix style using checkstyle",
            "messageBody": "",
            "fileTypesAndContributionMap": {
              "java": {
                "insertions": 100,
                "deletions": 106
              }
            }
          }
        ]
      }
    ]
  },
  "authorFileTypeContributionMap": {
    "Lingy12": {
      "java": 1428,
      "md": 2,
      "fxml": 0,
      "sh": 0,
      "bat": 4,
      "gradle": 21,
      "txt": 12
    }
  },
  "authorContributionVariance": {
    "Lingy12": 72008.586
  },
  "authorDisplayNameMap": {
    "Lingy12": "CS2103T-W17-4 LIN ..GEYU"
  }
}
