{
  "authorDailyContributionsMap": {
    "porkeypine": [
      {
        "date": "2020-08-20",
        "commitResults": [
          {
            "hash": "bc97279fd667d3b7cd8f837e95d8179834f07f5c",
            "messageTitle": "Level 1 - implemented greet, echo and exit",
            "messageBody": "",
            "fileTypesAndContributionMap": {
              "java": {
                "insertions": 29,
                "deletions": 6
              }
            }
          },
          {
            "hash": "779a8fe56d46fb470bd49b8140bf6644a9ae339e",
            "messageTitle": "Level 2 - implemented add and list tasks",
            "messageBody": "",
            "fileTypesAndContributionMap": {
              "java": {
                "insertions": 4,
                "deletions": 0
              }
            }
          },
          {
            "hash": "ddb1d7a025f93f1c55715cc71c96e47f9f480275",
            "messageTitle": "Level 2 - implemented add and list tasks",
            "messageBody": "",
            "tags": [
              "Level-2"
            ],
            "fileTypesAndContributionMap": {
              "java": {
                "insertions": 52,
                "deletions": 6
              }
            }
          },
          {
            "hash": "b95934638a17b72368ced967886e96439bd53212",
            "messageTitle": "Level 3 - implemented mark as done",
            "messageBody": "",
            "fileTypesAndContributionMap": {
              "java": {
                "insertions": 27,
                "deletions": 15
              }
            }
          },
          {
            "hash": "46a0db957904252f3de952f5be6c93044ca7b75c",
            "messageTitle": "Level 3 - implemented mark as done",
            "messageBody": "",
            "fileTypesAndContributionMap": {
              "java": {
                "insertions": 46,
                "deletions": 14
              }
            }
          },
          {
            "hash": "575c2b1b8e334df93de0abb3b17c15e4c82b5db6",
            "messageTitle": "Level 3 - implemented mark as done",
            "messageBody": "",
            "tags": [
              "Level-3"
            ],
            "fileTypesAndContributionMap": {
              "java": {
                "insertions": 1,
                "deletions": 1
              }
            }
          },
          {
            "hash": "7ff072dad682591f79ab62ad729a38ad14c4d710",
            "messageTitle": "Level 4 - implemented todo, event and deadline",
            "messageBody": "",
            "tags": [
              "Level-4"
            ],
            "fileTypesAndContributionMap": {
              "java": {
                "insertions": 27,
                "deletions": 3
              }
            }
          },
          {
            "hash": "b71498e9eebdc360166e7f3fdf8ddc925f54d2b8",
            "messageTitle": "Automated Text UI Testing",
            "messageBody": "",
            "tags": [
              "A-TextUiTesting"
            ],
            "fileTypesAndContributionMap": {
              "txt": {
                "insertions": 10,
                "deletions": 0
              }
            }
          },
          {
            "hash": "f7710eccba575328da842d8cb2856f0ff1a324c9",
            "messageTitle": "Level-5 implemented error handling with exceptions",
            "messageBody": "",
            "tags": [
              "Level-5"
            ],
            "fileTypesAndContributionMap": {
              "java": {
                "insertions": 83,
                "deletions": 66
              }
            }
          },
          {
            "hash": "0ee021907c24adb8c3690025c56f8111011fc88e",
            "messageTitle": "Level 6 - implemented delete",
            "messageBody": "",
            "tags": [
              "Level-6"
            ],
            "fileTypesAndContributionMap": {
              "java": {
                "insertions": 11,
                "deletions": 0
              }
            }
          },
          {
            "hash": "1bd1000f2f9aac58490fd7188cfbd922e6e7dc44",
            "messageTitle": "A-Enums - implemented enums for Duke\u0027s character lines",
            "messageBody": "",
            "tags": [
              "A-Enums"
            ],
            "fileTypesAndContributionMap": {
              "java": {
                "insertions": 32,
                "deletions": 19
              }
            }
          }
        ]
      }
    ]
  },
  "authorFileTypeContributionMap": {
    "porkeypine": {
      "java": 188,
      "md": 0,
      "fxml": 0,
      "sh": 0,
      "bat": 0,
      "gradle": 0,
      "txt": 10
    }
  },
  "authorContributionVariance": {
    "porkeypine": 25016.816
  },
  "authorDisplayNameMap": {
    "porkeypine": "SHI ..LING"
  }
}
