{
  "authorDailyContributionsMap": {
    "hansebastian": [
      {
        "date": "2020-08-14",
        "commitResults": [
          {
            "hash": "b1729483c0edcf33ba006d5abcf630f43be4f7da",
            "messageTitle": "Level-1 Greet, Echo, Exit",
            "messageBody": "",
            "tags": [
              "Level-1"
            ],
            "fileTypesAndContributionMap": {
              "java": {
                "insertions": 32,
                "deletions": 6
              }
            }
          },
          {
            "hash": "64dacbc993655f59a949083411df69508041db9e",
            "messageTitle": "Completed Level 2, add and list items",
            "messageBody": "",
            "tags": [
              "Level-2"
            ],
            "fileTypesAndContributionMap": {
              "java": {
                "insertions": 19,
                "deletions": 1
              }
            }
          },
          {
            "hash": "e03340434b6fa292b6b81a55cbff2cdc486b8dad",
            "messageTitle": "Completed level 3, mark as done",
            "messageBody": "",
            "tags": [
              "Level-3"
            ],
            "fileTypesAndContributionMap": {
              "java": {
                "insertions": 42,
                "deletions": 4
              }
            }
          }
        ]
      },
      {
        "date": "2020-08-15",
        "commitResults": [
          {
            "hash": "33621819182194b8bc25fce959e11040276aea30",
            "messageTitle": "Added todo item functionality as a subclass of task",
            "messageBody": "",
            "fileTypesAndContributionMap": {
              "java": {
                "insertions": 95,
                "deletions": 7
              }
            }
          },
          {
            "hash": "1b925ad70281f64093ca9ad591628fb132bd328a",
            "messageTitle": "Completed level 4",
            "messageBody": "",
            "tags": [
              "Level-4"
            ],
            "fileTypesAndContributionMap": {
              "java": {
                "insertions": 11,
                "deletions": 5
              }
            }
          },
          {
            "hash": "0a44f1a8637998b465625d12d3486d29f4cfd098",
            "messageTitle": "A-TextUiTesting level completed",
            "messageBody": "",
            "tags": [
              "A-TextUiTesting"
            ],
            "fileTypesAndContributionMap": {
              "txt": {
                "insertions": 12,
                "deletions": 0
              },
              "java": {
                "insertions": 2,
                "deletions": 2
              },
              "bat": {
                "insertions": 2,
                "deletions": 2
              }
            }
          },
          {
            "hash": "b82c03ff773a3de2a3b5da3b7fede58092d951b9",
            "messageTitle": "Completed Level-5, Handle Errors",
            "messageBody": "",
            "tags": [
              "Level-5"
            ],
            "fileTypesAndContributionMap": {
              "java": {
                "insertions": 61,
                "deletions": 39
              }
            }
          },
          {
            "hash": "a73e5853e623f749207fb6f06de09824b716eeaf",
            "messageTitle": "Refactor code to parse user input",
            "messageBody": "",
            "fileTypesAndContributionMap": {
              "txt": {
                "insertions": 3,
                "deletions": 0
              },
              "java": {
                "insertions": 27,
                "deletions": 40
              }
            }
          },
          {
            "hash": "2dfbbc89190bce2bb2a92bce6984d0dfd8ab6096",
            "messageTitle": "Level-6 Completed, Delete",
            "messageBody": "",
            "tags": [
              "Level-6"
            ],
            "fileTypesAndContributionMap": {
              "txt": {
                "insertions": 5,
                "deletions": 0
              },
              "java": {
                "insertions": 20,
                "deletions": 0
              }
            }
          },
          {
            "hash": "6dd6ac63bd75bbfe7b933b98d2f0bda026a793e1",
            "messageTitle": "A-Enums completed",
            "messageBody": "",
            "tags": [
              "A-Enums"
            ],
            "fileTypesAndContributionMap": {
              "java": {
                "insertions": 21,
                "deletions": 11
              }
            }
          }
        ]
      },
      {
        "date": "2020-08-23",
        "commitResults": [
          {
            "hash": "0acf058edb5cefff1dbbe0d29410e723280caa74",
            "messageTitle": "Level 7. Save",
            "messageBody": "",
            "fileTypesAndContributionMap": {
              "txt": {
                "insertions": 9,
                "deletions": 0
              },
              "java": {
                "insertions": 184,
                "deletions": 47
              }
            }
          },
          {
            "hash": "fc4b210a320cd26dbd5a34ebf0991e7365897048",
            "messageTitle": "Level-8",
            "messageBody": "",
            "fileTypesAndContributionMap": {
              "java": {
                "insertions": 48,
                "deletions": 11
              }
            }
          },
          {
            "hash": "4c4652bcb290467a73cbeb1dab765b8125eb4bcf",
            "messageTitle": "Refactor code for Duke",
            "messageBody": "",
            "tags": [
              "A-MoreOOP"
            ],
            "fileTypesAndContributionMap": {
              "txt": {
                "insertions": 3,
                "deletions": 3
              },
              "java": {
                "insertions": 134,
                "deletions": 63
              }
            }
          }
        ]
      },
      {
        "date": "2020-08-24",
        "commitResults": [
          {
            "hash": "724956da12b1e7bbf76f0b1b030f22ad37b47ea6",
            "messageTitle": "Organize into packages",
            "messageBody": "",
            "tags": [
              "A-Packages"
            ],
            "fileTypesAndContributionMap": {
              "txt": {
                "insertions": 4,
                "deletions": 2
              },
              "java": {
                "insertions": 331,
                "deletions": 179
              },
              "bat": {
                "insertions": 2,
                "deletions": 2
              },
              "md": {
                "insertions": 2,
                "deletions": 2
              }
            }
          },
          {
            "hash": "bf5ab46a40e41efc677dff9827a23c25a2b49d1f",
            "messageTitle": "Add JUnit tests",
            "messageBody": "",
            "tags": [
              "v0.1",
              "A-JUnit"
            ],
            "fileTypesAndContributionMap": {
              "java": {
                "insertions": 119,
                "deletions": 0
              }
            }
          },
          {
            "hash": "2b51389051e57492326f8af18be9acd921d2cd26",
            "messageTitle": "Complete A-jar",
            "messageBody": "",
            "tags": [
              "A-Jar"
            ],
            "fileTypesAndContributionMap": {
              "txt": {
                "insertions": 3,
                "deletions": 2
              },
              "java": {
                "insertions": 30,
                "deletions": 2
              }
            }
          },
          {
            "hash": "8bf948478665260dad2f0304c6c8ec7696da7890",
            "messageTitle": "Add JavaDoc comments",
            "messageBody": "",
            "tags": [
              "A-JavaDoc"
            ],
            "fileTypesAndContributionMap": {
              "java": {
                "insertions": 315,
                "deletions": 18
              }
            }
          },
          {
            "hash": "9f1e7af07752bd39ef3f649d70d16b25b886982c",
            "messageTitle": "Follow coding standards",
            "messageBody": "",
            "fileTypesAndContributionMap": {
              "java": {
                "insertions": 49,
                "deletions": 49
              }
            }
          },
          {
            "hash": "b230df7c6dacbe9d4ea413a5b978a15124dd7a64",
            "messageTitle": "Implement find funcitonality",
            "messageBody": "",
            "fileTypesAndContributionMap": {
              "txt": {
                "insertions": 2,
                "deletions": 0
              },
              "java": {
                "insertions": 78,
                "deletions": 16
              }
            }
          }
        ]
      }
    ]
  },
  "authorFileTypeContributionMap": {
    "hansebastian": {
      "java": 1154,
      "md": 2,
      "fxml": 0,
      "sh": 0,
      "bat": 2,
      "gradle": 0,
      "txt": 35
    }
  },
  "authorContributionVariance": {
    "hansebastian": 129240.91
  },
  "authorDisplayNameMap": {
    "hansebastian": "CS2103T-W13-3 HANS..UTRA"
  }
}
