{
  "authorDailyContributionsMap": {
    "chan-j-d": [
      {
        "date": "2020-08-20",
        "commitResults": [
          {
            "hash": "d04f9933e41a2d8958de8970c8f337dbc7fe2559",
            "messageTitle": "Added static String messages for greet and exit",
            "messageBody": "",
            "fileTypesAndContributionMap": {
              "java": {
                "insertions": 6,
                "deletions": 6
              }
            }
          },
          {
            "hash": "a071d6de679238fe2526bc07588cbe70358412e2",
            "messageTitle": "Added methods to process Duke\u0027s messages to the desired way",
            "messageBody": "",
            "fileTypesAndContributionMap": {
              "java": {
                "insertions": 22,
                "deletions": 2
              }
            }
          },
          {
            "hash": "ea2d4bedcd0d4fb8c099b89a05828e39f96a45a6",
            "messageTitle": "Completed greet, echo and exit functionality",
            "messageBody": "",
            "fileTypesAndContributionMap": {
              "java": {
                "insertions": 18,
                "deletions": 3
              }
            }
          },
          {
            "hash": "2eb4234842e136f7b1a1e4e8aa4ef95de219a1c0",
            "messageTitle": "Changed to fix a NullPointerException",
            "messageBody": "",
            "fileTypesAndContributionMap": {
              "java": {
                "insertions": 1,
                "deletions": 1
              }
            }
          },
          {
            "hash": "daa97cb90af4b330d0d240496aeffbf5fcc933cf",
            "messageTitle": "Fixed problematic logic with detecting the closing string",
            "messageBody": "",
            "tags": [
              "Level-1"
            ],
            "fileTypesAndContributionMap": {
              "java": {
                "insertions": 1,
                "deletions": 1
              }
            }
          },
          {
            "hash": "5045f124af5e7ab571cc42ef2063f5ef7298bb2e",
            "messageTitle": "Implemented list saving and convert-to-String method",
            "messageBody": "",
            "fileTypesAndContributionMap": {
              "java": {
                "insertions": 14,
                "deletions": 0
              }
            }
          },
          {
            "hash": "c59fc19fedc1f0c9d4265f944f176e592811ab4e",
            "messageTitle": "Completed added and list functionality",
            "messageBody": "",
            "fileTypesAndContributionMap": {
              "java": {
                "insertions": 15,
                "deletions": 4
              }
            }
          },
          {
            "hash": "8f92a626f9d870305132d600f61064cf567198c2",
            "messageTitle": "Remedied the adding of Strings",
            "messageBody": "",
            "fileTypesAndContributionMap": {
              "java": {
                "insertions": 1,
                "deletions": 0
              }
            }
          },
          {
            "hash": "a1483c97f8aec3b59e0dadcc9da6abda6d9d5b88",
            "messageTitle": "Fixed the String parsing for list",
            "messageBody": "",
            "tags": [
              "Level-2"
            ],
            "fileTypesAndContributionMap": {
              "java": {
                "insertions": 14,
                "deletions": 8
              }
            }
          },
          {
            "hash": "24c236d0754590842a9cb513444f13c2a2e7b936",
            "messageTitle": "Added Task class",
            "messageBody": "",
            "fileTypesAndContributionMap": {
              "java": {
                "insertions": 26,
                "deletions": 0
              }
            }
          },
          {
            "hash": "c286486efc5dd48fc98666c7e478167661e21ec9",
            "messageTitle": "Incorporated Task class to add Mark-as-Done functionality",
            "messageBody": "",
            "tags": [
              "Level-3"
            ],
            "fileTypesAndContributionMap": {
              "java": {
                "insertions": 33,
                "deletions": 27
              }
            }
          },
          {
            "hash": "df78dcccd7d37daff2dace606c6a7b7227f4cbf8",
            "messageTitle": "Added reading first word functionality to main method",
            "messageBody": "",
            "fileTypesAndContributionMap": {
              "java": {
                "insertions": 4,
                "deletions": 1
              }
            }
          },
          {
            "hash": "7b42f4fd417e1b37e3ef25d6c58e32bae003c761",
            "messageTitle": "Created ToDos.java",
            "messageBody": "",
            "fileTypesAndContributionMap": {
              "java": {
                "insertions": 11,
                "deletions": 1
              }
            }
          },
          {
            "hash": "73982bf765f8bc4a3819e2b2b79d0e53441a5aad",
            "messageTitle": "Created Deadlines.java",
            "messageBody": "",
            "fileTypesAndContributionMap": {
              "java": {
                "insertions": 21,
                "deletions": 0
              }
            }
          },
          {
            "hash": "be15c5b4478283446cf3bd213d46fa3400327457",
            "messageTitle": "created Events.java",
            "messageBody": "",
            "fileTypesAndContributionMap": {
              "java": {
                "insertions": 19,
                "deletions": 0
              }
            }
          },
          {
            "hash": "61da79bbb93091483eb5bf6ecda86d07f908f384",
            "messageTitle": "Added ToDos, Deadlines and Events to Duke",
            "messageBody": "",
            "fileTypesAndContributionMap": {
              "java": {
                "insertions": 35,
                "deletions": 0
              }
            }
          },
          {
            "hash": "928c93467ca5abdba087f90d90cc539ef8ccf8da",
            "messageTitle": "Fixed logic error of parsing first word",
            "messageBody": "",
            "tags": [
              "Level-4"
            ],
            "fileTypesAndContributionMap": {
              "java": {
                "insertions": 4,
                "deletions": 6
              }
            }
          },
          {
            "hash": "29ae6b4585756a016539099804d0fe96c202a2ad",
            "messageTitle": "Completed runtest and added input.txt and EXPECTED.txt",
            "messageBody": "",
            "tags": [
              "A-TextUiTesting"
            ],
            "fileTypesAndContributionMap": {
              "txt": {
                "insertions": 11,
                "deletions": 0
              },
              "bat": {
                "insertions": 1,
                "deletions": 1
              }
            }
          },
          {
            "hash": "fe5ad88ddd2c8005f0503b5c2f090faa3db176b9",
            "messageTitle": "Added DukeException.java",
            "messageBody": "",
            "fileTypesAndContributionMap": {
              "java": {
                "insertions": 7,
                "deletions": 0
              }
            }
          },
          {
            "hash": "292b769f2360cae4d63ebd059c4d97fa41deff58",
            "messageTitle": "Added DukeException functionality into Duke",
            "messageBody": "",
            "fileTypesAndContributionMap": {
              "java": {
                "insertions": 41,
                "deletions": 16
              }
            }
          },
          {
            "hash": "99d1ddfcf833cbc530e9c7b28f4aa2e9f82f0f8b",
            "messageTitle": "Fixed minor issues with wrongly detected errors",
            "messageBody": "",
            "tags": [
              "Level-5"
            ],
            "fileTypesAndContributionMap": {
              "java": {
                "insertions": 4,
                "deletions": 1
              }
            }
          },
          {
            "hash": "a92929d558ddbd246ad8e72a3857a15827a91b12",
            "messageTitle": "Included delete functionality",
            "messageBody": "",
            "tags": [
              "Level-6"
            ],
            "fileTypesAndContributionMap": {
              "java": {
                "insertions": 25,
                "deletions": 0
              }
            }
          }
        ]
      },
      {
        "date": "2020-08-23",
        "commitResults": [
          {
            "hash": "554adb73be9e4d2fdef9941def4f2f28e1195c53",
            "messageTitle": "Update secondary classes to include javadocs",
            "messageBody": "",
            "fileTypesAndContributionMap": {
              "java": {
                "insertions": 85,
                "deletions": 1
              }
            }
          },
          {
            "hash": "4a0a4c71ff2a5a37e48f561b891e0730a46acac1",
            "messageTitle": "improve abstraction of string processing",
            "messageBody": "",
            "fileTypesAndContributionMap": {
              "java": {
                "insertions": 18,
                "deletions": 12
              }
            }
          }
        ]
      },
      {
        "date": "2020-08-24",
        "commitResults": [
          {
            "hash": "6fddb776499075971269119eb300ac43e949088b",
            "messageTitle": "Add PrintSummary.java",
            "messageBody": "",
            "fileTypesAndContributionMap": {
              "java": {
                "insertions": 14,
                "deletions": 0
              }
            }
          },
          {
            "hash": "93ccf3c18fa8002eb804682c1d37c0ec67f5d0b8",
            "messageTitle": "Implement summary to Task, ToDo, Event and Deadline",
            "messageBody": "",
            "fileTypesAndContributionMap": {
              "java": {
                "insertions": 217,
                "deletions": 106
              }
            }
          },
          {
            "hash": "b869e32b87de6447f4e613840b8de47aaae54880",
            "messageTitle": "Update Duke after change of class names",
            "messageBody": "",
            "fileTypesAndContributionMap": {
              "java": {
                "insertions": 3,
                "deletions": 3
              }
            }
          },
          {
            "hash": "6b8db9afde91c28864cb955683964b647cc34165",
            "messageTitle": "Fix public variable names",
            "messageBody": "",
            "fileTypesAndContributionMap": {
              "java": {
                "insertions": 9,
                "deletions": 9
              }
            }
          },
          {
            "hash": "1b1c653b68325a137a7bccfe794fa2460d14f8e0",
            "messageTitle": "Update Duke to follow OOP standards",
            "messageBody": "",
            "fileTypesAndContributionMap": {
              "java": {
                "insertions": 16,
                "deletions": 7
              }
            }
          },
          {
            "hash": "59f29c94b6cdab6d451d4f95d0d95163c47d25c7",
            "messageTitle": "Update private constructor of Event and Deadline",
            "messageBody": "",
            "fileTypesAndContributionMap": {
              "java": {
                "insertions": 9,
                "deletions": 3
              }
            }
          },
          {
            "hash": "0848d5e75480df26a918501df3d2b6782b37ea2d",
            "messageTitle": "Create Storage class",
            "messageBody": "Created accompanying exception InvalidSymbolException for file lines\nstarting with the wrong symbol.\n",
            "fileTypesAndContributionMap": {
              "java": {
                "insertions": 97,
                "deletions": 0
              }
            }
          },
          {
            "hash": "6796a7062370c410ea481e98e06217076889ce51",
            "messageTitle": "Implement saving changes in Duke",
            "messageBody": "",
            "fileTypesAndContributionMap": {
              "java": {
                "insertions": 6,
                "deletions": 2
              }
            }
          },
          {
            "hash": "a1fa8cd663e33b7cc871d41bd8e974caa4d50081",
            "messageTitle": "Create DateTimeHandler",
            "messageBody": "",
            "fileTypesAndContributionMap": {
              "java": {
                "insertions": 16,
                "deletions": 0
              }
            }
          },
          {
            "hash": "6b8064b3f454e5bb2c7cf8a1cfcda1fb4d03650e",
            "messageTitle": "Create Pair class",
            "messageBody": "",
            "fileTypesAndContributionMap": {
              "java": {
                "insertions": 20,
                "deletions": 0
              }
            }
          },
          {
            "hash": "cfd251ed5a8a8c0a803c29bab6cbe0d727d21c90",
            "messageTitle": "Update DateTimeHandler to handle timing range for Event",
            "messageBody": "",
            "fileTypesAndContributionMap": {
              "java": {
                "insertions": 43,
                "deletions": 3
              }
            }
          },
          {
            "hash": "4109c4b83992c40558597dde9ae90580d0f96b3e",
            "messageTitle": "Update Event to use LocalDateTime for timings",
            "messageBody": "",
            "fileTypesAndContributionMap": {
              "java": {
                "insertions": 44,
                "deletions": 7
              }
            }
          },
          {
            "hash": "ebb6f2f1dfbfe2ce5e5412759e5794fc438d80dc",
            "messageTitle": "Create JUnit test class for Event",
            "messageBody": "",
            "fileTypesAndContributionMap": {
              "java": {
                "insertions": 74,
                "deletions": 1
              }
            }
          },
          {
            "hash": "8055bdbf5a556e372e3cef49bf1f4aa975b5cfba",
            "messageTitle": "Improve DateTimeHandler\u0027s ability to detect invalid Strings",
            "messageBody": "",
            "fileTypesAndContributionMap": {
              "java": {
                "insertions": 11,
                "deletions": 0
              }
            }
          },
          {
            "hash": "a5caf7f488170ad3aeb3c04ff2b0ed04bb25ab68",
            "messageTitle": "Create DateTimeHandlerTest.java",
            "messageBody": "",
            "fileTypesAndContributionMap": {
              "java": {
                "insertions": 73,
                "deletions": 0
              }
            }
          },
          {
            "hash": "cfd5e17f3b93aaf40a3f2990f699fa75ae1601b0",
            "messageTitle": "Create DeadlineTest.java",
            "messageBody": "",
            "fileTypesAndContributionMap": {
              "java": {
                "insertions": 63,
                "deletions": 0
              }
            }
          },
          {
            "hash": "d0b5b5d129a944d13cd9782def04790179c5b9a3",
            "messageTitle": "Fix bugs found from Test classes",
            "messageBody": "",
            "fileTypesAndContributionMap": {
              "java": {
                "insertions": 38,
                "deletions": 11
              }
            }
          },
          {
            "hash": "efac09f590f6d69c7d8084ab92625a06e401146f",
            "messageTitle": "Create TaskList.java",
            "messageBody": "",
            "fileTypesAndContributionMap": {
              "java": {
                "insertions": 22,
                "deletions": 0
              }
            }
          },
          {
            "hash": "36347e279084678b7194dd249d6f1802c06bae25",
            "messageTitle": "Update Storage to use TaskList",
            "messageBody": "",
            "fileTypesAndContributionMap": {
              "java": {
                "insertions": 15,
                "deletions": 10
              }
            }
          },
          {
            "hash": "1c7be378d7402aa45a22f6f515d8edc550fe6b7d",
            "messageTitle": "Integrate TaskList into Duke",
            "messageBody": "",
            "fileTypesAndContributionMap": {
              "java": {
                "insertions": 10,
                "deletions": 3
              }
            }
          },
          {
            "hash": "b51743784434b85fe732ac44fb8bc353b60acf33",
            "messageTitle": "Create Ui.java",
            "messageBody": "Class handles direct interaction with the user\n",
            "fileTypesAndContributionMap": {
              "java": {
                "insertions": 50,
                "deletions": 0
              }
            }
          }
        ]
      },
      {
        "date": "2020-08-25",
        "commitResults": [
          {
            "hash": "e39761eb0906e14e64d2565791910311b6cb388f",
            "messageTitle": "Create Command interface",
            "messageBody": "",
            "fileTypesAndContributionMap": {
              "java": {
                "insertions": 6,
                "deletions": 0
              }
            }
          },
          {
            "hash": "9e7b8e74a9076d26017ef9f24aac4ff16e0946bf",
            "messageTitle": "Create DoneCommand.java",
            "messageBody": "",
            "fileTypesAndContributionMap": {
              "java": {
                "insertions": 31,
                "deletions": 0
              }
            }
          },
          {
            "hash": "22ef0ab75f99a00ca3d6bc2e17ac17bb180a2d4e",
            "messageTitle": "Create DeleteCommand.java",
            "messageBody": "",
            "fileTypesAndContributionMap": {
              "java": {
                "insertions": 29,
                "deletions": 0
              }
            }
          },
          {
            "hash": "3cfb14e758f24a9ee2255e51cc4cb31a1552ea86",
            "messageTitle": "Update DeleteCommand to handle String validity",
            "messageBody": "",
            "fileTypesAndContributionMap": {
              "java": {
                "insertions": 15,
                "deletions": 1
              }
            }
          },
          {
            "hash": "86b83457d55db38d5e6cb452ea9853dd0a7ec5fe",
            "messageTitle": "Create TaskParser.java",
            "messageBody": "",
            "fileTypesAndContributionMap": {
              "java": {
                "insertions": 43,
                "deletions": 0
              }
            }
          },
          {
            "hash": "2a30cd21dfa1592cb55eb91d44307dff766d9fdc",
            "messageTitle": "Update AddCommand to incorporate TaskParser",
            "messageBody": "",
            "fileTypesAndContributionMap": {
              "java": {
                "insertions": 29,
                "deletions": 0
              }
            }
          },
          {
            "hash": "d751b48db60d5a95e78be723e9c3f2095498424b",
            "messageTitle": "Update DoneCommand to handle invalid commands",
            "messageBody": "",
            "fileTypesAndContributionMap": {
              "java": {
                "insertions": 15,
                "deletions": 1
              }
            }
          },
          {
            "hash": "ac6ec03b1c8888a2080a128da364a5b520f3ee20",
            "messageTitle": "Change Command to abstract class",
            "messageBody": "Other classes implementing the interface have been changed too\n",
            "fileTypesAndContributionMap": {
              "java": {
                "insertions": 9,
                "deletions": 5
              }
            }
          },
          {
            "hash": "4579ad692233049217a371cebc75c4930876e75a",
            "messageTitle": "Create ExitCommand.java",
            "messageBody": "",
            "fileTypesAndContributionMap": {
              "java": {
                "insertions": 24,
                "deletions": 0
              }
            }
          },
          {
            "hash": "ced4a36cb597a3f4cbe59223dbee56dbf55320f9",
            "messageTitle": "Create ListCommand.java",
            "messageBody": "",
            "fileTypesAndContributionMap": {
              "java": {
                "insertions": 15,
                "deletions": 0
              }
            }
          },
          {
            "hash": "df576933d9747081350b85c9c22210263886fa38",
            "messageTitle": "Create CommandParser.java",
            "messageBody": "",
            "fileTypesAndContributionMap": {
              "java": {
                "insertions": 27,
                "deletions": 0
              }
            }
          },
          {
            "hash": "5a978f6f79a7677c578fec1fe404a78d11d3fbcb",
            "messageTitle": "Implement toString method to TaskList",
            "messageBody": "",
            "fileTypesAndContributionMap": {
              "java": {
                "insertions": 16,
                "deletions": 0
              }
            }
          },
          {
            "hash": "1874bf607be0d5b0abb43faa9b98272960f31a9c",
            "messageTitle": "Clean up Ui.java",
            "messageBody": "",
            "fileTypesAndContributionMap": {
              "java": {
                "insertions": 0,
                "deletions": 9
              }
            }
          },
          {
            "hash": "373ed3e9abaec01e6cf37f11e147f4fac6bd8f0c",
            "messageTitle": "Implement OOP changes to Duke",
            "messageBody": "",
            "fileTypesAndContributionMap": {
              "java": {
                "insertions": 18,
                "deletions": 155
              }
            }
          },
          {
            "hash": "f6e26e1b749d404e4ad68a41cc893f54d0bf8a5e",
            "messageTitle": "Fix ToDo.java not reading summary properly",
            "messageBody": "",
            "tags": [
              "A-MoreOOP"
            ],
            "fileTypesAndContributionMap": {
              "java": {
                "insertions": 6,
                "deletions": 1
              }
            }
          },
          {
            "hash": "774374938191045d73dfbf6689d46a04eb3cab3b",
            "messageTitle": "Sort files into appropriate packages",
            "messageBody": "",
            "tags": [
              "A-Packages"
            ],
            "fileTypesAndContributionMap": {
              "java": {
                "insertions": 127,
                "deletions": 24
              }
            }
          },
          {
            "hash": "e3ccbce45d17574459ec3eec9cdeed2207d93a0d",
            "messageTitle": "Create ToDoTest.java",
            "messageBody": "",
            "fileTypesAndContributionMap": {
              "java": {
                "insertions": 62,
                "deletions": 0
              }
            }
          },
          {
            "hash": "8fde84c8043f31b572cb93b64f8216a063c0d1e8",
            "messageTitle": "Create TaskParserTest.java",
            "messageBody": "",
            "fileTypesAndContributionMap": {
              "java": {
                "insertions": 48,
                "deletions": 0
              }
            }
          },
          {
            "hash": "cb1c5283ff7053f062af324ac219cdd232598043",
            "messageTitle": "Create DateTimeHandlerTest.java",
            "messageBody": "",
            "fileTypesAndContributionMap": {
              "java": {
                "insertions": 93,
                "deletions": 0
              }
            }
          },
          {
            "hash": "c4c22ea58277fb10a5155d57ad5956ded35d1da4",
            "messageTitle": "Add markDone() test scenario",
            "messageBody": "",
            "fileTypesAndContributionMap": {
              "java": {
                "insertions": 21,
                "deletions": 8
              }
            }
          },
          {
            "hash": "472ce2529dd4a887bcd6855a493fa650476574bf",
            "messageTitle": "Adjust privacy settings in TaskParser",
            "messageBody": "",
            "tags": [
              "v0.1",
              "A-JUnit"
            ],
            "fileTypesAndContributionMap": {
              "java": {
                "insertions": 5,
                "deletions": 5
              }
            }
          }
        ]
      },
      {
        "date": "2020-08-26",
        "commitResults": [
          {
            "hash": "770e321d3787c2a5b26dcad8527388b027310bb4",
            "messageTitle": "Remove duplicate test class in wrong directory",
            "messageBody": "",
            "fileTypesAndContributionMap": {
              "java": {
                "insertions": 0,
                "deletions": 75
              }
            }
          },
          {
            "hash": "cb5ec1f8fa452f46f82709aaf368948b016a83f0",
            "messageTitle": "Add javadocs comments to duke.command package",
            "messageBody": "",
            "fileTypesAndContributionMap": {
              "java": {
                "insertions": 140,
                "deletions": 2
              }
            }
          },
          {
            "hash": "cf0b07676f986361ba15d876c2f84a8a999aee32",
            "messageTitle": "Add javadocs to duke.datetime classes",
            "messageBody": "",
            "fileTypesAndContributionMap": {
              "java": {
                "insertions": 18,
                "deletions": 8
              }
            }
          },
          {
            "hash": "90b33541181517c36a5a46f55d236de66844872c",
            "messageTitle": "Add javadocs to duke.storage classes",
            "messageBody": "",
            "fileTypesAndContributionMap": {
              "java": {
                "insertions": 32,
                "deletions": 0
              }
            }
          },
          {
            "hash": "ca8608c8f313f5287586a76886431723d2dc601b",
            "messageTitle": "Add javadocs to duke.task classes",
            "messageBody": "",
            "fileTypesAndContributionMap": {
              "java": {
                "insertions": 12,
                "deletions": 1
              }
            }
          },
          {
            "hash": "b7a5c4545adff38d98cda9eb709c8d10a2d8fefe",
            "messageTitle": "Add javadocs to duke package files",
            "messageBody": "",
            "tags": [
              "A-JavaDoc"
            ],
            "fileTypesAndContributionMap": {
              "java": {
                "insertions": 40,
                "deletions": 2
              }
            }
          },
          {
            "hash": "f64d33734193288859fff6804670c8d950a2d1a8",
            "messageTitle": "Create FindCommand.java",
            "messageBody": "",
            "fileTypesAndContributionMap": {
              "java": {
                "insertions": 58,
                "deletions": 0
              }
            }
          },
          {
            "hash": "ad45279a332ba18f80defe9b2ea6688a055f2f9f",
            "messageTitle": "Implement the FindCommand to the required classes",
            "messageBody": "",
            "fileTypesAndContributionMap": {
              "java": {
                "insertions": 9,
                "deletions": 1
              }
            }
          },
          {
            "hash": "e9c6ec336664b03af17886dadddd0a37e87e1588",
            "messageTitle": "Adjust expected outcome method names of JUnit tests",
            "messageBody": "",
            "tags": [
              "A-CodingStandard"
            ],
            "fileTypesAndContributionMap": {
              "java": {
                "insertions": 5,
                "deletions": 5
              }
            }
          },
          {
            "hash": "806fbd0f124c18ad876be00cfdfa79ed7274c574",
            "messageTitle": "Add javadocs to FindCommand.java",
            "messageBody": "",
            "fileTypesAndContributionMap": {
              "java": {
                "insertions": 33,
                "deletions": 2
              }
            }
          },
          {
            "hash": "955f6381a0ee133d727cc083d022d8d03c837573",
            "messageTitle": "Adjust internal properties\u0027 access modifiers",
            "messageBody": "",
            "fileTypesAndContributionMap": {
              "java": {
                "insertions": 13,
                "deletions": 13
              }
            }
          }
        ]
      },
      {
        "date": "2020-08-31",
        "commitResults": [
          {
            "hash": "537c40365d8c24f836b2ae17b501deb4520e863f",
            "messageTitle": "Add gradle support",
            "messageBody": "",
            "fileTypesAndContributionMap": {
              "gradle": {
                "insertions": 1,
                "deletions": 1
              }
            }
          },
          {
            "hash": "909d7d14aa03622d6e13287563339d8954f2efea",
            "messageTitle": "Fix checkstyle violations src/main",
            "messageBody": "",
            "fileTypesAndContributionMap": {
              "java": {
                "insertions": 58,
                "deletions": 58
              }
            }
          },
          {
            "hash": "55db86602b93d166af0a4381a1883692c6b48e57",
            "messageTitle": "Fix checkstyle violations in src/test",
            "messageBody": "",
            "fileTypesAndContributionMap": {
              "java": {
                "insertions": 19,
                "deletions": 20
              }
            }
          }
        ]
      },
      {
        "date": "2020-09-01",
        "commitResults": [
          {
            "hash": "0088da09588459f41140b889772b47fc30d09a18",
            "messageTitle": "Add JavaFx dependencies",
            "messageBody": "",
            "fileTypesAndContributionMap": {
              "gradle": {
                "insertions": 15,
                "deletions": 0
              },
              "java": {
                "insertions": 5,
                "deletions": 0
              }
            }
          },
          {
            "hash": "1aead4ed6dcdd0e97a56bef65ab466be6e1b5c58",
            "messageTitle": "Build tutorial JavaFX ChatBot",
            "messageBody": "",
            "fileTypesAndContributionMap": {
              "java": {
                "insertions": 174,
                "deletions": 2
              }
            }
          },
          {
            "hash": "e482d71ef7422a1e08245929e30b97cb7b29382d",
            "messageTitle": "Change Ui to an abstract class handling I/O",
            "messageBody": "A default implementation (UiDefault) has been added which uses CLI as\nthe I/O source. This commit is to make room for more robust methods of\ninteraction with users such as the planned GUI with JavaFX.\n",
            "fileTypesAndContributionMap": {
              "java": {
                "insertions": 53,
                "deletions": 34
              }
            }
          }
        ]
      },
      {
        "date": "2020-09-02",
        "commitResults": [
          {
            "hash": "a974cb92cb3281c3dc71f1728a9c47387d14b141",
            "messageTitle": "Change Ui into an interface.",
            "messageBody": "UiDefault class has been implemented to replace the original Ui class\nthat was a concrete implementation. This is to improve substitutability,\nallowing Duke to run on other Uis.\n",
            "fileTypesAndContributionMap": {
              "java": {
                "insertions": 18,
                "deletions": 17
              }
            }
          },
          {
            "hash": "d8b02529feefd617615d65d688edef3fa474a584",
            "messageTitle": "Create DukeGui to handle interaction with the user",
            "messageBody": "DukeGui handles direct interaction with the user and uses Duke as the\nengine. The Launcher class has been added to facilitate the creation of\nan instance of the DukeGui Application.\n",
            "fileTypesAndContributionMap": {
              "gradle": {
                "insertions": 1,
                "deletions": 1
              },
              "java": {
                "insertions": 172,
                "deletions": 101
              }
            }
          },
          {
            "hash": "5c4221ce562d20d216bcdf2871855f50dfefc85c",
            "messageTitle": "Convert Image in GUI into a Circle",
            "messageBody": "",
            "fileTypesAndContributionMap": {
              "java": {
                "insertions": 31,
                "deletions": 14
              }
            }
          }
        ]
      },
      {
        "date": "2020-09-04",
        "commitResults": [
          {
            "hash": "c48bca7cf54a51013ecebf136060f56cccfc0ee9",
            "messageTitle": "Change DialogBox shape to a circle",
            "messageBody": "",
            "fileTypesAndContributionMap": {
              "java": {
                "insertions": 15,
                "deletions": 19
              }
            }
          },
          {
            "hash": "f3f9e20ba2a72185d5edd77c3f15547490f80975",
            "messageTitle": "Create TextBox template",
            "messageBody": "",
            "fileTypesAndContributionMap": {
              "java": {
                "insertions": 57,
                "deletions": 0
              }
            }
          },
          {
            "hash": "f68e8953f1a4c0b86163ae5b2366c18ae8ae98c9",
            "messageTitle": "Implement new TextBox in GUI",
            "messageBody": "",
            "tags": [
              "Level-10"
            ],
            "fileTypesAndContributionMap": {
              "java": {
                "insertions": 14,
                "deletions": 13
              }
            }
          }
        ]
      },
      {
        "date": "2020-09-05",
        "commitResults": [
          {
            "hash": "9d827e9ce7478eb521b24bd4a7a6c27016485c0d",
            "messageTitle": "Create InvalidSaveException to replace InvalidSymbolException",
            "messageBody": "InvalidSaveException is meant to be a more general class indicating any\nabnormalities with the save file.\n",
            "fileTypesAndContributionMap": {
              "java": {
                "insertions": 9,
                "deletions": 16
              }
            }
          },
          {
            "hash": "f885304ddb5a19fe449f961b92f669647e6f2df7",
            "messageTitle": "Change DukeException into a checked Exception",
            "messageBody": "Fixed the resulting requirements of catching and throwing DukeException\nas a result of the change.\n",
            "fileTypesAndContributionMap": {
              "java": {
                "insertions": 81,
                "deletions": 40
              }
            }
          },
          {
            "hash": "18036f0976d777086ac8712a0c7595d71e5a4f7b",
            "messageTitle": "Change CommandParser to use switch case instead of if-else",
            "messageBody": "",
            "fileTypesAndContributionMap": {
              "java": {
                "insertions": 7,
                "deletions": 7
              }
            }
          },
          {
            "hash": "ea951cd1d0f0cbffc25a14d76004fb1922101945",
            "messageTitle": "Include case for list size \u003d 0",
            "messageBody": "",
            "fileTypesAndContributionMap": {
              "java": {
                "insertions": 7,
                "deletions": 1
              }
            }
          },
          {
            "hash": "44ccfee288718c8cb6a764af7d2588922f66072f",
            "messageTitle": "Account for when a task is already marked as done",
            "messageBody": "",
            "fileTypesAndContributionMap": {
              "java": {
                "insertions": 11,
                "deletions": 5
              }
            }
          }
        ]
      },
      {
        "date": "2020-09-08",
        "commitResults": [
          {
            "hash": "f7d4e5afcc9770c0638eb7c02f2cc28ad94220a7",
            "messageTitle": "Fix Javadocs formatting in duke.command",
            "messageBody": "",
            "fileTypesAndContributionMap": {
              "java": {
                "insertions": 94,
                "deletions": 68
              }
            }
          },
          {
            "hash": "b3d69f18a31d9a05e7bf4cff8991e06ea115b20d",
            "messageTitle": "Fix Javadocs formatting in duke.datetime",
            "messageBody": "",
            "fileTypesAndContributionMap": {
              "java": {
                "insertions": 28,
                "deletions": 14
              }
            }
          },
          {
            "hash": "c82c6377e4078059f3d4221874334330db6b0c5b",
            "messageTitle": "Fix Javadocs for duke.gui package",
            "messageBody": "",
            "fileTypesAndContributionMap": {
              "java": {
                "insertions": 57,
                "deletions": 7
              }
            }
          },
          {
            "hash": "b0bf1e2101a27200b665edfa57cb88a49808a5db",
            "messageTitle": "Fix Javadocs formatting in duke.storage",
            "messageBody": "",
            "fileTypesAndContributionMap": {
              "java": {
                "insertions": 15,
                "deletions": 9
              }
            }
          },
          {
            "hash": "91f9fc02b601c05033acc0c67b3fb120f27136a3",
            "messageTitle": "Fix Javadocs formatting in duke.task",
            "messageBody": "",
            "fileTypesAndContributionMap": {
              "java": {
                "insertions": 67,
                "deletions": 54
              }
            }
          },
          {
            "hash": "cfaf9b8ef60f36b998dfa46c86c88c97c635473b",
            "messageTitle": "Fix Javadocs formatting in duke.util",
            "messageBody": "",
            "fileTypesAndContributionMap": {
              "java": {
                "insertions": 67,
                "deletions": 1
              }
            }
          },
          {
            "hash": "4d22251ea1b44c22d1e01a9abfc2fce74d06cc87",
            "messageTitle": "Fix Javadocs formatting in duke main package",
            "messageBody": "",
            "tags": [
              "v0.2"
            ],
            "fileTypesAndContributionMap": {
              "java": {
                "insertions": 74,
                "deletions": 41
              }
            }
          },
          {
            "hash": "5579e0677d39b3bf7b07be5ba87a003badd5d18d",
            "messageTitle": "Fix errors due to DukeException becoming checked",
            "messageBody": "",
            "fileTypesAndContributionMap": {
              "java": {
                "insertions": 28,
                "deletions": 12
              }
            }
          },
          {
            "hash": "d042df86a66e900a8ad2bc454ceef4e547271d4c",
            "messageTitle": "Change gradle files to build new jar file",
            "messageBody": "",
            "fileTypesAndContributionMap": {
              "gradle": {
                "insertions": 1,
                "deletions": 1
              }
            }
          },
          {
            "hash": "5f60d5394e635d5092ea6a2c3823f6ea04be2ab3",
            "messageTitle": "Fix handling of empty descriptions/input",
            "messageBody": "",
            "fileTypesAndContributionMap": {
              "java": {
                "insertions": 10,
                "deletions": 4
              }
            }
          },
          {
            "hash": "659e0e25033b19355e033f23b23a4f94bc877ca1",
            "messageTitle": "Fix checkstyle in changed files",
            "messageBody": "",
            "fileTypesAndContributionMap": {
              "java": {
                "insertions": 21,
                "deletions": 19
              }
            }
          },
          {
            "hash": "868173a3987f299a1b77a2ff9082ad885ad6d2d4",
            "messageTitle": "Change TaskList to extend from java.util.ArrayList",
            "messageBody": "",
            "fileTypesAndContributionMap": {
              "java": {
                "insertions": 3,
                "deletions": 19
              }
            }
          },
          {
            "hash": "9327575511cb98f3a7f14a95fb51a7c0d03c9258",
            "messageTitle": "Fix TaskList implementation after extending from ArrayList",
            "messageBody": "",
            "fileTypesAndContributionMap": {
              "java": {
                "insertions": 4,
                "deletions": 23
              }
            }
          },
          {
            "hash": "6bd19e82f59bf665401f5b55cb4e58cd3b8c9c6e",
            "messageTitle": "Fix stack overflow bug for task list method calls",
            "messageBody": "",
            "fileTypesAndContributionMap": {
              "java": {
                "insertions": 2,
                "deletions": 2
              }
            }
          },
          {
            "hash": "fda5f75c3c83dd223de37b98ec911c463f7f9f86",
            "messageTitle": "Add streams to FindCommand and Storage classes",
            "messageBody": "",
            "fileTypesAndContributionMap": {
              "java": {
                "insertions": 12,
                "deletions": 14
              }
            }
          },
          {
            "hash": "62fb8520bcf3de23b686a94ac15098ed3810c025",
            "messageTitle": "Assert user input cannot be blank",
            "messageBody": "Implementation of UI default has been changed to ignore blank inputs.\n",
            "fileTypesAndContributionMap": {
              "java": {
                "insertions": 6,
                "deletions": 1
              }
            }
          },
          {
            "hash": "8500cf3854fcc3ea03aa0ac38e1f9682ca679fc5",
            "messageTitle": "Add assertions to Duke",
            "messageBody": "",
            "fileTypesAndContributionMap": {
              "java": {
                "insertions": 3,
                "deletions": 1
              }
            }
          },
          {
            "hash": "9e77ac78013b49dba208e6825eb1f0520899063d",
            "messageTitle": "Fix typo in Javadocs",
            "messageBody": "",
            "fileTypesAndContributionMap": {
              "java": {
                "insertions": 1,
                "deletions": 1
              }
            }
          },
          {
            "hash": "ca40e92ecc7b1de66ad2d1d7922489e4c198799a",
            "messageTitle": "Improve Code Quality of some files",
            "messageBody": "",
            "fileTypesAndContributionMap": {
              "java": {
                "insertions": 88,
                "deletions": 34
              }
            }
          },
          {
            "hash": "d6edda6384e0956603f07941d0c8a9f07baf38f1",
            "messageTitle": "Remove the use of a few magic numbers",
            "messageBody": "",
            "fileTypesAndContributionMap": {
              "java": {
                "insertions": 10,
                "deletions": 4
              }
            }
          },
          {
            "hash": "b5a6b6c3371ff447d3df27f7df10c716b7f0f397",
            "messageTitle": "Remove magic numbers and strings in duke.task",
            "messageBody": "",
            "fileTypesAndContributionMap": {
              "java": {
                "insertions": 86,
                "deletions": 39
              }
            }
          }
        ]
      },
      {
        "date": "2020-09-09",
        "commitResults": [
          {
            "hash": "3268942568fb971ec38ef902d6b543b698df9db3",
            "messageTitle": "Create RecurringEvent class",
            "messageBody": "Created a FastForwarderGenerator that is in charge of creating\nLocalDateTime-incrementing functions (FastForwarder).\n",
            "fileTypesAndContributionMap": {
              "java": {
                "insertions": 171,
                "deletions": 1
              }
            }
          },
          {
            "hash": "0eb44583386a116bc3f5bdc276392afcb9cbcb75",
            "messageTitle": "Implement RecurringEvent into Duke",
            "messageBody": "",
            "fileTypesAndContributionMap": {
              "java": {
                "insertions": 59,
                "deletions": 8
              }
            }
          }
        ]
      },
      {
        "date": "2020-09-11",
        "commitResults": [
          {
            "hash": "efcd053510fe632c64fb0f1d6c2ceacdc27fe9db",
            "messageTitle": "Abstract out the method that handles fast-forwarding",
            "messageBody": "",
            "fileTypesAndContributionMap": {
              "java": {
                "insertions": 27,
                "deletions": 19
              }
            }
          },
          {
            "hash": "f52c7bdc7cd3fdb59ea9676d941d01c1f2f161cc",
            "messageTitle": "Create RecurringDeadline class",
            "messageBody": "",
            "fileTypesAndContributionMap": {
              "java": {
                "insertions": 103,
                "deletions": 1
              }
            }
          },
          {
            "hash": "f19e9e2c4ef6fb79885a5d88e0e87acf50a9fdf9",
            "messageTitle": "Implement RecurringDeadline class",
            "messageBody": "",
            "fileTypesAndContributionMap": {
              "java": {
                "insertions": 7,
                "deletions": 1
              }
            }
          },
          {
            "hash": "ebc1f75fc280f863992e4848341c3c242cb321ef",
            "messageTitle": "Add Javadocs to new methods",
            "messageBody": "",
            "fileTypesAndContributionMap": {
              "java": {
                "insertions": 123,
                "deletions": 7
              }
            }
          }
        ]
      },
      {
        "date": "2020-09-17",
        "commitResults": [
          {
            "hash": "399f22187f7a5e9c026d8789eeda3b322d0e5785",
            "messageTitle": "Add credit to the start method of DukeGui",
            "messageBody": "",
            "fileTypesAndContributionMap": {
              "java": {
                "insertions": 3,
                "deletions": 0
              }
            }
          },
          {
            "hash": "184f3921dc0edff926e159a0348466b62df7d506",
            "messageTitle": "Improve spacing between elements",
            "messageBody": "",
            "fileTypesAndContributionMap": {
              "java": {
                "insertions": 13,
                "deletions": 3
              }
            }
          },
          {
            "hash": "1c98ec65b3a87c74fddab08efa705f82b0123301",
            "messageTitle": "Change user text color to be different from duke",
            "messageBody": "",
            "fileTypesAndContributionMap": {
              "java": {
                "insertions": 8,
                "deletions": 2
              }
            }
          },
          {
            "hash": "f4c73de717223778d51111307ff42a7c17cfc5e5",
            "messageTitle": "Include more details in recurring task javadocs",
            "messageBody": "",
            "fileTypesAndContributionMap": {
              "java": {
                "insertions": 9,
                "deletions": 3
              }
            }
          },
          {
            "hash": "cb2b648167711997a4f43069d5f028b0609221d0",
            "messageTitle": "Remove \"Recurring \" from recurring tasks toString method",
            "messageBody": "Intention is to shorten the representation to fit better in the textbox.\n",
            "fileTypesAndContributionMap": {
              "java": {
                "insertions": 2,
                "deletions": 2
              }
            }
          },
          {
            "hash": "d598ed23cd1ee46e2e46ea7e2398119ce14d6e30",
            "messageTitle": "Improve error messages for invalid inputs",
            "messageBody": "",
            "fileTypesAndContributionMap": {
              "java": {
                "insertions": 8,
                "deletions": 13
              }
            }
          },
          {
            "hash": "489de464b19ba1b882007615dcfaa9b21bff3602",
            "messageTitle": "Change \"Interval\" -\u003e \"Recurring\" for recurring tasks toString method",
            "messageBody": "",
            "fileTypesAndContributionMap": {
              "java": {
                "insertions": 2,
                "deletions": 2
              }
            }
          },
          {
            "hash": "568713877f182ab54ef16b15e65b75e3a39932c6",
            "messageTitle": "Fix checkstyle in src/main/java",
            "messageBody": "",
            "fileTypesAndContributionMap": {
              "java": {
                "insertions": 19,
                "deletions": 17
              }
            }
          },
          {
            "hash": "163e2abb6de8cc0d2934b7acec0bff9124c8278b",
            "messageTitle": "Fix DeadlineTest test case that used String literal",
            "messageBody": "",
            "fileTypesAndContributionMap": {
              "java": {
                "insertions": 1,
                "deletions": 1
              }
            }
          }
        ]
      },
      {
        "date": "2020-09-20",
        "commitResults": [
          {
            "hash": "de8745052d4d5e57ab10dd5036e7f04980f5d396",
            "messageTitle": "Update README.md user guide",
            "messageBody": "",
            "tags": [
              "A-UserGuide"
            ],
            "fileTypesAndContributionMap": {
              "gradle": {
                "insertions": 1,
                "deletions": 1
              },
              "md": {
                "insertions": 339,
                "deletions": 35
              }
            }
          }
        ]
      }
    ]
  },
  "authorFileTypeContributionMap": {
    "chan-j-d": {
      "java": 2794,
      "md": 339,
      "fxml": 0,
      "sh": 0,
      "bat": 1,
      "gradle": 18,
      "txt": 11
    }
  },
  "authorContributionVariance": {
    "chan-j-d": 75386.47
  },
  "authorDisplayNameMap": {
    "chan-j-d": "CS2103T-W10-4 CHAN..N DA"
  }
}
