{
  "authorDailyContributionsMap": {
    "CalistaIo": [
      {
        "date": "2020-08-17",
        "commitResults": [
          {
            "hash": "0dfe622da33da2899b452758c2c8c439cccb49eb",
            "messageTitle": "Added Level-1 of Duke",
            "messageBody": "",
            "tags": [
              "Level-1"
            ],
            "fileTypesAndContributionMap": {
              "java": {
                "insertions": 20,
                "deletions": 0
              }
            }
          },
          {
            "hash": "a26e92591d4892a82fb06b9ebe4cc084a946c31b",
            "messageTitle": "Added Level-2 of Duke",
            "messageBody": "",
            "tags": [
              "Level-2"
            ],
            "fileTypesAndContributionMap": {
              "java": {
                "insertions": 18,
                "deletions": 4
              }
            }
          },
          {
            "hash": "3be45bade032eb5b25bf508d72ef6fb4d0937641",
            "messageTitle": "Added Task class to represent task",
            "messageBody": "",
            "fileTypesAndContributionMap": {
              "java": {
                "insertions": 23,
                "deletions": 0
              }
            }
          },
          {
            "hash": "44907a3e645f705da99b4d3aba227997f81f13ac",
            "messageTitle": "Added Level-3 of Duke",
            "messageBody": "",
            "tags": [
              "Level-3"
            ],
            "fileTypesAndContributionMap": {
              "java": {
                "insertions": 11,
                "deletions": 3
              }
            }
          },
          {
            "hash": "cbe29213290b244a8e76e3fd8a1ac67f180c88af",
            "messageTitle": "Added ToDo class to represent todo",
            "messageBody": "",
            "fileTypesAndContributionMap": {
              "java": {
                "insertions": 11,
                "deletions": 0
              }
            }
          },
          {
            "hash": "3f990263875b719d2a90f1330237436e724192b9",
            "messageTitle": "Added Deadline class to represent deadline",
            "messageBody": "",
            "fileTypesAndContributionMap": {
              "java": {
                "insertions": 14,
                "deletions": 0
              }
            }
          },
          {
            "hash": "039105b6103dd84488b21d9bcca85c6271439b39",
            "messageTitle": "Added Event class to represent event",
            "messageBody": "",
            "fileTypesAndContributionMap": {
              "java": {
                "insertions": 14,
                "deletions": 0
              }
            }
          },
          {
            "hash": "cee9e5937515722b75131dfc7cbd48c3fee83acd",
            "messageTitle": "Added Level-4 of Duke",
            "messageBody": "",
            "tags": [
              "Level-4"
            ],
            "fileTypesAndContributionMap": {
              "java": {
                "insertions": 17,
                "deletions": 3
              }
            }
          },
          {
            "hash": "83c284d297a935fa5e13e179a939f833daeccb07",
            "messageTitle": "Added InvalidDoneException class for invalid marking of task as done",
            "messageBody": "",
            "fileTypesAndContributionMap": {
              "java": {
                "insertions": 7,
                "deletions": 0
              }
            }
          },
          {
            "hash": "247e24d169073279fcbdc3641aa7e7fd5e6f0fe9",
            "messageTitle": "Added InvalidTaskArgumentException class for invalid adding of task",
            "messageBody": "",
            "fileTypesAndContributionMap": {
              "java": {
                "insertions": 7,
                "deletions": 0
              }
            }
          },
          {
            "hash": "6dea58e71aa493080a77d15b1a85d5836ef58d5e",
            "messageTitle": "Added InvalidCommandException class for unrecognized commands",
            "messageBody": "",
            "fileTypesAndContributionMap": {
              "java": {
                "insertions": 7,
                "deletions": 0
              }
            }
          },
          {
            "hash": "d48fa3efba0bda135be3502d7075b315d164e165",
            "messageTitle": "Added Level-5 of Duke",
            "messageBody": "",
            "tags": [
              "Level-5"
            ],
            "fileTypesAndContributionMap": {
              "java": {
                "insertions": 87,
                "deletions": 28
              }
            }
          },
          {
            "hash": "385d50abc0b6fd7b040281a9d3206269934e3780",
            "messageTitle": "Added InvalidDeleteException for invalid deletion of task",
            "messageBody": "",
            "fileTypesAndContributionMap": {
              "java": {
                "insertions": 7,
                "deletions": 0
              }
            }
          },
          {
            "hash": "7f9d88a7250825151912b5259eb2335fdaa73f8a",
            "messageTitle": "Added Level-6 of Duke",
            "messageBody": "",
            "tags": [
              "Level-6"
            ],
            "fileTypesAndContributionMap": {
              "java": {
                "insertions": 38,
                "deletions": 13
              }
            }
          }
        ]
      },
      {
        "date": "2020-08-20",
        "commitResults": [
          {
            "hash": "23995c7e03784a38e33189b0ba93eaa1bcb2e9e2",
            "messageTitle": "Modified runtest.bat, input.txt and EXPECTED.txt",
            "messageBody": "",
            "tags": [
              "A-TextUiTesting"
            ],
            "fileTypesAndContributionMap": {
              "txt": {
                "insertions": 20,
                "deletions": 0
              },
              "bat": {
                "insertions": 4,
                "deletions": 2
              }
            }
          }
        ]
      }
    ]
  },
  "authorFileTypeContributionMap": {
    "CalistaIo": {
      "java": 230,
      "md": 0,
      "fxml": 0,
      "sh": 0,
      "bat": 4,
      "gradle": 0,
      "txt": 20
    }
  },
  "authorContributionVariance": {
    "CalistaIo": 13227.267
  },
  "authorDisplayNameMap": {
    "CalistaIo": "PHIA..A IO"
  }
}
