{
  "authorDailyContributionsMap": {
    "CalistaIo": [
      {
        "date": "2020-08-17",
        "commitResults": [
          {
            "hash": "0dfe622da33da2899b452758c2c8c439cccb49eb",
            "messageTitle": "Added Level-1 of Duke",
            "messageBody": "",
            "tags": [
              "Level-1"
            ],
            "fileTypesAndContributionMap": {
              "java": {
                "insertions": 20,
                "deletions": 0
              }
            }
          },
          {
            "hash": "a26e92591d4892a82fb06b9ebe4cc084a946c31b",
            "messageTitle": "Added Level-2 of Duke",
            "messageBody": "",
            "tags": [
              "Level-2"
            ],
            "fileTypesAndContributionMap": {
              "java": {
                "insertions": 18,
                "deletions": 4
              }
            }
          },
          {
            "hash": "3be45bade032eb5b25bf508d72ef6fb4d0937641",
            "messageTitle": "Added Task class to represent task",
            "messageBody": "",
            "fileTypesAndContributionMap": {
              "java": {
                "insertions": 23,
                "deletions": 0
              }
            }
          },
          {
            "hash": "44907a3e645f705da99b4d3aba227997f81f13ac",
            "messageTitle": "Added Level-3 of Duke",
            "messageBody": "",
            "tags": [
              "Level-3"
            ],
            "fileTypesAndContributionMap": {
              "java": {
                "insertions": 11,
                "deletions": 3
              }
            }
          },
          {
            "hash": "cbe29213290b244a8e76e3fd8a1ac67f180c88af",
            "messageTitle": "Added ToDo class to represent todo",
            "messageBody": "",
            "fileTypesAndContributionMap": {
              "java": {
                "insertions": 11,
                "deletions": 0
              }
            }
          },
          {
            "hash": "3f990263875b719d2a90f1330237436e724192b9",
            "messageTitle": "Added Deadline class to represent deadline",
            "messageBody": "",
            "fileTypesAndContributionMap": {
              "java": {
                "insertions": 14,
                "deletions": 0
              }
            }
          },
          {
            "hash": "039105b6103dd84488b21d9bcca85c6271439b39",
            "messageTitle": "Added Event class to represent event",
            "messageBody": "",
            "fileTypesAndContributionMap": {
              "java": {
                "insertions": 14,
                "deletions": 0
              }
            }
          },
          {
            "hash": "cee9e5937515722b75131dfc7cbd48c3fee83acd",
            "messageTitle": "Added Level-4 of Duke",
            "messageBody": "",
            "tags": [
              "Level-4"
            ],
            "fileTypesAndContributionMap": {
              "java": {
                "insertions": 17,
                "deletions": 3
              }
            }
          },
          {
            "hash": "83c284d297a935fa5e13e179a939f833daeccb07",
            "messageTitle": "Added InvalidDoneException class for invalid marking of task as done",
            "messageBody": "",
            "fileTypesAndContributionMap": {
              "java": {
                "insertions": 7,
                "deletions": 0
              }
            }
          },
          {
            "hash": "247e24d169073279fcbdc3641aa7e7fd5e6f0fe9",
            "messageTitle": "Added InvalidTaskArgumentException class for invalid adding of task",
            "messageBody": "",
            "fileTypesAndContributionMap": {
              "java": {
                "insertions": 7,
                "deletions": 0
              }
            }
          },
          {
            "hash": "6dea58e71aa493080a77d15b1a85d5836ef58d5e",
            "messageTitle": "Added InvalidCommandException class for unrecognized commands",
            "messageBody": "",
            "fileTypesAndContributionMap": {
              "java": {
                "insertions": 7,
                "deletions": 0
              }
            }
          },
          {
            "hash": "d48fa3efba0bda135be3502d7075b315d164e165",
            "messageTitle": "Added Level-5 of Duke",
            "messageBody": "",
            "tags": [
              "Level-5"
            ],
            "fileTypesAndContributionMap": {
              "java": {
                "insertions": 87,
                "deletions": 28
              }
            }
          },
          {
            "hash": "385d50abc0b6fd7b040281a9d3206269934e3780",
            "messageTitle": "Added InvalidDeleteException for invalid deletion of task",
            "messageBody": "",
            "fileTypesAndContributionMap": {
              "java": {
                "insertions": 7,
                "deletions": 0
              }
            }
          },
          {
            "hash": "7f9d88a7250825151912b5259eb2335fdaa73f8a",
            "messageTitle": "Added Level-6 of Duke",
            "messageBody": "",
            "tags": [
              "Level-6"
            ],
            "fileTypesAndContributionMap": {
              "java": {
                "insertions": 38,
                "deletions": 13
              }
            }
          }
        ]
      },
      {
        "date": "2020-08-20",
        "commitResults": [
          {
            "hash": "23995c7e03784a38e33189b0ba93eaa1bcb2e9e2",
            "messageTitle": "Modified runtest.bat, input.txt and EXPECTED.txt",
            "messageBody": "",
            "tags": [
              "v0.1",
              "A-TextUiTesting"
            ],
            "fileTypesAndContributionMap": {
              "txt": {
                "insertions": 20,
                "deletions": 0
              },
              "bat": {
                "insertions": 4,
                "deletions": 2
              }
            }
          }
        ]
      },
      {
        "date": "2020-08-24",
        "commitResults": [
          {
            "hash": "50ab4ed71d7676001aeac1acd2d927d9d8239c7e",
            "messageTitle": "Add Level-7 to branch-Level-7",
            "messageBody": "",
            "fileTypesAndContributionMap": {
              "java": {
                "insertions": 29,
                "deletions": 1
              }
            }
          },
          {
            "hash": "5415e0c5ea62aaedca623fe2b2dc96604debe0ca",
            "messageTitle": "Add Level-8 to branch-Level-8",
            "messageBody": "",
            "fileTypesAndContributionMap": {
              "java": {
                "insertions": 107,
                "deletions": 8
              }
            }
          }
        ]
      },
      {
        "date": "2020-08-25",
        "commitResults": [
          {
            "hash": "53a45366d4b63abb26140cfdfa5d188da4ef3060",
            "messageTitle": "Add OOP features to Duke",
            "messageBody": "",
            "tags": [
              "A-MoreOOP"
            ],
            "fileTypesAndContributionMap": {
              "txt": {
                "insertions": 10,
                "deletions": 0
              },
              "java": {
                "insertions": 440,
                "deletions": 247
              }
            }
          },
          {
            "hash": "a0febdfe799fed3fcb53d20109c616d49a787f6b",
            "messageTitle": "Add find functionality to Duke",
            "messageBody": "",
            "fileTypesAndContributionMap": {
              "txt": {
                "insertions": 2,
                "deletions": 0
              },
              "java": {
                "insertions": 26,
                "deletions": 0
              }
            }
          },
          {
            "hash": "e9974215448532abe565ddce3163f2f277bc62cb",
            "messageTitle": "Add JavaDoc to Duke",
            "messageBody": "",
            "fileTypesAndContributionMap": {
              "java": {
                "insertions": 191,
                "deletions": 2
              }
            }
          },
          {
            "hash": "9ca24c120e5c0df5be0fa04bf7d690cd26d62302",
            "messageTitle": "Modify code to fit coding standard",
            "messageBody": "",
            "fileTypesAndContributionMap": {
              "txt": {
                "insertions": 1,
                "deletions": 1
              },
              "java": {
                "insertions": 155,
                "deletions": 169
              }
            }
          },
          {
            "hash": "f4889fb5f73d0b945f8f6c9d93dcc7e55639d06a",
            "messageTitle": "Add JUnit tests for Parser class",
            "messageBody": "",
            "tags": [
              "A-JUnit"
            ],
            "fileTypesAndContributionMap": {
              "java": {
                "insertions": 37,
                "deletions": 0
              }
            }
          }
        ]
      },
      {
        "date": "2020-08-30",
        "commitResults": [
          {
            "hash": "2e02ae34542e82c68464f809dacf8fa6c38dc4d3",
            "messageTitle": "Modify code to resolve checkstyle errors",
            "messageBody": "",
            "tags": [
              "A-CheckStyle"
            ],
            "fileTypesAndContributionMap": {
              "gradle": {
                "insertions": 1,
                "deletions": 1
              },
              "txt": {
                "insertions": 10,
                "deletions": 5
              },
              "java": {
                "insertions": 43,
                "deletions": 16
              }
            }
          },
          {
            "hash": "9f18bfb2b65dc9920246eb79a17bf306e7fa18dd",
            "messageTitle": "Edit Duke configurations to display [✓] and [✗] correctly",
            "messageBody": "",
            "fileTypesAndContributionMap": {
              "txt": {
                "insertions": 4,
                "deletions": 3
              }
            }
          },
          {
            "hash": "b50c39a83fe212bbb1edf6d06ba8562df650550e",
            "messageTitle": "Improve readability of Javadoc comments",
            "messageBody": "",
            "fileTypesAndContributionMap": {
              "java": {
                "insertions": 137,
                "deletions": 118
              }
            }
          }
        ]
      },
      {
        "date": "2020-09-01",
        "commitResults": [
          {
            "hash": "03c118ba366c8449955e05f473a35b0c06dc116c",
            "messageTitle": "Complete GUI tutorial 1-3",
            "messageBody": "",
            "fileTypesAndContributionMap": {
              "gradle": {
                "insertions": 15,
                "deletions": 0
              },
              "java": {
                "insertions": 153,
                "deletions": 0
              }
            }
          },
          {
            "hash": "a123f50b880c7ba133d472d708afbe8c814a1baf",
            "messageTitle": "Set up Duke GUI using FXML",
            "messageBody": "",
            "tags": [
              "Level-10"
            ],
            "fileTypesAndContributionMap": {
              "fxml": {
                "insertions": 35,
                "deletions": 0
              },
              "java": {
                "insertions": 184,
                "deletions": 158
              }
            }
          }
        ]
      },
      {
        "date": "2020-09-09",
        "commitResults": [
          {
            "hash": "5139ec5a7e14317c82a069d0d558b6be86f5176e",
            "messageTitle": "Add functionality to delete either all tasks or multiple specified tasks",
            "messageBody": "",
            "fileTypesAndContributionMap": {
              "java": {
                "insertions": 51,
                "deletions": 23
              }
            }
          }
        ]
      },
      {
        "date": "2020-09-14",
        "commitResults": [
          {
            "hash": "b7ee0443fce68eaf38d4c63e2740473fcda219f9",
            "messageTitle": "Improve code quality",
            "messageBody": "",
            "fileTypesAndContributionMap": {
              "java": {
                "insertions": 363,
                "deletions": 296
              }
            }
          },
          {
            "hash": "008d21c2bbe70676710ae99c3cefccfc5529d8ed",
            "messageTitle": "Add assertions to check validity of user command",
            "messageBody": "",
            "fileTypesAndContributionMap": {
              "java": {
                "insertions": 12,
                "deletions": 0
              }
            }
          },
          {
            "hash": "63f49c23399c5b4e9c369a87c596102a4cdf7488",
            "messageTitle": "Update code to improve documentation quality and comply with coding standard",
            "messageBody": "",
            "fileTypesAndContributionMap": {
              "java": {
                "insertions": 245,
                "deletions": 104
              }
            }
          }
        ]
      }
    ]
  },
  "authorFileTypeContributionMap": {
    "CalistaIo": {
      "java": 1276,
      "md": 0,
      "fxml": 35,
      "sh": 0,
      "bat": 4,
      "gradle": 16,
      "txt": 37
    }
  },
  "authorContributionVariance": {
    "CalistaIo": 87124.89
  },
  "authorDisplayNameMap": {
    "CalistaIo": "CS2103-T14-2 PHIA..A IO"
  }
}
