{"authorDailyContributionsMap":{"FH-30":[{"date":"2020-08-15","commitResults":[{"hash":"9ee94432ea987ce7dfd7306c99a4eee21fdc6220","messageTitle":"Greet user; Echo commands from user; Exits on bye","messageBody":"","tags":["Level-1"],"fileTypesAndContributionMap":{"java":{"insertions":30,"deletions":0}}},{"hash":"097d49f3aa89b866973bf6b336181ccf7b550410","messageTitle":"Store texts entered by user; Display texts back to user","messageBody":"","tags":["Level-2"],"fileTypesAndContributionMap":{"java":{"insertions":15,"deletions":2}}},{"hash":"7e8d22adfde8dfbdfeb211137e60e886c2412d90","messageTitle":"Mark tasks as done","messageBody":"","tags":["Level-3"],"fileTypesAndContributionMap":{"java":{"insertions":49,"deletions":5}}},{"hash":"4077b84d78d947aceb5f50c0f50be7510c81e781","messageTitle":"Added Todos, Deadlines and Events","messageBody":"","tags":["Level-4"],"fileTypesAndContributionMap":{"java":{"insertions":89,"deletions":26}}},{"hash":"1ef60600d7feb325dfeb2b72c95dfbb26c8a7dff","messageTitle":"Attempted Automated Testing","messageBody":"","tags":["A-TextUiTesting"],"fileTypesAndContributionMap":{"txt":{"insertions":9,"deletions":0},"java":{"insertions":12,"deletions":2}}}]},{"date":"2020-08-16","commitResults":[{"hash":"f84b98cc77318cf17cd7e58695a260cbb9001b15","messageTitle":"Introduced Exceptions","messageBody":"","tags":["Level-5"],"fileTypesAndContributionMap":{"txt":{"insertions":13,"deletions":0},"java":{"insertions":102,"deletions":62}}},{"hash":"de3ec9acecf3f73e61dfa2685d396efe2ec3b487","messageTitle":"Added deletion of tasks","messageBody":"","tags":["Level-6"],"fileTypesAndContributionMap":{"txt":{"insertions":5,"deletions":0},"java":{"insertions":20,"deletions":0}}}]},{"date":"2020-08-22","commitResults":[{"hash":"019553f0102534b8963a6ec09d1717d8fbf60743","messageTitle":"Save tasks in file","messageBody":"","fileTypesAndContributionMap":{"java":{"insertions":125,"deletions":31}}},{"hash":"1f447a4056ebbdf23fcb5deb028df0e6e386b87f","messageTitle":"Make Duke understand date and time","messageBody":"","fileTypesAndContributionMap":{"txt":{"insertions":2,"deletions":2},"java":{"insertions":102,"deletions":35}}},{"hash":"ace030bebe9e3e0aa008e7e718bc493d6c6e81c4","messageTitle":"Refactor the code to extract out closely related code as classes","messageBody":"","tags":["A-MoreOOP"],"fileTypesAndContributionMap":{"java":{"insertions":466,"deletions":247}}},{"hash":"94d4a8bb033142abd42b0d3d18e96653b4e12bb2","messageTitle":"Organize files into packages","messageBody":"","tags":["A-Packages"],"fileTypesAndContributionMap":{"java":{"insertions":67,"deletions":14}}}]},{"date":"2020-08-23","commitResults":[{"hash":"45533e3d1454874b1f79d71ac95f25cd70c2aec6","messageTitle":"Add testing for Parser and TaskList","messageBody":"","tags":["v0.1","A-Jar","A-JUnit"],"fileTypesAndContributionMap":{"java":{"insertions":259,"deletions":2}}},{"hash":"8a73743d294a3adb4a9bf4b538e2b1f1d846d4dc","messageTitle":"Add Javadocs","messageBody":"","fileTypesAndContributionMap":{"java":{"insertions":445,"deletions":25}}},{"hash":"503b9aaddaa32ab48c7e32ad59dd5bb0d8e2581c","messageTitle":"Find specific keywords","messageBody":"","tags":["Level-9"],"fileTypesAndContributionMap":{"java":{"insertions":59,"deletions":1}}},{"hash":"7d082fc022b924eda37a5f1a0214fffba78f2f21","messageTitle":"Make complete JavaDoc","messageBody":"","fileTypesAndContributionMap":{"java":{"insertions":21,"deletions":0}}}]},{"date":"2020-08-29","commitResults":[{"hash":"ca121eeccafed3dd1fa2de9e971aa7fb7607f357","messageTitle":"restructure package","messageBody":"","fileTypesAndContributionMap":{"java":{"insertions":85,"deletions":85}}},{"hash":"7a3ce7666aba51d2c0ff04df9baf4fc6b6cb79dd","messageTitle":"rename package","messageBody":"","tags":["A-Gradle"],"fileTypesAndContributionMap":{"gradle":{"insertions":1,"deletions":1},"java":{"insertions":34,"deletions":34}}},{"hash":"05bd5ff5fc0f199bb5a08c4e1696fcd087a69fff","messageTitle":"automate checkstyle and improve code quality","messageBody":"","tags":["A-CheckStyle"],"fileTypesAndContributionMap":{"gradle":{"insertions":1,"deletions":1},"java":{"insertions":80,"deletions":81}}}]},{"date":"2020-08-30","commitResults":[{"hash":"fcaa8d25993582188cb6ff6476970389e38204a4","messageTitle":"Add GUI","messageBody":"","tags":["Level-10"],"fileTypesAndContributionMap":{"gradle":{"insertions":14,"deletions":0},"fxml":{"insertions":35,"deletions":0},"java":{"insertions":180,"deletions":0}}}]},{"date":"2020-09-05","commitResults":[{"hash":"a4fb0538013213387bc673b1f796b6df83d6b0c3","messageTitle":"Link UI to Duke","messageBody":"","fileTypesAndContributionMap":{"java":{"insertions":45,"deletions":32}}},{"hash":"7583943c9a0195e3c5f6f2e436422e4fc5be59b2","messageTitle":"Update ui  method documentation","messageBody":"","fileTypesAndContributionMap":{"java":{"insertions":4,"deletions":2}}},{"hash":"5428e508d9420b8e08575a49ba602f5e687e5354","messageTitle":"refactor code","messageBody":"","fileTypesAndContributionMap":{"gradle":{"insertions":4,"deletions":4},"java":{"insertions":11,"deletions":29}}},{"hash":"88f35f3536963b75208e909cc48365afcc9533d3","messageTitle":"Add assertions","messageBody":"","fileTypesAndContributionMap":{"java":{"insertions":65,"deletions":46}}},{"hash":"b1b0ae1796639e03e654a45b254be1ff3b12cce7","messageTitle":"Refactor code","messageBody":"","fileTypesAndContributionMap":{"java":{"insertions":211,"deletions":114}}},{"hash":"14df8700f89d683c79cf99e2fb215599afaa2bda","messageTitle":"Make archive task feature","messageBody":"","fileTypesAndContributionMap":{"java":{"insertions":324,"deletions":79}}}]},{"date":"2020-09-13","commitResults":[{"hash":"8e390cebac88c30d2d2f6b8eee400b16ea3c26c4","messageTitle":"Improve GUI","messageBody":"","tags":["A-BetterGui"],"fileTypesAndContributionMap":{"gradle":{"insertions":1,"deletions":1},"fxml":{"insertions":23,"deletions":9},"java":{"insertions":103,"deletions":61}}},{"hash":"16c8abe3c469ae9fc677e652ebe6dae1bd03e255","messageTitle":"Add User Guide","messageBody":"","tags":["A-UserGuide"],"fileTypesAndContributionMap":{"java":{"insertions":7,"deletions":7},"md":{"insertions":159,"deletions":9}}},{"hash":"3d98911e15600d045c54fc0f620e62d59ae4c67d","messageTitle":"Updated User Guide","messageBody":"","fileTypesAndContributionMap":{"md":{"insertions":17,"deletions":17}}},{"hash":"755d300b3b677d3467c132d769c7b20e6fda9f38","messageTitle":"Updated User Guide","messageBody":"","fileTypesAndContributionMap":{"md":{"insertions":3,"deletions":0}}},{"hash":"93b25b2518dab6f2c7c919eb476178e85f4ecf8c","messageTitle":"Updated User Guide","messageBody":"","fileTypesAndContributionMap":{"md":{"insertions":1,"deletions":1}}},{"hash":"b723ebc27a4d9fe400565062e5ea36f3fba19e0d","messageTitle":"Improve GUI and update user guide","messageBody":"","fileTypesAndContributionMap":{"fxml":{"insertions":1,"deletions":1},"java":{"insertions":3,"deletions":3},"md":{"insertions":15,"deletions":15}}},{"hash":"a1a57ba8f18266d61aa07cc2a79c85db1966be08","messageTitle":"Fix README Bug","messageBody":"","fileTypesAndContributionMap":{"md":{"insertions":27,"deletions":28}}},{"hash":"5a2ef54632750568a629ee0767ec8bcb75573ff8","messageTitle":"Release Duke Version 0.2","messageBody":"","tags":["A-Release"],"fileTypesAndContributionMap":{"gradle":{"insertions":1,"deletions":1}}},{"hash":"c50b30f672b72195e22e1c23c52c690f2407c856","messageTitle":"Update User Guide to include release","messageBody":"","fileTypesAndContributionMap":{"md":{"insertions":1,"deletions":1}}},{"hash":"3d8178a1da7175065e09f994cf0a6ce8260c1574","messageTitle":"Update README.md","messageBody":"","fileTypesAndContributionMap":{"md":{"insertions":172,"deletions":26}}}]},{"date":"2020-09-18","commitResults":[{"hash":"0d08e4ae4135b966dee9d597b064ba21c48df030","messageTitle":"Update GUI","messageBody":"","tags":["v0.3"],"fileTypesAndContributionMap":{"fxml":{"insertions":6,"deletions":6}}},{"hash":"394ae5945a944e575378db26026b94e80072efb3","messageTitle":"Update User Guide","messageBody":"","fileTypesAndContributionMap":{"gradle":{"insertions":1,"deletions":1},"fxml":{"insertions":2,"deletions":2},"java":{"insertions":8,"deletions":1},"md":{"insertions":14,"deletions":2}}},{"hash":"4e4cb797c7fad979aaf25e19f75989511605e0fb","messageTitle":"Update README.md","messageBody":"","fileTypesAndContributionMap":{"md":{"insertions":14,"deletions":2}}},{"hash":"91325a0b234def20acb123b7f89c3a279911467e","messageTitle":"Update Ui","messageBody":"","fileTypesAndContributionMap":{"gradle":{"insertions":1,"deletions":1},"fxml":{"insertions":3,"deletions":1},"java":{"insertions":6,"deletions":0}}}]}]},"authorFileTypeContributionMap":{"FH-30":{"java":2030,"md":350,"fxml":51,"sh":0,"bat":0,"gradle":17,"txt":27}},"authorContributionVariance":{"FH-30":83233.445},"authorDisplayNameMap":{"FH-30":"CS2103T-T13-2 FRAN..ANTO"}}
