{
  "authorDailyContributionsMap": {
    "Stefan-Jiang": [
      {
        "date": "2020-08-19",
        "commitResults": [
          {
            "hash": "4520e2f1b61c73b73d0ec894322b717bc6818184",
            "messageTitle": "Level 1 - 1st try",
            "messageBody": "",
            "fileTypesAndContributionMap": {
              "java": {
                "insertions": 22,
                "deletions": 1
              }
            }
          },
          {
            "hash": "d3129178822141cf14d6f83df072f09812789cfa",
            "messageTitle": "Level 1 - Final",
            "messageBody": "",
            "tags": [
              "Level-1"
            ],
            "fileTypesAndContributionMap": {
              "java": {
                "insertions": 16,
                "deletions": 16
              }
            }
          },
          {
            "hash": "7627438e1ef70c8649c206338bde2486eeef325d",
            "messageTitle": "Level 1 - 1st try",
            "messageBody": "",
            "fileTypesAndContributionMap": {
              "java": {
                "insertions": 14,
                "deletions": 4
              }
            }
          },
          {
            "hash": "8832f17881b0087d52339d38bf9657d82c283031",
            "messageTitle": "Level 1 - Final",
            "messageBody": "",
            "tags": [
              "Level-2"
            ],
            "fileTypesAndContributionMap": {
              "java": {
                "insertions": 4,
                "deletions": 2
              }
            }
          },
          {
            "hash": "5b0f13a987b4acfc4728325c4cc0e33bae998c14",
            "messageTitle": "Add Task.java",
            "messageBody": "",
            "fileTypesAndContributionMap": {
              "java": {
                "insertions": 21,
                "deletions": 0
              }
            }
          },
          {
            "hash": "53df7e2bd4550a773306616b48dd1656648492f1",
            "messageTitle": "Level 3 - Final",
            "messageBody": "",
            "tags": [
              "Level-3"
            ],
            "fileTypesAndContributionMap": {
              "java": {
                "insertions": 18,
                "deletions": 10
              }
            }
          }
        ]
      },
      {
        "date": "2020-08-20",
        "commitResults": [
          {
            "hash": "c147954c4eeb4233b6ecba043e57aec40237427f",
            "messageTitle": "Add Todo.java",
            "messageBody": "",
            "fileTypesAndContributionMap": {
              "java": {
                "insertions": 10,
                "deletions": 0
              }
            }
          },
          {
            "hash": "10575fa369ff5843f88ff509abce5723d2f05f94",
            "messageTitle": "Add Deadline.java",
            "messageBody": "",
            "fileTypesAndContributionMap": {
              "java": {
                "insertions": 13,
                "deletions": 0
              }
            }
          },
          {
            "hash": "fcf3256d601f24dcb3be737fad5b4b6d1c3bbdd8",
            "messageTitle": "Add Event.java",
            "messageBody": "",
            "fileTypesAndContributionMap": {
              "java": {
                "insertions": 13,
                "deletions": 0
              }
            }
          },
          {
            "hash": "c722f442e46124541b16e35f856de2b6f33c83e0",
            "messageTitle": "Level 4 - Final",
            "messageBody": "",
            "tags": [
              "Level-4"
            ],
            "fileTypesAndContributionMap": {
              "java": {
                "insertions": 30,
                "deletions": 14
              }
            }
          },
          {
            "hash": "42916688cbc2a2d786d0c2aaa79d53e212dcdea6",
            "messageTitle": "A-TextUiTesting - Final",
            "messageBody": "",
            "tags": [
              "A-TextUiTesting"
            ],
            "fileTypesAndContributionMap": {
              "txt": {
                "insertions": 2,
                "deletions": 0
              },
              "java": {
                "insertions": 1,
                "deletions": 1
              },
              "bat": {
                "insertions": 1,
                "deletions": 1
              }
            }
          },
          {
            "hash": "3359bf62633aad8fcf0146eaac3a69f3f69c4127",
            "messageTitle": "Level 5 - Final",
            "messageBody": "",
            "tags": [
              "Level-5"
            ],
            "fileTypesAndContributionMap": {
              "java": {
                "insertions": 59,
                "deletions": 27
              }
            }
          },
          {
            "hash": "de154d6c5891002f050c39bc65ec1339edafdc03",
            "messageTitle": "Level 6 - 1st try",
            "messageBody": "",
            "fileTypesAndContributionMap": {
              "java": {
                "insertions": 7,
                "deletions": 0
              }
            }
          },
          {
            "hash": "ea42f1430f47184a44f6d576dcd8cabd3f9821e3",
            "messageTitle": "A-Enums - Final",
            "messageBody": "",
            "tags": [
              "A-Enums"
            ],
            "fileTypesAndContributionMap": {
              "java": {
                "insertions": 34,
                "deletions": 14
              }
            }
          }
        ]
      }
    ]
  },
  "authorFileTypeContributionMap": {
    "Stefan-Jiang": {
      "java": 173,
      "md": 0,
      "fxml": 0,
      "sh": 0,
      "bat": 1,
      "gradle": 0,
      "txt": 2
    }
  },
  "authorContributionVariance": {
    "Stefan-Jiang": 7129.918
  },
  "authorDisplayNameMap": {
    "Stefan-Jiang": "JIAN..YUAN"
  }
}
