{
  "authorDailyContributionsMap": {
    "ysr25": [
      {
        "date": "2020-08-15",
        "commitResults": [
          {
            "hash": "982295ce45403522d6aeab13a97106c8ffe59617",
            "messageTitle": "Add Level-1",
            "messageBody": "",
            "tags": [
              "Level-1"
            ],
            "fileTypesAndContributionMap": {
              "java": {
                "insertions": 10,
                "deletions": 0
              }
            }
          },
          {
            "hash": "1b4aa1405ab2cc7e914cf0765f2843fd44b7134e",
            "messageTitle": "Add Level-2",
            "messageBody": "",
            "tags": [
              "Level-2"
            ],
            "fileTypesAndContributionMap": {
              "java": {
                "insertions": 49,
                "deletions": 1
              }
            }
          },
          {
            "hash": "3a1bb641a48b4a40fe3f847b4dece93fd5d8114d",
            "messageTitle": "Add Level-3",
            "messageBody": "",
            "tags": [
              "Level-3",
              "A-Classes"
            ],
            "fileTypesAndContributionMap": {
              "java": {
                "insertions": 37,
                "deletions": 6
              }
            }
          }
        ]
      },
      {
        "date": "2020-08-16",
        "commitResults": [
          {
            "hash": "83883faf643e412c6123ba6bf695c11f5b42e16c",
            "messageTitle": "Add Level-4",
            "messageBody": "",
            "tags": [
              "Level-4",
              "A-Inheritance"
            ],
            "fileTypesAndContributionMap": {
              "java": {
                "insertions": 80,
                "deletions": 18
              }
            }
          },
          {
            "hash": "9ad9e9efd7896fa532b6586e9909b402b320e1c8",
            "messageTitle": "Add A-TextUiTesting",
            "messageBody": "",
            "tags": [
              "A-TextUiTesting"
            ],
            "fileTypesAndContributionMap": {
              "txt": {
                "insertions": 7,
                "deletions": 0
              },
              "bat": {
                "insertions": 1,
                "deletions": 1
              }
            }
          },
          {
            "hash": "87182ede3862bffab2fcd907748fc75fc1cac958",
            "messageTitle": "Add Level-5",
            "messageBody": "",
            "tags": [
              "Level-5",
              "A-Exceptions"
            ],
            "fileTypesAndContributionMap": {
              "txt": {
                "insertions": 3,
                "deletions": 0
              },
              "java": {
                "insertions": 78,
                "deletions": 45
              }
            }
          },
          {
            "hash": "540913b1696d32dd8dcb01ee408795937eaf62a5",
            "messageTitle": "Add Level-6",
            "messageBody": "",
            "tags": [
              "Level-6",
              "A-Jar",
              "A-Collections"
            ],
            "fileTypesAndContributionMap": {
              "java": {
                "insertions": 21,
                "deletions": 2
              }
            }
          }
        ]
      },
      {
        "date": "2020-08-22",
        "commitResults": [
          {
            "hash": "62ed8595b72681fb3bdd0212f47b177250170ec8",
            "messageTitle": "Add Level-7",
            "messageBody": "",
            "fileTypesAndContributionMap": {
              "java": {
                "insertions": 114,
                "deletions": 3
              }
            }
          },
          {
            "hash": "49b5c4f0f63a339c2484e2b6fb3916a3948405f9",
            "messageTitle": "Add Level-8",
            "messageBody": "",
            "fileTypesAndContributionMap": {
              "java": {
                "insertions": 91,
                "deletions": 11
              }
            }
          }
        ]
      },
      {
        "date": "2020-08-24",
        "commitResults": [
          {
            "hash": "32db4e3796444003e50e7a5e7b455c2952b5d1ec",
            "messageTitle": "Add A-MoreOOP and A-Packages",
            "messageBody": "",
            "tags": [
              "A-Packages",
              "A-MoreOOP"
            ],
            "fileTypesAndContributionMap": {
              "txt": {
                "insertions": 7,
                "deletions": 3
              },
              "java": {
                "insertions": 508,
                "deletions": 209
              },
              "bat": {
                "insertions": 2,
                "deletions": 2
              }
            }
          },
          {
            "hash": "982ee4caa77a47a79b69d6897500d74ffd36e96c",
            "messageTitle": "Add A-JUnit",
            "messageBody": "",
            "tags": [
              "A-JUnit"
            ],
            "fileTypesAndContributionMap": {
              "txt": {
                "insertions": 0,
                "deletions": 0
              },
              "java": {
                "insertions": 154,
                "deletions": 83
              },
              "bat": {
                "insertions": 3,
                "deletions": 3
              }
            }
          },
          {
            "hash": "e4142e44973f4e59cf60038adffa7dfde7e011f9",
            "messageTitle": "Delete empty file",
            "messageBody": "",
            "fileTypesAndContributionMap": {
              "txt": {
                "insertions": 0,
                "deletions": 0
              }
            }
          }
        ]
      },
      {
        "date": "2020-08-25",
        "commitResults": [
          {
            "hash": "dba7e5da37a0fe3819eb8134057518ee0f9e6aa7",
            "messageTitle": "Add Level-9",
            "messageBody": "",
            "fileTypesAndContributionMap": {
              "java": {
                "insertions": 53,
                "deletions": 0
              }
            }
          },
          {
            "hash": "13136263e1f71b315f57013f7b6a63a38611c579",
            "messageTitle": "Add A-JavaDoc",
            "messageBody": "",
            "fileTypesAndContributionMap": {
              "java": {
                "insertions": 246,
                "deletions": 23
              }
            }
          }
        ]
      },
      {
        "date": "2020-08-28",
        "commitResults": [
          {
            "hash": "0be12f63925214e9384b8ca20d94411ae172ccb5",
            "messageTitle": "Add A-Gradle",
            "messageBody": "",
            "tags": [
              "A-Gradle"
            ],
            "fileTypesAndContributionMap": {
              "java": {
                "insertions": 88,
                "deletions": 88
              },
              "bat": {
                "insertions": 3,
                "deletions": 2
              }
            }
          },
          {
            "hash": "d2a1c34db3623c6173a2b6f91b318419fac5bf2e",
            "messageTitle": "Add A-CheckStyle",
            "messageBody": "",
            "tags": [
              "A-CheckStyle"
            ],
            "fileTypesAndContributionMap": {
              "gradle": {
                "insertions": 1,
                "deletions": 1
              },
              "java": {
                "insertions": 30,
                "deletions": 29
              }
            }
          }
        ]
      },
      {
        "date": "2020-08-29",
        "commitResults": [
          {
            "hash": "81c4eb9f74779d91c32dc3977054b419405d351c",
            "messageTitle": "Add Level-10",
            "messageBody": "",
            "tags": [
              "Level-10"
            ],
            "fileTypesAndContributionMap": {
              "gradle": {
                "insertions": 17,
                "deletions": 2
              },
              "java": {
                "insertions": 215,
                "deletions": 119
              }
            }
          },
          {
            "hash": "66e4464873cc08ef8280a25eeac4536cb93081a9",
            "messageTitle": "Convert to FXML",
            "messageBody": "",
            "fileTypesAndContributionMap": {
              "fxml": {
                "insertions": 27,
                "deletions": 0
              },
              "java": {
                "insertions": 92,
                "deletions": 72
              }
            }
          }
        ]
      },
      {
        "date": "2020-08-30",
        "commitResults": [
          {
            "hash": "091b9f3bc073bdf5b6b0f5c53b33e6a7d675ef45",
            "messageTitle": "Update tests and checkstyle",
            "messageBody": "",
            "fileTypesAndContributionMap": {
              "fxml": {
                "insertions": 6,
                "deletions": 10
              },
              "java": {
                "insertions": 83,
                "deletions": 122
              }
            }
          }
        ]
      },
      {
        "date": "2020-09-04",
        "commitResults": [
          {
            "hash": "ae0d99e5f7801783dfe65d87289d6eb687c94816",
            "messageTitle": "Add A-Assertions",
            "messageBody": "",
            "fileTypesAndContributionMap": {
              "java": {
                "insertions": 10,
                "deletions": 11
              }
            }
          },
          {
            "hash": "60380ed3de51fac7378aba460f6c76cef76eeeff",
            "messageTitle": "Add A-CodeQuality",
            "messageBody": "",
            "fileTypesAndContributionMap": {
              "java": {
                "insertions": 29,
                "deletions": 28
              }
            }
          },
          {
            "hash": "cdf106ef2184867dc484dc27328062c6e6c0392e",
            "messageTitle": "Refactor exceptions",
            "messageBody": "",
            "fileTypesAndContributionMap": {
              "java": {
                "insertions": 132,
                "deletions": 104
              }
            }
          }
        ]
      },
      {
        "date": "2020-09-05",
        "commitResults": [
          {
            "hash": "965b3f0de2a4f9ea3963d9cfe7349f134b480b5c",
            "messageTitle": "Refactor listing of tasks on a certain date slightly",
            "messageBody": "",
            "fileTypesAndContributionMap": {
              "java": {
                "insertions": 17,
                "deletions": 18
              }
            }
          },
          {
            "hash": "4ac83dbce46f17e55ec9ae1cb14b834030b66a9f",
            "messageTitle": "Add more Javadoc comments",
            "messageBody": "",
            "fileTypesAndContributionMap": {
              "java": {
                "insertions": 129,
                "deletions": 0
              }
            }
          }
        ]
      },
      {
        "date": "2020-09-06",
        "commitResults": [
          {
            "hash": "636686903938f99fc05de6b0bde9c2263bf38daa",
            "messageTitle": "Add C-DetectDuplicates",
            "messageBody": "",
            "tags": [
              "BCD-Extension"
            ],
            "fileTypesAndContributionMap": {
              "java": {
                "insertions": 83,
                "deletions": 13
              }
            }
          }
        ]
      }
    ]
  },
  "authorFileTypeContributionMap": {
    "ysr25": {
      "java": 1359,
      "md": 0,
      "fxml": 23,
      "sh": 0,
      "bat": 3,
      "gradle": 17,
      "txt": 15
    }
  },
  "authorContributionVariance": {
    "ysr25": 50714.12
  },
  "authorDisplayNameMap": {
    "ysr25": "CS2103T-W13-2 YONG..RONG"
  }
}
