{
  "authorDailyContributionsMap": {
    "davidcaiqifan": [
      {
        "date": "2020-08-17",
        "commitResults": [
          {
            "hash": "af38dbe9ac332f7b9a5017e5925017208edc8dc5",
            "messageTitle": "Pause",
            "messageBody": "",
            "fileTypesAndContributionMap": {
              "bat": {
                "insertions": 1,
                "deletions": 0
              },
              "sh": {
                "insertions": 1,
                "deletions": 0
              }
            }
          },
          {
            "hash": "0035c998d8a385b29af9feefc7a25784a393ea55",
            "messageTitle": "Level-1",
            "messageBody": "",
            "fileTypesAndContributionMap": {
              "java": {
                "insertions": 8,
                "deletions": 0
              }
            }
          },
          {
            "hash": "fc46e7dc64b49113a9ca45f21dcba640798e1992",
            "messageTitle": "LevelOne class",
            "messageBody": "",
            "fileTypesAndContributionMap": {
              "java": {
                "insertions": 5,
                "deletions": 0
              }
            }
          },
          {
            "hash": "b7b0c14a72a3678d63629d73ac0882da9a6e4fef",
            "messageTitle": "add * to compile better",
            "messageBody": "",
            "fileTypesAndContributionMap": {
              "bat": {
                "insertions": 1,
                "deletions": 1
              }
            }
          },
          {
            "hash": "ce171fc1afd65d97d55ab9e668814207f766bdcd",
            "messageTitle": "Level1 - doge and message",
            "messageBody": "",
            "tags": [
              "Level1"
            ],
            "fileTypesAndContributionMap": {
              "java": {
                "insertions": 35,
                "deletions": 4
              }
            }
          },
          {
            "hash": "d97c8b47657b2a737195d54bf136e122cd1f50ba",
            "messageTitle": "added TaskManager class",
            "messageBody": "",
            "fileTypesAndContributionMap": {
              "java": {
                "insertions": 4,
                "deletions": 0
              }
            }
          },
          {
            "hash": "52880beef17a53bbb86cd7538fe8a8bd0845f2e2",
            "messageTitle": "implemented TaskManager class for level 2",
            "messageBody": "",
            "fileTypesAndContributionMap": {
              "java": {
                "insertions": 14,
                "deletions": 1
              }
            }
          },
          {
            "hash": "7baf153f53c32a69595f87f71c5035c3d1958813",
            "messageTitle": "added numbering display",
            "messageBody": "",
            "fileTypesAndContributionMap": {
              "java": {
                "insertions": 3,
                "deletions": 1
              }
            }
          },
          {
            "hash": "87b45e930b28124aa3b7a3298c41f19d7ef0c7d7",
            "messageTitle": "Added \"Added :\" message",
            "messageBody": "",
            "fileTypesAndContributionMap": {
              "java": {
                "insertions": 6,
                "deletions": 0
              }
            }
          },
          {
            "hash": "d40a05ba4d219be52493f18e7291c8345d8a1d54",
            "messageTitle": "implemented storage and printing for level 2",
            "messageBody": "",
            "fileTypesAndContributionMap": {
              "java": {
                "insertions": 10,
                "deletions": 4
              }
            }
          },
          {
            "hash": "3d69a005f2ebf34df2a52d66d521493097e74fbf",
            "messageTitle": "removed bug that added \"re\" to message echo",
            "messageBody": "",
            "fileTypesAndContributionMap": {
              "java": {
                "insertions": 1,
                "deletions": 1
              }
            }
          },
          {
            "hash": "725faedd66bc88bd5ebad4ecc23359a76039178e",
            "messageTitle": "finished implementing level 2",
            "messageBody": "",
            "tags": [
              "Level2"
            ],
            "fileTypesAndContributionMap": {
              "java": {
                "insertions": 2,
                "deletions": 0
              }
            }
          },
          {
            "hash": "0c45dcf2a3fc0b3609d3f2250d1ca2821caa4eed",
            "messageTitle": "added woof",
            "messageBody": "",
            "fileTypesAndContributionMap": {
              "java": {
                "insertions": 1,
                "deletions": 0
              }
            }
          },
          {
            "hash": "330cf7a13aac0aa3911f480ba07b4efd61afe4d3",
            "messageTitle": "Implemented new class Task",
            "messageBody": "",
            "fileTypesAndContributionMap": {
              "java": {
                "insertions": 9,
                "deletions": 0
              }
            }
          },
          {
            "hash": "f549029c0567617738edac9778a32ea7306054cb",
            "messageTitle": "added new constructor and field for Task",
            "messageBody": "",
            "fileTypesAndContributionMap": {
              "java": {
                "insertions": 4,
                "deletions": 2
              }
            }
          },
          {
            "hash": "3fe16ceeb2df64f6210b608a6651943976e4095c",
            "messageTitle": "override toString method in Task class",
            "messageBody": "",
            "fileTypesAndContributionMap": {
              "java": {
                "insertions": 5,
                "deletions": 0
              }
            }
          },
          {
            "hash": "c4354bc25d79e2d88af244ef64b5dd55a4d4c0cf",
            "messageTitle": "added getTaskStatusIcon() method",
            "messageBody": "",
            "fileTypesAndContributionMap": {
              "java": {
                "insertions": 4,
                "deletions": 0
              }
            }
          },
          {
            "hash": "4efec3b72bf7d8ede082978bcc4a153683b68df1",
            "messageTitle": "modified TaskManager to work with task",
            "messageBody": "",
            "fileTypesAndContributionMap": {
              "java": {
                "insertions": 6,
                "deletions": 4
              }
            }
          },
          {
            "hash": "3314a7f639d0b9b77bbaa23316df57ca4ddb21d2",
            "messageTitle": "added checkList function",
            "messageBody": "",
            "fileTypesAndContributionMap": {
              "java": {
                "insertions": 10,
                "deletions": 2
              }
            }
          },
          {
            "hash": "3103f0b09afe6e3bedcbc37e38741c75c726071b",
            "messageTitle": "added check condition to scanner",
            "messageBody": "",
            "tags": [
              "Level3"
            ],
            "fileTypesAndContributionMap": {
              "java": {
                "insertions": 13,
                "deletions": 0
              }
            }
          },
          {
            "hash": "1c4d3515b26d5010f25dd1c8a89a4cf3bc25694c",
            "messageTitle": "Added field type to indicate type of Task",
            "messageBody": "",
            "fileTypesAndContributionMap": {
              "java": {
                "insertions": 1,
                "deletions": 0
              }
            }
          },
          {
            "hash": "9a2fa2cb96c95d2a5435cd5a037b129a2bf1ed21",
            "messageTitle": "Added enum class",
            "messageBody": "",
            "fileTypesAndContributionMap": {
              "java": {
                "insertions": 5,
                "deletions": 0
              }
            }
          },
          {
            "hash": "da1b7e0d09b1b517b2db1be3dd3439c4d0409f08",
            "messageTitle": "modified classes to function with TaskType enum",
            "messageBody": "",
            "tags": [
              "A-Enums"
            ],
            "fileTypesAndContributionMap": {
              "java": {
                "insertions": 6,
                "deletions": 4
              }
            }
          },
          {
            "hash": "f600c1e39c31afd7cdcdd09cfa1e5036e984ecbc",
            "messageTitle": "Added getType function",
            "messageBody": "",
            "fileTypesAndContributionMap": {
              "java": {
                "insertions": 4,
                "deletions": 0
              }
            }
          },
          {
            "hash": "7ef518e2f4f2669af0567beaeba42142fa7ba9db",
            "messageTitle": "renamed tasks",
            "messageBody": "",
            "fileTypesAndContributionMap": {
              "java": {
                "insertions": 4,
                "deletions": 3
              }
            }
          },
          {
            "hash": "31793d7b103218f8d6f3589f76ade3a89c0bab19",
            "messageTitle": "added Deadline, Event and Todo as subclasses of task",
            "messageBody": "",
            "fileTypesAndContributionMap": {
              "java": {
                "insertions": 15,
                "deletions": 0
              }
            }
          },
          {
            "hash": "362dee5ea7b8671896fba22ef303449638abe58d",
            "messageTitle": "shifted input processing over to Taskmanager",
            "messageBody": "",
            "fileTypesAndContributionMap": {
              "java": {
                "insertions": 53,
                "deletions": 25
              }
            }
          },
          {
            "hash": "06df676959bc9d7642d106356285d3ad648cd29e",
            "messageTitle": "added implementation for subclasses of Task in Taskmanager",
            "messageBody": "",
            "fileTypesAndContributionMap": {
              "java": {
                "insertions": 23,
                "deletions": 5
              }
            }
          }
        ]
      },
      {
        "date": "2020-08-18",
        "commitResults": [
          {
            "hash": "a1613ae05ce66d6f193521b3f0449ea7a92276ba",
            "messageTitle": "Added functionality to provide info regarding number of tasks",
            "messageBody": "",
            "tags": [
              "Level4"
            ],
            "fileTypesAndContributionMap": {
              "java": {
                "insertions": 4,
                "deletions": 1
              }
            }
          },
          {
            "hash": "514700fbc67d362b2b65eaa2949fad40d9d6c857",
            "messageTitle": "Added new custom exception class",
            "messageBody": "",
            "fileTypesAndContributionMap": {
              "java": {
                "insertions": 5,
                "deletions": 0
              }
            }
          },
          {
            "hash": "d37ea560870b3138180121c80bae6a6586f746fa",
            "messageTitle": "modified manage function to throw exception regarding no description",
            "messageBody": "",
            "fileTypesAndContributionMap": {
              "java": {
                "insertions": 33,
                "deletions": 3
              }
            }
          },
          {
            "hash": "9a6650993d2a558a2affedcc680777d219002f0b",
            "messageTitle": "modified to include try catch block",
            "messageBody": "",
            "fileTypesAndContributionMap": {
              "java": {
                "insertions": 6,
                "deletions": 1
              }
            }
          },
          {
            "hash": "f81c4236ba40543c85132eb3ce10df4b6d278090",
            "messageTitle": "added error handling for not having timings for deadlines and events",
            "messageBody": "",
            "tags": [
              "Level5"
            ],
            "fileTypesAndContributionMap": {
              "java": {
                "insertions": 17,
                "deletions": 3
              }
            }
          }
        ]
      },
      {
        "date": "2020-08-19",
        "commitResults": [
          {
            "hash": "b767aed1e808a6f9bce80c24278a5e28eff8260d",
            "messageTitle": "Removed picture",
            "messageBody": "",
            "fileTypesAndContributionMap": {
              "java": {
                "insertions": 2,
                "deletions": 20
              }
            }
          },
          {
            "hash": "a9f27b7600df870f5f856dfe1d1c4585e6e28325",
            "messageTitle": "added remove functionality",
            "messageBody": "",
            "tags": [
              "Level6"
            ],
            "fileTypesAndContributionMap": {
              "java": {
                "insertions": 19,
                "deletions": 2
              }
            }
          },
          {
            "hash": "246f480f969063faaff2ffe462f45ac7dc76e7ba",
            "messageTitle": "updated input text",
            "messageBody": "",
            "fileTypesAndContributionMap": {
              "txt": {
                "insertions": 12,
                "deletions": 0
              }
            }
          },
          {
            "hash": "c13ccbedf69ef2e8ca099d1434b2f3cebfaf4ec6",
            "messageTitle": "updated picture",
            "messageBody": "",
            "fileTypesAndContributionMap": {
              "java": {
                "insertions": 51,
                "deletions": 6
              }
            }
          },
          {
            "hash": "7457782644caf5f47b76a47c9101e4600bcbe824",
            "messageTitle": "updated message",
            "messageBody": "",
            "fileTypesAndContributionMap": {
              "java": {
                "insertions": 1,
                "deletions": 1
              }
            }
          }
        ]
      },
      {
        "date": "2020-08-23",
        "commitResults": [
          {
            "hash": "481cb67e45cd49bf3040526cd735f1f4ead773de",
            "messageTitle": "Fix tick and cross not printed properly in Actual.txt",
            "messageBody": "",
            "fileTypesAndContributionMap": {
              "bat": {
                "insertions": 1,
                "deletions": 1
              }
            }
          },
          {
            "hash": "38da4d5181bba7951dd326e682c5d68f5731969a",
            "messageTitle": "Implement save",
            "messageBody": "",
            "tags": [
              "Level7"
            ],
            "fileTypesAndContributionMap": {
              "java": {
                "insertions": 43,
                "deletions": 0
              }
            }
          },
          {
            "hash": "c49cfa6b013b870f7cd11d601b3023c8a8deedda",
            "messageTitle": "Implement date and time format recognition",
            "messageBody": "",
            "tags": [
              "Level8"
            ],
            "fileTypesAndContributionMap": {
              "java": {
                "insertions": 46,
                "deletions": 4
              }
            }
          }
        ]
      },
      {
        "date": "2020-08-25",
        "commitResults": [
          {
            "hash": "981c22557aa144580e2e87460f3dd846e0f17577",
            "messageTitle": "Extracted Ui,Storage, Parser and Tasklist classes",
            "messageBody": "",
            "fileTypesAndContributionMap": {
              "java": {
                "insertions": 293,
                "deletions": 0
              }
            }
          },
          {
            "hash": "63afb46a54bc052258615b54eee9c11d93d99f72",
            "messageTitle": "Add Command classes",
            "messageBody": "",
            "fileTypesAndContributionMap": {
              "java": {
                "insertions": 63,
                "deletions": 0
              }
            }
          },
          {
            "hash": "57ae57314405fee88a3ca599cb315bf3002830a4",
            "messageTitle": "Modify main method to fit new classes",
            "messageBody": "",
            "tags": [
              "A-MoreOOP",
              "A-Jar"
            ],
            "fileTypesAndContributionMap": {
              "java": {
                "insertions": 5,
                "deletions": 61
              }
            }
          }
        ]
      },
      {
        "date": "2020-08-26",
        "commitResults": [
          {
            "hash": "c26d482581ad5d160bdbc7b6f6c641bb3960b3e4",
            "messageTitle": "Implement level 9",
            "messageBody": "",
            "fileTypesAndContributionMap": {
              "java": {
                "insertions": 45,
                "deletions": 3
              }
            }
          },
          {
            "hash": "adbc747000467d02afd375a65ccaa724194955ac",
            "messageTitle": "Add javadoc for AddCommand and CheckCommand classes",
            "messageBody": "",
            "fileTypesAndContributionMap": {
              "java": {
                "insertions": 15,
                "deletions": 2
              }
            }
          },
          {
            "hash": "2da8c826ea40eb3d71abb76087d0d76f30037fa3",
            "messageTitle": "Edit CheckCommand execute function to save tasklist",
            "messageBody": "",
            "fileTypesAndContributionMap": {
              "java": {
                "insertions": 1,
                "deletions": 0
              }
            }
          },
          {
            "hash": "437e173570f85fb3dcb60789d0baad614e92e6b9",
            "messageTitle": "Add javadoc for the listed classes",
            "messageBody": "",
            "fileTypesAndContributionMap": {
              "java": {
                "insertions": 40,
                "deletions": 0
              }
            }
          }
        ]
      },
      {
        "date": "2020-08-28",
        "commitResults": [
          {
            "hash": "d5c9c13fa2af96ae2fd15e0d9d17d8170842dceb",
            "messageTitle": "Update javadocs",
            "messageBody": "",
            "fileTypesAndContributionMap": {
              "txt": {
                "insertions": 2,
                "deletions": 2
              },
              "java": {
                "insertions": 87,
                "deletions": 4
              }
            }
          },
          {
            "hash": "810b766674a3d081aa4bf1d13c912a90ac131ab9",
            "messageTitle": "Add junit tests",
            "messageBody": "",
            "tags": [
              "A-JUnit"
            ],
            "fileTypesAndContributionMap": {
              "java": {
                "insertions": 45,
                "deletions": 0
              }
            }
          },
          {
            "hash": "37295d5acf39028bea2fbebd5b7d8209519e4ac4",
            "messageTitle": "Adhere to coding standard",
            "messageBody": "",
            "fileTypesAndContributionMap": {
              "java": {
                "insertions": 18,
                "deletions": 18
              }
            }
          }
        ]
      },
      {
        "date": "2020-08-29",
        "commitResults": [
          {
            "hash": "6c31a2706450c861df25c734c62efbcb2894fb1e",
            "messageTitle": "Fix bugs",
            "messageBody": "",
            "fileTypesAndContributionMap": {
              "gradle": {
                "insertions": 1,
                "deletions": 0
              },
              "java": {
                "insertions": 2,
                "deletions": 2
              }
            }
          }
        ]
      },
      {
        "date": "2020-08-30",
        "commitResults": [
          {
            "hash": "3096989058640eba84592f5c3dde51a8b8ca60ec",
            "messageTitle": "Adhere to checkstyle",
            "messageBody": "",
            "fileTypesAndContributionMap": {
              "java": {
                "insertions": 84,
                "deletions": 113
              },
              "sh": {
                "insertions": 74,
                "deletions": 0
              }
            }
          },
          {
            "hash": "504d339b5a0be3159f274281533ecee97c65efc1",
            "messageTitle": "Remove unused classes",
            "messageBody": "",
            "fileTypesAndContributionMap": {
              "java": {
                "insertions": 0,
                "deletions": 256
              }
            }
          },
          {
            "hash": "0f624706dd030cca773e14e0acf87fc243c3f085",
            "messageTitle": "Adhere to checkstyle",
            "messageBody": "",
            "fileTypesAndContributionMap": {
              "java": {
                "insertions": 66,
                "deletions": 68
              }
            }
          },
          {
            "hash": "a328d551382814cd8f6a0eed978677408ef44734",
            "messageTitle": "Adhere to checkstyle",
            "messageBody": "",
            "fileTypesAndContributionMap": {
              "gradle": {
                "insertions": 1,
                "deletions": 1
              },
              "java": {
                "insertions": 10,
                "deletions": 9
              }
            }
          }
        ]
      },
      {
        "date": "2020-08-31",
        "commitResults": [
          {
            "hash": "823fe85f25ddcd37b93ebfd7fa8a34a4eace8ec2",
            "messageTitle": "Implement part 1-3 of guide",
            "messageBody": "",
            "fileTypesAndContributionMap": {
              "gradle": {
                "insertions": 17,
                "deletions": 0
              },
              "java": {
                "insertions": 255,
                "deletions": 34
              }
            }
          }
        ]
      },
      {
        "date": "2020-09-02",
        "commitResults": [
          {
            "hash": "90d5af8f8c578cf726d6e62792de5870cd4a1114",
            "messageTitle": "Implement step 4 for javafx guide",
            "messageBody": "",
            "fileTypesAndContributionMap": {
              "gradle": {
                "insertions": 0,
                "deletions": 2
              },
              "fxml": {
                "insertions": 35,
                "deletions": 0
              },
              "java": {
                "insertions": 117,
                "deletions": 25
              }
            }
          },
          {
            "hash": "6f13014e3cbbabe577f2feb2ea816307204c130a",
            "messageTitle": "Implement circular frame and background colour",
            "messageBody": "",
            "fileTypesAndContributionMap": {
              "gradle": {
                "insertions": 1,
                "deletions": 1
              },
              "fxml": {
                "insertions": 16,
                "deletions": 10
              },
              "java": {
                "insertions": 30,
                "deletions": 22
              }
            }
          },
          {
            "hash": "e33f9230c1c517cf15126c2659d0c63152ff50fb",
            "messageTitle": "Implement packaging",
            "messageBody": "",
            "fileTypesAndContributionMap": {
              "fxml": {
                "insertions": 1,
                "deletions": 1
              },
              "java": {
                "insertions": 220,
                "deletions": 129
              },
              "sh": {
                "insertions": 1,
                "deletions": 1
              },
              "md": {
                "insertions": 2,
                "deletions": 2
              }
            }
          },
          {
            "hash": "158e1513d1a9ec60ea5fddfc5f2d436b2a82a071",
            "messageTitle": "Fix bugs",
            "messageBody": "",
            "fileTypesAndContributionMap": {
              "java": {
                "insertions": 3,
                "deletions": 3
              }
            }
          }
        ]
      },
      {
        "date": "2020-09-03",
        "commitResults": [
          {
            "hash": "93b6f613fdd6a90cc01b4fa369a25831c17339b1",
            "messageTitle": "Integrated varags for searchList() in TaskList class",
            "messageBody": "",
            "fileTypesAndContributionMap": {
              "fxml": {
                "insertions": 2,
                "deletions": 2
              },
              "java": {
                "insertions": 74,
                "deletions": 52
              }
            }
          },
          {
            "hash": "00dca191d1c05d0d569c8e4ca9ace1d5b70cbfb6",
            "messageTitle": "Implement varags for AddCommand.java",
            "messageBody": "",
            "fileTypesAndContributionMap": {
              "txt": {
                "insertions": 2,
                "deletions": 2
              },
              "java": {
                "insertions": 103,
                "deletions": 35
              }
            }
          }
        ]
      },
      {
        "date": "2020-09-07",
        "commitResults": [
          {
            "hash": "0cdb0686420db60bd593e4b9d926763e80bbcdce",
            "messageTitle": "Rename Launcher.java",
            "messageBody": "",
            "fileTypesAndContributionMap": {
              "java": {
                "insertions": 1,
                "deletions": 1
              }
            }
          },
          {
            "hash": "1748de8030ebd8e69dd281f1b60f99744bbe27b5",
            "messageTitle": "Fix art not being displayed correctly",
            "messageBody": "",
            "fileTypesAndContributionMap": {
              "fxml": {
                "insertions": 4,
                "deletions": 7
              },
              "java": {
                "insertions": 3,
                "deletions": 2
              }
            }
          },
          {
            "hash": "b4351d8f416c94a3e60d040235ab838ae6573746",
            "messageTitle": "Add assertions to check for potential errors",
            "messageBody": "",
            "tags": [
              "A-Assertions"
            ],
            "fileTypesAndContributionMap": {
              "java": {
                "insertions": 9,
                "deletions": 21
              }
            }
          },
          {
            "hash": "6db45d8daf1e6e9d4609c41598742c859e553700",
            "messageTitle": "Improve code quality",
            "messageBody": "",
            "tags": [
              "A-CodeQuality"
            ],
            "fileTypesAndContributionMap": {
              "java": {
                "insertions": 133,
                "deletions": 232
              }
            }
          }
        ]
      },
      {
        "date": "2020-09-09",
        "commitResults": [
          {
            "hash": "8646cfc80cb34ae34ef46b8c0e8e72985c2cb84a",
            "messageTitle": "Implement priority for tasks",
            "messageBody": "",
            "fileTypesAndContributionMap": {
              "fxml": {
                "insertions": 1,
                "deletions": 1
              },
              "java": {
                "insertions": 188,
                "deletions": 21
              },
              "bat": {
                "insertions": 3,
                "deletions": 1
              }
            }
          }
        ]
      },
      {
        "date": "2020-09-14",
        "commitResults": [
          {
            "hash": "3fd21e21684919983348168685d4b9e0e0ea9541",
            "messageTitle": "Update readme",
            "messageBody": "",
            "tags": [
              "A-UserGuide"
            ],
            "fileTypesAndContributionMap": {
              "md": {
                "insertions": 131,
                "deletions": 5
              }
            }
          }
        ]
      }
    ]
  },
  "authorFileTypeContributionMap": {
    "davidcaiqifan": {
      "java": 1189,
      "md": 133,
      "fxml": 38,
      "sh": 76,
      "bat": 5,
      "gradle": 18,
      "txt": 12
    }
  },
  "authorContributionVariance": {
    "davidcaiqifan": 34757.04
  },
  "authorDisplayNameMap": {
    "davidcaiqifan": "CS2103T-F12-3 CAI ..AVID"
  }
}
