{
  "authorDailyContributionsMap": {
    "Christopher-LM": [
      {
        "date": "2020-08-15",
        "commitResults": [
          {
            "hash": "22044269a414050bae6c5a0811157583b1896ecb",
            "messageTitle": "level 2",
            "messageBody": "",
            "tags": [
              "Level-2",
              "Level-1"
            ],
            "fileTypesAndContributionMap": {
              "java": {
                "insertions": 33,
                "deletions": 6
              }
            }
          },
          {
            "hash": "9b98c96a7347f32c5704831f3467208a53a8b704",
            "messageTitle": "level 3",
            "messageBody": "",
            "tags": [
              "Level-3"
            ],
            "fileTypesAndContributionMap": {
              "java": {
                "insertions": 32,
                "deletions": 3
              }
            }
          },
          {
            "hash": "7cb23c41504d450a023089814dc8f738c9609d0c",
            "messageTitle": "level 4",
            "messageBody": "",
            "tags": [
              "Level-4"
            ],
            "fileTypesAndContributionMap": {
              "java": {
                "insertions": 80,
                "deletions": 3
              }
            }
          }
        ]
      },
      {
        "date": "2020-08-16",
        "commitResults": [
          {
            "hash": "85429735c249f0fc97f5514d687af37e20644b6f",
            "messageTitle": "level 5",
            "messageBody": "",
            "tags": [
              "Level-5"
            ],
            "fileTypesAndContributionMap": {
              "txt": {
                "insertions": 5,
                "deletions": 0
              },
              "java": {
                "insertions": 75,
                "deletions": 30
              },
              "sh": {
                "insertions": 6,
                "deletions": 2
              }
            }
          },
          {
            "hash": "6e2696f49b0d976ee61e2cc762e8dd1da40adf22",
            "messageTitle": "level 6",
            "messageBody": "",
            "tags": [
              "Level-6"
            ],
            "fileTypesAndContributionMap": {
              "java": {
                "insertions": 18,
                "deletions": 2
              }
            }
          }
        ]
      },
      {
        "date": "2020-08-20",
        "commitResults": [
          {
            "hash": "8536dbb378be3ca635bfd430d62607adae21b047",
            "messageTitle": "A-TextUiTesting",
            "messageBody": "",
            "tags": [
              "A-TextUiTesting"
            ],
            "fileTypesAndContributionMap": {
              "txt": {
                "insertions": 5,
                "deletions": 0
              },
              "java": {
                "insertions": 1,
                "deletions": 0
              }
            }
          },
          {
            "hash": "87979d60f5d8f43059e73af6a5610893d3e0bb09",
            "messageTitle": "refactored",
            "messageBody": "",
            "tags": [
              "REFACTORED"
            ],
            "fileTypesAndContributionMap": {
              "java": {
                "insertions": 99,
                "deletions": 82
              }
            }
          }
        ]
      },
      {
        "date": "2020-08-22",
        "commitResults": [
          {
            "hash": "bb2f09985dd6348819b294567e5f7f0b5df962aa",
            "messageTitle": "Level-7",
            "messageBody": "",
            "fileTypesAndContributionMap": {
              "java": {
                "insertions": 103,
                "deletions": 14
              }
            }
          },
          {
            "hash": "3de4f3f7a690154a7c055c1f970f1f4cfaff02ed",
            "messageTitle": "Level-8",
            "messageBody": "",
            "fileTypesAndContributionMap": {
              "java": {
                "insertions": 28,
                "deletions": 31
              }
            }
          },
          {
            "hash": "93bb06d1423b1575c05545d63b3cf919852e866b",
            "messageTitle": "A-MoreOOP",
            "messageBody": "",
            "tags": [
              "A-MoreOOP"
            ],
            "fileTypesAndContributionMap": {
              "txt": {
                "insertions": 1,
                "deletions": 4
              },
              "java": {
                "insertions": 378,
                "deletions": 173
              }
            }
          }
        ]
      },
      {
        "date": "2020-08-25",
        "commitResults": [
          {
            "hash": "06b9eba0177ea98e4c73901a3eb11af1a02c92eb",
            "messageTitle": "A-MoreOOP",
            "messageBody": "",
            "tags": [
              "A-Packages"
            ],
            "fileTypesAndContributionMap": {
              "java": {
                "insertions": 128,
                "deletions": 53
              }
            }
          },
          {
            "hash": "b0347fac3a0e006b36f81d691991d3b3949a79e9",
            "messageTitle": "A-JUnit",
            "messageBody": "",
            "tags": [
              "A-Jar",
              "A-JUnit"
            ],
            "fileTypesAndContributionMap": {
              "java": {
                "insertions": 49,
                "deletions": 0
              }
            }
          },
          {
            "hash": "72f9d549617796f03347e0cf3e85d1266f53d517",
            "messageTitle": "Add find feature",
            "messageBody": "",
            "fileTypesAndContributionMap": {
              "java": {
                "insertions": 37,
                "deletions": 0
              }
            }
          },
          {
            "hash": "4f1903705f4c39227fbbf8e1127f082aa4a9c846",
            "messageTitle": "Add JavaDoc comments",
            "messageBody": "",
            "tags": [
              "A-JavaDoc"
            ],
            "fileTypesAndContributionMap": {
              "java": {
                "insertions": 233,
                "deletions": 36
              }
            }
          },
          {
            "hash": "c17faa818110bacd9b1015eeb5c5bae81f53337f",
            "messageTitle": "Fix coding style",
            "messageBody": "",
            "tags": [
              "Level-9",
              "A-CodingStandard"
            ],
            "fileTypesAndContributionMap": {
              "java": {
                "insertions": 9,
                "deletions": 25
              }
            }
          }
        ]
      },
      {
        "date": "2020-09-01",
        "commitResults": [
          {
            "hash": "bbe8791faad3ef6c725efd26815536072e49f6f9",
            "messageTitle": "Add gradle support",
            "messageBody": "",
            "tags": [
              "A-Gradle",
              "A-CheckStyle"
            ],
            "fileTypesAndContributionMap": {
              "gradle": {
                "insertions": 1,
                "deletions": 1
              },
              "java": {
                "insertions": 37,
                "deletions": 42
              }
            }
          },
          {
            "hash": "9b725b14893b3293388cb67a45cfa277224334a0",
            "messageTitle": "Add Gui",
            "messageBody": "",
            "tags": [
              "Level-10"
            ],
            "fileTypesAndContributionMap": {
              "gradle": {
                "insertions": 15,
                "deletions": 0
              },
              "fxml": {
                "insertions": 42,
                "deletions": 0
              },
              "java": {
                "insertions": 296,
                "deletions": 39
              }
            }
          }
        ]
      }
    ]
  },
  "authorFileTypeContributionMap": {
    "Christopher-LM": {
      "java": 1106,
      "md": 0,
      "fxml": 42,
      "sh": 5,
      "bat": 0,
      "gradle": 16,
      "txt": 7
    }
  },
  "authorContributionVariance": {
    "Christopher-LM": 47105.637
  },
  "authorDisplayNameMap": {
    "Christopher-LM": "CS2103-W14-1 CHRI..RVYN"
  }
}
