{
  "authorDailyContributionsMap": {
    "Robinho98": [
      {
        "date": "2020-08-15",
        "commitResults": [
          {
            "hash": "96a5ec78a371c41394da1dc528cdfb3c9761fac4",
            "messageTitle": "Level-1 changed Duke.java to include scanner",
            "messageBody": "",
            "tags": [
              "Level-1"
            ],
            "fileTypesAndContributionMap": {
              "java": {
                "insertions": 16,
                "deletions": 0
              }
            }
          },
          {
            "hash": "2fae1910b0d14953ce191b354f06fd3831a41c0e",
            "messageTitle": "added level-2, by introducing a tasks arraylist to manage the list of tasks",
            "messageBody": "",
            "tags": [
              "Level-2"
            ],
            "fileTypesAndContributionMap": {
              "java": {
                "insertions": 15,
                "deletions": 1
              }
            }
          },
          {
            "hash": "0e3b7fa30e9fbbfb42fbe410c1719f86e0cbf18e",
            "messageTitle": "added level-3 by adding new class Tasks and changing how the code works to allow users to mark tasks as done",
            "messageBody": "",
            "fileTypesAndContributionMap": {
              "java": {
                "insertions": 38,
                "deletions": 4
              }
            }
          },
          {
            "hash": "caff6ddbd99527594b4fe4dc6698b246acffa7e2",
            "messageTitle": "edited level-3 made code cleaner by adding a tostring method in Task",
            "messageBody": "",
            "tags": [
              "Level-3"
            ],
            "fileTypesAndContributionMap": {
              "java": {
                "insertions": 11,
                "deletions": 5
              }
            }
          },
          {
            "hash": "6ffb165f53e68784d3316159439e95c6d3b2e5ae",
            "messageTitle": "added 3 kinds of events via inheritance for Level-4",
            "messageBody": "",
            "fileTypesAndContributionMap": {
              "java": {
                "insertions": 12,
                "deletions": 0
              }
            }
          },
          {
            "hash": "395c5a7c8e018922ef2e8f34f99b89127556e6a4",
            "messageTitle": "forgot to stage rest of level-4",
            "messageBody": "",
            "tags": [
              "Level-4"
            ],
            "fileTypesAndContributionMap": {
              "java": {
                "insertions": 68,
                "deletions": 18
              }
            }
          },
          {
            "hash": "beed8ca7b111045b32e32ec7c0160c1e7ce9d05e",
            "messageTitle": "Added exceptions handling for level-5",
            "messageBody": "",
            "tags": [
              "Level-5"
            ],
            "fileTypesAndContributionMap": {
              "txt": {
                "insertions": 7,
                "deletions": 0
              },
              "java": {
                "insertions": 32,
                "deletions": 10
              },
              "bat": {
                "insertions": 3,
                "deletions": 3
              }
            }
          },
          {
            "hash": "2f155683c6973766599cf5b58215a52294d1fe75",
            "messageTitle": "Added ability to delete tasks",
            "messageBody": "",
            "tags": [
              "Level-6"
            ],
            "fileTypesAndContributionMap": {
              "java": {
                "insertions": 19,
                "deletions": 0
              }
            }
          }
        ]
      },
      {
        "date": "2020-08-16",
        "commitResults": [
          {
            "hash": "7ac3328a4205840e0b52fb11cbde8bcae298d639",
            "messageTitle": "Added semi-automated testing",
            "messageBody": "",
            "tags": [
              "A-TextUiTesting"
            ],
            "fileTypesAndContributionMap": {
              "java": {
                "insertions": 1,
                "deletions": 1
              },
              "bat": {
                "insertions": 6,
                "deletions": 4
              }
            }
          }
        ]
      },
      {
        "date": "2020-08-19",
        "commitResults": [
          {
            "hash": "c4d73317670786e1a1bf7d62b753f1a09349f2a2",
            "messageTitle": "Added comments",
            "messageBody": "Added comments for all public classes and methods to comply with the Java conventions\n",
            "fileTypesAndContributionMap": {
              "java": {
                "insertions": 73,
                "deletions": 1
              }
            }
          }
        ]
      },
      {
        "date": "2020-08-21",
        "commitResults": [
          {
            "hash": "81ae3a85c3c27ec5da7c458e2dfcc4c90e2475ae",
            "messageTitle": "Add ability to save and update current list",
            "messageBody": "",
            "tags": [
              "Level-7"
            ],
            "fileTypesAndContributionMap": {
              "txt": {
                "insertions": 0,
                "deletions": 0
              },
              "java": {
                "insertions": 226,
                "deletions": 58
              }
            }
          },
          {
            "hash": "f57b9eb752b27911222fcfdaca4f461d0cf74184",
            "messageTitle": "Add date formatting into deadline and event class",
            "messageBody": "",
            "fileTypesAndContributionMap": {
              "java": {
                "insertions": 14,
                "deletions": 8
              }
            }
          },
          {
            "hash": "415cdb2efc41685b55554347f06b6b53e31df4f2",
            "messageTitle": "no message",
            "messageBody": "",
            "fileTypesAndContributionMap": {
              "txt": {
                "insertions": 0,
                "deletions": 0
              },
              "java": {
                "insertions": 59,
                "deletions": 0
              }
            }
          },
          {
            "hash": "789e2399ff33416cd834aa5e167b935ed96f6923",
            "messageTitle": "Revert \"Added comments\"",
            "messageBody": "This reverts commit c4d73317670786e1a1bf7d62b753f1a09349f2a2.\n",
            "fileTypesAndContributionMap": {
              "java": {
                "insertions": 1,
                "deletions": 73
              }
            }
          },
          {
            "hash": "11798e0d5f0830df907942f375390c8a60da6b11",
            "messageTitle": "Fix bug whereby deadlines and events were not saving properly into file",
            "messageBody": "",
            "fileTypesAndContributionMap": {
              "txt": {
                "insertions": 3,
                "deletions": 0
              },
              "java": {
                "insertions": 27,
                "deletions": 44
              }
            }
          },
          {
            "hash": "d2160f6a399ca1ee60309e9626122b3e46182dc2",
            "messageTitle": "Reset current list to empty",
            "messageBody": "",
            "tags": [
              "Level-8"
            ],
            "fileTypesAndContributionMap": {
              "txt": {
                "insertions": 0,
                "deletions": 3
              }
            }
          }
        ]
      },
      {
        "date": "2020-08-23",
        "commitResults": [
          {
            "hash": "4c98cb171960972ec151161cb88f3c8a746eedc4",
            "messageTitle": "Add more OOP to the entire program",
            "messageBody": "",
            "tags": [
              "A-MoreOOP"
            ],
            "fileTypesAndContributionMap": {
              "txt": {
                "insertions": 4,
                "deletions": 0
              },
              "java": {
                "insertions": 282,
                "deletions": 117
              }
            }
          }
        ]
      },
      {
        "date": "2020-08-24",
        "commitResults": [
          {
            "hash": "bc50c1bb7b5bd4417a1e04a3919397a3a0653298",
            "messageTitle": "Reorganize all classes into java packages",
            "messageBody": "",
            "tags": [
              "A-Packages"
            ],
            "fileTypesAndContributionMap": {
              "txt": {
                "insertions": 2,
                "deletions": 0
              },
              "java": {
                "insertions": 107,
                "deletions": 2
              }
            }
          },
          {
            "hash": "c21d9a0f18bac718352afc9e356566307fc758d7",
            "messageTitle": "Add JUnit testing for ToDo class",
            "messageBody": "",
            "tags": [
              "v0.1",
              "A-JUnit"
            ],
            "fileTypesAndContributionMap": {
              "java": {
                "insertions": 32,
                "deletions": 0
              }
            }
          },
          {
            "hash": "45c95769c9f91b116471381f7a9e05a7fd207abc",
            "messageTitle": "Add JARfile creation",
            "messageBody": "",
            "tags": [
              "A-Jar"
            ],
            "fileTypesAndContributionMap": {
              "java": {
                "insertions": 10,
                "deletions": 0
              }
            }
          }
        ]
      },
      {
        "date": "2020-08-25",
        "commitResults": [
          {
            "hash": "f1762da96ccdc8f7adac6a50fa73da2654e3bd01",
            "messageTitle": "Add JavaDocs to all public classes and methods",
            "messageBody": "",
            "fileTypesAndContributionMap": {
              "java": {
                "insertions": 138,
                "deletions": 4
              }
            }
          },
          {
            "hash": "1a8c9c190cf8bdd3e405f5f1d42df310e4766fbc",
            "messageTitle": "Add ability to find tasks in the list",
            "messageBody": "",
            "fileTypesAndContributionMap": {
              "java": {
                "insertions": 75,
                "deletions": 9
              }
            }
          },
          {
            "hash": "96478534527ccb7394fc0f29e2097b83f0ea8d96",
            "messageTitle": "Add JavaDocs for new public methods from implementing level 9",
            "messageBody": "",
            "fileTypesAndContributionMap": {
              "java": {
                "insertions": 23,
                "deletions": 0
              }
            }
          }
        ]
      },
      {
        "date": "2020-09-02",
        "commitResults": [
          {
            "hash": "a743f7920221e2a0620272cebca38600d3fe3aa7",
            "messageTitle": "Add checkstyle files",
            "messageBody": "",
            "fileTypesAndContributionMap": {
              "gradle": {
                "insertions": 2,
                "deletions": 2
              }
            }
          },
          {
            "hash": "e922d992fbf671d714db57615507ab8c3a44a6b5",
            "messageTitle": "Fix checkstyle errors",
            "messageBody": "",
            "tags": [
              "A-Checkstyle"
            ],
            "fileTypesAndContributionMap": {
              "txt": {
                "insertions": 2,
                "deletions": 1
              },
              "java": {
                "insertions": 251,
                "deletions": 130
              }
            }
          },
          {
            "hash": "01bd1e67f7499e388235e52bac8ff327d1c27193",
            "messageTitle": "Edit code based on peer reviews",
            "messageBody": "",
            "fileTypesAndContributionMap": {
              "txt": {
                "insertions": 1,
                "deletions": 0
              },
              "java": {
                "insertions": 164,
                "deletions": 155
              }
            }
          },
          {
            "hash": "2a3e65bfe5f0f986fffc555cbc403cc2f9faddd5",
            "messageTitle": "Complete GUI Level 4",
            "messageBody": "",
            "fileTypesAndContributionMap": {
              "gradle": {
                "insertions": 15,
                "deletions": 0
              },
              "txt": {
                "insertions": 1,
                "deletions": 3
              },
              "fxml": {
                "insertions": 35,
                "deletions": 0
              },
              "java": {
                "insertions": 315,
                "deletions": 3
              }
            }
          },
          {
            "hash": "df921208232fb09045419c97fd7e7174e4e30ea7",
            "messageTitle": "Add ability to properly read to GUI and display correctly",
            "messageBody": "",
            "tags": [
              "Level-10"
            ],
            "fileTypesAndContributionMap": {
              "txt": {
                "insertions": 4,
                "deletions": 1
              },
              "fxml": {
                "insertions": 1,
                "deletions": 1
              },
              "java": {
                "insertions": 52,
                "deletions": 176
              }
            }
          }
        ]
      }
    ]
  },
  "authorFileTypeContributionMap": {
    "Robinho98": {
      "java": 1253,
      "md": 0,
      "fxml": 35,
      "sh": 0,
      "bat": 3,
      "gradle": 17,
      "txt": 16
    }
  },
  "authorContributionVariance": {
    "Robinho98": 93617.56
  },
  "authorDisplayNameMap": {
    "Robinho98": "CS2103T-T09-3 ROBI.. BIN"
  }
}
