{
  "authorDailyContributionsMap": {
    "khinkhinn": [
      {
        "date": "2020-08-14",
        "commitResults": [
          {
            "hash": "8c21ebe56de03536b091b05559b6201631004533",
            "messageTitle": "Implemented Level 1. Greet, Echo, Exit",
            "messageBody": "",
            "tags": [
              "Level-1"
            ],
            "fileTypesAndContributionMap": {
              "java": {
                "insertions": 20,
                "deletions": 2
              }
            }
          },
          {
            "hash": "1d96c6ec819d03fe0cb5fe58780c8d4d651c0441",
            "messageTitle": "Implemented Level 2. Add, List",
            "messageBody": "",
            "tags": [
              "Level-2"
            ],
            "fileTypesAndContributionMap": {
              "java": {
                "insertions": 20,
                "deletions": 7
              }
            }
          }
        ]
      },
      {
        "date": "2020-08-15",
        "commitResults": [
          {
            "hash": "e6bd4fe071bb351c2abd989defbf89ad62990aaa",
            "messageTitle": "Implemented Level 3. Mark as Done",
            "messageBody": "",
            "tags": [
              "Level-3"
            ],
            "fileTypesAndContributionMap": {
              "java": {
                "insertions": 40,
                "deletions": 5
              }
            }
          },
          {
            "hash": "f07c0573ccab48631a02b01bc375a0916596142f",
            "messageTitle": "Implemented Level 4. ToDos, Events, Deadlines",
            "messageBody": "",
            "tags": [
              "Level-4"
            ],
            "fileTypesAndContributionMap": {
              "java": {
                "insertions": 65,
                "deletions": 4
              }
            }
          },
          {
            "hash": "e4bbd92c508dd11fd60b29fa93664f556041c216",
            "messageTitle": "Implemented A-TextUiTesting",
            "messageBody": "",
            "tags": [
              "A-TextUiTesting"
            ],
            "fileTypesAndContributionMap": {
              "txt": {
                "insertions": 12,
                "deletions": 0
              },
              "java": {
                "insertions": 1,
                "deletions": 1
              },
              "sh": {
                "insertions": 5,
                "deletions": 1
              }
            }
          }
        ]
      },
      {
        "date": "2020-08-17",
        "commitResults": [
          {
            "hash": "d1a777b153e47c2f85bc4b6f277ed439df5105d5",
            "messageTitle": "Implemented Level 5. Handle Errors Added two exceptions (incomplete input and unknown input)",
            "messageBody": "",
            "tags": [
              "Level-5"
            ],
            "fileTypesAndContributionMap": {
              "txt": {
                "insertions": 3,
                "deletions": 0
              },
              "java": {
                "insertions": 161,
                "deletions": 45
              }
            }
          },
          {
            "hash": "ebda6772083944e3c20bbf8eca5dc61e229e4806",
            "messageTitle": "Implemented Level 6. Delete",
            "messageBody": "",
            "tags": [
              "Level-6"
            ],
            "fileTypesAndContributionMap": {
              "java": {
                "insertions": 11,
                "deletions": 0
              }
            }
          }
        ]
      },
      {
        "date": "2020-08-25",
        "commitResults": [
          {
            "hash": "c8aca164e010b73cb29835f50876e7994a313316",
            "messageTitle": "Implement Save feature",
            "messageBody": "",
            "tags": [
              "Level-7"
            ],
            "fileTypesAndContributionMap": {
              "txt": {
                "insertions": 1,
                "deletions": 0
              },
              "java": {
                "insertions": 277,
                "deletions": 38
              }
            }
          },
          {
            "hash": "9f7f80f5d2fbc71067c7e0574c17f523a2d94827",
            "messageTitle": "Implement Dates and Times",
            "messageBody": "",
            "tags": [
              "Level-8"
            ],
            "fileTypesAndContributionMap": {
              "java": {
                "insertions": 15,
                "deletions": 9
              }
            }
          },
          {
            "hash": "b6301b2c4a81d325c97082503a742631763e3dd3",
            "messageTitle": "Refactor the code to extract out closely related code as classes",
            "messageBody": "",
            "tags": [
              "A-MoreOOP"
            ],
            "fileTypesAndContributionMap": {
              "java": {
                "insertions": 237,
                "deletions": 251
              }
            }
          }
        ]
      },
      {
        "date": "2020-08-26",
        "commitResults": [
          {
            "hash": "c8f47e501e445cae359d01b6fd8cdb4baeb09af3",
            "messageTitle": "Add JUnit tests for Parser.java",
            "messageBody": "",
            "tags": [
              "v0.1",
              "A-JUnit"
            ],
            "fileTypesAndContributionMap": {
              "java": {
                "insertions": 67,
                "deletions": 1
              }
            }
          },
          {
            "hash": "687dc3a8831109aa9c036ee421d0eddb46ec7c43",
            "messageTitle": "Package code as JAR file",
            "messageBody": "",
            "tags": [
              "A-Jar"
            ],
            "fileTypesAndContributionMap": {
              "java": {
                "insertions": 1,
                "deletions": 1
              }
            }
          },
          {
            "hash": "59870dc31ccbb5954870c255ff2bd1290720bae2",
            "messageTitle": "Implement Find feature",
            "messageBody": "",
            "tags": [
              "Level-9"
            ],
            "fileTypesAndContributionMap": {
              "java": {
                "insertions": 43,
                "deletions": 11
              }
            }
          },
          {
            "hash": "35cf6ac86a196afc27b266abc18c3bae0485a8aa",
            "messageTitle": "Add Javadoc comments",
            "messageBody": "",
            "tags": [
              "A-JavaDoc"
            ],
            "fileTypesAndContributionMap": {
              "java": {
                "insertions": 151,
                "deletions": 20
              }
            }
          },
          {
            "hash": "db9271b155d2f7a854f4b5a247cf499c6f1fae32",
            "messageTitle": "Edit code to follow coding standard",
            "messageBody": "",
            "tags": [
              "A-CodingStandard"
            ],
            "fileTypesAndContributionMap": {
              "java": {
                "insertions": 21,
                "deletions": 8
              }
            }
          }
        ]
      }
    ]
  },
  "authorFileTypeContributionMap": {
    "khinkhinn": {
      "java": 743,
      "md": 0,
      "fxml": 0,
      "sh": 5,
      "bat": 0,
      "gradle": 0,
      "txt": 16
    }
  },
  "authorContributionVariance": {
    "khinkhinn": 51793.473
  },
  "authorDisplayNameMap": {
    "khinkhinn": "CS2103T-T17-4 KYI ..KHIN"
  }
}
