{"authorDailyContributionsMap":{"khinkhinn":[{"date":"2020-08-14","commitResults":[{"hash":"8c21ebe56de03536b091b05559b6201631004533","messageTitle":"Implemented Level 1. Greet, Echo, Exit","messageBody":"","tags":["Level-1"],"fileTypesAndContributionMap":{"java":{"insertions":20,"deletions":2}}},{"hash":"1d96c6ec819d03fe0cb5fe58780c8d4d651c0441","messageTitle":"Implemented Level 2. Add, List","messageBody":"","tags":["Level-2"],"fileTypesAndContributionMap":{"java":{"insertions":20,"deletions":7}}}]},{"date":"2020-08-15","commitResults":[{"hash":"e6bd4fe071bb351c2abd989defbf89ad62990aaa","messageTitle":"Implemented Level 3. Mark as Done","messageBody":"","tags":["Level-3"],"fileTypesAndContributionMap":{"java":{"insertions":40,"deletions":5}}},{"hash":"f07c0573ccab48631a02b01bc375a0916596142f","messageTitle":"Implemented Level 4. ToDos, Events, Deadlines","messageBody":"","tags":["Level-4"],"fileTypesAndContributionMap":{"java":{"insertions":65,"deletions":4}}},{"hash":"e4bbd92c508dd11fd60b29fa93664f556041c216","messageTitle":"Implemented A-TextUiTesting","messageBody":"","tags":["A-TextUiTesting"],"fileTypesAndContributionMap":{"txt":{"insertions":12,"deletions":0},"java":{"insertions":1,"deletions":1},"sh":{"insertions":5,"deletions":1}}}]},{"date":"2020-08-17","commitResults":[{"hash":"d1a777b153e47c2f85bc4b6f277ed439df5105d5","messageTitle":"Implemented Level 5. Handle Errors Added two exceptions (incomplete input and unknown input)","messageBody":"","tags":["Level-5"],"fileTypesAndContributionMap":{"txt":{"insertions":3,"deletions":0},"java":{"insertions":161,"deletions":45}}},{"hash":"ebda6772083944e3c20bbf8eca5dc61e229e4806","messageTitle":"Implemented Level 6. Delete","messageBody":"","tags":["Level-6"],"fileTypesAndContributionMap":{"java":{"insertions":11,"deletions":0}}}]},{"date":"2020-08-25","commitResults":[{"hash":"c8aca164e010b73cb29835f50876e7994a313316","messageTitle":"Implement Save feature","messageBody":"","tags":["Level-7"],"fileTypesAndContributionMap":{"txt":{"insertions":1,"deletions":0},"java":{"insertions":277,"deletions":38}}},{"hash":"9f7f80f5d2fbc71067c7e0574c17f523a2d94827","messageTitle":"Implement Dates and Times","messageBody":"","tags":["Level-8"],"fileTypesAndContributionMap":{"java":{"insertions":15,"deletions":9}}},{"hash":"b6301b2c4a81d325c97082503a742631763e3dd3","messageTitle":"Refactor the code to extract out closely related code as classes","messageBody":"","tags":["A-MoreOOP"],"fileTypesAndContributionMap":{"java":{"insertions":237,"deletions":251}}}]},{"date":"2020-08-26","commitResults":[{"hash":"c8f47e501e445cae359d01b6fd8cdb4baeb09af3","messageTitle":"Add JUnit tests for Parser.java","messageBody":"","tags":["v0.1","A-JUnit"],"fileTypesAndContributionMap":{"java":{"insertions":67,"deletions":1}}},{"hash":"687dc3a8831109aa9c036ee421d0eddb46ec7c43","messageTitle":"Package code as JAR file","messageBody":"","tags":["A-Jar"],"fileTypesAndContributionMap":{"java":{"insertions":1,"deletions":1}}},{"hash":"59870dc31ccbb5954870c255ff2bd1290720bae2","messageTitle":"Implement Find feature","messageBody":"","tags":["Level-9"],"fileTypesAndContributionMap":{"java":{"insertions":43,"deletions":11}}},{"hash":"35cf6ac86a196afc27b266abc18c3bae0485a8aa","messageTitle":"Add Javadoc comments","messageBody":"","tags":["A-JavaDoc"],"fileTypesAndContributionMap":{"java":{"insertions":151,"deletions":20}}},{"hash":"db9271b155d2f7a854f4b5a247cf499c6f1fae32","messageTitle":"Edit code to follow coding standard","messageBody":"","tags":["A-CodingStandard"],"fileTypesAndContributionMap":{"java":{"insertions":21,"deletions":8}}}]},{"date":"2020-08-29","commitResults":[{"hash":"1aac34e0a7b1a2377a6ef6c32108898284c9c9c9","messageTitle":"Automate project builds using Gradle","messageBody":"","tags":["A-Gradle"],"fileTypesAndContributionMap":{"gradle":{"insertions":4,"deletions":4},"java":{"insertions":2,"deletions":2}}}]},{"date":"2020-09-02","commitResults":[{"hash":"042d03739ca483f83a6e8fc6115988eae96c03b7","messageTitle":"Implement GUI","messageBody":"","tags":["Level-10"],"fileTypesAndContributionMap":{"gradle":{"insertions":15,"deletions":0},"java":{"insertions":272,"deletions":97}}},{"hash":"c96366e3c37a9bec92e76fb1f344a40235e9ffc6","messageTitle":"Implement checkStyle","messageBody":"","tags":["A-CheckStyle"],"fileTypesAndContributionMap":{"gradle":{"insertions":4,"deletions":4},"java":{"insertions":24,"deletions":17}}}]},{"date":"2020-09-08","commitResults":[{"hash":"8169aefa789f449264990261e5707f87a86ec51f","messageTitle":"Edit GUI code","messageBody":"","fileTypesAndContributionMap":{"fxml":{"insertions":35,"deletions":0},"java":{"insertions":120,"deletions":144}}}]},{"date":"2020-09-09","commitResults":[{"hash":"18138fb28298d73cfb0334cbd69fc991e35ce507","messageTitle":"Improve code quality","messageBody":"","tags":["A-CodeQuality"],"fileTypesAndContributionMap":{"java":{"insertions":50,"deletions":51}}},{"hash":"848570a8e4b235f404a17bb8248f4f25b41f4320","messageTitle":"Add assertions","messageBody":"","tags":["A-Assertions"],"fileTypesAndContributionMap":{"gradle":{"insertions":2,"deletions":0},"java":{"insertions":4,"deletions":20}}},{"hash":"6311d301eed514c3511650e859b1527e1d4eb808","messageTitle":"Implement command to check weekly statistics","messageBody":"","tags":["BCD-Extension"],"fileTypesAndContributionMap":{"txt":{"insertions":1,"deletions":0},"java":{"insertions":137,"deletions":7}}}]},{"date":"2020-09-16","commitResults":[{"hash":"d43dc79d0f54f0b75a1007b47ef3913a862904eb","messageTitle":"Add user guide","messageBody":"","tags":["A-UserGuide"],"fileTypesAndContributionMap":{"gradle":{"insertions":1,"deletions":1},"java":{"insertions":25,"deletions":4},"md":{"insertions":79,"deletions":7}}},{"hash":"2b216bf5f15eb8d949fe2b298777b683f7366337","messageTitle":"Update README","messageBody":"","fileTypesAndContributionMap":{"md":{"insertions":3,"deletions":3}}}]},{"date":"2020-09-18","commitResults":[{"hash":"6ba47470578c28cb37118a2dcf40efb01a5dbb68","messageTitle":"Finalise changes for release","messageBody":"","tags":["v0.2","A-Release"],"fileTypesAndContributionMap":{"java":{"insertions":22,"deletions":4},"md":{"insertions":76,"deletions":41}}},{"hash":"20dc928305a4827144a89e10dac32691a81279d7","messageTitle":"Clean up unecessary file","messageBody":"","fileTypesAndContributionMap":{"txt":{"insertions":0,"deletions":2}}}]}]},"authorFileTypeContributionMap":{"khinkhinn":{"java":1052,"md":111,"fxml":35,"sh":5,"bat":0,"gradle":19,"txt":15}},"authorContributionVariance":{"khinkhinn":28405.617},"authorDisplayNameMap":{"khinkhinn":"CS2103T-T17-4 KYI ..KHIN"}}
