[
  {
    "path": "src/main/java/Deadline.java",
    "fileType": "java",
    "lines": [
      {
        "lineNumber": 1,
        "author": {
          "gitId": "zhengweii"
        },
        "content": "import java.text.SimpleDateFormat;"
      },
      {
        "lineNumber": 2,
        "author": {
          "gitId": "zhengweii"
        },
        "content": "import java.time.LocalTime;"
      },
      {
        "lineNumber": 3,
        "author": {
          "gitId": "zhengweii"
        },
        "content": "import java.time.format.DateTimeFormatter;"
      },
      {
        "lineNumber": 4,
        "author": {
          "gitId": "zhengweii"
        },
        "content": "import java.util.Date;"
      },
      {
        "lineNumber": 5,
        "author": {
          "gitId": "zhengweii"
        },
        "content": ""
      },
      {
        "lineNumber": 6,
        "author": {
          "gitId": "zhengweii"
        },
        "content": "public class Deadline extends Task {"
      },
      {
        "lineNumber": 7,
        "author": {
          "gitId": "zhengweii"
        },
        "content": "    private String date;"
      },
      {
        "lineNumber": 8,
        "author": {
          "gitId": "zhengweii"
        },
        "content": "    private String time;"
      },
      {
        "lineNumber": 9,
        "author": {
          "gitId": "zhengweii"
        },
        "content": ""
      },
      {
        "lineNumber": 10,
        "author": {
          "gitId": "zhengweii"
        },
        "content": "    Deadline(String description, String date, String time) {"
      },
      {
        "lineNumber": 11,
        "author": {
          "gitId": "zhengweii"
        },
        "content": "        super(description);"
      },
      {
        "lineNumber": 12,
        "author": {
          "gitId": "zhengweii"
        },
        "content": ""
      },
      {
        "lineNumber": 13,
        "author": {
          "gitId": "zhengweii"
        },
        "content": "        try {"
      },
      {
        "lineNumber": 14,
        "author": {
          "gitId": "zhengweii"
        },
        "content": "            Date d \u003d new SimpleDateFormat(\"dd/MM/yyyy\").parse(date);"
      },
      {
        "lineNumber": 15,
        "author": {
          "gitId": "zhengweii"
        },
        "content": "            this.date \u003d new SimpleDateFormat(\"MMM d yyyy\").format(d);"
      },
      {
        "lineNumber": 16,
        "author": {
          "gitId": "zhengweii"
        },
        "content": ""
      },
      {
        "lineNumber": 17,
        "author": {
          "gitId": "zhengweii"
        },
        "content": "            LocalTime t \u003d LocalTime.parse(time.substring(0, 2) + \":\" + time.substring(2));"
      },
      {
        "lineNumber": 18,
        "author": {
          "gitId": "zhengweii"
        },
        "content": "            this.time \u003d DateTimeFormatter.ofPattern(\"h.mma\").format(t);"
      },
      {
        "lineNumber": 19,
        "author": {
          "gitId": "zhengweii"
        },
        "content": "        } catch (Exception e) {"
      },
      {
        "lineNumber": 20,
        "author": {
          "gitId": "zhengweii"
        },
        "content": "            System.out.println(e.getMessage());"
      },
      {
        "lineNumber": 21,
        "author": {
          "gitId": "zhengweii"
        },
        "content": "        }"
      },
      {
        "lineNumber": 22,
        "author": {
          "gitId": "zhengweii"
        },
        "content": "    }"
      },
      {
        "lineNumber": 23,
        "author": {
          "gitId": "zhengweii"
        },
        "content": ""
      },
      {
        "lineNumber": 24,
        "author": {
          "gitId": "zhengweii"
        },
        "content": "    Deadline(String description, boolean isDone, String dateTime) {"
      },
      {
        "lineNumber": 25,
        "author": {
          "gitId": "zhengweii"
        },
        "content": "        super(description, isDone);"
      },
      {
        "lineNumber": 26,
        "author": {
          "gitId": "zhengweii"
        },
        "content": "        String[] split \u003d dateTime.split(\",\");"
      },
      {
        "lineNumber": 27,
        "author": {
          "gitId": "zhengweii"
        },
        "content": ""
      },
      {
        "lineNumber": 28,
        "author": {
          "gitId": "zhengweii"
        },
        "content": "        this.date \u003d split[0].trim();"
      },
      {
        "lineNumber": 29,
        "author": {
          "gitId": "zhengweii"
        },
        "content": "        this.time \u003d split[1].trim();"
      },
      {
        "lineNumber": 30,
        "author": {
          "gitId": "zhengweii"
        },
        "content": "    }"
      },
      {
        "lineNumber": 31,
        "author": {
          "gitId": "zhengweii"
        },
        "content": ""
      },
      {
        "lineNumber": 32,
        "author": {
          "gitId": "zhengweii"
        },
        "content": "    public String getDeadline() {"
      },
      {
        "lineNumber": 33,
        "author": {
          "gitId": "zhengweii"
        },
        "content": "        return date + \", \" + time;"
      },
      {
        "lineNumber": 34,
        "author": {
          "gitId": "zhengweii"
        },
        "content": "    }"
      },
      {
        "lineNumber": 35,
        "author": {
          "gitId": "zhengweii"
        },
        "content": ""
      },
      {
        "lineNumber": 36,
        "author": {
          "gitId": "zhengweii"
        },
        "content": "    @Override"
      },
      {
        "lineNumber": 37,
        "author": {
          "gitId": "zhengweii"
        },
        "content": "    public String toString() {"
      },
      {
        "lineNumber": 38,
        "author": {
          "gitId": "zhengweii"
        },
        "content": "        return \"[D]\" + super.toString() + \" (by: \" + this.getDeadline() + \")\";"
      },
      {
        "lineNumber": 39,
        "author": {
          "gitId": "zhengweii"
        },
        "content": "    }"
      },
      {
        "lineNumber": 40,
        "author": {
          "gitId": "zhengweii"
        },
        "content": "}"
      }
    ],
    "authorContributionMap": {
      "zhengweii": 40
    }
  },
  {
    "path": "src/main/java/Event.java",
    "fileType": "java",
    "lines": [
      {
        "lineNumber": 1,
        "author": {
          "gitId": "zhengweii"
        },
        "content": "import java.text.SimpleDateFormat;"
      },
      {
        "lineNumber": 2,
        "author": {
          "gitId": "zhengweii"
        },
        "content": "import java.time.LocalTime;"
      },
      {
        "lineNumber": 3,
        "author": {
          "gitId": "zhengweii"
        },
        "content": "import java.time.format.DateTimeFormatter;"
      },
      {
        "lineNumber": 4,
        "author": {
          "gitId": "zhengweii"
        },
        "content": "import java.util.Date;"
      },
      {
        "lineNumber": 5,
        "author": {
          "gitId": "zhengweii"
        },
        "content": ""
      },
      {
        "lineNumber": 6,
        "author": {
          "gitId": "zhengweii"
        },
        "content": "public class Event extends Task {"
      },
      {
        "lineNumber": 7,
        "author": {
          "gitId": "zhengweii"
        },
        "content": "    private String date;"
      },
      {
        "lineNumber": 8,
        "author": {
          "gitId": "zhengweii"
        },
        "content": "    private String time;"
      },
      {
        "lineNumber": 9,
        "author": {
          "gitId": "zhengweii"
        },
        "content": ""
      },
      {
        "lineNumber": 10,
        "author": {
          "gitId": "zhengweii"
        },
        "content": "    Event(String description, String date, String time) {"
      },
      {
        "lineNumber": 11,
        "author": {
          "gitId": "zhengweii"
        },
        "content": "        super(description);"
      },
      {
        "lineNumber": 12,
        "author": {
          "gitId": "zhengweii"
        },
        "content": ""
      },
      {
        "lineNumber": 13,
        "author": {
          "gitId": "zhengweii"
        },
        "content": "        try {"
      },
      {
        "lineNumber": 14,
        "author": {
          "gitId": "zhengweii"
        },
        "content": "            Date d \u003d new SimpleDateFormat(\"dd/MM/yyyy\").parse(date);"
      },
      {
        "lineNumber": 15,
        "author": {
          "gitId": "zhengweii"
        },
        "content": "            this.date \u003d new SimpleDateFormat(\"MMM d yyyy\").format(d);"
      },
      {
        "lineNumber": 16,
        "author": {
          "gitId": "zhengweii"
        },
        "content": ""
      },
      {
        "lineNumber": 17,
        "author": {
          "gitId": "zhengweii"
        },
        "content": "            LocalTime t \u003d LocalTime.parse(time.substring(0, 2) + \":\" + time.substring(2));"
      },
      {
        "lineNumber": 18,
        "author": {
          "gitId": "zhengweii"
        },
        "content": "            this.time \u003d DateTimeFormatter.ofPattern(\"h.mma\").format(t);"
      },
      {
        "lineNumber": 19,
        "author": {
          "gitId": "zhengweii"
        },
        "content": "        } catch (Exception e) {"
      },
      {
        "lineNumber": 20,
        "author": {
          "gitId": "zhengweii"
        },
        "content": "            System.out.println(e.getMessage());"
      },
      {
        "lineNumber": 21,
        "author": {
          "gitId": "zhengweii"
        },
        "content": "        }"
      },
      {
        "lineNumber": 22,
        "author": {
          "gitId": "zhengweii"
        },
        "content": "    }"
      },
      {
        "lineNumber": 23,
        "author": {
          "gitId": "zhengweii"
        },
        "content": ""
      },
      {
        "lineNumber": 24,
        "author": {
          "gitId": "zhengweii"
        },
        "content": "    Event(String description, boolean isDone, String dateTime) {"
      },
      {
        "lineNumber": 25,
        "author": {
          "gitId": "zhengweii"
        },
        "content": "        super(description, isDone);"
      },
      {
        "lineNumber": 26,
        "author": {
          "gitId": "zhengweii"
        },
        "content": "        String[] split \u003d dateTime.split(\",\");"
      },
      {
        "lineNumber": 27,
        "author": {
          "gitId": "zhengweii"
        },
        "content": ""
      },
      {
        "lineNumber": 28,
        "author": {
          "gitId": "zhengweii"
        },
        "content": "        this.date \u003d split[0].trim();"
      },
      {
        "lineNumber": 29,
        "author": {
          "gitId": "zhengweii"
        },
        "content": "        this.time \u003d split[1].trim();"
      },
      {
        "lineNumber": 30,
        "author": {
          "gitId": "zhengweii"
        },
        "content": "    }"
      },
      {
        "lineNumber": 31,
        "author": {
          "gitId": "zhengweii"
        },
        "content": ""
      },
      {
        "lineNumber": 32,
        "author": {
          "gitId": "zhengweii"
        },
        "content": "    public String getStartDate() {"
      },
      {
        "lineNumber": 33,
        "author": {
          "gitId": "zhengweii"
        },
        "content": "      return this.date + \", \" + this.time;"
      },
      {
        "lineNumber": 34,
        "author": {
          "gitId": "zhengweii"
        },
        "content": "    }"
      },
      {
        "lineNumber": 35,
        "author": {
          "gitId": "zhengweii"
        },
        "content": ""
      },
      {
        "lineNumber": 36,
        "author": {
          "gitId": "zhengweii"
        },
        "content": "    @Override"
      },
      {
        "lineNumber": 37,
        "author": {
          "gitId": "zhengweii"
        },
        "content": "    public String toString() {"
      },
      {
        "lineNumber": 38,
        "author": {
          "gitId": "zhengweii"
        },
        "content": "        return \"[E]\" + super.toString() + \" (at: \" + this.getStartDate() + \")\";"
      },
      {
        "lineNumber": 39,
        "author": {
          "gitId": "zhengweii"
        },
        "content": "    }"
      },
      {
        "lineNumber": 40,
        "author": {
          "gitId": "zhengweii"
        },
        "content": "}"
      }
    ],
    "authorContributionMap": {
      "zhengweii": 40
    }
  },
  {
    "path": "src/main/java/Parser.java",
    "fileType": "java",
    "lines": [
      {
        "lineNumber": 1,
        "author": {
          "gitId": "zhengweii"
        },
        "content": "import java.util.ArrayList;"
      },
      {
        "lineNumber": 2,
        "author": {
          "gitId": "zhengweii"
        },
        "content": "import java.util.Scanner;"
      },
      {
        "lineNumber": 3,
        "author": {
          "gitId": "zhengweii"
        },
        "content": ""
      },
      {
        "lineNumber": 4,
        "author": {
          "gitId": "zhengweii"
        },
        "content": "public class Parser {"
      },
      {
        "lineNumber": 5,
        "author": {
          "gitId": "zhengweii"
        },
        "content": "    private TaskList tasks;"
      },
      {
        "lineNumber": 6,
        "author": {
          "gitId": "zhengweii"
        },
        "content": ""
      },
      {
        "lineNumber": 7,
        "author": {
          "gitId": "zhengweii"
        },
        "content": "    Parser() {"
      },
      {
        "lineNumber": 8,
        "author": {
          "gitId": "zhengweii"
        },
        "content": "      this.tasks \u003d new TaskList();"
      },
      {
        "lineNumber": 9,
        "author": {
          "gitId": "zhengweii"
        },
        "content": "    }"
      },
      {
        "lineNumber": 10,
        "author": {
          "gitId": "zhengweii"
        },
        "content": ""
      },
      {
        "lineNumber": 11,
        "author": {
          "gitId": "zhengweii"
        },
        "content": "    public void parseCommands(String command, Scanner sc) {"
      },
      {
        "lineNumber": 12,
        "author": {
          "gitId": "zhengweii"
        },
        "content": "        switch (command) {"
      },
      {
        "lineNumber": 13,
        "author": {
          "gitId": "zhengweii"
        },
        "content": "        case \"bye\":"
      },
      {
        "lineNumber": 14,
        "author": {
          "gitId": "zhengweii"
        },
        "content": "            onByeCommand(this.tasks.getDatabase());"
      },
      {
        "lineNumber": 15,
        "author": {
          "gitId": "zhengweii"
        },
        "content": "            break;"
      },
      {
        "lineNumber": 16,
        "author": {
          "gitId": "zhengweii"
        },
        "content": ""
      },
      {
        "lineNumber": 17,
        "author": {
          "gitId": "zhengweii"
        },
        "content": "        case \"list\":"
      },
      {
        "lineNumber": 18,
        "author": {
          "gitId": "zhengweii"
        },
        "content": "            this.tasks.list();"
      },
      {
        "lineNumber": 19,
        "author": {
          "gitId": "zhengweii"
        },
        "content": "            break;"
      },
      {
        "lineNumber": 20,
        "author": {
          "gitId": "zhengweii"
        },
        "content": ""
      },
      {
        "lineNumber": 21,
        "author": {
          "gitId": "zhengweii"
        },
        "content": "        case \"done\":"
      },
      {
        "lineNumber": 22,
        "author": {
          "gitId": "zhengweii"
        },
        "content": "            this.tasks.onDoneCommand(sc);"
      },
      {
        "lineNumber": 23,
        "author": {
          "gitId": "zhengweii"
        },
        "content": "            break;"
      },
      {
        "lineNumber": 24,
        "author": {
          "gitId": "zhengweii"
        },
        "content": ""
      },
      {
        "lineNumber": 25,
        "author": {
          "gitId": "zhengweii"
        },
        "content": "        case \"delete\":"
      },
      {
        "lineNumber": 26,
        "author": {
          "gitId": "zhengweii"
        },
        "content": "            this.tasks.onDeleteCommand(sc);"
      },
      {
        "lineNumber": 27,
        "author": {
          "gitId": "zhengweii"
        },
        "content": "            break;"
      },
      {
        "lineNumber": 28,
        "author": {
          "gitId": "zhengweii"
        },
        "content": ""
      },
      {
        "lineNumber": 29,
        "author": {
          "gitId": "zhengweii"
        },
        "content": "        case \"todo\":"
      },
      {
        "lineNumber": 30,
        "author": {
          "gitId": "zhengweii"
        },
        "content": "            this.tasks.onToDoCommand(sc);"
      },
      {
        "lineNumber": 31,
        "author": {
          "gitId": "zhengweii"
        },
        "content": "            break;"
      },
      {
        "lineNumber": 32,
        "author": {
          "gitId": "zhengweii"
        },
        "content": ""
      },
      {
        "lineNumber": 33,
        "author": {
          "gitId": "zhengweii"
        },
        "content": "        case \"deadline\":"
      },
      {
        "lineNumber": 34,
        "author": {
          "gitId": "zhengweii"
        },
        "content": "            this.tasks.onDeadlineCommand(sc);"
      },
      {
        "lineNumber": 35,
        "author": {
          "gitId": "zhengweii"
        },
        "content": "            break;"
      },
      {
        "lineNumber": 36,
        "author": {
          "gitId": "zhengweii"
        },
        "content": ""
      },
      {
        "lineNumber": 37,
        "author": {
          "gitId": "zhengweii"
        },
        "content": "        case \"event\":"
      },
      {
        "lineNumber": 38,
        "author": {
          "gitId": "zhengweii"
        },
        "content": "            this.tasks.onEventCommand(sc);"
      },
      {
        "lineNumber": 39,
        "author": {
          "gitId": "zhengweii"
        },
        "content": "            break;"
      },
      {
        "lineNumber": 40,
        "author": {
          "gitId": "zhengweii"
        },
        "content": ""
      },
      {
        "lineNumber": 41,
        "author": {
          "gitId": "zhengweii"
        },
        "content": "        default:"
      },
      {
        "lineNumber": 42,
        "author": {
          "gitId": "zhengweii"
        },
        "content": "            this.tasks.noSuchCommand();"
      },
      {
        "lineNumber": 43,
        "author": {
          "gitId": "zhengweii"
        },
        "content": "            break;"
      },
      {
        "lineNumber": 44,
        "author": {
          "gitId": "zhengweii"
        },
        "content": "        }"
      },
      {
        "lineNumber": 45,
        "author": {
          "gitId": "zhengweii"
        },
        "content": "    }"
      },
      {
        "lineNumber": 46,
        "author": {
          "gitId": "zhengweii"
        },
        "content": ""
      },
      {
        "lineNumber": 47,
        "author": {
          "gitId": "zhengweii"
        },
        "content": "    public void onByeCommand(ArrayList\u003cTask\u003e database) {"
      },
      {
        "lineNumber": 48,
        "author": {
          "gitId": "zhengweii"
        },
        "content": "        this.tasks.saveStateToDatabase();"
      },
      {
        "lineNumber": 49,
        "author": {
          "gitId": "zhengweii"
        },
        "content": "        System.out.println(\"Goodbye! All the best and see you again soon!\");"
      },
      {
        "lineNumber": 50,
        "author": {
          "gitId": "zhengweii"
        },
        "content": "        System.exit(0);"
      },
      {
        "lineNumber": 51,
        "author": {
          "gitId": "zhengweii"
        },
        "content": "    }"
      },
      {
        "lineNumber": 52,
        "author": {
          "gitId": "zhengweii"
        },
        "content": "}"
      }
    ],
    "authorContributionMap": {
      "zhengweii": 52
    }
  },
  {
    "path": "src/main/java/Storage.java",
    "fileType": "java",
    "lines": [
      {
        "lineNumber": 1,
        "author": {
          "gitId": "zhengweii"
        },
        "content": "import java.io.File;"
      },
      {
        "lineNumber": 2,
        "author": {
          "gitId": "zhengweii"
        },
        "content": "import java.io.FileNotFoundException;"
      },
      {
        "lineNumber": 3,
        "author": {
          "gitId": "zhengweii"
        },
        "content": "import java.io.FileWriter;"
      },
      {
        "lineNumber": 4,
        "author": {
          "gitId": "zhengweii"
        },
        "content": "import java.io.IOException;"
      },
      {
        "lineNumber": 5,
        "author": {
          "gitId": "zhengweii"
        },
        "content": "import java.nio.file.Files;"
      },
      {
        "lineNumber": 6,
        "author": {
          "gitId": "zhengweii"
        },
        "content": "import java.nio.file.Path;"
      },
      {
        "lineNumber": 7,
        "author": {
          "gitId": "zhengweii"
        },
        "content": "import java.nio.file.Paths;"
      },
      {
        "lineNumber": 8,
        "author": {
          "gitId": "zhengweii"
        },
        "content": "import java.util.ArrayList;"
      },
      {
        "lineNumber": 9,
        "author": {
          "gitId": "zhengweii"
        },
        "content": "import java.util.Scanner;"
      },
      {
        "lineNumber": 10,
        "author": {
          "gitId": "zhengweii"
        },
        "content": ""
      },
      {
        "lineNumber": 11,
        "author": {
          "gitId": "zhengweii"
        },
        "content": "public class Storage {"
      },
      {
        "lineNumber": 12,
        "author": {
          "gitId": "zhengweii"
        },
        "content": "    private static String HOME \u003d System.getProperty(\"user.home\");"
      },
      {
        "lineNumber": 13,
        "author": {
          "gitId": "zhengweii"
        },
        "content": "    private static Path SAVED_FILE_PATH \u003d Paths.get(HOME, \"ip\", \"data\", \"wish.txt\");"
      },
      {
        "lineNumber": 14,
        "author": {
          "gitId": "zhengweii"
        },
        "content": "    private static Path DATABASE_DIRECTORY_PATH \u003d Paths.get(HOME, \"ip\", \"data\");"
      },
      {
        "lineNumber": 15,
        "author": {
          "gitId": "zhengweii"
        },
        "content": ""
      },
      {
        "lineNumber": 16,
        "author": {
          "gitId": "zhengweii"
        },
        "content": "    public ArrayList\u003cTask\u003e loadFromDatabase() throws WishException {"
      },
      {
        "lineNumber": 17,
        "author": {
          "gitId": "zhengweii"
        },
        "content": "        boolean directoryExists \u003d Files.exists(DATABASE_DIRECTORY_PATH);"
      },
      {
        "lineNumber": 18,
        "author": {
          "gitId": "zhengweii"
        },
        "content": "        ArrayList\u003cTask\u003e database \u003d new ArrayList\u003c\u003e(100);"
      },
      {
        "lineNumber": 19,
        "author": {
          "gitId": "zhengweii"
        },
        "content": ""
      },
      {
        "lineNumber": 20,
        "author": {
          "gitId": "zhengweii"
        },
        "content": "        if (!directoryExists) {"
      },
      {
        "lineNumber": 21,
        "author": {
          "gitId": "zhengweii"
        },
        "content": "            System.out.println(\"Oops! Folder where data is saved does not exists\");"
      },
      {
        "lineNumber": 22,
        "author": {
          "gitId": "zhengweii"
        },
        "content": "            File newFolder \u003d new File(DATABASE_DIRECTORY_PATH.toString());"
      },
      {
        "lineNumber": 23,
        "author": {
          "gitId": "zhengweii"
        },
        "content": "            boolean createdNewFolder \u003d newFolder.mkdir();"
      },
      {
        "lineNumber": 24,
        "author": {
          "gitId": "zhengweii"
        },
        "content": ""
      },
      {
        "lineNumber": 25,
        "author": {
          "gitId": "zhengweii"
        },
        "content": "            if (createdNewFolder) {"
      },
      {
        "lineNumber": 26,
        "author": {
          "gitId": "zhengweii"
        },
        "content": "                System.out.println(\"I have created a new folder to store saved data\");"
      },
      {
        "lineNumber": 27,
        "author": {
          "gitId": "zhengweii"
        },
        "content": "            } else {"
      },
      {
        "lineNumber": 28,
        "author": {
          "gitId": "zhengweii"
        },
        "content": "                throw new WishException(\"Could not create new directory to store saved data\");"
      },
      {
        "lineNumber": 29,
        "author": {
          "gitId": "zhengweii"
        },
        "content": "            }"
      },
      {
        "lineNumber": 30,
        "author": {
          "gitId": "zhengweii"
        },
        "content": "        } else {"
      },
      {
        "lineNumber": 31,
        "author": {
          "gitId": "zhengweii"
        },
        "content": "            if (Files.exists(SAVED_FILE_PATH)) {"
      },
      {
        "lineNumber": 32,
        "author": {
          "gitId": "zhengweii"
        },
        "content": "                try {"
      },
      {
        "lineNumber": 33,
        "author": {
          "gitId": "zhengweii"
        },
        "content": "                    System.out.println(\"I have loaded data from the database\");"
      },
      {
        "lineNumber": 34,
        "author": {
          "gitId": "zhengweii"
        },
        "content": "                    File f \u003d new File(SAVED_FILE_PATH.toString());"
      },
      {
        "lineNumber": 35,
        "author": {
          "gitId": "zhengweii"
        },
        "content": "                    Scanner s \u003d new Scanner(f);"
      },
      {
        "lineNumber": 36,
        "author": {
          "gitId": "zhengweii"
        },
        "content": ""
      },
      {
        "lineNumber": 37,
        "author": {
          "gitId": "zhengweii"
        },
        "content": "                    while (s.hasNext()) {"
      },
      {
        "lineNumber": 38,
        "author": {
          "gitId": "zhengweii"
        },
        "content": "                        String currentLine \u003d s.nextLine();"
      },
      {
        "lineNumber": 39,
        "author": {
          "gitId": "zhengweii"
        },
        "content": "                        String[] parsed \u003d currentLine.split(\" \\\\| \");"
      },
      {
        "lineNumber": 40,
        "author": {
          "gitId": "zhengweii"
        },
        "content": ""
      },
      {
        "lineNumber": 41,
        "author": {
          "gitId": "zhengweii"
        },
        "content": "                        switch (parsed[0]) {"
      },
      {
        "lineNumber": 42,
        "author": {
          "gitId": "zhengweii"
        },
        "content": "                        case \"T\":"
      },
      {
        "lineNumber": 43,
        "author": {
          "gitId": "zhengweii"
        },
        "content": "                            database.add(new ToDo(parsed[2], parsed[1].equals(\"1\")));"
      },
      {
        "lineNumber": 44,
        "author": {
          "gitId": "zhengweii"
        },
        "content": "                            break;"
      },
      {
        "lineNumber": 45,
        "author": {
          "gitId": "zhengweii"
        },
        "content": ""
      },
      {
        "lineNumber": 46,
        "author": {
          "gitId": "zhengweii"
        },
        "content": "                        case \"D\":"
      },
      {
        "lineNumber": 47,
        "author": {
          "gitId": "zhengweii"
        },
        "content": "                            database.add(new Deadline(parsed[2], parsed[1].equals(\"1\"), parsed[3]));"
      },
      {
        "lineNumber": 48,
        "author": {
          "gitId": "zhengweii"
        },
        "content": "                            break;"
      },
      {
        "lineNumber": 49,
        "author": {
          "gitId": "zhengweii"
        },
        "content": ""
      },
      {
        "lineNumber": 50,
        "author": {
          "gitId": "zhengweii"
        },
        "content": "                        default:"
      },
      {
        "lineNumber": 51,
        "author": {
          "gitId": "zhengweii"
        },
        "content": "                            database.add(new Event(parsed[2], parsed[1].equals(\"1\"), parsed[3]));"
      },
      {
        "lineNumber": 52,
        "author": {
          "gitId": "zhengweii"
        },
        "content": "                            break;"
      },
      {
        "lineNumber": 53,
        "author": {
          "gitId": "zhengweii"
        },
        "content": "                        }"
      },
      {
        "lineNumber": 54,
        "author": {
          "gitId": "zhengweii"
        },
        "content": "                    }"
      },
      {
        "lineNumber": 55,
        "author": {
          "gitId": "zhengweii"
        },
        "content": "                } catch (FileNotFoundException e) {"
      },
      {
        "lineNumber": 56,
        "author": {
          "gitId": "zhengweii"
        },
        "content": "                    System.out.println(\"File not found\");"
      },
      {
        "lineNumber": 57,
        "author": {
          "gitId": "zhengweii"
        },
        "content": "                }"
      },
      {
        "lineNumber": 58,
        "author": {
          "gitId": "zhengweii"
        },
        "content": "            }"
      },
      {
        "lineNumber": 59,
        "author": {
          "gitId": "zhengweii"
        },
        "content": "        }"
      },
      {
        "lineNumber": 60,
        "author": {
          "gitId": "zhengweii"
        },
        "content": ""
      },
      {
        "lineNumber": 61,
        "author": {
          "gitId": "zhengweii"
        },
        "content": "        return database;"
      },
      {
        "lineNumber": 62,
        "author": {
          "gitId": "zhengweii"
        },
        "content": "    }"
      },
      {
        "lineNumber": 63,
        "author": {
          "gitId": "zhengweii"
        },
        "content": ""
      },
      {
        "lineNumber": 64,
        "author": {
          "gitId": "zhengweii"
        },
        "content": "    public void saveToDatabase(ArrayList\u003cTask\u003e database) {"
      },
      {
        "lineNumber": 65,
        "author": {
          "gitId": "zhengweii"
        },
        "content": "        try {"
      },
      {
        "lineNumber": 66,
        "author": {
          "gitId": "zhengweii"
        },
        "content": "            FileWriter fw \u003d new FileWriter(SAVED_FILE_PATH.toString());"
      },
      {
        "lineNumber": 67,
        "author": {
          "gitId": "zhengweii"
        },
        "content": ""
      },
      {
        "lineNumber": 68,
        "author": {
          "gitId": "zhengweii"
        },
        "content": "            for (int i \u003d 0; i \u003c database.size(); i++) {"
      },
      {
        "lineNumber": 69,
        "author": {
          "gitId": "zhengweii"
        },
        "content": "                Task currentTask \u003d database.get(i);"
      },
      {
        "lineNumber": 70,
        "author": {
          "gitId": "zhengweii"
        },
        "content": ""
      },
      {
        "lineNumber": 71,
        "author": {
          "gitId": "zhengweii"
        },
        "content": "                if (currentTask instanceof ToDo) {"
      },
      {
        "lineNumber": 72,
        "author": {
          "gitId": "zhengweii"
        },
        "content": "                    fw.write(\"T | \" + (currentTask.getDoneStatus() ? \"1\" : \"0\") + \" | \" +"
      },
      {
        "lineNumber": 73,
        "author": {
          "gitId": "zhengweii"
        },
        "content": "                            currentTask.getDescription() + \"\\n\" );"
      },
      {
        "lineNumber": 74,
        "author": {
          "gitId": "zhengweii"
        },
        "content": "                } else if (currentTask instanceof Deadline) {"
      },
      {
        "lineNumber": 75,
        "author": {
          "gitId": "zhengweii"
        },
        "content": "                    fw.write(\"D | \" + (currentTask.getDoneStatus() ? \"1\" : \"0\") + \" | \" +"
      },
      {
        "lineNumber": 76,
        "author": {
          "gitId": "zhengweii"
        },
        "content": "                            currentTask.getDescription() + \" | \" + ((Deadline)currentTask).getDeadline() + \"\\n\" );"
      },
      {
        "lineNumber": 77,
        "author": {
          "gitId": "zhengweii"
        },
        "content": "                } else {"
      },
      {
        "lineNumber": 78,
        "author": {
          "gitId": "zhengweii"
        },
        "content": "                    fw.write(\"E | \" + (currentTask.getDoneStatus() ? \"1\" : \"0\") + \" | \" +"
      },
      {
        "lineNumber": 79,
        "author": {
          "gitId": "zhengweii"
        },
        "content": "                            currentTask.getDescription() + \" | \" + ((Event)currentTask).getStartDate() + \"\\n\" );"
      },
      {
        "lineNumber": 80,
        "author": {
          "gitId": "zhengweii"
        },
        "content": "                }"
      },
      {
        "lineNumber": 81,
        "author": {
          "gitId": "zhengweii"
        },
        "content": "            }"
      },
      {
        "lineNumber": 82,
        "author": {
          "gitId": "zhengweii"
        },
        "content": ""
      },
      {
        "lineNumber": 83,
        "author": {
          "gitId": "zhengweii"
        },
        "content": "            fw.close();"
      },
      {
        "lineNumber": 84,
        "author": {
          "gitId": "zhengweii"
        },
        "content": "        } catch (IOException e) {"
      },
      {
        "lineNumber": 85,
        "author": {
          "gitId": "zhengweii"
        },
        "content": "            System.out.println(e.getMessage());"
      },
      {
        "lineNumber": 86,
        "author": {
          "gitId": "zhengweii"
        },
        "content": "        }"
      },
      {
        "lineNumber": 87,
        "author": {
          "gitId": "zhengweii"
        },
        "content": "    }"
      },
      {
        "lineNumber": 88,
        "author": {
          "gitId": "zhengweii"
        },
        "content": "}"
      }
    ],
    "authorContributionMap": {
      "zhengweii": 88
    }
  },
  {
    "path": "src/main/java/Task.java",
    "fileType": "java",
    "lines": [
      {
        "lineNumber": 1,
        "author": {
          "gitId": "zhengweii"
        },
        "content": "public class Task {"
      },
      {
        "lineNumber": 2,
        "author": {
          "gitId": "zhengweii"
        },
        "content": "    protected String description;"
      },
      {
        "lineNumber": 3,
        "author": {
          "gitId": "zhengweii"
        },
        "content": "    protected boolean isDone;"
      },
      {
        "lineNumber": 4,
        "author": {
          "gitId": "zhengweii"
        },
        "content": ""
      },
      {
        "lineNumber": 5,
        "author": {
          "gitId": "zhengweii"
        },
        "content": "    public Task(String description) {"
      },
      {
        "lineNumber": 6,
        "author": {
          "gitId": "zhengweii"
        },
        "content": "        this.description \u003d description;"
      },
      {
        "lineNumber": 7,
        "author": {
          "gitId": "zhengweii"
        },
        "content": "        this.isDone \u003d false;"
      },
      {
        "lineNumber": 8,
        "author": {
          "gitId": "zhengweii"
        },
        "content": "    }"
      },
      {
        "lineNumber": 9,
        "author": {
          "gitId": "zhengweii"
        },
        "content": ""
      },
      {
        "lineNumber": 10,
        "author": {
          "gitId": "zhengweii"
        },
        "content": "    public Task(String description, boolean isDone) {"
      },
      {
        "lineNumber": 11,
        "author": {
          "gitId": "zhengweii"
        },
        "content": "        this.description \u003d description;"
      },
      {
        "lineNumber": 12,
        "author": {
          "gitId": "zhengweii"
        },
        "content": "        this.isDone \u003d isDone;"
      },
      {
        "lineNumber": 13,
        "author": {
          "gitId": "zhengweii"
        },
        "content": "    }"
      },
      {
        "lineNumber": 14,
        "author": {
          "gitId": "zhengweii"
        },
        "content": ""
      },
      {
        "lineNumber": 15,
        "author": {
          "gitId": "zhengweii"
        },
        "content": "    public String getDescription() {"
      },
      {
        "lineNumber": 16,
        "author": {
          "gitId": "zhengweii"
        },
        "content": "        return this.description;"
      },
      {
        "lineNumber": 17,
        "author": {
          "gitId": "zhengweii"
        },
        "content": "    }"
      },
      {
        "lineNumber": 18,
        "author": {
          "gitId": "zhengweii"
        },
        "content": ""
      },
      {
        "lineNumber": 19,
        "author": {
          "gitId": "zhengweii"
        },
        "content": "    public boolean getDoneStatus() {"
      },
      {
        "lineNumber": 20,
        "author": {
          "gitId": "zhengweii"
        },
        "content": "        return this.isDone;"
      },
      {
        "lineNumber": 21,
        "author": {
          "gitId": "zhengweii"
        },
        "content": "    }"
      },
      {
        "lineNumber": 22,
        "author": {
          "gitId": "zhengweii"
        },
        "content": ""
      },
      {
        "lineNumber": 23,
        "author": {
          "gitId": "zhengweii"
        },
        "content": "    public String getStatusIcon() {"
      },
      {
        "lineNumber": 24,
        "author": {
          "gitId": "zhengweii"
        },
        "content": "        // Returns either tick or X symbol"
      },
      {
        "lineNumber": 25,
        "author": {
          "gitId": "zhengweii"
        },
        "content": "        return (isDone ? \"\\u2713\" : \"\\u2718\");"
      },
      {
        "lineNumber": 26,
        "author": {
          "gitId": "zhengweii"
        },
        "content": "    }"
      },
      {
        "lineNumber": 27,
        "author": {
          "gitId": "zhengweii"
        },
        "content": ""
      },
      {
        "lineNumber": 28,
        "author": {
          "gitId": "zhengweii"
        },
        "content": "    public void markAsDone() {"
      },
      {
        "lineNumber": 29,
        "author": {
          "gitId": "zhengweii"
        },
        "content": "        this.isDone \u003d true;"
      },
      {
        "lineNumber": 30,
        "author": {
          "gitId": "zhengweii"
        },
        "content": "    }"
      },
      {
        "lineNumber": 31,
        "author": {
          "gitId": "zhengweii"
        },
        "content": ""
      },
      {
        "lineNumber": 32,
        "author": {
          "gitId": "zhengweii"
        },
        "content": "    @Override"
      },
      {
        "lineNumber": 33,
        "author": {
          "gitId": "zhengweii"
        },
        "content": "    public String toString() {"
      },
      {
        "lineNumber": 34,
        "author": {
          "gitId": "zhengweii"
        },
        "content": "        return \"[\" + this.getStatusIcon() + \"] \" + this.description;"
      },
      {
        "lineNumber": 35,
        "author": {
          "gitId": "zhengweii"
        },
        "content": "    }"
      },
      {
        "lineNumber": 36,
        "author": {
          "gitId": "zhengweii"
        },
        "content": "}"
      }
    ],
    "authorContributionMap": {
      "zhengweii": 36
    }
  },
  {
    "path": "src/main/java/TaskList.java",
    "fileType": "java",
    "lines": [
      {
        "lineNumber": 1,
        "author": {
          "gitId": "zhengweii"
        },
        "content": "import java.util.ArrayList;"
      },
      {
        "lineNumber": 2,
        "author": {
          "gitId": "zhengweii"
        },
        "content": "import java.util.InputMismatchException;"
      },
      {
        "lineNumber": 3,
        "author": {
          "gitId": "zhengweii"
        },
        "content": "import java.util.Scanner;"
      },
      {
        "lineNumber": 4,
        "author": {
          "gitId": "zhengweii"
        },
        "content": ""
      },
      {
        "lineNumber": 5,
        "author": {
          "gitId": "zhengweii"
        },
        "content": "public class TaskList {"
      },
      {
        "lineNumber": 6,
        "author": {
          "gitId": "zhengweii"
        },
        "content": "    private Storage storage;"
      },
      {
        "lineNumber": 7,
        "author": {
          "gitId": "zhengweii"
        },
        "content": "    private ArrayList\u003cTask\u003e database;"
      },
      {
        "lineNumber": 8,
        "author": {
          "gitId": "zhengweii"
        },
        "content": ""
      },
      {
        "lineNumber": 9,
        "author": {
          "gitId": "zhengweii"
        },
        "content": "    TaskList() {"
      },
      {
        "lineNumber": 10,
        "author": {
          "gitId": "zhengweii"
        },
        "content": "        this.storage \u003d new Storage();"
      },
      {
        "lineNumber": 11,
        "author": {
          "gitId": "zhengweii"
        },
        "content": "        try {"
      },
      {
        "lineNumber": 12,
        "author": {
          "gitId": "zhengweii"
        },
        "content": "          this.database \u003d this.storage.loadFromDatabase();"
      },
      {
        "lineNumber": 13,
        "author": {
          "gitId": "zhengweii"
        },
        "content": "        } catch (WishException e) {"
      },
      {
        "lineNumber": 14,
        "author": {
          "gitId": "zhengweii"
        },
        "content": ""
      },
      {
        "lineNumber": 15,
        "author": {
          "gitId": "zhengweii"
        },
        "content": "        }"
      },
      {
        "lineNumber": 16,
        "author": {
          "gitId": "zhengweii"
        },
        "content": "    }"
      },
      {
        "lineNumber": 17,
        "author": {
          "gitId": "zhengweii"
        },
        "content": ""
      },
      {
        "lineNumber": 18,
        "author": {
          "gitId": "zhengweii"
        },
        "content": "    public void saveStateToDatabase() {"
      },
      {
        "lineNumber": 19,
        "author": {
          "gitId": "zhengweii"
        },
        "content": "        this.storage.saveToDatabase(this.database);"
      },
      {
        "lineNumber": 20,
        "author": {
          "gitId": "zhengweii"
        },
        "content": "    }"
      },
      {
        "lineNumber": 21,
        "author": {
          "gitId": "zhengweii"
        },
        "content": ""
      },
      {
        "lineNumber": 22,
        "author": {
          "gitId": "zhengweii"
        },
        "content": "    private void add(Task task) {"
      },
      {
        "lineNumber": 23,
        "author": {
          "gitId": "zhengweii"
        },
        "content": "        database.add(task);"
      },
      {
        "lineNumber": 24,
        "author": {
          "gitId": "zhengweii"
        },
        "content": "        System.out.println(\"Looking good! I have added this task:\");"
      },
      {
        "lineNumber": 25,
        "author": {
          "gitId": "zhengweii"
        },
        "content": "        System.out.println(task);"
      },
      {
        "lineNumber": 26,
        "author": {
          "gitId": "zhengweii"
        },
        "content": "        System.out.println(\"Now you have \" + this.database.size() + \" tasks in your list\");"
      },
      {
        "lineNumber": 27,
        "author": {
          "gitId": "zhengweii"
        },
        "content": "    }"
      },
      {
        "lineNumber": 28,
        "author": {
          "gitId": "zhengweii"
        },
        "content": ""
      },
      {
        "lineNumber": 29,
        "author": {
          "gitId": "zhengweii"
        },
        "content": "    public ArrayList\u003cTask\u003e getDatabase() {"
      },
      {
        "lineNumber": 30,
        "author": {
          "gitId": "zhengweii"
        },
        "content": "      return this.database;"
      },
      {
        "lineNumber": 31,
        "author": {
          "gitId": "zhengweii"
        },
        "content": "    }"
      },
      {
        "lineNumber": 32,
        "author": {
          "gitId": "zhengweii"
        },
        "content": ""
      },
      {
        "lineNumber": 33,
        "author": {
          "gitId": "zhengweii"
        },
        "content": "    /**"
      },
      {
        "lineNumber": 34,
        "author": {
          "gitId": "zhengweii"
        },
        "content": "     * Prints all the tasks in the database."
      },
      {
        "lineNumber": 35,
        "author": {
          "gitId": "zhengweii"
        },
        "content": "     */"
      },
      {
        "lineNumber": 36,
        "author": {
          "gitId": "zhengweii"
        },
        "content": "    public void list() {"
      },
      {
        "lineNumber": 37,
        "author": {
          "gitId": "zhengweii"
        },
        "content": "        if (this.database.size() \u003d\u003d 0) {"
      },
      {
        "lineNumber": 38,
        "author": {
          "gitId": "zhengweii"
        },
        "content": "            System.out.println(\"There are no tasks in the database\");"
      },
      {
        "lineNumber": 39,
        "author": {
          "gitId": "zhengweii"
        },
        "content": "        } else {"
      },
      {
        "lineNumber": 40,
        "author": {
          "gitId": "zhengweii"
        },
        "content": "            System.out.println(\"Here are the tasks in your list:\");"
      },
      {
        "lineNumber": 41,
        "author": {
          "gitId": "zhengweii"
        },
        "content": "            for (int i \u003d 0; i \u003c this.database.size(); i++) {"
      },
      {
        "lineNumber": 42,
        "author": {
          "gitId": "zhengweii"
        },
        "content": "                System.out.println((i + 1) + \". \" + this.database.get(i));"
      },
      {
        "lineNumber": 43,
        "author": {
          "gitId": "zhengweii"
        },
        "content": "            }"
      },
      {
        "lineNumber": 44,
        "author": {
          "gitId": "zhengweii"
        },
        "content": "        }"
      },
      {
        "lineNumber": 45,
        "author": {
          "gitId": "zhengweii"
        },
        "content": "    }"
      },
      {
        "lineNumber": 46,
        "author": {
          "gitId": "zhengweii"
        },
        "content": ""
      },
      {
        "lineNumber": 47,
        "author": {
          "gitId": "zhengweii"
        },
        "content": "    public void onDeadlineCommand(Scanner sc) {"
      },
      {
        "lineNumber": 48,
        "author": {
          "gitId": "zhengweii"
        },
        "content": "        String toParse \u003d sc.nextLine();"
      },
      {
        "lineNumber": 49,
        "author": {
          "gitId": "zhengweii"
        },
        "content": ""
      },
      {
        "lineNumber": 50,
        "author": {
          "gitId": "zhengweii"
        },
        "content": "        if (!toParse.equals(\"\")) {"
      },
      {
        "lineNumber": 51,
        "author": {
          "gitId": "zhengweii"
        },
        "content": "            try {"
      },
      {
        "lineNumber": 52,
        "author": {
          "gitId": "zhengweii"
        },
        "content": "                String[] parsed \u003d toParse.split(\"/by \");"
      },
      {
        "lineNumber": 53,
        "author": {
          "gitId": "zhengweii"
        },
        "content": "                if (parsed.length \u003d\u003d 1) {"
      },
      {
        "lineNumber": 54,
        "author": {
          "gitId": "zhengweii"
        },
        "content": "                    throw new Exception(\"Please input the deadline in a valid format\");"
      },
      {
        "lineNumber": 55,
        "author": {
          "gitId": "zhengweii"
        },
        "content": "                } else {"
      },
      {
        "lineNumber": 56,
        "author": {
          "gitId": "zhengweii"
        },
        "content": "                    String[] dateTime \u003d parsed[1].trim().split(\" \");"
      },
      {
        "lineNumber": 57,
        "author": {
          "gitId": "zhengweii"
        },
        "content": "                    Deadline deadline \u003d new Deadline(parsed[0].trim(), dateTime[0], dateTime[1]);"
      },
      {
        "lineNumber": 58,
        "author": {
          "gitId": "zhengweii"
        },
        "content": "                    add(deadline);"
      },
      {
        "lineNumber": 59,
        "author": {
          "gitId": "zhengweii"
        },
        "content": "                }"
      },
      {
        "lineNumber": 60,
        "author": {
          "gitId": "zhengweii"
        },
        "content": "            } catch (Exception e) {"
      },
      {
        "lineNumber": 61,
        "author": {
          "gitId": "zhengweii"
        },
        "content": "                System.out.println(e.getMessage());"
      },
      {
        "lineNumber": 62,
        "author": {
          "gitId": "zhengweii"
        },
        "content": "            }"
      },
      {
        "lineNumber": 63,
        "author": {
          "gitId": "zhengweii"
        },
        "content": "        } else {"
      },
      {
        "lineNumber": 64,
        "author": {
          "gitId": "zhengweii"
        },
        "content": "            System.out.println(\"Task description and deadline cannot be empty\");"
      },
      {
        "lineNumber": 65,
        "author": {
          "gitId": "zhengweii"
        },
        "content": "        }"
      },
      {
        "lineNumber": 66,
        "author": {
          "gitId": "zhengweii"
        },
        "content": "    }"
      },
      {
        "lineNumber": 67,
        "author": {
          "gitId": "zhengweii"
        },
        "content": ""
      },
      {
        "lineNumber": 68,
        "author": {
          "gitId": "zhengweii"
        },
        "content": "    public void onDeleteCommand(Scanner sc) {"
      },
      {
        "lineNumber": 69,
        "author": {
          "gitId": "zhengweii"
        },
        "content": "        if (this.database.size() \u003d\u003d 0) {"
      },
      {
        "lineNumber": 70,
        "author": {
          "gitId": "zhengweii"
        },
        "content": "            System.out.println(\"There are no tasks in the database to delete\");"
      },
      {
        "lineNumber": 71,
        "author": {
          "gitId": "zhengweii"
        },
        "content": "        } else {"
      },
      {
        "lineNumber": 72,
        "author": {
          "gitId": "zhengweii"
        },
        "content": "            try {"
      },
      {
        "lineNumber": 73,
        "author": {
          "gitId": "zhengweii"
        },
        "content": "                int index \u003d sc.nextInt();"
      },
      {
        "lineNumber": 74,
        "author": {
          "gitId": "zhengweii"
        },
        "content": ""
      },
      {
        "lineNumber": 75,
        "author": {
          "gitId": "zhengweii"
        },
        "content": "                if (index \u003e this.database.size()) {"
      },
      {
        "lineNumber": 76,
        "author": {
          "gitId": "zhengweii"
        },
        "content": "                    throw new Exception(\"Index cannot be greater than size of database\");"
      },
      {
        "lineNumber": 77,
        "author": {
          "gitId": "zhengweii"
        },
        "content": "                }"
      },
      {
        "lineNumber": 78,
        "author": {
          "gitId": "zhengweii"
        },
        "content": ""
      },
      {
        "lineNumber": 79,
        "author": {
          "gitId": "zhengweii"
        },
        "content": "                Task removedTask \u003d this.database.remove(index - 1);"
      },
      {
        "lineNumber": 80,
        "author": {
          "gitId": "zhengweii"
        },
        "content": "                System.out.println(\"Noted! I have removed this task:\");"
      },
      {
        "lineNumber": 81,
        "author": {
          "gitId": "zhengweii"
        },
        "content": "                System.out.println(removedTask);"
      },
      {
        "lineNumber": 82,
        "author": {
          "gitId": "zhengweii"
        },
        "content": "                System.out.println(\"Now you have \" + this.database.size() + \" tasks in your list\");"
      },
      {
        "lineNumber": 83,
        "author": {
          "gitId": "zhengweii"
        },
        "content": "            } catch (InputMismatchException e) {"
      },
      {
        "lineNumber": 84,
        "author": {
          "gitId": "zhengweii"
        },
        "content": "                System.out.println(\"Index must be a number\");"
      },
      {
        "lineNumber": 85,
        "author": {
          "gitId": "zhengweii"
        },
        "content": "            } catch (Exception e) {"
      },
      {
        "lineNumber": 86,
        "author": {
          "gitId": "zhengweii"
        },
        "content": "                System.out.println(e.getMessage());"
      },
      {
        "lineNumber": 87,
        "author": {
          "gitId": "zhengweii"
        },
        "content": "            }"
      },
      {
        "lineNumber": 88,
        "author": {
          "gitId": "zhengweii"
        },
        "content": "        }"
      },
      {
        "lineNumber": 89,
        "author": {
          "gitId": "zhengweii"
        },
        "content": ""
      },
      {
        "lineNumber": 90,
        "author": {
          "gitId": "zhengweii"
        },
        "content": "        sc.nextLine();"
      },
      {
        "lineNumber": 91,
        "author": {
          "gitId": "zhengweii"
        },
        "content": "    }"
      },
      {
        "lineNumber": 92,
        "author": {
          "gitId": "zhengweii"
        },
        "content": ""
      },
      {
        "lineNumber": 93,
        "author": {
          "gitId": "zhengweii"
        },
        "content": "    public void onDoneCommand(Scanner sc) {"
      },
      {
        "lineNumber": 94,
        "author": {
          "gitId": "zhengweii"
        },
        "content": "        if (this.database.size() !\u003d 0) {"
      },
      {
        "lineNumber": 95,
        "author": {
          "gitId": "zhengweii"
        },
        "content": "            try {"
      },
      {
        "lineNumber": 96,
        "author": {
          "gitId": "zhengweii"
        },
        "content": "                int index \u003d sc.nextInt();"
      },
      {
        "lineNumber": 97,
        "author": {
          "gitId": "zhengweii"
        },
        "content": ""
      },
      {
        "lineNumber": 98,
        "author": {
          "gitId": "zhengweii"
        },
        "content": "                if (index \u003e this.database.size()) {"
      },
      {
        "lineNumber": 99,
        "author": {
          "gitId": "zhengweii"
        },
        "content": "                    throw new Exception(\"Index cannot be greater than size of database\");"
      },
      {
        "lineNumber": 100,
        "author": {
          "gitId": "zhengweii"
        },
        "content": "                }"
      },
      {
        "lineNumber": 101,
        "author": {
          "gitId": "zhengweii"
        },
        "content": ""
      },
      {
        "lineNumber": 102,
        "author": {
          "gitId": "zhengweii"
        },
        "content": "                this.database.get(index - 1).markAsDone();"
      },
      {
        "lineNumber": 103,
        "author": {
          "gitId": "zhengweii"
        },
        "content": "                System.out.println(\"Nice! I have marked this task as done!\");"
      },
      {
        "lineNumber": 104,
        "author": {
          "gitId": "zhengweii"
        },
        "content": "            } catch (InputMismatchException e) {"
      },
      {
        "lineNumber": 105,
        "author": {
          "gitId": "zhengweii"
        },
        "content": "                System.out.println(\"Index must be a number\");"
      },
      {
        "lineNumber": 106,
        "author": {
          "gitId": "zhengweii"
        },
        "content": "            } catch (Exception e) {"
      },
      {
        "lineNumber": 107,
        "author": {
          "gitId": "zhengweii"
        },
        "content": "                System.out.println(e.getMessage());"
      },
      {
        "lineNumber": 108,
        "author": {
          "gitId": "zhengweii"
        },
        "content": "            }"
      },
      {
        "lineNumber": 109,
        "author": {
          "gitId": "zhengweii"
        },
        "content": "        } else {"
      },
      {
        "lineNumber": 110,
        "author": {
          "gitId": "zhengweii"
        },
        "content": "            System.out.println(\"There are no tasks in the database to mark as done\");"
      },
      {
        "lineNumber": 111,
        "author": {
          "gitId": "zhengweii"
        },
        "content": "        }"
      },
      {
        "lineNumber": 112,
        "author": {
          "gitId": "zhengweii"
        },
        "content": ""
      },
      {
        "lineNumber": 113,
        "author": {
          "gitId": "zhengweii"
        },
        "content": "        sc.nextLine();"
      },
      {
        "lineNumber": 114,
        "author": {
          "gitId": "zhengweii"
        },
        "content": "    }"
      },
      {
        "lineNumber": 115,
        "author": {
          "gitId": "zhengweii"
        },
        "content": ""
      },
      {
        "lineNumber": 116,
        "author": {
          "gitId": "zhengweii"
        },
        "content": ""
      },
      {
        "lineNumber": 117,
        "author": {
          "gitId": "zhengweii"
        },
        "content": "    public void onEventCommand(Scanner sc) {"
      },
      {
        "lineNumber": 118,
        "author": {
          "gitId": "zhengweii"
        },
        "content": "        String toParse \u003d sc.nextLine();"
      },
      {
        "lineNumber": 119,
        "author": {
          "gitId": "zhengweii"
        },
        "content": ""
      },
      {
        "lineNumber": 120,
        "author": {
          "gitId": "zhengweii"
        },
        "content": "        if (!toParse.equals(\"\")) {"
      },
      {
        "lineNumber": 121,
        "author": {
          "gitId": "zhengweii"
        },
        "content": "            try {"
      },
      {
        "lineNumber": 122,
        "author": {
          "gitId": "zhengweii"
        },
        "content": "                String[] parsed \u003d toParse.split(\"/at \");"
      },
      {
        "lineNumber": 123,
        "author": {
          "gitId": "zhengweii"
        },
        "content": "                if (parsed.length \u003d\u003d 1) {"
      },
      {
        "lineNumber": 124,
        "author": {
          "gitId": "zhengweii"
        },
        "content": "                    throw new Exception(\"Please input the start and end timing in a valid format\");"
      },
      {
        "lineNumber": 125,
        "author": {
          "gitId": "zhengweii"
        },
        "content": "                } else {"
      },
      {
        "lineNumber": 126,
        "author": {
          "gitId": "zhengweii"
        },
        "content": "                    String[] dateTime \u003d parsed[1].trim().split(\" \");"
      },
      {
        "lineNumber": 127,
        "author": {
          "gitId": "zhengweii"
        },
        "content": "                    Event event \u003d new Event(parsed[0].trim(), dateTime[0], dateTime[1]);"
      },
      {
        "lineNumber": 128,
        "author": {
          "gitId": "zhengweii"
        },
        "content": "                    add(event);"
      },
      {
        "lineNumber": 129,
        "author": {
          "gitId": "zhengweii"
        },
        "content": "                }"
      },
      {
        "lineNumber": 130,
        "author": {
          "gitId": "zhengweii"
        },
        "content": "            } catch (Exception e) {"
      },
      {
        "lineNumber": 131,
        "author": {
          "gitId": "zhengweii"
        },
        "content": "                System.out.println(e.getMessage());"
      },
      {
        "lineNumber": 132,
        "author": {
          "gitId": "zhengweii"
        },
        "content": "            }"
      },
      {
        "lineNumber": 133,
        "author": {
          "gitId": "zhengweii"
        },
        "content": "        } else {"
      },
      {
        "lineNumber": 134,
        "author": {
          "gitId": "zhengweii"
        },
        "content": "            System.out.println(\"Task description, start time and end time cannot be empty\");"
      },
      {
        "lineNumber": 135,
        "author": {
          "gitId": "zhengweii"
        },
        "content": "        }"
      },
      {
        "lineNumber": 136,
        "author": {
          "gitId": "zhengweii"
        },
        "content": "    }"
      },
      {
        "lineNumber": 137,
        "author": {
          "gitId": "zhengweii"
        },
        "content": ""
      },
      {
        "lineNumber": 138,
        "author": {
          "gitId": "zhengweii"
        },
        "content": "    public void onToDoCommand(Scanner sc) {"
      },
      {
        "lineNumber": 139,
        "author": {
          "gitId": "zhengweii"
        },
        "content": "        String description \u003d sc.nextLine();"
      },
      {
        "lineNumber": 140,
        "author": {
          "gitId": "zhengweii"
        },
        "content": ""
      },
      {
        "lineNumber": 141,
        "author": {
          "gitId": "zhengweii"
        },
        "content": "        if (description.equals(\"\")) {"
      },
      {
        "lineNumber": 142,
        "author": {
          "gitId": "zhengweii"
        },
        "content": "            try {"
      },
      {
        "lineNumber": 143,
        "author": {
          "gitId": "zhengweii"
        },
        "content": "                throw new WishException(\"The description of a todo cannot be empty\");"
      },
      {
        "lineNumber": 144,
        "author": {
          "gitId": "zhengweii"
        },
        "content": "            } catch (WishException e) {"
      },
      {
        "lineNumber": 145,
        "author": {
          "gitId": "zhengweii"
        },
        "content": "                System.out.println(e.getMessage());"
      },
      {
        "lineNumber": 146,
        "author": {
          "gitId": "zhengweii"
        },
        "content": "            }"
      },
      {
        "lineNumber": 147,
        "author": {
          "gitId": "zhengweii"
        },
        "content": "        } else {"
      },
      {
        "lineNumber": 148,
        "author": {
          "gitId": "zhengweii"
        },
        "content": "            ToDo toDo \u003d new ToDo(description.trim());"
      },
      {
        "lineNumber": 149,
        "author": {
          "gitId": "zhengweii"
        },
        "content": "            this.add(toDo);"
      },
      {
        "lineNumber": 150,
        "author": {
          "gitId": "zhengweii"
        },
        "content": "        }"
      },
      {
        "lineNumber": 151,
        "author": {
          "gitId": "zhengweii"
        },
        "content": "    }"
      },
      {
        "lineNumber": 152,
        "author": {
          "gitId": "zhengweii"
        },
        "content": ""
      },
      {
        "lineNumber": 153,
        "author": {
          "gitId": "zhengweii"
        },
        "content": "    public void noSuchCommand() {"
      },
      {
        "lineNumber": 154,
        "author": {
          "gitId": "zhengweii"
        },
        "content": "        try {"
      },
      {
        "lineNumber": 155,
        "author": {
          "gitId": "zhengweii"
        },
        "content": "            throw new WishException(\"Oops! I am sorry but I don\u0027t understand what that means\");"
      },
      {
        "lineNumber": 156,
        "author": {
          "gitId": "zhengweii"
        },
        "content": "        } catch (WishException e) {"
      },
      {
        "lineNumber": 157,
        "author": {
          "gitId": "zhengweii"
        },
        "content": "            System.out.println(e.getMessage());"
      },
      {
        "lineNumber": 158,
        "author": {
          "gitId": "zhengweii"
        },
        "content": "        }"
      },
      {
        "lineNumber": 159,
        "author": {
          "gitId": "zhengweii"
        },
        "content": "    }"
      },
      {
        "lineNumber": 160,
        "author": {
          "gitId": "zhengweii"
        },
        "content": ""
      },
      {
        "lineNumber": 161,
        "author": {
          "gitId": "zhengweii"
        },
        "content": "}"
      }
    ],
    "authorContributionMap": {
      "zhengweii": 161
    }
  },
  {
    "path": "src/main/java/ToDo.java",
    "fileType": "java",
    "lines": [
      {
        "lineNumber": 1,
        "author": {
          "gitId": "zhengweii"
        },
        "content": "public class ToDo extends Task {"
      },
      {
        "lineNumber": 2,
        "author": {
          "gitId": "zhengweii"
        },
        "content": "    ToDo(String description) {"
      },
      {
        "lineNumber": 3,
        "author": {
          "gitId": "zhengweii"
        },
        "content": "        super(description);"
      },
      {
        "lineNumber": 4,
        "author": {
          "gitId": "zhengweii"
        },
        "content": "    }"
      },
      {
        "lineNumber": 5,
        "author": {
          "gitId": "zhengweii"
        },
        "content": ""
      },
      {
        "lineNumber": 6,
        "author": {
          "gitId": "zhengweii"
        },
        "content": "    ToDo(String description, boolean isDone) {"
      },
      {
        "lineNumber": 7,
        "author": {
          "gitId": "zhengweii"
        },
        "content": "      super(description, isDone);"
      },
      {
        "lineNumber": 8,
        "author": {
          "gitId": "zhengweii"
        },
        "content": "    }"
      },
      {
        "lineNumber": 9,
        "author": {
          "gitId": "zhengweii"
        },
        "content": ""
      },
      {
        "lineNumber": 10,
        "author": {
          "gitId": "zhengweii"
        },
        "content": "    @Override"
      },
      {
        "lineNumber": 11,
        "author": {
          "gitId": "zhengweii"
        },
        "content": "    public String toString() {"
      },
      {
        "lineNumber": 12,
        "author": {
          "gitId": "zhengweii"
        },
        "content": "        return \"[T]\" + super.toString();"
      },
      {
        "lineNumber": 13,
        "author": {
          "gitId": "zhengweii"
        },
        "content": "    }"
      },
      {
        "lineNumber": 14,
        "author": {
          "gitId": "zhengweii"
        },
        "content": "}"
      }
    ],
    "authorContributionMap": {
      "zhengweii": 14
    }
  },
  {
    "path": "src/main/java/Ui.java",
    "fileType": "java",
    "lines": [
      {
        "lineNumber": 1,
        "author": {
          "gitId": "zhengweii"
        },
        "content": "import java.util.Scanner;"
      },
      {
        "lineNumber": 2,
        "author": {
          "gitId": "zhengweii"
        },
        "content": ""
      },
      {
        "lineNumber": 3,
        "author": {
          "gitId": "zhengweii"
        },
        "content": "public class Ui {"
      },
      {
        "lineNumber": 4,
        "author": {
          "gitId": "zhengweii"
        },
        "content": "    private Parser parser;"
      },
      {
        "lineNumber": 5,
        "author": {
          "gitId": "zhengweii"
        },
        "content": ""
      },
      {
        "lineNumber": 6,
        "author": {
          "gitId": "zhengweii"
        },
        "content": "    Ui() {"
      },
      {
        "lineNumber": 7,
        "author": {
          "gitId": "zhengweii"
        },
        "content": "        this.parser \u003d new Parser();"
      },
      {
        "lineNumber": 8,
        "author": {
          "gitId": "zhengweii"
        },
        "content": "    }"
      },
      {
        "lineNumber": 9,
        "author": {
          "gitId": "zhengweii"
        },
        "content": ""
      },
      {
        "lineNumber": 10,
        "author": {
          "gitId": "zhengweii"
        },
        "content": "    public void greet() {"
      },
      {
        "lineNumber": 11,
        "author": {
          "gitId": "zhengweii"
        },
        "content": "        System.out.println(\"Hello! I am Wish\\n\" + \"What can I do for you?\");"
      },
      {
        "lineNumber": 12,
        "author": {
          "gitId": "zhengweii"
        },
        "content": "    }"
      },
      {
        "lineNumber": 13,
        "author": {
          "gitId": "zhengweii"
        },
        "content": ""
      },
      {
        "lineNumber": 14,
        "author": {
          "gitId": "zhengweii"
        },
        "content": "    public void getUserInput() throws WishException {"
      },
      {
        "lineNumber": 15,
        "author": {
          "gitId": "zhengweii"
        },
        "content": "        Scanner sc \u003d new Scanner(System.in);"
      },
      {
        "lineNumber": 16,
        "author": {
          "gitId": "zhengweii"
        },
        "content": "        String command \u003d sc.next();"
      },
      {
        "lineNumber": 17,
        "author": {
          "gitId": "zhengweii"
        },
        "content": ""
      },
      {
        "lineNumber": 18,
        "author": {
          "gitId": "zhengweii"
        },
        "content": "        while (true) {"
      },
      {
        "lineNumber": 19,
        "author": {
          "gitId": "zhengweii"
        },
        "content": "            this.parser.parseCommands(command, sc);"
      },
      {
        "lineNumber": 20,
        "author": {
          "gitId": "zhengweii"
        },
        "content": "            command \u003d sc.next();"
      },
      {
        "lineNumber": 21,
        "author": {
          "gitId": "zhengweii"
        },
        "content": "        }"
      },
      {
        "lineNumber": 22,
        "author": {
          "gitId": "zhengweii"
        },
        "content": "    }"
      },
      {
        "lineNumber": 23,
        "author": {
          "gitId": "zhengweii"
        },
        "content": "}"
      }
    ],
    "authorContributionMap": {
      "zhengweii": 23
    }
  },
  {
    "path": "src/main/java/Wish.java",
    "fileType": "java",
    "lines": [
      {
        "lineNumber": 1,
        "author": {
          "gitId": "zhengweii"
        },
        "content": "public class Wish {"
      },
      {
        "lineNumber": 2,
        "author": {
          "gitId": "zhengweii"
        },
        "content": "    private Ui ui;"
      },
      {
        "lineNumber": 3,
        "author": {
          "gitId": "zhengweii"
        },
        "content": ""
      },
      {
        "lineNumber": 4,
        "author": {
          "gitId": "zhengweii"
        },
        "content": "    public static void main(String[] args) {"
      },
      {
        "lineNumber": 5,
        "author": {
          "gitId": "zhengweii"
        },
        "content": "        new Wish().run();"
      },
      {
        "lineNumber": 6,
        "author": {
          "gitId": "zhengweii"
        },
        "content": "    }"
      },
      {
        "lineNumber": 7,
        "author": {
          "gitId": "zhengweii"
        },
        "content": ""
      },
      {
        "lineNumber": 8,
        "author": {
          "gitId": "zhengweii"
        },
        "content": "    private void run() {"
      },
      {
        "lineNumber": 9,
        "author": {
          "gitId": "zhengweii"
        },
        "content": "        this.ui \u003d new Ui();"
      },
      {
        "lineNumber": 10,
        "author": {
          "gitId": "zhengweii"
        },
        "content": ""
      },
      {
        "lineNumber": 11,
        "author": {
          "gitId": "zhengweii"
        },
        "content": "        try {"
      },
      {
        "lineNumber": 12,
        "author": {
          "gitId": "zhengweii"
        },
        "content": "            ui.greet();"
      },
      {
        "lineNumber": 13,
        "author": {
          "gitId": "zhengweii"
        },
        "content": "            ui.getUserInput();"
      },
      {
        "lineNumber": 14,
        "author": {
          "gitId": "zhengweii"
        },
        "content": "        } catch (WishException e) {"
      },
      {
        "lineNumber": 15,
        "author": {
          "gitId": "zhengweii"
        },
        "content": "            System.out.println(e.getMessage());"
      },
      {
        "lineNumber": 16,
        "author": {
          "gitId": "zhengweii"
        },
        "content": "        }"
      },
      {
        "lineNumber": 17,
        "author": {
          "gitId": "zhengweii"
        },
        "content": "    }"
      },
      {
        "lineNumber": 18,
        "author": {
          "gitId": "zhengweii"
        },
        "content": "}"
      }
    ],
    "authorContributionMap": {
      "zhengweii": 18
    }
  },
  {
    "path": "src/main/java/WishException.java",
    "fileType": "java",
    "lines": [
      {
        "lineNumber": 1,
        "author": {
          "gitId": "zhengweii"
        },
        "content": "public class WishException extends Exception {"
      },
      {
        "lineNumber": 2,
        "author": {
          "gitId": "zhengweii"
        },
        "content": "    public WishException(String message) {"
      },
      {
        "lineNumber": 3,
        "author": {
          "gitId": "zhengweii"
        },
        "content": "        super(message);"
      },
      {
        "lineNumber": 4,
        "author": {
          "gitId": "zhengweii"
        },
        "content": "    }"
      },
      {
        "lineNumber": 5,
        "author": {
          "gitId": "zhengweii"
        },
        "content": "}"
      }
    ],
    "authorContributionMap": {
      "zhengweii": 5
    }
  },
  {
    "path": "text-ui-test/input.txt",
    "fileType": "txt",
    "lines": [
      {
        "lineNumber": 1,
        "author": {
          "gitId": "zhengweii"
        },
        "content": "list"
      },
      {
        "lineNumber": 2,
        "author": {
          "gitId": "zhengweii"
        },
        "content": "done"
      },
      {
        "lineNumber": 3,
        "author": {
          "gitId": "zhengweii"
        },
        "content": "done string"
      },
      {
        "lineNumber": 4,
        "author": {
          "gitId": "zhengweii"
        },
        "content": "done 5"
      },
      {
        "lineNumber": 5,
        "author": {
          "gitId": "zhengweii"
        },
        "content": "todo"
      },
      {
        "lineNumber": 6,
        "author": {
          "gitId": "zhengweii"
        },
        "content": "todo borrow book"
      },
      {
        "lineNumber": 7,
        "author": {
          "gitId": "zhengweii"
        },
        "content": "deadline"
      },
      {
        "lineNumber": 8,
        "author": {
          "gitId": "zhengweii"
        },
        "content": "deadline IP"
      },
      {
        "lineNumber": 9,
        "author": {
          "gitId": "zhengweii"
        },
        "content": "deadline IP /at"
      },
      {
        "lineNumber": 10,
        "author": {
          "gitId": "zhengweii"
        },
        "content": "deadline IP /by today 2359"
      },
      {
        "lineNumber": 11,
        "author": {
          "gitId": "zhengweii"
        },
        "content": "event"
      },
      {
        "lineNumber": 12,
        "author": {
          "gitId": "zhengweii"
        },
        "content": "event project meeting"
      },
      {
        "lineNumber": 13,
        "author": {
          "gitId": "zhengweii"
        },
        "content": "event project meeting /at 2pm-4pm"
      },
      {
        "lineNumber": 14,
        "author": {
          "gitId": "zhengweii"
        },
        "content": "done string"
      },
      {
        "lineNumber": 15,
        "author": {
          "gitId": "zhengweii"
        },
        "content": "done 100"
      },
      {
        "lineNumber": 16,
        "author": {
          "gitId": "zhengweii"
        },
        "content": "done 1"
      },
      {
        "lineNumber": 17,
        "author": {
          "gitId": "zhengweii"
        },
        "content": "bye"
      }
    ],
    "authorContributionMap": {
      "zhengweii": 17
    }
  },
  {
    "path": "text-ui-test/runtest.sh",
    "fileType": "sh",
    "lines": [
      {
        "lineNumber": 1,
        "author": {
          "gitId": "-"
        },
        "content": "#!/usr/bin/env bash"
      },
      {
        "lineNumber": 2,
        "author": {
          "gitId": "-"
        },
        "content": ""
      },
      {
        "lineNumber": 3,
        "author": {
          "gitId": "-"
        },
        "content": "# create bin directory if it doesn\u0027t exist"
      },
      {
        "lineNumber": 4,
        "author": {
          "gitId": "-"
        },
        "content": "if [ ! -d \"../bin\" ]"
      },
      {
        "lineNumber": 5,
        "author": {
          "gitId": "-"
        },
        "content": "then"
      },
      {
        "lineNumber": 6,
        "author": {
          "gitId": "-"
        },
        "content": "    mkdir ../bin"
      },
      {
        "lineNumber": 7,
        "author": {
          "gitId": "-"
        },
        "content": "fi"
      },
      {
        "lineNumber": 8,
        "author": {
          "gitId": "-"
        },
        "content": ""
      },
      {
        "lineNumber": 9,
        "author": {
          "gitId": "-"
        },
        "content": "# delete output from previous run"
      },
      {
        "lineNumber": 10,
        "author": {
          "gitId": "-"
        },
        "content": "if [ -e \"./ACTUAL.TXT\" ]"
      },
      {
        "lineNumber": 11,
        "author": {
          "gitId": "-"
        },
        "content": "then"
      },
      {
        "lineNumber": 12,
        "author": {
          "gitId": "-"
        },
        "content": "    rm ACTUAL.TXT"
      },
      {
        "lineNumber": 13,
        "author": {
          "gitId": "-"
        },
        "content": "fi"
      },
      {
        "lineNumber": 14,
        "author": {
          "gitId": "-"
        },
        "content": ""
      },
      {
        "lineNumber": 15,
        "author": {
          "gitId": "-"
        },
        "content": "# compile the code into the bin folder, terminates if error occurred"
      },
      {
        "lineNumber": 16,
        "author": {
          "gitId": "zhengweii"
        },
        "content": "if ! javac -cp ../src -Xlint:none -d ../bin ../src/main/java/*.java"
      },
      {
        "lineNumber": 17,
        "author": {
          "gitId": "-"
        },
        "content": "then"
      },
      {
        "lineNumber": 18,
        "author": {
          "gitId": "-"
        },
        "content": "    echo \"********** BUILD FAILURE **********\""
      },
      {
        "lineNumber": 19,
        "author": {
          "gitId": "-"
        },
        "content": "    exit 1"
      },
      {
        "lineNumber": 20,
        "author": {
          "gitId": "-"
        },
        "content": "fi"
      },
      {
        "lineNumber": 21,
        "author": {
          "gitId": "-"
        },
        "content": ""
      },
      {
        "lineNumber": 22,
        "author": {
          "gitId": "-"
        },
        "content": "# run the program, feed commands from input.txt file and redirect the output to the ACTUAL.TXT"
      },
      {
        "lineNumber": 23,
        "author": {
          "gitId": "zhengweii"
        },
        "content": "java -classpath ../bin Wish \u003c input.txt \u003e ACTUAL.TXT"
      },
      {
        "lineNumber": 24,
        "author": {
          "gitId": "-"
        },
        "content": ""
      },
      {
        "lineNumber": 25,
        "author": {
          "gitId": "-"
        },
        "content": "# convert to UNIX format"
      },
      {
        "lineNumber": 26,
        "author": {
          "gitId": "-"
        },
        "content": "cp EXPECTED.TXT EXPECTED-UNIX.TXT"
      },
      {
        "lineNumber": 27,
        "author": {
          "gitId": "zhengweii"
        },
        "content": "# dos2unix ACTUAL.TXT EXPECTED-UNIX.TXT"
      },
      {
        "lineNumber": 28,
        "author": {
          "gitId": "-"
        },
        "content": ""
      },
      {
        "lineNumber": 29,
        "author": {
          "gitId": "-"
        },
        "content": "# compare the output to the expected output"
      },
      {
        "lineNumber": 30,
        "author": {
          "gitId": "-"
        },
        "content": "diff ACTUAL.TXT EXPECTED-UNIX.TXT"
      },
      {
        "lineNumber": 31,
        "author": {
          "gitId": "-"
        },
        "content": "if [ $? -eq 0 ]"
      },
      {
        "lineNumber": 32,
        "author": {
          "gitId": "-"
        },
        "content": "then"
      },
      {
        "lineNumber": 33,
        "author": {
          "gitId": "-"
        },
        "content": "    echo \"Test result: PASSED\""
      },
      {
        "lineNumber": 34,
        "author": {
          "gitId": "-"
        },
        "content": "    exit 0"
      },
      {
        "lineNumber": 35,
        "author": {
          "gitId": "-"
        },
        "content": "else"
      },
      {
        "lineNumber": 36,
        "author": {
          "gitId": "-"
        },
        "content": "    echo \"Test result: FAILED\""
      },
      {
        "lineNumber": 37,
        "author": {
          "gitId": "-"
        },
        "content": "    exit 1"
      },
      {
        "lineNumber": 38,
        "author": {
          "gitId": "-"
        },
        "content": "fi"
      }
    ],
    "authorContributionMap": {
      "zhengweii": 3,
      "-": 35
    }
  }
]
