{
  "authorDailyContributionsMap": {
    "raythx98": [
      {
        "date": "2020-08-20",
        "commitResults": [
          {
            "hash": "9e89fa9a917d0516b71a5690722b07aff9dbe8d4",
            "messageTitle": "Level-1",
            "messageBody": "",
            "tags": [
              "Level-1"
            ],
            "fileTypesAndContributionMap": {
              "java": {
                "insertions": 27,
                "deletions": 6
              }
            }
          },
          {
            "hash": "d42ec759a4c86308d1365ce27f0e564cf3266b85",
            "messageTitle": "Level-1 improved",
            "messageBody": "",
            "fileTypesAndContributionMap": {
              "java": {
                "insertions": 27,
                "deletions": 8
              }
            }
          },
          {
            "hash": "e7d1fb53a02fb1d880f51d2afd18a6eb3b5f1862",
            "messageTitle": "Level-2",
            "messageBody": "",
            "tags": [
              "Level-2"
            ],
            "fileTypesAndContributionMap": {
              "java": {
                "insertions": 17,
                "deletions": 5
              }
            }
          },
          {
            "hash": "bee2be606593e2f78ec9701d9a2ee2a67d3ab850",
            "messageTitle": "Level-3",
            "messageBody": "",
            "tags": [
              "Level-3"
            ],
            "fileTypesAndContributionMap": {
              "java": {
                "insertions": 81,
                "deletions": 20
              }
            }
          },
          {
            "hash": "9dfdc6c1758d418c0049f2c09872a1f1631b0437",
            "messageTitle": "Level-4",
            "messageBody": "",
            "tags": [
              "Level-4"
            ],
            "fileTypesAndContributionMap": {
              "java": {
                "insertions": 121,
                "deletions": 44
              }
            }
          },
          {
            "hash": "b982f3060b5b8ff2bf6555ec99c12e18c3b29cad",
            "messageTitle": "Level-5",
            "messageBody": "",
            "tags": [
              "Level-5"
            ],
            "fileTypesAndContributionMap": {
              "java": {
                "insertions": 41,
                "deletions": 23
              }
            }
          },
          {
            "hash": "f4a8e62bad4b671d5575016e8dfca29ec65d66ec",
            "messageTitle": "A-Enums",
            "messageBody": "",
            "tags": [
              "A-Enums"
            ],
            "fileTypesAndContributionMap": {
              "java": {
                "insertions": 29,
                "deletions": 15
              }
            }
          },
          {
            "hash": "cca22954968a8dc1eb6007dcb5071e0f9bdd7af1",
            "messageTitle": "Level-6.1",
            "messageBody": "",
            "fileTypesAndContributionMap": {
              "java": {
                "insertions": 30,
                "deletions": 30
              }
            }
          },
          {
            "hash": "a9abea0aa88e9e80c8da6d4cfefbc2210638f09a",
            "messageTitle": "A-TextUiTesting",
            "messageBody": "",
            "tags": [
              "A-TextUiTesting"
            ],
            "fileTypesAndContributionMap": {
              "txt": {
                "insertions": 5,
                "deletions": 0
              },
              "java": {
                "insertions": 57,
                "deletions": 2
              },
              "bat": {
                "insertions": 3,
                "deletions": 1
              },
              "md": {
                "insertions": 0,
                "deletions": 35
              }
            }
          },
          {
            "hash": "4a1b73278da49a4f7352186e7fe1e085ebf9a242",
            "messageTitle": "Level-6.2",
            "messageBody": "",
            "tags": [
              "Level-6"
            ],
            "fileTypesAndContributionMap": {
              "txt": {
                "insertions": 19,
                "deletions": 2
              },
              "java": {
                "insertions": 44,
                "deletions": 28
              }
            }
          }
        ]
      },
      {
        "date": "2020-08-21",
        "commitResults": [
          {
            "hash": "799f53212c1050547c935ae7880ea509f0a0bfff",
            "messageTitle": "Level-6.3",
            "messageBody": "",
            "fileTypesAndContributionMap": {
              "java": {
                "insertions": 92,
                "deletions": 50
              }
            }
          }
        ]
      },
      {
        "date": "2020-08-25",
        "commitResults": [
          {
            "hash": "a8cbafec111eebe7a507a6dc035ea1689b04bf83",
            "messageTitle": "Add some changes",
            "messageBody": "Test changes\n",
            "fileTypesAndContributionMap": {
              "java": {
                "insertions": 1,
                "deletions": 1
              }
            }
          }
        ]
      },
      {
        "date": "2020-08-26",
        "commitResults": [
          {
            "hash": "33e61b4e2fceaec6f9524f325366f77a91cedd89",
            "messageTitle": "Level-7",
            "messageBody": "Add save feature\n",
            "tags": [
              "Level-7"
            ],
            "fileTypesAndContributionMap": {
              "txt": {
                "insertions": 3,
                "deletions": 0
              },
              "java": {
                "insertions": 205,
                "deletions": 18
              }
            }
          },
          {
            "hash": "af53dfce10ce97a07cffa17b20521b647c62c9dc",
            "messageTitle": "Add date and time format",
            "messageBody": "Date and time is handled as a string.\n\nAdded the LocalDate and LocalTime class so Duke is able to parse and evaluate time\n",
            "tags": [
              "Level-8"
            ],
            "fileTypesAndContributionMap": {
              "txt": {
                "insertions": 3,
                "deletions": 3
              },
              "java": {
                "insertions": 92,
                "deletions": 28
              }
            }
          },
          {
            "hash": "74922109a74471e5092abe754a29e3e915cf11fb",
            "messageTitle": "Add more OOP",
            "messageBody": "Current implementation floods the Duke class\n\nLet\u0027s use more OOP to structure our code better!\n",
            "tags": [
              "A-MoreOOP"
            ],
            "fileTypesAndContributionMap": {
              "java": {
                "insertions": 188,
                "deletions": 161
              },
              "bat": {
                "insertions": 2,
                "deletions": 0
              }
            }
          },
          {
            "hash": "caf9655b0cfcedb09ef4e0c66efcd4fcfe43753a",
            "messageTitle": "Improve OOP",
            "messageBody": "",
            "fileTypesAndContributionMap": {
              "java": {
                "insertions": 99,
                "deletions": 48
              }
            }
          },
          {
            "hash": "5c1d5e76ee580ec270610d6c62273cdfad09b747",
            "messageTitle": "Add package to all classes",
            "messageBody": "",
            "tags": [
              "A-Packages"
            ],
            "fileTypesAndContributionMap": {
              "java": {
                "insertions": 50,
                "deletions": 2
              }
            }
          },
          {
            "hash": "962599e8f2050562a6b140837caf5454b5a61606",
            "messageTitle": "Add JUnit test",
            "messageBody": "",
            "tags": [
              "A-JUnit"
            ],
            "fileTypesAndContributionMap": {
              "java": {
                "insertions": 111,
                "deletions": 2
              }
            }
          },
          {
            "hash": "5979df7b332697c4ab1a0c1f28637e7132410c03",
            "messageTitle": "Add javadocs",
            "messageBody": "",
            "tags": [
              "A-JavaDoc"
            ],
            "fileTypesAndContributionMap": {
              "java": {
                "insertions": 100,
                "deletions": 6
              }
            }
          },
          {
            "hash": "eeba73fe64e796d56d549a86e8a1c47826a01030",
            "messageTitle": "Change according to Java Coding Standard",
            "messageBody": "",
            "tags": [
              "A-CodingStandard"
            ],
            "fileTypesAndContributionMap": {
              "java": {
                "insertions": 126,
                "deletions": 105
              }
            }
          },
          {
            "hash": "0779df91b2bc5def0b9a301c1f66b0e178d0562c",
            "messageTitle": "add Find feature",
            "messageBody": "",
            "tags": [
              "Level-9"
            ],
            "fileTypesAndContributionMap": {
              "java": {
                "insertions": 30,
                "deletions": 1
              }
            }
          }
        ]
      },
      {
        "date": "2020-08-27",
        "commitResults": [
          {
            "hash": "59c347fa012b4fe301e6800d1e6720bed604e0be",
            "messageTitle": "fix minor bugs",
            "messageBody": "",
            "fileTypesAndContributionMap": {
              "txt": {
                "insertions": 4,
                "deletions": 0
              },
              "java": {
                "insertions": 182,
                "deletions": 265
              }
            }
          },
          {
            "hash": "0b240262fa93e4095f147f2d32b7514703e03c30",
            "messageTitle": "Add missing branch",
            "messageBody": "",
            "fileTypesAndContributionMap": {
              "java": {
                "insertions": 0,
                "deletions": 1
              }
            }
          },
          {
            "hash": "cb9be727250c8e48d4f447ec612de99059153607",
            "messageTitle": "Add missing branch",
            "messageBody": "",
            "fileTypesAndContributionMap": {
              "java": {
                "insertions": 0,
                "deletions": 2
              }
            }
          }
        ]
      }
    ]
  },
  "authorFileTypeContributionMap": {
    "raythx98": {
      "java": 901,
      "md": 0,
      "fxml": 0,
      "sh": 0,
      "bat": 5,
      "gradle": 0,
      "txt": 29
    }
  },
  "authorContributionVariance": {
    "raythx98": 152590.92
  },
  "authorDisplayNameMap": {
    "raythx98": "CS2103T-T17-3 TOH ..XIAN"
  }
}
