{
  "authorDailyContributionsMap": {
    "raythx98": [
      {
        "date": "2020-08-20",
        "commitResults": [
          {
            "hash": "9e89fa9a917d0516b71a5690722b07aff9dbe8d4",
            "messageTitle": "Level-1",
            "messageBody": "",
            "tags": [
              "Level-1"
            ],
            "fileTypesAndContributionMap": {
              "java": {
                "insertions": 27,
                "deletions": 6
              }
            }
          },
          {
            "hash": "d42ec759a4c86308d1365ce27f0e564cf3266b85",
            "messageTitle": "Level-1 improved",
            "messageBody": "",
            "fileTypesAndContributionMap": {
              "java": {
                "insertions": 27,
                "deletions": 8
              }
            }
          },
          {
            "hash": "e7d1fb53a02fb1d880f51d2afd18a6eb3b5f1862",
            "messageTitle": "Level-2",
            "messageBody": "",
            "tags": [
              "Level-2"
            ],
            "fileTypesAndContributionMap": {
              "java": {
                "insertions": 17,
                "deletions": 5
              }
            }
          },
          {
            "hash": "bee2be606593e2f78ec9701d9a2ee2a67d3ab850",
            "messageTitle": "Level-3",
            "messageBody": "",
            "tags": [
              "Level-3"
            ],
            "fileTypesAndContributionMap": {
              "java": {
                "insertions": 81,
                "deletions": 20
              }
            }
          },
          {
            "hash": "9dfdc6c1758d418c0049f2c09872a1f1631b0437",
            "messageTitle": "Level-4",
            "messageBody": "",
            "tags": [
              "Level-4"
            ],
            "fileTypesAndContributionMap": {
              "java": {
                "insertions": 121,
                "deletions": 44
              }
            }
          },
          {
            "hash": "b982f3060b5b8ff2bf6555ec99c12e18c3b29cad",
            "messageTitle": "Level-5",
            "messageBody": "",
            "tags": [
              "Level-5"
            ],
            "fileTypesAndContributionMap": {
              "java": {
                "insertions": 41,
                "deletions": 23
              }
            }
          },
          {
            "hash": "f4a8e62bad4b671d5575016e8dfca29ec65d66ec",
            "messageTitle": "A-Enums",
            "messageBody": "",
            "tags": [
              "A-Enums"
            ],
            "fileTypesAndContributionMap": {
              "java": {
                "insertions": 29,
                "deletions": 15
              }
            }
          },
          {
            "hash": "cca22954968a8dc1eb6007dcb5071e0f9bdd7af1",
            "messageTitle": "Level-6.1",
            "messageBody": "",
            "fileTypesAndContributionMap": {
              "java": {
                "insertions": 30,
                "deletions": 30
              }
            }
          },
          {
            "hash": "a9abea0aa88e9e80c8da6d4cfefbc2210638f09a",
            "messageTitle": "A-TextUiTesting",
            "messageBody": "",
            "tags": [
              "A-TextUiTesting"
            ],
            "fileTypesAndContributionMap": {
              "txt": {
                "insertions": 5,
                "deletions": 0
              },
              "java": {
                "insertions": 57,
                "deletions": 2
              },
              "bat": {
                "insertions": 3,
                "deletions": 1
              },
              "md": {
                "insertions": 0,
                "deletions": 35
              }
            }
          },
          {
            "hash": "4a1b73278da49a4f7352186e7fe1e085ebf9a242",
            "messageTitle": "Level-6.2",
            "messageBody": "",
            "tags": [
              "Level-6"
            ],
            "fileTypesAndContributionMap": {
              "txt": {
                "insertions": 19,
                "deletions": 2
              },
              "java": {
                "insertions": 44,
                "deletions": 28
              }
            }
          }
        ]
      },
      {
        "date": "2020-08-21",
        "commitResults": [
          {
            "hash": "799f53212c1050547c935ae7880ea509f0a0bfff",
            "messageTitle": "Level-6.3",
            "messageBody": "",
            "fileTypesAndContributionMap": {
              "java": {
                "insertions": 92,
                "deletions": 50
              }
            }
          }
        ]
      },
      {
        "date": "2020-08-25",
        "commitResults": [
          {
            "hash": "a8cbafec111eebe7a507a6dc035ea1689b04bf83",
            "messageTitle": "Add some changes",
            "messageBody": "Test changes\n",
            "fileTypesAndContributionMap": {
              "java": {
                "insertions": 1,
                "deletions": 1
              }
            }
          }
        ]
      },
      {
        "date": "2020-08-26",
        "commitResults": [
          {
            "hash": "33e61b4e2fceaec6f9524f325366f77a91cedd89",
            "messageTitle": "Level-7",
            "messageBody": "Add save feature\n",
            "tags": [
              "Level-7"
            ],
            "fileTypesAndContributionMap": {
              "txt": {
                "insertions": 3,
                "deletions": 0
              },
              "java": {
                "insertions": 205,
                "deletions": 18
              }
            }
          },
          {
            "hash": "af53dfce10ce97a07cffa17b20521b647c62c9dc",
            "messageTitle": "Add date and time format",
            "messageBody": "Date and time is handled as a string.\n\nAdded the LocalDate and LocalTime class so Duke is able to parse and evaluate time\n",
            "tags": [
              "Level-8"
            ],
            "fileTypesAndContributionMap": {
              "txt": {
                "insertions": 3,
                "deletions": 3
              },
              "java": {
                "insertions": 92,
                "deletions": 28
              }
            }
          },
          {
            "hash": "74922109a74471e5092abe754a29e3e915cf11fb",
            "messageTitle": "Add more OOP",
            "messageBody": "Current implementation floods the Duke class\n\nLet\u0027s use more OOP to structure our code better!\n",
            "tags": [
              "A-MoreOOP"
            ],
            "fileTypesAndContributionMap": {
              "java": {
                "insertions": 188,
                "deletions": 161
              },
              "bat": {
                "insertions": 2,
                "deletions": 0
              }
            }
          },
          {
            "hash": "caf9655b0cfcedb09ef4e0c66efcd4fcfe43753a",
            "messageTitle": "Improve OOP",
            "messageBody": "",
            "fileTypesAndContributionMap": {
              "java": {
                "insertions": 99,
                "deletions": 48
              }
            }
          },
          {
            "hash": "5c1d5e76ee580ec270610d6c62273cdfad09b747",
            "messageTitle": "Add package to all classes",
            "messageBody": "",
            "tags": [
              "A-Packages"
            ],
            "fileTypesAndContributionMap": {
              "java": {
                "insertions": 50,
                "deletions": 2
              }
            }
          },
          {
            "hash": "962599e8f2050562a6b140837caf5454b5a61606",
            "messageTitle": "Add JUnit test",
            "messageBody": "",
            "tags": [
              "A-JUnit"
            ],
            "fileTypesAndContributionMap": {
              "java": {
                "insertions": 111,
                "deletions": 2
              }
            }
          },
          {
            "hash": "5979df7b332697c4ab1a0c1f28637e7132410c03",
            "messageTitle": "Add javadocs",
            "messageBody": "",
            "tags": [
              "A-JavaDoc"
            ],
            "fileTypesAndContributionMap": {
              "java": {
                "insertions": 100,
                "deletions": 6
              }
            }
          },
          {
            "hash": "eeba73fe64e796d56d549a86e8a1c47826a01030",
            "messageTitle": "Change according to Java Coding Standard",
            "messageBody": "",
            "tags": [
              "A-CodingStandard"
            ],
            "fileTypesAndContributionMap": {
              "java": {
                "insertions": 126,
                "deletions": 105
              }
            }
          },
          {
            "hash": "0779df91b2bc5def0b9a301c1f66b0e178d0562c",
            "messageTitle": "add Find feature",
            "messageBody": "",
            "tags": [
              "Level-9"
            ],
            "fileTypesAndContributionMap": {
              "java": {
                "insertions": 30,
                "deletions": 1
              }
            }
          }
        ]
      },
      {
        "date": "2020-08-27",
        "commitResults": [
          {
            "hash": "59c347fa012b4fe301e6800d1e6720bed604e0be",
            "messageTitle": "fix minor bugs",
            "messageBody": "",
            "fileTypesAndContributionMap": {
              "txt": {
                "insertions": 4,
                "deletions": 0
              },
              "java": {
                "insertions": 182,
                "deletions": 265
              }
            }
          },
          {
            "hash": "0b240262fa93e4095f147f2d32b7514703e03c30",
            "messageTitle": "Add missing branch",
            "messageBody": "",
            "fileTypesAndContributionMap": {
              "java": {
                "insertions": 0,
                "deletions": 1
              }
            }
          },
          {
            "hash": "cb9be727250c8e48d4f447ec612de99059153607",
            "messageTitle": "Add missing branch",
            "messageBody": "",
            "fileTypesAndContributionMap": {
              "java": {
                "insertions": 0,
                "deletions": 2
              }
            }
          }
        ]
      },
      {
        "date": "2020-08-29",
        "commitResults": [
          {
            "hash": "706ba28926c04989cb0650c4d1d7ef47a66291db",
            "messageTitle": "add changes",
            "messageBody": "",
            "fileTypesAndContributionMap": {
              "java": {
                "insertions": 2,
                "deletions": 0
              }
            }
          },
          {
            "hash": "d3f3cfe0800b48b2ebfabb250e9daf67f911b29c",
            "messageTitle": "Add changes",
            "messageBody": "",
            "fileTypesAndContributionMap": {
              "java": {
                "insertions": 1,
                "deletions": 0
              }
            }
          }
        ]
      },
      {
        "date": "2020-08-30",
        "commitResults": [
          {
            "hash": "c2e4ce30ae4d17b50318ea44a5b7fc815a894452",
            "messageTitle": "Add files to support checkstyle",
            "messageBody": "",
            "tags": [
              "A-CheckStyle"
            ],
            "fileTypesAndContributionMap": {
              "gradle": {
                "insertions": 2,
                "deletions": 2
              },
              "java": {
                "insertions": 6,
                "deletions": 9
              }
            }
          }
        ]
      },
      {
        "date": "2020-08-31",
        "commitResults": [
          {
            "hash": "1af9c462785a66822f7b4781f972f2c6e2f6587b",
            "messageTitle": "Add varargs to handle multiple arguments",
            "messageBody": "",
            "tags": [
              "A-Varargs"
            ],
            "fileTypesAndContributionMap": {
              "txt": {
                "insertions": 3,
                "deletions": 3
              },
              "java": {
                "insertions": 49,
                "deletions": 28
              }
            }
          },
          {
            "hash": "934abf3779a077f7974bb01b727776c7b6713f08",
            "messageTitle": "Add files to support checkstyle",
            "messageBody": "",
            "fileTypesAndContributionMap": {
              "gradle": {
                "insertions": 2,
                "deletions": 2
              },
              "java": {
                "insertions": 6,
                "deletions": 9
              }
            }
          },
          {
            "hash": "72e6e2b59bf3172ce5c342439f61e683dd94567d",
            "messageTitle": "Add varargs to handle multiple arguments",
            "messageBody": "",
            "fileTypesAndContributionMap": {
              "txt": {
                "insertions": 3,
                "deletions": 3
              },
              "java": {
                "insertions": 49,
                "deletions": 28
              }
            }
          },
          {
            "hash": "b89fd855fa0f53a9df981d73f4012ca128a64d15",
            "messageTitle": "Add changes to improve code quality",
            "messageBody": "",
            "fileTypesAndContributionMap": {
              "gradle": {
                "insertions": 3,
                "deletions": 0
              },
              "txt": {
                "insertions": 5,
                "deletions": 11
              },
              "java": {
                "insertions": 9,
                "deletions": 12
              },
              "bat": {
                "insertions": 1,
                "deletions": 1
              }
            }
          },
          {
            "hash": "469126008170dcdd0f3d930921a3cd3f6086680a",
            "messageTitle": "update runtest.bat to handle missing directory.",
            "messageBody": "The classpath specified in the .bat file is incorrect, and program does\nnot handle missing directory appropriately.\n\nUpdated the classpath of .bat file and handled missing directories.\n\nLet\u0027s update code to handle missing directory, and we will delete these directories everytime we start the .bat file.\n\nRefer to this discussion on handling missing directory:\nnus-cs2103-AY2021S1/forum#47\nnus-cs2103-AY2021S1/forum#121\n",
            "fileTypesAndContributionMap": {
              "txt": {
                "insertions": 310,
                "deletions": 0
              },
              "java": {
                "insertions": 19,
                "deletions": 0
              },
              "bat": {
                "insertions": 1,
                "deletions": 0
              }
            }
          }
        ]
      },
      {
        "date": "2020-09-02",
        "commitResults": [
          {
            "hash": "b4b16b49956d19947df573fe9352ca698cfe31da",
            "messageTitle": "update code for more OOP",
            "messageBody": "Current code has too much reuse of code.\n\nLet\u0027s update our code to abstract out more methods.\n",
            "fileTypesAndContributionMap": {
              "gradle": {
                "insertions": 1,
                "deletions": 1
              },
              "txt": {
                "insertions": 0,
                "deletions": 305
              },
              "java": {
                "insertions": 429,
                "deletions": 290
              },
              "bat": {
                "insertions": 1,
                "deletions": 1
              }
            }
          },
          {
            "hash": "5a28f541491d71943e5ab2211928c4a933a7e278",
            "messageTitle": "Include JavaFX",
            "messageBody": "Added files to implement the Graphic User Interface for Duke!\n\nLet\u0027s move on to GUI from CLI\n",
            "tags": [
              "Level-10"
            ],
            "fileTypesAndContributionMap": {
              "gradle": {
                "insertions": 15,
                "deletions": 0
              },
              "txt": {
                "insertions": 6,
                "deletions": 1
              },
              "fxml": {
                "insertions": 66,
                "deletions": 0
              },
              "java": {
                "insertions": 197,
                "deletions": 62
              }
            }
          },
          {
            "hash": "f9a0090c41b1267f4f17963ac930599e945b83ea",
            "messageTitle": "fix bug",
            "messageBody": "",
            "fileTypesAndContributionMap": {
              "txt": {
                "insertions": 3,
                "deletions": 1
              },
              "java": {
                "insertions": 12,
                "deletions": 113
              }
            }
          }
        ]
      },
      {
        "date": "2020-09-04",
        "commitResults": [
          {
            "hash": "2831af3a2593f085a64f8262f9534e45a0fc8a93",
            "messageTitle": "Add help command",
            "messageBody": "Added help command and other UI improvements, repackaged duke to grandma\n\nLet\u0027s rename our application to grandma!\n",
            "fileTypesAndContributionMap": {
              "gradle": {
                "insertions": 2,
                "deletions": 2
              },
              "txt": {
                "insertions": 3,
                "deletions": 2
              },
              "fxml": {
                "insertions": 1,
                "deletions": 1
              },
              "java": {
                "insertions": 402,
                "deletions": 218
              }
            }
          },
          {
            "hash": "465f5e553a472a65198d828d13c52f9993dd454c",
            "messageTitle": "Improve UI, code quality",
            "messageBody": "",
            "tags": [
              "v0.2"
            ],
            "fileTypesAndContributionMap": {
              "txt": {
                "insertions": 5,
                "deletions": 6
              },
              "java": {
                "insertions": 100,
                "deletions": 124
              }
            }
          }
        ]
      },
      {
        "date": "2020-09-09",
        "commitResults": [
          {
            "hash": "24c4db03aee8291ab78d0e15144f1f83aad272d4",
            "messageTitle": "Add and handle exceptions",
            "messageBody": "Added a myriad of exceptions to support grandma\n\nLet\u0027s start practising good exception catching practice!\n",
            "fileTypesAndContributionMap": {
              "java": {
                "insertions": 151,
                "deletions": 112
              }
            }
          },
          {
            "hash": "4ad46476bebd26887c78afd3f664d377d9e1708e",
            "messageTitle": "Add assertions",
            "messageBody": "Added assumptions in various points in the project using assertions\n\nLet\u0027s start using assertions toverify assymptions in our code\n",
            "tags": [
              "A-Assertions"
            ],
            "fileTypesAndContributionMap": {
              "txt": {
                "insertions": 3,
                "deletions": 2
              },
              "java": {
                "insertions": 22,
                "deletions": 12
              }
            }
          },
          {
            "hash": "dba2369620ed480fcba310d42788e3484eb8734f",
            "messageTitle": "Improve code quality",
            "messageBody": "Code is not adhering the Java Coding Standard.\n\nModified the project to adhere to the Java Coding Standard.\n\nLet\u0027s start practicing good java coding standard!\n",
            "tags": [
              "A-CodeQuality"
            ],
            "fileTypesAndContributionMap": {
              "java": {
                "insertions": 280,
                "deletions": 257
              }
            }
          },
          {
            "hash": "1bc3db36b5c4ee729ced160b1eaed9b48c23303a",
            "messageTitle": "Add tag feature",
            "messageBody": "Updated the project to support tagging using #{tag}\n",
            "tags": [
              "BCD-Extension"
            ],
            "fileTypesAndContributionMap": {
              "txt": {
                "insertions": 4,
                "deletions": 7
              },
              "java": {
                "insertions": 63,
                "deletions": 42
              }
            }
          }
        ]
      }
    ]
  },
  "authorFileTypeContributionMap": {
    "raythx98": {
      "java": 1479,
      "md": 0,
      "fxml": 66,
      "sh": 0,
      "bat": 6,
      "gradle": 21,
      "txt": 31
    }
  },
  "authorContributionVariance": {
    "raythx98": 195415.17
  },
  "authorDisplayNameMap": {
    "raythx98": "CS2103T-T17-3 TOH ..XIAN"
  }
}
