{
  "authorDailyContributionsMap": {
    "siangernlow": [
      {
        "date": "2020-08-16",
        "commitResults": [
          {
            "hash": "70855e1a9b28e8b287c2257d6119165c7e8fb652",
            "messageTitle": "Renamed Duke to TaskBot",
            "messageBody": "User input functionality is now handled in the Main class, while TaskBot has a class by itself which implements functionality required for Level-1.\n",
            "tags": [
              "Level-1"
            ],
            "fileTypesAndContributionMap": {
              "java": {
                "insertions": 93,
                "deletions": 10
              }
            }
          },
          {
            "hash": "06a75197cdf43ff97647c03c4effa3f6624b46f8",
            "messageTitle": "Added a class to handle tasks",
            "messageBody": "",
            "tags": [
              "A-Classes"
            ],
            "fileTypesAndContributionMap": {
              "java": {
                "insertions": 27,
                "deletions": 0
              }
            }
          },
          {
            "hash": "b3a3447ab6b2119400a8193239490252939fbdfc",
            "messageTitle": "TaskBot now supports adding tasks and listing them",
            "messageBody": "The \"echo\" functionality of TaskBot has been replaced by the adding of tasks.\n",
            "tags": [
              "Level-2"
            ],
            "fileTypesAndContributionMap": {
              "java": {
                "insertions": 38,
                "deletions": 11
              }
            }
          },
          {
            "hash": "5b1aff991def39481edae50bd86e4e5e1dcfae6a",
            "messageTitle": "Modified the user interface to use enums",
            "messageBody": "Commands sent to TaskBot are now controlled by enums instead of strings.\n",
            "tags": [
              "A-Enums"
            ],
            "fileTypesAndContributionMap": {
              "java": {
                "insertions": 27,
                "deletions": 4
              }
            }
          },
          {
            "hash": "e6e529096153d998feed918b10ea4c605176cff8",
            "messageTitle": "Improved TaskBot functionality and personality",
            "messageBody": "TaskBot is now able to complete tasks according to user input. The personality of TaskBot is also more consistent throughout all the responses given.\n",
            "tags": [
              "Level-3"
            ],
            "fileTypesAndContributionMap": {
              "java": {
                "insertions": 37,
                "deletions": 8
              }
            }
          },
          {
            "hash": "8c3fcd571c59de20cb43c4c8d4a00f8c85376259",
            "messageTitle": "Made Task abstract, implemented three types of tasks",
            "messageBody": "Deadlines, events and todos are concrete implementations of the now abstract Task class.\n",
            "tags": [
              "A-inheritance"
            ],
            "fileTypesAndContributionMap": {
              "java": {
                "insertions": 50,
                "deletions": 4
              }
            }
          },
          {
            "hash": "2cd643931578ba6fa193675117a5b2528c867427",
            "messageTitle": "TaskBot now handles todos, deadlines and events",
            "messageBody": "",
            "tags": [
              "Level-4"
            ],
            "fileTypesAndContributionMap": {
              "java": {
                "insertions": 76,
                "deletions": 23
              }
            }
          },
          {
            "hash": "06c875720f380349b3011f553004fc87d259ba30",
            "messageTitle": "Modified logo of Taskbot",
            "messageBody": "",
            "fileTypesAndContributionMap": {
              "java": {
                "insertions": 6,
                "deletions": 7
              }
            }
          },
          {
            "hash": "927fed8dfad4d4a0f75d3dedb8d649f9f6b69ac1",
            "messageTitle": "Setup automated Text UI Testing",
            "messageBody": "Updated the test paths of the .bat file (windows) to the correct paths, and updated input.txt to test all functionality of the bot.\n",
            "tags": [
              "A-TextUiTesting"
            ],
            "fileTypesAndContributionMap": {
              "txt": {
                "insertions": 5,
                "deletions": 0
              },
              "bat": {
                "insertions": 6,
                "deletions": 3
              }
            }
          },
          {
            "hash": "46d7e38f625b9d5d6f04fc40c8123c311868cddc",
            "messageTitle": "Added exceptions for invalid user input",
            "messageBody": "",
            "tags": [
              "A-Exceptions"
            ],
            "fileTypesAndContributionMap": {
              "java": {
                "insertions": 36,
                "deletions": 0
              }
            }
          },
          {
            "hash": "1f4b512a6e2f982bf25c74276c553cb28c9f233d",
            "messageTitle": "A new exception for completed tasks",
            "messageBody": "",
            "fileTypesAndContributionMap": {
              "java": {
                "insertions": 5,
                "deletions": 0
              }
            }
          },
          {
            "hash": "d3054694497fdf46d773341780b1313e75ef298e",
            "messageTitle": "TaskBot now handles invalid or missing user inputs.",
            "messageBody": "TaskBot can now detect if the format of the command is wrong, or user input is missing or invalid. TaskBot will then print a message describing the error.\n",
            "tags": [
              "Level-5"
            ],
            "fileTypesAndContributionMap": {
              "java": {
                "insertions": 143,
                "deletions": 77
              }
            }
          },
          {
            "hash": "4f5c8bb5564a60bb0f3acbb0f006e6e760dd0371",
            "messageTitle": "TaskBot can now delete tasks",
            "messageBody": "The user can now delete tasks and appropriate error handling for deleting tasks has also been added\n",
            "tags": [
              "Level-6"
            ],
            "fileTypesAndContributionMap": {
              "java": {
                "insertions": 45,
                "deletions": 2
              }
            }
          },
          {
            "hash": "5b5a9417031882ec77646a363b25377ccf68e0b9",
            "messageTitle": "Updated test files",
            "messageBody": "",
            "fileTypesAndContributionMap": {
              "txt": {
                "insertions": 12,
                "deletions": 0
              },
              "bat": {
                "insertions": 1,
                "deletions": 1
              }
            }
          }
        ]
      },
      {
        "date": "2020-08-23",
        "commitResults": [
          {
            "hash": "6ca4e7872209f48924ef85bf15fbe363d0326ab0",
            "messageTitle": "Insert source files into packages",
            "messageBody": "Source files are located in the same directory and not categorised\ninto packages.\n\nMoving the source files into relevant packages follows the\nSE-EDU Java coding standard\n",
            "tags": [
              "A-Packages"
            ],
            "fileTypesAndContributionMap": {
              "java": {
                "insertions": 39,
                "deletions": 4
              },
              "bat": {
                "insertions": 2,
                "deletions": 3
              }
            }
          },
          {
            "hash": "64b5100521fe51cac549292280ca022efcb892cf",
            "messageTitle": "Revert \"Insert source files into packages\"",
            "messageBody": "This reverts commit 6ca4e7872209f48924ef85bf15fbe363d0326ab0.\n",
            "fileTypesAndContributionMap": {
              "java": {
                "insertions": 4,
                "deletions": 39
              },
              "bat": {
                "insertions": 3,
                "deletions": 2
              }
            }
          },
          {
            "hash": "c2df5b706ff65d912fc6292e46197917618622d3",
            "messageTitle": "Revert \"Revert \"Insert source files into packages\"\"",
            "messageBody": "This reverts commit 64b5100521fe51cac549292280ca022efcb892cf.\n",
            "fileTypesAndContributionMap": {
              "java": {
                "insertions": 39,
                "deletions": 4
              },
              "bat": {
                "insertions": 2,
                "deletions": 3
              }
            }
          },
          {
            "hash": "2a859bb8e30fc6b03eefdecae2de785c326ec473",
            "messageTitle": "Refactor classes to accomodate improvements",
            "messageBody": "Each class is doing too much.\n\nRefactor the code to make the program more modular and flexible to\nchanges.\n",
            "fileTypesAndContributionMap": {
              "java": {
                "insertions": 107,
                "deletions": 170
              }
            }
          },
          {
            "hash": "b5dec43e88b5623525e360659d63810304cee83e",
            "messageTitle": "Add storage functionality to TaskBot",
            "messageBody": "The user\u0027s list was not being stored and lost upon revisiting the\nprogram.\n\nStoring the list is vital for a todo program as we cannot expect\nthe user to keep the program switched on indefinitely.\n",
            "fileTypesAndContributionMap": {
              "java": {
                "insertions": 374,
                "deletions": 0
              }
            }
          },
          {
            "hash": "5a7e43d4310ee4949870b3c09d492e6e882869da",
            "messageTitle": "Require time format for deadline and events",
            "messageBody": "There is no requirement for the format of the dates and times that\ncould be input for deadlines and events.\n\nWe should enforce a set format so that we can ensure the time\ngiven is valid.\n",
            "fileTypesAndContributionMap": {
              "java": {
                "insertions": 165,
                "deletions": 66
              }
            }
          }
        ]
      },
      {
        "date": "2020-08-24",
        "commitResults": [
          {
            "hash": "ffe236f9a273a65b9b6a43b5f5f7be5b55fdd2ff",
            "messageTitle": "Make the code more OOP",
            "messageBody": "The program has classes performing too many things themselves.\n\nWe should extract functionality from these classes into individual\nclasses, which also fulfils the iP considerable of MoreOOP.\n",
            "tags": [
              "A-MoreOOP"
            ],
            "fileTypesAndContributionMap": {
              "java": {
                "insertions": 410,
                "deletions": 305
              }
            }
          }
        ]
      },
      {
        "date": "2020-08-25",
        "commitResults": [
          {
            "hash": "5ba61dd258fc99090fe5b23fcf73904a78a45408",
            "messageTitle": "Make task inheritance more logical",
            "messageBody": "Deadline and Event tasks both have time based parameters of\ndifferent names.\n\nWe should unify the classes to signify the\nsimilarities between them.\n",
            "fileTypesAndContributionMap": {
              "java": {
                "insertions": 106,
                "deletions": 44
              }
            }
          },
          {
            "hash": "b3bd8c99fc457bfb99c2f5c90b0e71f92f357105",
            "messageTitle": "Refactor code to facilitate JUnit testing",
            "messageBody": "",
            "fileTypesAndContributionMap": {
              "java": {
                "insertions": 222,
                "deletions": 55
              }
            }
          },
          {
            "hash": "8a4722ccecd31c33a692cfb1f32cd45c673e4201",
            "messageTitle": "Implement JUnit tests",
            "messageBody": "",
            "tags": [
              "v0.1",
              "A-JUnit"
            ],
            "fileTypesAndContributionMap": {
              "java": {
                "insertions": 286,
                "deletions": 0
              }
            }
          },
          {
            "hash": "b14067cb04fdb9a5a49422fc62a7853b7dc2ebfe",
            "messageTitle": "Add find functionality to TaskBot",
            "messageBody": "The user is unable to search for tasks based on keywords.\n\nBeing able to search for tasks using keywords will provide a\nbetter user experience.\n",
            "fileTypesAndContributionMap": {
              "java": {
                "insertions": 150,
                "deletions": 23
              }
            }
          },
          {
            "hash": "45b5272af65957cef3cc0709e51212bc8bcddfb9",
            "messageTitle": "Update JavaDocs of all files",
            "messageBody": "",
            "fileTypesAndContributionMap": {
              "java": {
                "insertions": 244,
                "deletions": 54
              }
            }
          },
          {
            "hash": "af30d82a1cbee391776519f9a4a8e615564d50a6",
            "messageTitle": "Enforce coding standards",
            "messageBody": "",
            "fileTypesAndContributionMap": {
              "java": {
                "insertions": 74,
                "deletions": 68
              }
            }
          }
        ]
      },
      {
        "date": "2020-08-29",
        "commitResults": [
          {
            "hash": "f3632b0aa33fb494eae927234c46b8ca674ed700",
            "messageTitle": "Rename source files for Gradle",
            "messageBody": "",
            "fileTypesAndContributionMap": {
              "java": {
                "insertions": 0,
                "deletions": 0
              }
            }
          },
          {
            "hash": "671a66d8df473a229a8130cfb4aedd65fcd4a447",
            "messageTitle": "Add Gradle support to TaskBot",
            "messageBody": "",
            "fileTypesAndContributionMap": {
              "gradle": {
                "insertions": 8,
                "deletions": 3
              }
            }
          },
          {
            "hash": "0fcf2291c3964850376fc77b3b0ae75bc0229826",
            "messageTitle": "Add Checkstyle support",
            "messageBody": "",
            "fileTypesAndContributionMap": {
              "gradle": {
                "insertions": 6,
                "deletions": 3
              }
            }
          },
          {
            "hash": "6b1ffcb8c1168db2d9009085142e31f909234c8c",
            "messageTitle": "Implement Checkstyle regulations",
            "messageBody": "The files do not adhere to certain Checkstyle rules and should be\nmodified to do so.\n",
            "fileTypesAndContributionMap": {
              "java": {
                "insertions": 151,
                "deletions": 86
              }
            }
          },
          {
            "hash": "c6942f58fb496d8f20b590d6b19408d37be9fc9c",
            "messageTitle": "Use varargs for Find command",
            "messageBody": "The find command can only support searching a single keyword.\n\nWe should extend the functionality to search for a variable number\nof keywords.\n",
            "fileTypesAndContributionMap": {
              "java": {
                "insertions": 64,
                "deletions": 19
              }
            }
          }
        ]
      },
      {
        "date": "2020-08-30",
        "commitResults": [
          {
            "hash": "9244f5e85e045792df0e6baaced344f5c965a604",
            "messageTitle": "Add JavaFX and FXML support",
            "messageBody": "",
            "fileTypesAndContributionMap": {
              "gradle": {
                "insertions": 16,
                "deletions": 1
              },
              "fxml": {
                "insertions": 38,
                "deletions": 0
              },
              "java": {
                "insertions": 274,
                "deletions": 2
              }
            }
          },
          {
            "hash": "33a3c1fd3b5bca87acdefc3134be5ca0191971cd",
            "messageTitle": "Move UI output from console to application",
            "messageBody": "Taskbot completes a command and outputs the result to the console.\n\nAs we have already implemented JavaFX, we should refactor the code\nso that the output is displayed in the application instead.\n",
            "fileTypesAndContributionMap": {
              "gradle": {
                "insertions": 1,
                "deletions": 1
              },
              "txt": {
                "insertions": 0,
                "deletions": 0
              },
              "java": {
                "insertions": 114,
                "deletions": 133
              }
            }
          },
          {
            "hash": "b82befa328c418efa5132712eb8aa24fb715eafa",
            "messageTitle": "Integrate TaskBot into JavaFX application",
            "messageBody": "",
            "fileTypesAndContributionMap": {
              "fxml": {
                "insertions": 16,
                "deletions": 12
              },
              "java": {
                "insertions": 103,
                "deletions": 275
              }
            }
          }
        ]
      },
      {
        "date": "2020-09-02",
        "commitResults": [
          {
            "hash": "7bbbd8029b86e622e5f2ba7f9b4240dbd96a20e3",
            "messageTitle": "Update JavaDoc comments",
            "messageBody": "",
            "tags": [
              "v0.2"
            ],
            "fileTypesAndContributionMap": {
              "java": {
                "insertions": 12,
                "deletions": 0
              }
            }
          }
        ]
      },
      {
        "date": "2020-09-05",
        "commitResults": [
          {
            "hash": "afc15a4f151bea3dec48b170a786e293a3656823",
            "messageTitle": "Add assertions",
            "messageBody": "There may be empty strings being passed around in code, leading to\nerrors.\n\nAssertions will help check for these errors.\n",
            "fileTypesAndContributionMap": {
              "java": {
                "insertions": 4,
                "deletions": 0
              }
            }
          },
          {
            "hash": "60244112a22d9cbdaa48f0251e052d0fd877602d",
            "messageTitle": "Improve code quality",
            "messageBody": "",
            "fileTypesAndContributionMap": {
              "java": {
                "insertions": 107,
                "deletions": 50
              }
            }
          }
        ]
      },
      {
        "date": "2020-09-06",
        "commitResults": [
          {
            "hash": "404624e2c7f775c9fbc8a86d1b6d5d6c90b552ab",
            "messageTitle": "Implement help functionality to TaskBot",
            "messageBody": "",
            "fileTypesAndContributionMap": {
              "java": {
                "insertions": 223,
                "deletions": 1
              }
            }
          },
          {
            "hash": "840041cf88ac22fe2f0d048f516c85c5aed27ebe",
            "messageTitle": "Update JavaFx text box display",
            "messageBody": "Text longer than a certain length was getting clipped as the Label\nclass of JavaFx only supports text of limited length.\n\nWe should change the output class to the Text class, which supports\nvariable length text.\n",
            "fileTypesAndContributionMap": {
              "fxml": {
                "insertions": 3,
                "deletions": 3
              },
              "java": {
                "insertions": 4,
                "deletions": 4
              }
            }
          },
          {
            "hash": "2be4c35ed6afb44f34c8a81fa5e289647e8d504b",
            "messageTitle": "Update equality check",
            "messageBody": "",
            "fileTypesAndContributionMap": {
              "java": {
                "insertions": 14,
                "deletions": 4
              }
            }
          },
          {
            "hash": "4f395c079c6b1750236d0b11428143cd882cc12b",
            "messageTitle": "Implement test cases for help command",
            "messageBody": "",
            "fileTypesAndContributionMap": {
              "java": {
                "insertions": 37,
                "deletions": 3
              }
            }
          },
          {
            "hash": "f5f7ce122de7c24db0381d2782086b367d002397",
            "messageTitle": "Fix JavaDoc comments",
            "messageBody": "",
            "fileTypesAndContributionMap": {
              "java": {
                "insertions": 20,
                "deletions": 4
              }
            }
          },
          {
            "hash": "dd31ec38f62b91d98647139733caf8d4c819a2b9",
            "messageTitle": "Fix Checkstyle issues",
            "messageBody": "",
            "fileTypesAndContributionMap": {
              "java": {
                "insertions": 7,
                "deletions": 5
              }
            }
          }
        ]
      },
      {
        "date": "2020-09-11",
        "commitResults": [
          {
            "hash": "87bb8eea760c2971d5128dc67c5c7e1665f76028",
            "messageTitle": "Improve code quality",
            "messageBody": "",
            "fileTypesAndContributionMap": {
              "java": {
                "insertions": 54,
                "deletions": 34
              }
            }
          },
          {
            "hash": "15f50b909ab5d0778d1e65d3b5d75856ed2735d2",
            "messageTitle": "Make conversation bubbles assymmetric",
            "messageBody": "Both the user and TaskBot had the same color theme for their\nprofile pictures.\n\nWe should display them in a different format to simulate different\nparties interacting.\n",
            "fileTypesAndContributionMap": {
              "java": {
                "insertions": 5,
                "deletions": 6
              }
            }
          },
          {
            "hash": "f4c1ed4e2844d4904eca1ee4a19fc7d6ee4221fd",
            "messageTitle": "Fix symbols for task completeness",
            "messageBody": "Ticks and crosses indicating task completeness does not show up\nproperly in the application.\n\nWe should change it back to using the ascii code instead of\ndirectly coding the symbol itself.\n",
            "fileTypesAndContributionMap": {
              "java": {
                "insertions": 1,
                "deletions": 1
              }
            }
          },
          {
            "hash": "bead449ccb983a07dbe8aaa8821f379e182760b5",
            "messageTitle": "Update Readme",
            "messageBody": "",
            "fileTypesAndContributionMap": {
              "md": {
                "insertions": 110,
                "deletions": 10
              }
            }
          },
          {
            "hash": "e0e898dc2f804edd24f7e5176c0d96e11b846a05",
            "messageTitle": "Update Readme",
            "messageBody": "",
            "fileTypesAndContributionMap": {
              "md": {
                "insertions": 29,
                "deletions": 38
              }
            }
          }
        ]
      }
    ]
  },
  "authorFileTypeContributionMap": {
    "siangernlow": {
      "java": 2391,
      "md": 98,
      "fxml": 42,
      "sh": 0,
      "bat": 5,
      "gradle": 26,
      "txt": 17
    }
  },
  "authorContributionVariance": {
    "siangernlow": 137391.39
  },
  "authorDisplayNameMap": {
    "siangernlow": "CS2103T-T13-1 LOW .. ERN"
  }
}
