{
  "authorDailyContributionsMap": {
    "siangernlow": [
      {
        "date": "2020-08-16",
        "commitResults": [
          {
            "hash": "70855e1a9b28e8b287c2257d6119165c7e8fb652",
            "messageTitle": "Renamed Duke to TaskBot",
            "messageBody": "User input functionality is now handled in the Main class, while TaskBot has a class by itself which implements functionality required for Level-1.\n",
            "tags": [
              "Level-1"
            ],
            "fileTypesAndContributionMap": {
              "java": {
                "insertions": 93,
                "deletions": 10
              }
            }
          },
          {
            "hash": "06a75197cdf43ff97647c03c4effa3f6624b46f8",
            "messageTitle": "Added a class to handle tasks",
            "messageBody": "",
            "tags": [
              "A-Classes"
            ],
            "fileTypesAndContributionMap": {
              "java": {
                "insertions": 27,
                "deletions": 0
              }
            }
          },
          {
            "hash": "b3a3447ab6b2119400a8193239490252939fbdfc",
            "messageTitle": "TaskBot now supports adding tasks and listing them",
            "messageBody": "The \"echo\" functionality of TaskBot has been replaced by the adding of tasks.\n",
            "tags": [
              "Level-2"
            ],
            "fileTypesAndContributionMap": {
              "java": {
                "insertions": 38,
                "deletions": 11
              }
            }
          },
          {
            "hash": "5b1aff991def39481edae50bd86e4e5e1dcfae6a",
            "messageTitle": "Modified the user interface to use enums",
            "messageBody": "Commands sent to TaskBot are now controlled by enums instead of strings.\n",
            "tags": [
              "A-Enums"
            ],
            "fileTypesAndContributionMap": {
              "java": {
                "insertions": 27,
                "deletions": 4
              }
            }
          },
          {
            "hash": "e6e529096153d998feed918b10ea4c605176cff8",
            "messageTitle": "Improved TaskBot functionality and personality",
            "messageBody": "TaskBot is now able to complete tasks according to user input. The personality of TaskBot is also more consistent throughout all the responses given.\n",
            "tags": [
              "Level-3"
            ],
            "fileTypesAndContributionMap": {
              "java": {
                "insertions": 37,
                "deletions": 8
              }
            }
          },
          {
            "hash": "8c3fcd571c59de20cb43c4c8d4a00f8c85376259",
            "messageTitle": "Made Task abstract, implemented three types of tasks",
            "messageBody": "Deadlines, events and todos are concrete implementations of the now abstract Task class.\n",
            "tags": [
              "A-inheritance"
            ],
            "fileTypesAndContributionMap": {
              "java": {
                "insertions": 50,
                "deletions": 4
              }
            }
          },
          {
            "hash": "2cd643931578ba6fa193675117a5b2528c867427",
            "messageTitle": "TaskBot now handles todos, deadlines and events",
            "messageBody": "",
            "tags": [
              "Level-4"
            ],
            "fileTypesAndContributionMap": {
              "java": {
                "insertions": 76,
                "deletions": 23
              }
            }
          },
          {
            "hash": "06c875720f380349b3011f553004fc87d259ba30",
            "messageTitle": "Modified logo of Taskbot",
            "messageBody": "",
            "fileTypesAndContributionMap": {
              "java": {
                "insertions": 6,
                "deletions": 7
              }
            }
          },
          {
            "hash": "927fed8dfad4d4a0f75d3dedb8d649f9f6b69ac1",
            "messageTitle": "Setup automated Text UI Testing",
            "messageBody": "Updated the test paths of the .bat file (windows) to the correct paths, and updated input.txt to test all functionality of the bot.\n",
            "tags": [
              "A-TextUiTesting"
            ],
            "fileTypesAndContributionMap": {
              "txt": {
                "insertions": 5,
                "deletions": 0
              },
              "bat": {
                "insertions": 6,
                "deletions": 3
              }
            }
          },
          {
            "hash": "46d7e38f625b9d5d6f04fc40c8123c311868cddc",
            "messageTitle": "Added exceptions for invalid user input",
            "messageBody": "",
            "tags": [
              "A-Exceptions"
            ],
            "fileTypesAndContributionMap": {
              "java": {
                "insertions": 36,
                "deletions": 0
              }
            }
          },
          {
            "hash": "1f4b512a6e2f982bf25c74276c553cb28c9f233d",
            "messageTitle": "A new exception for completed tasks",
            "messageBody": "",
            "fileTypesAndContributionMap": {
              "java": {
                "insertions": 5,
                "deletions": 0
              }
            }
          },
          {
            "hash": "d3054694497fdf46d773341780b1313e75ef298e",
            "messageTitle": "TaskBot now handles invalid or missing user inputs.",
            "messageBody": "TaskBot can now detect if the format of the command is wrong, or user input is missing or invalid. TaskBot will then print a message describing the error.\n",
            "tags": [
              "Level-5"
            ],
            "fileTypesAndContributionMap": {
              "java": {
                "insertions": 143,
                "deletions": 77
              }
            }
          },
          {
            "hash": "4f5c8bb5564a60bb0f3acbb0f006e6e760dd0371",
            "messageTitle": "TaskBot can now delete tasks",
            "messageBody": "The user can now delete tasks and appropriate error handling for deleting tasks has also been added\n",
            "tags": [
              "Level-6"
            ],
            "fileTypesAndContributionMap": {
              "java": {
                "insertions": 45,
                "deletions": 2
              }
            }
          },
          {
            "hash": "5b5a9417031882ec77646a363b25377ccf68e0b9",
            "messageTitle": "Updated test files",
            "messageBody": "",
            "fileTypesAndContributionMap": {
              "txt": {
                "insertions": 12,
                "deletions": 0
              },
              "bat": {
                "insertions": 1,
                "deletions": 1
              }
            }
          }
        ]
      },
      {
        "date": "2020-08-23",
        "commitResults": [
          {
            "hash": "6ca4e7872209f48924ef85bf15fbe363d0326ab0",
            "messageTitle": "Insert source files into packages",
            "messageBody": "Source files are located in the same directory and not categorised\ninto packages.\n\nMoving the source files into relevant packages follows the\nSE-EDU Java coding standard\n",
            "tags": [
              "A-Packages"
            ],
            "fileTypesAndContributionMap": {
              "java": {
                "insertions": 39,
                "deletions": 4
              },
              "bat": {
                "insertions": 2,
                "deletions": 3
              }
            }
          },
          {
            "hash": "64b5100521fe51cac549292280ca022efcb892cf",
            "messageTitle": "Revert \"Insert source files into packages\"",
            "messageBody": "This reverts commit 6ca4e7872209f48924ef85bf15fbe363d0326ab0.\n",
            "fileTypesAndContributionMap": {
              "java": {
                "insertions": 4,
                "deletions": 39
              },
              "bat": {
                "insertions": 3,
                "deletions": 2
              }
            }
          },
          {
            "hash": "c2df5b706ff65d912fc6292e46197917618622d3",
            "messageTitle": "Revert \"Revert \"Insert source files into packages\"\"",
            "messageBody": "This reverts commit 64b5100521fe51cac549292280ca022efcb892cf.\n",
            "fileTypesAndContributionMap": {
              "java": {
                "insertions": 39,
                "deletions": 4
              },
              "bat": {
                "insertions": 2,
                "deletions": 3
              }
            }
          }
        ]
      }
    ]
  },
  "authorFileTypeContributionMap": {
    "siangernlow": {
      "java": 482,
      "md": 0,
      "fxml": 0,
      "sh": 0,
      "bat": 5,
      "gradle": 0,
      "txt": 17
    }
  },
  "authorContributionVariance": {
    "siangernlow": 51260.49
  },
  "authorDisplayNameMap": {
    "siangernlow": "LOW .. ERN"
  }
}
