{
  "authorDailyContributionsMap": {
    "theyifan": [
      {
        "date": "2020-08-19",
        "commitResults": [
          {
            "hash": "ac1345d8b980f630586ae70bca33b394f14e516a",
            "messageTitle": "added level 1",
            "messageBody": "",
            "tags": [
              "Level-1"
            ],
            "fileTypesAndContributionMap": {
              "java": {
                "insertions": 24,
                "deletions": 6
              }
            }
          },
          {
            "hash": "3fb42489e9b03a6c70852823fb9a53ff602c1d78",
            "messageTitle": "added level 2",
            "messageBody": "",
            "tags": [
              "Level-2"
            ],
            "fileTypesAndContributionMap": {
              "java": {
                "insertions": 25,
                "deletions": 6
              }
            }
          },
          {
            "hash": "a7fc9a9cbf575a3587e095a4b7addac0f97d55c5",
            "messageTitle": "added level 3",
            "messageBody": "",
            "tags": [
              "Level-3"
            ],
            "fileTypesAndContributionMap": {
              "java": {
                "insertions": 62,
                "deletions": 23
              }
            }
          },
          {
            "hash": "d37e0a15248ea59a5cd32ec995f008d040cc7674",
            "messageTitle": "added Level 4",
            "messageBody": "",
            "tags": [
              "Level-4"
            ],
            "fileTypesAndContributionMap": {
              "java": {
                "insertions": 51,
                "deletions": 6
              }
            }
          }
        ]
      },
      {
        "date": "2020-08-20",
        "commitResults": [
          {
            "hash": "89f2e06ac778ec0571461d5b206562e53cd58b79",
            "messageTitle": "added testing",
            "messageBody": "(cherry picked from commit c3ab28d66aa8da244072df8d6d55c59a4799d3a4)\n",
            "fileTypesAndContributionMap": {
              "txt": {
                "insertions": 6,
                "deletions": 0
              },
              "bat": {
                "insertions": 1,
                "deletions": 1
              },
              "sh": {
                "insertions": 1,
                "deletions": 1
              }
            }
          },
          {
            "hash": "49ed5bf1745e856e82decea542b4aac2a25bcb59",
            "messageTitle": "added UTF-8 encoding support",
            "messageBody": "",
            "tags": [
              "A-TextUiTesting"
            ],
            "fileTypesAndContributionMap": {
              "sh": {
                "insertions": 2,
                "deletions": 0
              }
            }
          },
          {
            "hash": "af7f8ffdedbfbb76e304e4a157e5c1f84fd4566e",
            "messageTitle": "added level 5",
            "messageBody": "",
            "tags": [
              "Level-5"
            ],
            "fileTypesAndContributionMap": {
              "txt": {
                "insertions": 4,
                "deletions": 0
              },
              "java": {
                "insertions": 61,
                "deletions": 26
              }
            }
          },
          {
            "hash": "b5bf2800a0bd744bdb8135ecc9074d9d5a5853d9",
            "messageTitle": "added level 6",
            "messageBody": "",
            "tags": [
              "Level-6"
            ],
            "fileTypesAndContributionMap": {
              "txt": {
                "insertions": 4,
                "deletions": 0
              },
              "java": {
                "insertions": 20,
                "deletions": 3
              }
            }
          },
          {
            "hash": "f4649500ec83265d8fea918c1aaeac5c4d33fcb7",
            "messageTitle": "added enums",
            "messageBody": "",
            "tags": [
              "A-Enums"
            ],
            "fileTypesAndContributionMap": {
              "java": {
                "insertions": 32,
                "deletions": 8
              }
            }
          }
        ]
      },
      {
        "date": "2020-08-22",
        "commitResults": [
          {
            "hash": "3deb8e922f416ab3b0b2df1a8f5818547f32d49a",
            "messageTitle": "Correct indentation for switch case",
            "messageBody": "",
            "fileTypesAndContributionMap": {
              "java": {
                "insertions": 70,
                "deletions": 70
              }
            }
          },
          {
            "hash": "8604f961593a12dc5d0a4790e0919f20083be6f4",
            "messageTitle": "Add read from file feature",
            "messageBody": "",
            "fileTypesAndContributionMap": {
              "java": {
                "insertions": 85,
                "deletions": 5
              }
            }
          },
          {
            "hash": "24366eb38382f440c106139da3780e26d296147b",
            "messageTitle": "Add write to file after list update",
            "messageBody": "",
            "fileTypesAndContributionMap": {
              "java": {
                "insertions": 49,
                "deletions": 1
              }
            }
          }
        ]
      },
      {
        "date": "2020-08-24",
        "commitResults": [
          {
            "hash": "f1c072ecb0d719ebaa064070428d078c8bd7666f",
            "messageTitle": "Add help command",
            "messageBody": "",
            "fileTypesAndContributionMap": {
              "java": {
                "insertions": 25,
                "deletions": 2
              }
            }
          },
          {
            "hash": "5b1b44b4b0c8f48eea61814f399798f2a0e58fc1",
            "messageTitle": "Added datetime function for deadline and event",
            "messageBody": "",
            "fileTypesAndContributionMap": {
              "java": {
                "insertions": 45,
                "deletions": 9
              }
            }
          },
          {
            "hash": "36d145f14cba0972ead0ab884ebbd78a619f1b96",
            "messageTitle": "Update testcase for datetime functinn",
            "messageBody": "",
            "fileTypesAndContributionMap": {
              "txt": {
                "insertions": 2,
                "deletions": 2
              }
            }
          }
        ]
      },
      {
        "date": "2020-08-25",
        "commitResults": [
          {
            "hash": "12aee9cd1ccf2196ee3a14251e86fc4c1ab165b3",
            "messageTitle": "Add more classes for better OOP",
            "messageBody": "",
            "fileTypesAndContributionMap": {
              "java": {
                "insertions": 374,
                "deletions": 226
              }
            }
          },
          {
            "hash": "73349c8490118563a6642e3c6d70162eecd617e6",
            "messageTitle": "Update testcases",
            "messageBody": "",
            "fileTypesAndContributionMap": {
              "sh": {
                "insertions": 6,
                "deletions": 0
              }
            }
          },
          {
            "hash": "585a7d3651ebd985e007a1149d830691249489fd",
            "messageTitle": "Remove static methods in class Ui",
            "messageBody": "",
            "tags": [
              "A-MoreOOP"
            ],
            "fileTypesAndContributionMap": {
              "java": {
                "insertions": 14,
                "deletions": 20
              }
            }
          },
          {
            "hash": "e3ac77a095efcb446c6f3d3320dbfdde873967df",
            "messageTitle": "Add Package Duke",
            "messageBody": "",
            "tags": [
              "A-Packages"
            ],
            "fileTypesAndContributionMap": {
              "java": {
                "insertions": 32,
                "deletions": 10
              },
              "bat": {
                "insertions": 1,
                "deletions": 1
              },
              "sh": {
                "insertions": 1,
                "deletions": 1
              },
              "md": {
                "insertions": 2,
                "deletions": 2
              }
            }
          }
        ]
      },
      {
        "date": "2020-08-26",
        "commitResults": [
          {
            "hash": "857a57cdfcf1687eb35e68a8a4b21c48c1711873",
            "messageTitle": "Add JUnit test",
            "messageBody": "",
            "tags": [
              "A-JUnit"
            ],
            "fileTypesAndContributionMap": {
              "java": {
                "insertions": 50,
                "deletions": 0
              }
            }
          },
          {
            "hash": "2376ce101db1f7d7850ba0718b42f37553566888",
            "messageTitle": "Added JavaDocs to the project",
            "messageBody": "",
            "fileTypesAndContributionMap": {
              "java": {
                "insertions": 166,
                "deletions": 1
              }
            }
          },
          {
            "hash": "78c8a61e6db44fd75060a6494c5d14613719e0fa",
            "messageTitle": "Edit code to fit coding standard",
            "messageBody": "",
            "fileTypesAndContributionMap": {
              "java": {
                "insertions": 84,
                "deletions": 93
              }
            }
          },
          {
            "hash": "b9424534e357e8511690800947016a8bcac63f54",
            "messageTitle": "Add search function for the chatbot",
            "messageBody": "",
            "fileTypesAndContributionMap": {
              "java": {
                "insertions": 37,
                "deletions": 2
              }
            }
          }
        ]
      },
      {
        "date": "2020-09-01",
        "commitResults": [
          {
            "hash": "9b0278b1628820db2ed6a62dde864c4f5629289b",
            "messageTitle": "Add gradle support to the project",
            "messageBody": "",
            "fileTypesAndContributionMap": {
              "gradle": {
                "insertions": 29,
                "deletions": 0
              },
              "bat": {
                "insertions": 89,
                "deletions": 0
              }
            }
          },
          {
            "hash": "ea8ca2dbf26e8eac7f0ea9aca70a88d01c75de4c",
            "messageTitle": "Add JUnit support (UTF-8 encoding)",
            "messageBody": "",
            "tags": [
              "A-Gradle"
            ],
            "fileTypesAndContributionMap": {
              "gradle": {
                "insertions": 6,
                "deletions": 0
              }
            }
          },
          {
            "hash": "64c9b39ad8ad639a78f04ae2e226d352b9064d6d",
            "messageTitle": "Add checkstyle to gradle and fix errors reported by checkstyle",
            "messageBody": "",
            "tags": [
              "A-CheckStyle"
            ],
            "fileTypesAndContributionMap": {
              "gradle": {
                "insertions": 4,
                "deletions": 0
              },
              "java": {
                "insertions": 30,
                "deletions": 27
              }
            }
          },
          {
            "hash": "c8ba74c5db2cebdc5b545aef4fac68992d4abb31",
            "messageTitle": "Set up basic structure for GUI",
            "messageBody": "",
            "fileTypesAndContributionMap": {
              "gradle": {
                "insertions": 15,
                "deletions": 0
              },
              "java": {
                "insertions": 30,
                "deletions": 1
              }
            }
          },
          {
            "hash": "88294a6f4b2d0e04b61208c974ea8a922ff043eb",
            "messageTitle": "Add basic interface for GUI",
            "messageBody": "",
            "fileTypesAndContributionMap": {
              "java": {
                "insertions": 107,
                "deletions": 4
              }
            }
          },
          {
            "hash": "6fe92728ec834ef4544a0de9e0dc9c823315d4d0",
            "messageTitle": "Add Duke bot response for GUI",
            "messageBody": "",
            "fileTypesAndContributionMap": {
              "java": {
                "insertions": 114,
                "deletions": 87
              }
            }
          }
        ]
      }
    ]
  },
  "authorFileTypeContributionMap": {
    "theyifan": {
      "java": 975,
      "md": 2,
      "fxml": 0,
      "sh": 10,
      "bat": 91,
      "gradle": 54,
      "txt": 14
    }
  },
  "authorContributionVariance": {
    "theyifan": 42631.73
  },
  "authorDisplayNameMap": {
    "theyifan": "CS2103T-T15-1 ZHAN..IFAN"
  }
}
