{
  "authorDailyContributionsMap": {
    "yu-ming-chen": [
      {
        "date": "2020-08-19",
        "commitResults": [
          {
            "hash": "56e5a216973f8024bc48b2c5a2045d470a7ad8ce",
            "messageTitle": "Level-1 completed",
            "messageBody": "",
            "tags": [
              "Level-1"
            ],
            "fileTypesAndContributionMap": {
              "java": {
                "insertions": 34,
                "deletions": 1
              }
            }
          },
          {
            "hash": "ccbc22a28cf316691a00b0bcd0816c3b1854bd01",
            "messageTitle": "Level-2 completed",
            "messageBody": "",
            "tags": [
              "Level-2"
            ],
            "fileTypesAndContributionMap": {
              "java": {
                "insertions": 28,
                "deletions": 2
              }
            }
          },
          {
            "hash": "5be75974e40b71513b0f51904e0d65c7657c596c",
            "messageTitle": "Level-3 completed, added Task class",
            "messageBody": "",
            "tags": [
              "Level-3"
            ],
            "fileTypesAndContributionMap": {
              "java": {
                "insertions": 48,
                "deletions": 7
              }
            }
          },
          {
            "hash": "4a639bc2634720d402fcc1108460c1c4102dd0a3",
            "messageTitle": "Level-4 completed, added Deadline, Todo and Event class",
            "messageBody": "",
            "tags": [
              "Level-4"
            ],
            "fileTypesAndContributionMap": {
              "java": {
                "insertions": 68,
                "deletions": 14
              }
            }
          },
          {
            "hash": "d55252b522d5cd40591fba8b9df8206402207404",
            "messageTitle": "Level-5 completed, added DukeException class",
            "messageBody": "",
            "tags": [
              "Level-5"
            ],
            "fileTypesAndContributionMap": {
              "java": {
                "insertions": 104,
                "deletions": 37
              }
            }
          },
          {
            "hash": "a8bb81653476ab5adbb715852514534c54063a3e",
            "messageTitle": "clean up duplicate methods",
            "messageBody": "",
            "fileTypesAndContributionMap": {
              "java": {
                "insertions": 4,
                "deletions": 3
              }
            }
          },
          {
            "hash": "801ba0a946789700af421f76462a464991014281",
            "messageTitle": "Level-6 completed",
            "messageBody": "",
            "tags": [
              "Level-6"
            ],
            "fileTypesAndContributionMap": {
              "java": {
                "insertions": 20,
                "deletions": 0
              }
            }
          }
        ]
      },
      {
        "date": "2020-08-20",
        "commitResults": [
          {
            "hash": "d1ba58732600fe1a33b2db319e8453c22a7fb03a",
            "messageTitle": "A-TextUiTesting completed",
            "messageBody": "",
            "fileTypesAndContributionMap": {
              "txt": {
                "insertions": 11,
                "deletions": 0
              },
              "sh": {
                "insertions": 4,
                "deletions": 4
              }
            }
          },
          {
            "hash": "eb130fa1e6aaea8e02d42f8ace0b52369fe14d79",
            "messageTitle": "edited away pakage",
            "messageBody": "",
            "fileTypesAndContributionMap": {
              "java": {
                "insertions": 0,
                "deletions": 12
              }
            }
          },
          {
            "hash": "6524a0cb4c21bd84c86ec11489487f1f7b60944f",
            "messageTitle": "debugged runtest.sh for A-TextUiTesting, passed test",
            "messageBody": "",
            "fileTypesAndContributionMap": {
              "sh": {
                "insertions": 2,
                "deletions": 2
              }
            }
          },
          {
            "hash": "8e3c390fa50b7f905c3ed2b3ce7fda71246a1e05",
            "messageTitle": "cleaned up code for A-TextUiTesting",
            "messageBody": "",
            "tags": [
              "A-TextUiTesting"
            ],
            "fileTypesAndContributionMap": {
              "java": {
                "insertions": 3,
                "deletions": 3
              }
            }
          }
        ]
      }
    ]
  },
  "authorFileTypeContributionMap": {
    "yu-ming-chen": {
      "java": 231,
      "md": 0,
      "fxml": 0,
      "sh": 1,
      "bat": 0,
      "gradle": 0,
      "txt": 11
    }
  },
  "authorContributionVariance": {
    "yu-ming-chen": 16349.917
  },
  "authorDisplayNameMap": {
    "yu-ming-chen": "CHEN..MING"
  }
}
