{
  "authorDailyContributionsMap": {
    "yu-ming-chen": [
      {
        "date": "2020-08-19",
        "commitResults": [
          {
            "hash": "56e5a216973f8024bc48b2c5a2045d470a7ad8ce",
            "messageTitle": "Level-1 completed",
            "messageBody": "",
            "tags": [
              "Level-1"
            ],
            "fileTypesAndContributionMap": {
              "java": {
                "insertions": 34,
                "deletions": 1
              }
            }
          },
          {
            "hash": "ccbc22a28cf316691a00b0bcd0816c3b1854bd01",
            "messageTitle": "Level-2 completed",
            "messageBody": "",
            "tags": [
              "Level-2"
            ],
            "fileTypesAndContributionMap": {
              "java": {
                "insertions": 28,
                "deletions": 2
              }
            }
          },
          {
            "hash": "5be75974e40b71513b0f51904e0d65c7657c596c",
            "messageTitle": "Level-3 completed, added Task class",
            "messageBody": "",
            "tags": [
              "Level-3"
            ],
            "fileTypesAndContributionMap": {
              "java": {
                "insertions": 48,
                "deletions": 7
              }
            }
          },
          {
            "hash": "4a639bc2634720d402fcc1108460c1c4102dd0a3",
            "messageTitle": "Level-4 completed, added Deadline, Todo and Event class",
            "messageBody": "",
            "tags": [
              "Level-4"
            ],
            "fileTypesAndContributionMap": {
              "java": {
                "insertions": 68,
                "deletions": 14
              }
            }
          },
          {
            "hash": "d55252b522d5cd40591fba8b9df8206402207404",
            "messageTitle": "Level-5 completed, added DukeException class",
            "messageBody": "",
            "tags": [
              "Level-5"
            ],
            "fileTypesAndContributionMap": {
              "java": {
                "insertions": 104,
                "deletions": 37
              }
            }
          },
          {
            "hash": "a8bb81653476ab5adbb715852514534c54063a3e",
            "messageTitle": "clean up duplicate methods",
            "messageBody": "",
            "fileTypesAndContributionMap": {
              "java": {
                "insertions": 4,
                "deletions": 3
              }
            }
          },
          {
            "hash": "801ba0a946789700af421f76462a464991014281",
            "messageTitle": "Level-6 completed",
            "messageBody": "",
            "tags": [
              "Level-6"
            ],
            "fileTypesAndContributionMap": {
              "java": {
                "insertions": 20,
                "deletions": 0
              }
            }
          }
        ]
      },
      {
        "date": "2020-08-20",
        "commitResults": [
          {
            "hash": "d1ba58732600fe1a33b2db319e8453c22a7fb03a",
            "messageTitle": "A-TextUiTesting completed",
            "messageBody": "",
            "fileTypesAndContributionMap": {
              "txt": {
                "insertions": 11,
                "deletions": 0
              },
              "sh": {
                "insertions": 4,
                "deletions": 4
              }
            }
          },
          {
            "hash": "eb130fa1e6aaea8e02d42f8ace0b52369fe14d79",
            "messageTitle": "edited away pakage",
            "messageBody": "",
            "fileTypesAndContributionMap": {
              "java": {
                "insertions": 0,
                "deletions": 12
              }
            }
          },
          {
            "hash": "6524a0cb4c21bd84c86ec11489487f1f7b60944f",
            "messageTitle": "debugged runtest.sh for A-TextUiTesting, passed test",
            "messageBody": "",
            "fileTypesAndContributionMap": {
              "sh": {
                "insertions": 2,
                "deletions": 2
              }
            }
          },
          {
            "hash": "8e3c390fa50b7f905c3ed2b3ce7fda71246a1e05",
            "messageTitle": "cleaned up code for A-TextUiTesting",
            "messageBody": "",
            "tags": [
              "A-TextUiTesting"
            ],
            "fileTypesAndContributionMap": {
              "java": {
                "insertions": 3,
                "deletions": 3
              }
            }
          }
        ]
      },
      {
        "date": "2020-08-26",
        "commitResults": [
          {
            "hash": "cd539926c559b55028b42a9d18eb2a58b88d1243",
            "messageTitle": "Level-7 completed",
            "messageBody": "",
            "tags": [
              "Level-7"
            ],
            "fileTypesAndContributionMap": {
              "txt": {
                "insertions": 0,
                "deletions": 0
              },
              "java": {
                "insertions": 146,
                "deletions": 11
              }
            }
          },
          {
            "hash": "3ccbcf6160cdd90f21d8c592ab1c614fbbd5b1e4",
            "messageTitle": "Level-8 completed",
            "messageBody": "",
            "tags": [
              "Level-8"
            ],
            "fileTypesAndContributionMap": {
              "java": {
                "insertions": 46,
                "deletions": 13
              }
            }
          },
          {
            "hash": "6a5ddc25b4b189043ac2464471487106cf68fd94",
            "messageTitle": "updated Deadline bugs",
            "messageBody": "",
            "fileTypesAndContributionMap": {
              "txt": {
                "insertions": 1,
                "deletions": 0
              },
              "java": {
                "insertions": 24,
                "deletions": 5
              }
            }
          },
          {
            "hash": "20a9d67c7fb9552a4a151f2de08e01d86d0494af",
            "messageTitle": "added TaskList and Ui",
            "messageBody": "",
            "fileTypesAndContributionMap": {
              "java": {
                "insertions": 110,
                "deletions": 72
              }
            }
          },
          {
            "hash": "b7b9d13eabf1f9de7d9f14ddb93f95ad3984a10f",
            "messageTitle": "edited bug under Duke file, where deadline is not saved properly",
            "messageBody": "",
            "fileTypesAndContributionMap": {
              "java": {
                "insertions": 1,
                "deletions": 1
              }
            }
          },
          {
            "hash": "139710edf6a289657b91528996357f1f9cc3396d",
            "messageTitle": "A-MoreOOP completed, added Command classes, Ui, Stroage classes",
            "messageBody": "",
            "tags": [
              "A-MoreOOP"
            ],
            "fileTypesAndContributionMap": {
              "txt": {
                "insertions": 3,
                "deletions": 1
              },
              "java": {
                "insertions": 277,
                "deletions": 137
              }
            }
          },
          {
            "hash": "73ec46a972b85b48254562a4b0d3dc9e5f7d2f07",
            "messageTitle": "A-Packages completed, added task and command packages",
            "messageBody": "",
            "tags": [
              "A-Packages"
            ],
            "fileTypesAndContributionMap": {
              "java": {
                "insertions": 57,
                "deletions": 18
              }
            }
          },
          {
            "hash": "5384f64f3fd069c4d95c4f5c3169d8955cd20e06",
            "messageTitle": "A-JUnit completed, refined TaskList.java and various command class",
            "messageBody": "",
            "tags": [
              "v0.1",
              "A-JUnit"
            ],
            "fileTypesAndContributionMap": {
              "java": {
                "insertions": 102,
                "deletions": 20
              }
            }
          },
          {
            "hash": "6bc761f1af285a067bd15fbad5284877e6fd6372",
            "messageTitle": "A-JavaDoc completed",
            "messageBody": "",
            "tags": [
              "A-JavaDoc"
            ],
            "fileTypesAndContributionMap": {
              "java": {
                "insertions": 324,
                "deletions": 19
              }
            }
          },
          {
            "hash": "aa0176525c74ddb640e9ae02f46422d6c422e195",
            "messageTitle": "A-CodingStandard completed",
            "messageBody": "",
            "fileTypesAndContributionMap": {
              "java": {
                "insertions": 18,
                "deletions": 4
              }
            }
          },
          {
            "hash": "3453fff397bdbc47af6216228052a3094cf74ec4",
            "messageTitle": "Level-9 completed, added FindTaskCommand class",
            "messageBody": "",
            "fileTypesAndContributionMap": {
              "txt": {
                "insertions": 3,
                "deletions": 0
              },
              "java": {
                "insertions": 43,
                "deletions": 0
              }
            }
          },
          {
            "hash": "084d77d89bb1dc068f68b6d467b7bd40e9f11356",
            "messageTitle": "Added JavaDoc for FindTaskCommand",
            "messageBody": "",
            "fileTypesAndContributionMap": {
              "java": {
                "insertions": 19,
                "deletions": 2
              }
            }
          }
        ]
      },
      {
        "date": "2020-09-01",
        "commitResults": [
          {
            "hash": "1c9af231cb9b1127fa463d06cdbc5f7251187db4",
            "messageTitle": "Add import statment for Parser and Storage class",
            "messageBody": "",
            "fileTypesAndContributionMap": {
              "java": {
                "insertions": 130,
                "deletions": 76
              }
            }
          },
          {
            "hash": "399879e0bf175f43ffd109b0f9f720d36a787d5c",
            "messageTitle": "Complete A-Gradle, repackage Duke",
            "messageBody": "",
            "tags": [
              "A-Gradle"
            ],
            "fileTypesAndContributionMap": {
              "txt": {
                "insertions": 1,
                "deletions": 0
              },
              "java": {
                "insertions": 1,
                "deletions": 1
              }
            }
          },
          {
            "hash": "8b6fe43d5aa6a96724a74c73958529affed9198d",
            "messageTitle": "Complete A-CheckStyle",
            "messageBody": "",
            "tags": [
              "A-CheckStyle"
            ],
            "fileTypesAndContributionMap": {
              "gradle": {
                "insertions": 1,
                "deletions": 1
              },
              "java": {
                "insertions": 117,
                "deletions": 80
              }
            }
          },
          {
            "hash": "e5ceeffb074dc7b57feeab1ecf99bf10410ba18f",
            "messageTitle": "Complete Level-10",
            "messageBody": "",
            "fileTypesAndContributionMap": {
              "gradle": {
                "insertions": 18,
                "deletions": 0
              },
              "txt": {
                "insertions": 2,
                "deletions": 1
              },
              "fxml": {
                "insertions": 35,
                "deletions": 0
              },
              "java": {
                "insertions": 229,
                "deletions": 31
              }
            }
          },
          {
            "hash": "25ea7cfe016664b958f507da6bc5bad9084a2a9d",
            "messageTitle": "Merge branch-Level-10 to master",
            "messageBody": "",
            "tags": [
              "Level-10"
            ],
            "fileTypesAndContributionMap": {
              "txt": {
                "insertions": 0,
                "deletions": 2
              }
            }
          }
        ]
      }
    ]
  },
  "authorFileTypeContributionMap": {
    "yu-ming-chen": {
      "java": 1368,
      "md": 0,
      "fxml": 35,
      "sh": 1,
      "bat": 0,
      "gradle": 19,
      "txt": 11
    }
  },
  "authorContributionVariance": {
    "yu-ming-chen": 130923.92
  },
  "authorDisplayNameMap": {
    "yu-ming-chen": "CS2103T-T11-4 CHEN..MING"
  }
}
