{
  "authorDailyContributionsMap": {
    "peironggg": [
      {
        "date": "2020-08-14",
        "commitResults": [
          {
            "hash": "c7e96c2cb70ed005a50a5d2df8f5a4ebdc092143",
            "messageTitle": "Implement Level 1",
            "messageBody": "",
            "tags": [
              "Level-2"
            ],
            "fileTypesAndContributionMap": {
              "java": {
                "insertions": 43,
                "deletions": 6
              }
            }
          },
          {
            "hash": "dfbe335a703f6bd2903704d2a6dfa1005399b150",
            "messageTitle": "Implement Level 2",
            "messageBody": "",
            "tags": [
              "Level-3"
            ],
            "fileTypesAndContributionMap": {
              "java": {
                "insertions": 36,
                "deletions": 9
              }
            }
          },
          {
            "hash": "04289d6c07ad8e871662483898742893fa37353b",
            "messageTitle": "Implement Level 3",
            "messageBody": "",
            "tags": [
              "Level-4"
            ],
            "fileTypesAndContributionMap": {
              "java": {
                "insertions": 47,
                "deletions": 8
              }
            }
          }
        ]
      },
      {
        "date": "2020-08-15",
        "commitResults": [
          {
            "hash": "6663ef1148c8e90ed51db44a67c40378df09eb59",
            "messageTitle": "Implement Level-4",
            "messageBody": "",
            "tags": [
              "A-TextUiTesting"
            ],
            "fileTypesAndContributionMap": {
              "java": {
                "insertions": 67,
                "deletions": 8
              }
            }
          },
          {
            "hash": "2225f5535275df6c76bdf3e116a8aa6765f10847",
            "messageTitle": "Implement A-TextUiTesting",
            "messageBody": "",
            "tags": [
              "Level-5"
            ],
            "fileTypesAndContributionMap": {
              "txt": {
                "insertions": 7,
                "deletions": 0
              },
              "java": {
                "insertions": 5,
                "deletions": 5
              },
              "sh": {
                "insertions": 1,
                "deletions": 1
              }
            }
          },
          {
            "hash": "c5f2266f83e2d23cb4c70673f85047d409cb8086",
            "messageTitle": "Implement Level-5",
            "messageBody": "",
            "tags": [
              "Level-6"
            ],
            "fileTypesAndContributionMap": {
              "java": {
                "insertions": 28,
                "deletions": 5
              }
            }
          },
          {
            "hash": "bf0e6927853799193825e872a4863afe5f175a3c",
            "messageTitle": "Implement Level-6",
            "messageBody": "",
            "tags": [
              "A-Enums"
            ],
            "fileTypesAndContributionMap": {
              "java": {
                "insertions": 51,
                "deletions": 38
              }
            }
          },
          {
            "hash": "f638f29dae8f81931ee08b7c76672edbc38e02ea",
            "messageTitle": "Use enums to printing of individual tasks",
            "messageBody": "",
            "fileTypesAndContributionMap": {
              "java": {
                "insertions": 37,
                "deletions": 9
              }
            }
          }
        ]
      },
      {
        "date": "2020-08-16",
        "commitResults": [
          {
            "hash": "f1feaaa5949290bda7a25d6cef9f32d8f6e158dc",
            "messageTitle": "Fix java output encoding issue",
            "messageBody": "",
            "fileTypesAndContributionMap": {
              "sh": {
                "insertions": 1,
                "deletions": 1
              }
            }
          }
        ]
      },
      {
        "date": "2020-08-23",
        "commitResults": [
          {
            "hash": "7addceb9b542f3a047044c453df74c97c275a5bb",
            "messageTitle": "Refactor switch-case indentation",
            "messageBody": "",
            "tags": [
              "level-7",
              "A-CodingStandard"
            ],
            "fileTypesAndContributionMap": {
              "java": {
                "insertions": 48,
                "deletions": 48
              }
            }
          },
          {
            "hash": "a350ac3deb13aee4de93047837f1792facb0d8b4",
            "messageTitle": "Implement level-7",
            "messageBody": "",
            "tags": [
              "level-8"
            ],
            "fileTypesAndContributionMap": {
              "txt": {
                "insertions": 1,
                "deletions": 0
              },
              "java": {
                "insertions": 116,
                "deletions": 17
              }
            }
          },
          {
            "hash": "a2b14daa95ece7d3c3fa7e5906fd004be6f1663c",
            "messageTitle": "Implement level-8",
            "messageBody": "",
            "fileTypesAndContributionMap": {
              "txt": {
                "insertions": 1,
                "deletions": 1
              },
              "java": {
                "insertions": 17,
                "deletions": 9
              }
            }
          },
          {
            "hash": "c3021032056ac2cd29cfae8c509e3b704114fb10",
            "messageTitle": "Implement A-MoreOOP",
            "messageBody": "",
            "tags": [
              "A-JUnit"
            ],
            "fileTypesAndContributionMap": {
              "txt": {
                "insertions": 1,
                "deletions": 0
              },
              "java": {
                "insertions": 284,
                "deletions": 209
              }
            }
          },
          {
            "hash": "a354b8a82c2c65170a060b0bff79be2748fc45a4",
            "messageTitle": "Implement A-JUnit",
            "messageBody": "",
            "tags": [
              "v0.1",
              "A-JavaDoc"
            ],
            "fileTypesAndContributionMap": {
              "java": {
                "insertions": 50,
                "deletions": 2
              }
            }
          },
          {
            "hash": "79eaee8dae56a6bcb29e1d8d2aa8387d994ad016",
            "messageTitle": "Implement A-JavaDoc",
            "messageBody": "",
            "fileTypesAndContributionMap": {
              "java": {
                "insertions": 55,
                "deletions": 0
              }
            }
          },
          {
            "hash": "59bf74cd8c28cd7ad22198518530442337139ead",
            "messageTitle": "Implement Level-9",
            "messageBody": "",
            "fileTypesAndContributionMap": {
              "java": {
                "insertions": 37,
                "deletions": 4
              }
            }
          }
        ]
      },
      {
        "date": "2020-08-29",
        "commitResults": [
          {
            "hash": "9c293992544449feca251fffdb2e069493c53be7",
            "messageTitle": "Modify gradle build file to run Duke",
            "messageBody": "",
            "tags": [
              "A-Gradle"
            ],
            "fileTypesAndContributionMap": {
              "gradle": {
                "insertions": 1,
                "deletions": 1
              }
            }
          },
          {
            "hash": "6172a55de848e3e5620bcd0b2597454f07516000",
            "messageTitle": "Update build.gradle for JavaFX",
            "messageBody": "",
            "tags": [
              "Level-10"
            ],
            "fileTypesAndContributionMap": {
              "gradle": {
                "insertions": 15,
                "deletions": 0
              }
            }
          },
          {
            "hash": "1f1d353994ca38ab98a859b32aec462268667462",
            "messageTitle": "Add basic GUI",
            "messageBody": "",
            "fileTypesAndContributionMap": {
              "java": {
                "insertions": 188,
                "deletions": 0
              }
            }
          },
          {
            "hash": "81352903da66390ae1079c10d5cab2cd26cbdcc5",
            "messageTitle": "Refactor Commands class",
            "messageBody": "",
            "fileTypesAndContributionMap": {
              "txt": {
                "insertions": 2,
                "deletions": 2
              },
              "fxml": {
                "insertions": 35,
                "deletions": 0
              },
              "java": {
                "insertions": 339,
                "deletions": 213
              }
            }
          },
          {
            "hash": "4cdd65bc1dc4bc68e1f5ed8be9fa8ff5a05e591e",
            "messageTitle": "Implement GUI for Duke",
            "messageBody": "",
            "fileTypesAndContributionMap": {
              "txt": {
                "insertions": 4,
                "deletions": 0
              },
              "java": {
                "insertions": 29,
                "deletions": 7
              }
            }
          }
        ]
      },
      {
        "date": "2020-09-05",
        "commitResults": [
          {
            "hash": "821587a332bbb8c13947d5e7e2a8ce1b8a5e1ce6",
            "messageTitle": "Update gradle build file",
            "messageBody": "",
            "tags": [
              "A-Jar"
            ],
            "fileTypesAndContributionMap": {
              "gradle": {
                "insertions": 1,
                "deletions": 1
              },
              "txt": {
                "insertions": 0,
                "deletions": 1
              }
            }
          },
          {
            "hash": "2e0054fc4cf2f8920b6b89d2795f55f6aea789d9",
            "messageTitle": "Implement assertions",
            "messageBody": "",
            "tags": [
              "A-Assertions"
            ],
            "fileTypesAndContributionMap": {
              "java": {
                "insertions": 11,
                "deletions": 0
              }
            }
          },
          {
            "hash": "c71d1fafb3e177e3bba286e86b82a0a06ffecaea",
            "messageTitle": "Correct codestyle violations",
            "messageBody": "",
            "tags": [
              "A-CodeQuality"
            ],
            "fileTypesAndContributionMap": {
              "java": {
                "insertions": 23,
                "deletions": 33
              }
            }
          }
        ]
      },
      {
        "date": "2020-09-06",
        "commitResults": [
          {
            "hash": "2b69791f3dacb0f7f6e09107b492d3ed651503b9",
            "messageTitle": "Implement B-DoAfterTasks",
            "messageBody": "",
            "tags": [
              "BCD-Extension"
            ],
            "fileTypesAndContributionMap": {
              "java": {
                "insertions": 40,
                "deletions": 4
              }
            }
          }
        ]
      },
      {
        "date": "2020-09-09",
        "commitResults": [
          {
            "hash": "c6d4d4e826d9eaff1ab071ff7b29317a61501526",
            "messageTitle": "Add documentation to existing methods",
            "messageBody": "",
            "fileTypesAndContributionMap": {
              "java": {
                "insertions": 7,
                "deletions": 0
              }
            }
          }
        ]
      }
    ]
  },
  "authorFileTypeContributionMap": {
    "peironggg": {
      "java": 931,
      "md": 0,
      "fxml": 35,
      "sh": 2,
      "bat": 0,
      "gradle": 17,
      "txt": 12
    }
  },
  "authorContributionVariance": {
    "peironggg": 52436.375
  },
  "authorDisplayNameMap": {
    "peironggg": "CS2103T-W11-2 WU P..RONG"
  }
}
