{
  "authorDailyContributionsMap": {
    "qwoprocks": [
      {
        "date": "2020-08-19",
        "commitResults": [
          {
            "hash": "30886f91de51c6e927fb7997f59e7be7337482c5",
            "messageTitle": "Added echo functionality",
            "messageBody": "Chatbot will now echo back any input typed in by the user, unless the word \"bye\" is typed, following which it will exit.\n",
            "fileTypesAndContributionMap": {
              "java": {
                "insertions": 17,
                "deletions": 6
              }
            }
          },
          {
            "hash": "8319ec9ff152d7f483082002212235b2be9c9703",
            "messageTitle": "Renamed the class to match the name of the chatbot",
            "messageBody": "",
            "fileTypesAndContributionMap": {
              "java": {
                "insertions": 1,
                "deletions": 1
              }
            }
          },
          {
            "hash": "b33740e794d9932bc374ee5769ad63c887ffb816",
            "messageTitle": "Added convenience function for formatting output",
            "messageBody": "",
            "tags": [
              "Level-1"
            ],
            "fileTypesAndContributionMap": {
              "java": {
                "insertions": 9,
                "deletions": 7
              }
            }
          },
          {
            "hash": "8ea1b13bbb6c3573fe4412cfe09e8fbd2015e784",
            "messageTitle": "Added the ability to store whatever text entered by the user in a list and display them back to the user when requested.",
            "messageBody": "",
            "tags": [
              "Level-2"
            ],
            "fileTypesAndContributionMap": {
              "java": {
                "insertions": 18,
                "deletions": 1
              }
            }
          },
          {
            "hash": "1c9e2e27928fcac2cb91b5d9d039c7327145eb27",
            "messageTitle": "Add the ability to mark tasks as done.",
            "messageBody": "",
            "tags": [
              "Level-3"
            ],
            "fileTypesAndContributionMap": {
              "java": {
                "insertions": 30,
                "deletions": 3
              }
            }
          },
          {
            "hash": "7a60e3a5fc316c3fe07020c37c01f550580fbbde",
            "messageTitle": "Added support for tracking three types of tasks:",
            "messageBody": "ToDos: tasks without any date/time attached to it e.g., visit new theme park\nDeadlines: tasks that need to be done before a specific date/time e.g., submit report by 11/10/2019 5pm\nEvents: tasks that start at a specific time and ends at a specific time e.g., team project meeting on 2/10/2019 2-4pm\n",
            "tags": [
              "Level-4"
            ],
            "fileTypesAndContributionMap": {
              "java": {
                "insertions": 72,
                "deletions": 21
              }
            }
          },
          {
            "hash": "3ed9da6a42c4a4fca99e87be6cec0aef06f8fbf9",
            "messageTitle": "Semi-automated the testing of Duke.",
            "messageBody": "",
            "fileTypesAndContributionMap": {
              "txt": {
                "insertions": 6,
                "deletions": 0
              },
              "bat": {
                "insertions": 3,
                "deletions": 3
              }
            }
          },
          {
            "hash": "f84c4fb2e38a3deb01407fd255fe44e41730a85a",
            "messageTitle": "Added exception and error handling for user inputs",
            "messageBody": "",
            "fileTypesAndContributionMap": {
              "java": {
                "insertions": 63,
                "deletions": 38
              }
            }
          },
          {
            "hash": "dbb24d8656d982af61e019fe446b7633b609e255",
            "messageTitle": "Added numberformatexception for parseint",
            "messageBody": "",
            "tags": [
              "Level-5"
            ],
            "fileTypesAndContributionMap": {
              "java": {
                "insertions": 6,
                "deletions": 1
              }
            }
          },
          {
            "hash": "d4ae68e0fdca24cc7b1ac58837185cff7b7ba06f",
            "messageTitle": "Added support for deleting tasks from the list.",
            "messageBody": "",
            "tags": [
              "Level-6"
            ],
            "fileTypesAndContributionMap": {
              "java": {
                "insertions": 12,
                "deletions": 4
              }
            }
          }
        ]
      },
      {
        "date": "2020-08-23",
        "commitResults": [
          {
            "hash": "4213ce628f3d06ff17651022dd11b44fb9c904e4",
            "messageTitle": "Update tests to reflect more cases",
            "messageBody": "",
            "fileTypesAndContributionMap": {
              "txt": {
                "insertions": 5,
                "deletions": 0
              }
            }
          },
          {
            "hash": "a969e70cf72ec64f809c8a9cf1cf7b93af09afd6",
            "messageTitle": "Update README.md",
            "messageBody": "",
            "fileTypesAndContributionMap": {
              "md": {
                "insertions": 4,
                "deletions": 9
              }
            }
          },
          {
            "hash": "03f1fd646ea7aa49af43384b7c44c976e8a43ed4",
            "messageTitle": "Add save functionality to save to txt file when task list changes",
            "messageBody": "",
            "fileTypesAndContributionMap": {
              "txt": {
                "insertions": 2,
                "deletions": 0
              },
              "java": {
                "insertions": 128,
                "deletions": 40
              }
            }
          },
          {
            "hash": "317d9f851ea769362814673427f5e99d607b08a4",
            "messageTitle": "Update parsing of date and time for deadline and event tasks",
            "messageBody": "",
            "fileTypesAndContributionMap": {
              "java": {
                "insertions": 49,
                "deletions": 11
              }
            }
          },
          {
            "hash": "04d9aa6d70938f781eae7fd0c525259ec5531fd1",
            "messageTitle": "Make code more OOP",
            "messageBody": "",
            "tags": [
              "A-MoreOOP"
            ],
            "fileTypesAndContributionMap": {
              "java": {
                "insertions": 110,
                "deletions": 55
              }
            }
          },
          {
            "hash": "ba23ef00ee850013b14a3f3edb502922342aab10",
            "messageTitle": "Divide classes into packages",
            "messageBody": "",
            "fileTypesAndContributionMap": {
              "java": {
                "insertions": 38,
                "deletions": 3
              },
              "bat": {
                "insertions": 1,
                "deletions": 1
              },
              "md": {
                "insertions": 3,
                "deletions": 3
              }
            }
          },
          {
            "hash": "f01aaf0533e34ec65255aad66e32f096b0c6c6b7",
            "messageTitle": "Make TaskList use Ui to print messages",
            "messageBody": "",
            "tags": [
              "A-Packages"
            ],
            "fileTypesAndContributionMap": {
              "txt": {
                "insertions": 1,
                "deletions": 0
              },
              "java": {
                "insertions": 24,
                "deletions": 11
              }
            }
          },
          {
            "hash": "af8e291bf95272276827ffeed18a5b9b462cd430",
            "messageTitle": "Make Storage use Ui to print messages",
            "messageBody": "",
            "fileTypesAndContributionMap": {
              "java": {
                "insertions": 4,
                "deletions": 4
              }
            }
          }
        ]
      },
      {
        "date": "2020-08-24",
        "commitResults": [
          {
            "hash": "ada4b4c7036fdc73de907157646fe745d170464c",
            "messageTitle": "Add JUnit tests for Parser, Deadline, and Event",
            "messageBody": "",
            "fileTypesAndContributionMap": {
              "java": {
                "insertions": 93,
                "deletions": 12
              }
            }
          },
          {
            "hash": "990be7ed6e99555cb9defc4697db25620a066d51",
            "messageTitle": "Add more testing in text-ui-test",
            "messageBody": "",
            "tags": [
              "A-JUnit"
            ],
            "fileTypesAndContributionMap": {
              "txt": {
                "insertions": 4,
                "deletions": 3
              },
              "bat": {
                "insertions": 1,
                "deletions": 1
              }
            }
          },
          {
            "hash": "84b44b4018de5640c8a6da484f52a3437aa7d34a",
            "messageTitle": "Add JavaDoc comments for most public classes/methods",
            "messageBody": "",
            "fileTypesAndContributionMap": {
              "java": {
                "insertions": 139,
                "deletions": 14
              }
            }
          },
          {
            "hash": "fbab912cb7e53260511fe439aa7c4e3610d7f1c4",
            "messageTitle": "Add JavaDoc comments to most public classes/methods",
            "messageBody": "",
            "fileTypesAndContributionMap": {
              "java": {
                "insertions": 139,
                "deletions": 14
              }
            }
          },
          {
            "hash": "9528b84ecdb77e9433de80056d9257fb731d7858",
            "messageTitle": "Revert \"Add JavaDoc comments for most public classes/methods\"",
            "messageBody": "This reverts commit 84b44b4018de5640c8a6da484f52a3437aa7d34a.\n",
            "fileTypesAndContributionMap": {
              "java": {
                "insertions": 14,
                "deletions": 139
              }
            }
          },
          {
            "hash": "c37501e657f3aa55417772e993aa6cc657f6ab87",
            "messageTitle": "Tweak code to comply with coding standards",
            "messageBody": "",
            "fileTypesAndContributionMap": {
              "java": {
                "insertions": 25,
                "deletions": 10
              }
            }
          },
          {
            "hash": "323acf5c6e0bbcb5a0efff6e681156603d6e0e9a",
            "messageTitle": "Add functionality for searching for tasks using a keyword",
            "messageBody": "",
            "fileTypesAndContributionMap": {
              "java": {
                "insertions": 18,
                "deletions": 0
              }
            }
          },
          {
            "hash": "4affce48c586528332c99e9564d8c92e9296c5d8",
            "messageTitle": "Update text-ui-test",
            "messageBody": "",
            "fileTypesAndContributionMap": {
              "txt": {
                "insertions": 2,
                "deletions": 0
              }
            }
          },
          {
            "hash": "038578a562e7773e1c79f20aac64d3f328a009b2",
            "messageTitle": "Update JavaDoc comments",
            "messageBody": "",
            "fileTypesAndContributionMap": {
              "java": {
                "insertions": 7,
                "deletions": 2
              }
            }
          },
          {
            "hash": "3fce80cef1cd9b355790e6f48269084981750fbf",
            "messageTitle": "Make commands case insensitive",
            "messageBody": "Commands is case sensitive.\n\nCase insensitive commands is more user-friendly because users cannot be\nexpected to remember the exact case of the keywords.\n",
            "fileTypesAndContributionMap": {
              "java": {
                "insertions": 1,
                "deletions": 1
              }
            }
          }
        ]
      }
    ]
  },
  "authorFileTypeContributionMap": {
    "qwoprocks": {
      "java": 626,
      "md": 4,
      "fxml": 0,
      "sh": 0,
      "bat": 2,
      "gradle": 0,
      "txt": 17
    }
  },
  "authorContributionVariance": {
    "qwoprocks": 52036.047
  },
  "authorDisplayNameMap": {
    "qwoprocks": "LIM ..HONG"
  }
}
