{
  "authorDailyContributionsMap": {
    "joshtyf": [
      {
        "date": "2020-08-16",
        "commitResults": [
          {
            "hash": "edd87057baed5a0dbbecc1ae28d47bda85b3a52d",
            "messageTitle": "implemented greet, echo, exit",
            "messageBody": "",
            "tags": [
              "Level-1"
            ],
            "fileTypesAndContributionMap": {
              "java": {
                "insertions": 23,
                "deletions": 0
              }
            }
          },
          {
            "hash": "0567ff950dd4f5e5c01fb5bdd6e7881820506801",
            "messageTitle": "implemented add, list",
            "messageBody": "",
            "tags": [
              "Level-2"
            ],
            "fileTypesAndContributionMap": {
              "java": {
                "insertions": 19,
                "deletions": 3
              }
            }
          },
          {
            "hash": "455f5469e7ba393f5ce81807ea19423d211ea30f",
            "messageTitle": "implemeted mark as done",
            "messageBody": "",
            "tags": [
              "Level-3"
            ],
            "fileTypesAndContributionMap": {
              "java": {
                "insertions": 39,
                "deletions": 12
              }
            }
          },
          {
            "hash": "31f549f5348e3c207ecc86b2a8466e33a1e125e9",
            "messageTitle": "implemented todos, events, deadlines",
            "messageBody": "",
            "tags": [
              "Level-4"
            ],
            "fileTypesAndContributionMap": {
              "java": {
                "insertions": 62,
                "deletions": 3
              }
            }
          },
          {
            "hash": "de50706290df2942e22958d2ca0595c99bdab110",
            "messageTitle": "Add A-TextUiTesting",
            "messageBody": "",
            "tags": [
              "A-TextUiTesting"
            ],
            "fileTypesAndContributionMap": {
              "txt": {
                "insertions": 11,
                "deletions": 0
              },
              "sh": {
                "insertions": 2,
                "deletions": 2
              }
            }
          },
          {
            "hash": "4fbc327f11b648312da6ad6b946d18dea951b519",
            "messageTitle": "Add error handling",
            "messageBody": "",
            "tags": [
              "Level-5"
            ],
            "fileTypesAndContributionMap": {
              "java": {
                "insertions": 108,
                "deletions": 33
              }
            }
          },
          {
            "hash": "847528c574666a828d995403e6956c9ac05e6d60",
            "messageTitle": "Add delete functionality",
            "messageBody": "",
            "tags": [
              "Level-6"
            ],
            "fileTypesAndContributionMap": {
              "java": {
                "insertions": 19,
                "deletions": 1
              }
            }
          }
        ]
      },
      {
        "date": "2020-08-24",
        "commitResults": [
          {
            "hash": "ee3ca5afb8bce453e4cd37875512cc391d7668f6",
            "messageTitle": "Add ability to save tasks to task.txt file",
            "messageBody": "Program  will write the list of tasks to a task.txt file after\nevery operation that edits the task list.\n",
            "fileTypesAndContributionMap": {
              "java": {
                "insertions": 146,
                "deletions": 30
              }
            }
          },
          {
            "hash": "00b0b97758e7367c070993fa33b676a71e7d671d",
            "messageTitle": "Add ability to parse strings as Date objects",
            "messageBody": "User inputs will now be parsed as Date objects instead of Strings.\n",
            "fileTypesAndContributionMap": {
              "java": {
                "insertions": 49,
                "deletions": 19
              }
            }
          },
          {
            "hash": "f4257236c61f245d1b5b2a13dda2b2f856032d89",
            "messageTitle": "Fix exception handling after branch-Level-8 merge",
            "messageBody": "branch-Level-8 included exception handling that\nbranch-level-7 did not have. This commit adds the exception handling.\n",
            "tags": [
              "Level-8"
            ],
            "fileTypesAndContributionMap": {
              "java": {
                "insertions": 15,
                "deletions": 4
              }
            }
          },
          {
            "hash": "8260e63deab8d28e19ff11e95e15270f1f861f46",
            "messageTitle": "Add a new UI class",
            "messageBody": "Add a new UI class to handle all UI screens\n",
            "fileTypesAndContributionMap": {
              "java": {
                "insertions": 33,
                "deletions": 8
              }
            }
          },
          {
            "hash": "bf3962bd6c6b80b4d7b6977320157e8db0989217",
            "messageTitle": "Add a new Storage class",
            "messageBody": "Storage class will handle the reading and writing of files.\n",
            "fileTypesAndContributionMap": {
              "java": {
                "insertions": 69,
                "deletions": 13
              }
            }
          },
          {
            "hash": "dc6e155349ea0b2e818be611adc67f86f5b16cd7",
            "messageTitle": "Cut the ability to write to file from TaskManager",
            "messageBody": "TaskManager was previously handling all the writes to\n\"task.txt\" file. This functionality is now transferred to\nStorage.\n",
            "fileTypesAndContributionMap": {
              "java": {
                "insertions": 19,
                "deletions": 61
              }
            }
          },
          {
            "hash": "406795d1553326f99b5cc5a6ea10e4be65bb89b9",
            "messageTitle": "Add ability to ask for commands in Ui",
            "messageBody": "Ui class will now print out the interface to ask for a command.\n",
            "fileTypesAndContributionMap": {
              "java": {
                "insertions": 10,
                "deletions": 0
              }
            }
          },
          {
            "hash": "e471a0fb027536c981f0f37a15fc4ddc95d9841f",
            "messageTitle": "Add a new CommandHandler class",
            "messageBody": "CommandHandler will handle the commands.\n",
            "fileTypesAndContributionMap": {
              "java": {
                "insertions": 18,
                "deletions": 1
              }
            }
          },
          {
            "hash": "c27a00ad57a7d62c579d413770be18ebfa3c2484",
            "messageTitle": "Add Command classes for handling of commands",
            "messageBody": "",
            "fileTypesAndContributionMap": {
              "java": {
                "insertions": 174,
                "deletions": 142
              }
            }
          },
          {
            "hash": "b08ef28749b0f8b6f4b77c9c91ea4e8b8a70c60a",
            "messageTitle": "Add exit screen UI",
            "messageBody": "",
            "fileTypesAndContributionMap": {
              "java": {
                "insertions": 9,
                "deletions": 2
              }
            }
          },
          {
            "hash": "84883d55ccdc14de7b026e8449ab7d805b839b8e",
            "messageTitle": "Add TodoCommand class",
            "messageBody": "TodoCommand will handle the execution of adding Todos.\n",
            "fileTypesAndContributionMap": {
              "java": {
                "insertions": 28,
                "deletions": 2
              }
            }
          },
          {
            "hash": "af6bb6f559db5b147b947e85f58bb647355f62e1",
            "messageTitle": "Remove Scanner import statement",
            "messageBody": "",
            "fileTypesAndContributionMap": {
              "java": {
                "insertions": 0,
                "deletions": 2
              }
            }
          },
          {
            "hash": "412aa997409132aecc8dcba6180b34b04e3a1786",
            "messageTitle": "Add DeadlineCommand class",
            "messageBody": "DeadlineCommand will handle the addition of deadlines\n",
            "fileTypesAndContributionMap": {
              "java": {
                "insertions": 24,
                "deletions": 0
              }
            }
          },
          {
            "hash": "739d1f75b33cf1a39d1e32d67ec08b1c8d29b526",
            "messageTitle": "Add exception throwing to execute() in Command",
            "messageBody": "execute() method will now throw DukeExceptions\n",
            "fileTypesAndContributionMap": {
              "java": {
                "insertions": 8,
                "deletions": 4
              }
            }
          },
          {
            "hash": "4b0bf9471099b660b96204f7c26c19bcf02051fc",
            "messageTitle": "Add EventCommand class",
            "messageBody": "EventCommand will handle the addition of events.\n",
            "fileTypesAndContributionMap": {
              "java": {
                "insertions": 31,
                "deletions": 0
              }
            }
          },
          {
            "hash": "65d61f11c6a6b51e798522d304e465b193d9749a",
            "messageTitle": "Add CompleteCommand class",
            "messageBody": "CompleteCommand will handle the command for completing\ntasks.\n",
            "fileTypesAndContributionMap": {
              "java": {
                "insertions": 15,
                "deletions": 0
              }
            }
          },
          {
            "hash": "78257eda68eaf642fe7c55aecf21c8d226918452",
            "messageTitle": "Add DukeException to markDone() method",
            "messageBody": "",
            "fileTypesAndContributionMap": {
              "java": {
                "insertions": 8,
                "deletions": 3
              }
            }
          },
          {
            "hash": "296d857419b7c41e6f20cb24a9f42208ee9c7fc9",
            "messageTitle": "Add DeleteCommand class",
            "messageBody": "DeleteCommand will handle the command to delete tasks.\n",
            "fileTypesAndContributionMap": {
              "java": {
                "insertions": 15,
                "deletions": 0
              }
            }
          },
          {
            "hash": "8e1ea0f60b79e0277b3fb253cec883ba9be59d55",
            "messageTitle": "Add DukeException to deleteTask method",
            "messageBody": "",
            "fileTypesAndContributionMap": {
              "java": {
                "insertions": 9,
                "deletions": 5
              }
            }
          },
          {
            "hash": "c7614a6468b83ed487ecf431d48df2f24103bf0a",
            "messageTitle": "Add switch cases to CommandHandler",
            "messageBody": "",
            "fileTypesAndContributionMap": {
              "java": {
                "insertions": 8,
                "deletions": 0
              }
            }
          },
          {
            "hash": "8e6ccaf1638f37d84ad49d8e950d64fdfc038a69",
            "messageTitle": "Add task completed message to Ui class",
            "messageBody": "Task completed message was previously in the Task class.\nIt is now shifted into the Ui class.\n",
            "fileTypesAndContributionMap": {
              "java": {
                "insertions": 11,
                "deletions": 5
              }
            }
          },
          {
            "hash": "93745011f0c89703280333cbbc8c4a6dbca0a3ad",
            "messageTitle": "Fix error where task manager cannot display tasks",
            "messageBody": "Storage was previously saving the text contents for Deadline and Events\nin the wrong formats, hence they could not be loaded properly.\nFormat has now been fixed and the issue is resolved.\n",
            "fileTypesAndContributionMap": {
              "java": {
                "insertions": 7,
                "deletions": 5
              }
            }
          },
          {
            "hash": "e935e032197fd259972259489590416e59f3ef9b",
            "messageTitle": "Cut printing from TaskManager",
            "messageBody": "TaskManagr was previously printing out the list of tasks in its\nlistTasks() method.\nIt now returns a string which will be used to print through the Ui class.\n",
            "tags": [
              "A-MoreOOP"
            ],
            "fileTypesAndContributionMap": {
              "java": {
                "insertions": 12,
                "deletions": 4
              }
            }
          },
          {
            "hash": "3b919664e05787efc796e3079f4f33bfefb125e8",
            "messageTitle": "Add gradle to the project",
            "messageBody": "",
            "fileTypesAndContributionMap": {
              "gradle": {
                "insertions": 15,
                "deletions": 0
              },
              "bat": {
                "insertions": 104,
                "deletions": 0
              }
            }
          }
        ]
      },
      {
        "date": "2020-08-25",
        "commitResults": [
          {
            "hash": "88937f3ed14f49754b185ae445d2864d3213e44e",
            "messageTitle": "Add mavenCentral repository to gradle",
            "messageBody": "",
            "fileTypesAndContributionMap": {
              "gradle": {
                "insertions": 4,
                "deletions": 0
              }
            }
          },
          {
            "hash": "2fbc5850e405894d674245c67be4a910196c37d9",
            "messageTitle": "Add JUnit tests",
            "messageBody": "",
            "tags": [
              "A-JUnit"
            ],
            "fileTypesAndContributionMap": {
              "java": {
                "insertions": 67,
                "deletions": 0
              }
            }
          },
          {
            "hash": "1a085030fce218f9d793c312c80984e10e735827",
            "messageTitle": "Bump gradle shadow plugin to v6.0.0",
            "messageBody": "",
            "fileTypesAndContributionMap": {
              "gradle": {
                "insertions": 1,
                "deletions": 1
              }
            }
          },
          {
            "hash": "bfafe9fc6d33d0fd2296299f525d92044637277f",
            "messageTitle": "Cut gradle application plugin",
            "messageBody": "Plugin was causing issues when running shadowJar task.\nThe main problem was that the mainClass was not defined for application\nand shadowJar was not able to run properly.\n",
            "fileTypesAndContributionMap": {
              "gradle": {
                "insertions": 0,
                "deletions": 1
              }
            }
          },
          {
            "hash": "bfadb694b5fc6c3283b76462c9c076c8aeb058f2",
            "messageTitle": "Add shadowJar manifest config",
            "messageBody": "",
            "tags": [
              "A-Jar"
            ],
            "fileTypesAndContributionMap": {
              "gradle": {
                "insertions": 6,
                "deletions": 0
              }
            }
          }
        ]
      },
      {
        "date": "2020-08-26",
        "commitResults": [
          {
            "hash": "314a76033b1219665a24de298ec2898afada37de",
            "messageTitle": "Document Command.java",
            "messageBody": "",
            "fileTypesAndContributionMap": {
              "java": {
                "insertions": 18,
                "deletions": 0
              }
            }
          },
          {
            "hash": "412076a450124e2ed1b051bd293c6d00813f4f71",
            "messageTitle": "Document CommandHandler.java",
            "messageBody": "",
            "fileTypesAndContributionMap": {
              "java": {
                "insertions": 9,
                "deletions": 1
              }
            }
          },
          {
            "hash": "449a271a32d75f89215d913c838142a567501f2c",
            "messageTitle": "Document CompleteCommand.java",
            "messageBody": "",
            "fileTypesAndContributionMap": {
              "java": {
                "insertions": 15,
                "deletions": 0
              }
            }
          },
          {
            "hash": "c5b6ab142abdba0298d9c28b30b1b2b82f230799",
            "messageTitle": "Document Deadline.java",
            "messageBody": "",
            "fileTypesAndContributionMap": {
              "java": {
                "insertions": 20,
                "deletions": 0
              }
            }
          },
          {
            "hash": "172814075fd4325db7f8f85b6076187e3d072c18",
            "messageTitle": "Document DeadlineCommand.java",
            "messageBody": "",
            "fileTypesAndContributionMap": {
              "java": {
                "insertions": 15,
                "deletions": 0
              }
            }
          },
          {
            "hash": "9b2120468ed329c83bd87d5bc57b4c590f763d55",
            "messageTitle": "Document DeleteCommand.java",
            "messageBody": "",
            "fileTypesAndContributionMap": {
              "java": {
                "insertions": 15,
                "deletions": 0
              }
            }
          },
          {
            "hash": "ccddf2cbe8e0bcadbedfe125d9a9a938bf8c115d",
            "messageTitle": "Document Duke.java",
            "messageBody": "",
            "fileTypesAndContributionMap": {
              "java": {
                "insertions": 6,
                "deletions": 0
              }
            }
          },
          {
            "hash": "a06e0f1554bf24fdb3fa8bec901609b86559ef13",
            "messageTitle": "Document DukeException.java",
            "messageBody": "",
            "fileTypesAndContributionMap": {
              "java": {
                "insertions": 12,
                "deletions": 0
              }
            }
          },
          {
            "hash": "ba97e29213f76e9ebf7f8cec193f7c14d06bf73a",
            "messageTitle": "Document ErrorCommand.java",
            "messageBody": "",
            "fileTypesAndContributionMap": {
              "java": {
                "insertions": 9,
                "deletions": 0
              }
            }
          },
          {
            "hash": "9a3b04d33e798cbbeea23187b9ae8504737afe13",
            "messageTitle": "Document Event.java",
            "messageBody": "",
            "fileTypesAndContributionMap": {
              "java": {
                "insertions": 20,
                "deletions": 0
              }
            }
          },
          {
            "hash": "7be812b9d609677fce47ce06575e8e546ee1a41e",
            "messageTitle": "Document EventCommand.java",
            "messageBody": "",
            "fileTypesAndContributionMap": {
              "java": {
                "insertions": 15,
                "deletions": 0
              }
            }
          },
          {
            "hash": "f7b434c41deb3002cefdddfd9f4a3d8a039a8eab",
            "messageTitle": "Document ExitCommand.java",
            "messageBody": "",
            "fileTypesAndContributionMap": {
              "java": {
                "insertions": 8,
                "deletions": 0
              }
            }
          },
          {
            "hash": "99d227c2a7b0189903d594721084ca3febf2b75a",
            "messageTitle": "Document ListCommand.java",
            "messageBody": "",
            "fileTypesAndContributionMap": {
              "java": {
                "insertions": 11,
                "deletions": 0
              }
            }
          },
          {
            "hash": "0f96184e8ae5c66e519ec7f5d0ede949f9eedf0e",
            "messageTitle": "Document Storage.java",
            "messageBody": "",
            "fileTypesAndContributionMap": {
              "java": {
                "insertions": 16,
                "deletions": 0
              }
            }
          },
          {
            "hash": "293cf96586f1a459389066dfb9d179e9c603c09d",
            "messageTitle": "Document Task.java",
            "messageBody": "",
            "fileTypesAndContributionMap": {
              "java": {
                "insertions": 29,
                "deletions": 0
              }
            }
          },
          {
            "hash": "36f5a1c7dd00abe822c248be9554ea91d222d0df",
            "messageTitle": "Document TaskManager.java",
            "messageBody": "",
            "fileTypesAndContributionMap": {
              "java": {
                "insertions": 41,
                "deletions": 0
              }
            }
          },
          {
            "hash": "b6906ea70934e19daf83c39850d6a31468bf9149",
            "messageTitle": "Document Todo.java",
            "messageBody": "",
            "fileTypesAndContributionMap": {
              "java": {
                "insertions": 13,
                "deletions": 0
              }
            }
          },
          {
            "hash": "eb511ff34093ce715d00fffa6d1597f7cbbf7e46",
            "messageTitle": "Document TodoCommand.java",
            "messageBody": "",
            "fileTypesAndContributionMap": {
              "java": {
                "insertions": 13,
                "deletions": 0
              }
            }
          },
          {
            "hash": "2abd83473d816f7ee0fafe773e7b3e884b63b7f3",
            "messageTitle": "Document Ui.java",
            "messageBody": "",
            "fileTypesAndContributionMap": {
              "java": {
                "insertions": 53,
                "deletions": 0
              }
            }
          },
          {
            "hash": "6ab77c58f9bc4150f29c1aeb8437d44d5e055201",
            "messageTitle": "Refactor CommandHandler.java",
            "messageBody": "",
            "fileTypesAndContributionMap": {
              "java": {
                "insertions": 8,
                "deletions": 8
              }
            }
          },
          {
            "hash": "b06122133c7b45f17a7356a26c155805fff9bf0e",
            "messageTitle": "Refactor Duke.java",
            "messageBody": "",
            "fileTypesAndContributionMap": {
              "java": {
                "insertions": 1,
                "deletions": 1
              }
            }
          },
          {
            "hash": "384861ac897494f88808ba93283001f05b351cf4",
            "messageTitle": "Refactor Storage.java",
            "messageBody": "",
            "fileTypesAndContributionMap": {
              "java": {
                "insertions": 3,
                "deletions": 3
              }
            }
          },
          {
            "hash": "0884cda04b4e2fb16c70bd6b6c9ccae0a4d68cc5",
            "messageTitle": "Refactor Task.java",
            "messageBody": "",
            "fileTypesAndContributionMap": {
              "java": {
                "insertions": 1,
                "deletions": 1
              }
            }
          },
          {
            "hash": "205e6cb470f363a6d83527c5e8c2830f092b1685",
            "messageTitle": "Refactor TaskManager.java",
            "messageBody": "",
            "fileTypesAndContributionMap": {
              "java": {
                "insertions": 1,
                "deletions": 1
              }
            }
          },
          {
            "hash": "6f55287b07745346cba44bb0aa31d1ef68c0421e",
            "messageTitle": "Add findTask method to TaskManager.java",
            "messageBody": "TaskManager will now be able to support searching for a task\ngiven a keyword\n",
            "fileTypesAndContributionMap": {
              "java": {
                "insertions": 24,
                "deletions": 0
              }
            }
          },
          {
            "hash": "a849700354995879c75551381a5770c69f1ce1d4",
            "messageTitle": "Add find operation",
            "messageBody": "",
            "fileTypesAndContributionMap": {
              "java": {
                "insertions": 2,
                "deletions": 0
              }
            }
          },
          {
            "hash": "982767d6ed8f24a7bd09f1f6dcf0c84d740250a0",
            "messageTitle": "Add FindCommand.java",
            "messageBody": "FindCommand is a new command that will be used to search for tasks with\na particular keyword.\n",
            "fileTypesAndContributionMap": {
              "java": {
                "insertions": 22,
                "deletions": 0
              }
            }
          },
          {
            "hash": "d760cc01d4029a252da64aed36ffe88b99f467da",
            "messageTitle": "Add askForKeyword method",
            "messageBody": "",
            "fileTypesAndContributionMap": {
              "java": {
                "insertions": 10,
                "deletions": 0
              }
            }
          }
        ]
      },
      {
        "date": "2020-08-30",
        "commitResults": [
          {
            "hash": "cdc1ac8db374a48150751e04fb424f2dc60dcaf7",
            "messageTitle": "Refactor into commands package",
            "messageBody": "",
            "fileTypesAndContributionMap": {
              "java": {
                "insertions": 3,
                "deletions": 0
              }
            }
          },
          {
            "hash": "13ae12f46dd8e5c0911128feddd4e23d14ca6464",
            "messageTitle": "Refactor tasks",
            "messageBody": "",
            "fileTypesAndContributionMap": {
              "java": {
                "insertions": 23,
                "deletions": 15
              }
            }
          },
          {
            "hash": "27bfcaec8d1fc877af260069e2b4743071de1e4e",
            "messageTitle": "Refactor and create duke package",
            "messageBody": "",
            "fileTypesAndContributionMap": {
              "java": {
                "insertions": 123,
                "deletions": 57
              }
            }
          },
          {
            "hash": "d29d3f0a03d8b7fd89ca1bd8caa80e1dee8004a5",
            "messageTitle": "Refactor commands and tasks package into duke",
            "messageBody": "",
            "fileTypesAndContributionMap": {
              "java": {
                "insertions": 91,
                "deletions": 109
              }
            }
          },
          {
            "hash": "b3a4571dd90665ac3502d631cf7a03e0ab18ca66",
            "messageTitle": "Make TaskManager public",
            "messageBody": "",
            "fileTypesAndContributionMap": {
              "java": {
                "insertions": 1,
                "deletions": 1
              }
            }
          },
          {
            "hash": "50361b903c2075c273ec63cf17ca17e5871360be",
            "messageTitle": "Make Task public",
            "messageBody": "",
            "fileTypesAndContributionMap": {
              "java": {
                "insertions": 1,
                "deletions": 1
              }
            }
          },
          {
            "hash": "877fe6105d0da02ccf84635f2a2143035c96078f",
            "messageTitle": "Make DukeException public",
            "messageBody": "",
            "fileTypesAndContributionMap": {
              "java": {
                "insertions": 1,
                "deletions": 1
              }
            }
          },
          {
            "hash": "a7cdc7e4c073057b38b90781eea95fbcc264cd04",
            "messageTitle": "Add import statements",
            "messageBody": "",
            "fileTypesAndContributionMap": {
              "java": {
                "insertions": 25,
                "deletions": 8
              }
            }
          },
          {
            "hash": "d1ea5604dfb17b63e617eb076e96279e4e832af2",
            "messageTitle": "Change tasks.txt file path",
            "messageBody": "",
            "fileTypesAndContributionMap": {
              "java": {
                "insertions": 1,
                "deletions": 1
              }
            }
          },
          {
            "hash": "bd4f63b3d5e7408ba662b078294862e9f07d3ebc",
            "messageTitle": "Add import statements",
            "messageBody": "",
            "fileTypesAndContributionMap": {
              "java": {
                "insertions": 2,
                "deletions": 0
              }
            }
          },
          {
            "hash": "b0a747fa5584e885b050fa2d389e59cb69775879",
            "messageTitle": "Add import statements",
            "messageBody": "",
            "fileTypesAndContributionMap": {
              "java": {
                "insertions": 5,
                "deletions": 0
              }
            }
          },
          {
            "hash": "01de5288daa3e744de26cf3c25c873c8e3aceaa2",
            "messageTitle": "Fix ui statements",
            "messageBody": "",
            "fileTypesAndContributionMap": {
              "java": {
                "insertions": 4,
                "deletions": 4
              }
            }
          },
          {
            "hash": "f62d42de07ea2169be5ac295e4723bcb623bcaec",
            "messageTitle": "Fix print statements",
            "messageBody": "",
            "fileTypesAndContributionMap": {
              "java": {
                "insertions": 2,
                "deletions": 2
              }
            }
          },
          {
            "hash": "3b9f213d7ab98e6ef2bc9221be563ebff3e6c787",
            "messageTitle": "Copy config from ip repo",
            "messageBody": "",
            "fileTypesAndContributionMap": {
              "gradle": {
                "insertions": 31,
                "deletions": 9
              }
            }
          }
        ]
      },
      {
        "date": "2020-08-31",
        "commitResults": [
          {
            "hash": "fc9d9e479e0eeb59e22db474a6aff5d461998e01",
            "messageTitle": "Add JavaFx dependency",
            "messageBody": "",
            "fileTypesAndContributionMap": {
              "gradle": {
                "insertions": 14,
                "deletions": 0
              }
            }
          },
          {
            "hash": "ede71288082a35acea5d08d6bd1ba2f3c15f30cb",
            "messageTitle": "Add Launcher.java",
            "messageBody": "Create a Launcher class as per instructions from the guide.\n",
            "fileTypesAndContributionMap": {
              "java": {
                "insertions": 13,
                "deletions": 0
              }
            }
          },
          {
            "hash": "289d6109493473e32d5018c259abb712b29c3b67",
            "messageTitle": "Add code to start the JavaFx GUI",
            "messageBody": "",
            "fileTypesAndContributionMap": {
              "java": {
                "insertions": 47,
                "deletions": 37
              }
            }
          },
          {
            "hash": "b257c64d931ed4a718b5ce136bbf5212e154d592",
            "messageTitle": "Add more elements to GUI",
            "messageBody": "",
            "fileTypesAndContributionMap": {
              "java": {
                "insertions": 23,
                "deletions": 4
              }
            }
          },
          {
            "hash": "1bfc76253e72fbe5ceff2d8dd06c1b9d2cf1f35b",
            "messageTitle": "Add custom size to GUI",
            "messageBody": "",
            "fileTypesAndContributionMap": {
              "java": {
                "insertions": 32,
                "deletions": 0
              }
            }
          },
          {
            "hash": "f74ec76101ad2eec2c2e1ae5964708cc27f7ead4",
            "messageTitle": "Add user input handling",
            "messageBody": "",
            "fileTypesAndContributionMap": {
              "java": {
                "insertions": 26,
                "deletions": 0
              }
            }
          },
          {
            "hash": "aac0902149bd9a8a3306fb50531a7c129a9f3d22",
            "messageTitle": "Add vertical scrolling",
            "messageBody": "",
            "fileTypesAndContributionMap": {
              "java": {
                "insertions": 3,
                "deletions": 0
              }
            }
          }
        ]
      },
      {
        "date": "2020-09-03",
        "commitResults": [
          {
            "hash": "906c8cc3b15bd28a7bad62d34c5e0742066e3504",
            "messageTitle": "Add profile pictures",
            "messageBody": "",
            "fileTypesAndContributionMap": {
              "java": {
                "insertions": 25,
                "deletions": 14
              }
            }
          },
          {
            "hash": "50d99e5f142a12f099ce8b4b28e6b5971ca4ed83",
            "messageTitle": "Add DialogBox.java class",
            "messageBody": "",
            "fileTypesAndContributionMap": {
              "java": {
                "insertions": 47,
                "deletions": 0
              }
            }
          },
          {
            "hash": "8cd0f4f7ba9e89be72db863bba99a57c9ec914b9",
            "messageTitle": "Add fxml files",
            "messageBody": "",
            "fileTypesAndContributionMap": {
              "fxml": {
                "insertions": 35,
                "deletions": 0
              }
            }
          },
          {
            "hash": "06aed5a242fedcf468681d1f65664d681069aa04",
            "messageTitle": "Add Main.java class for loading GUI",
            "messageBody": "",
            "fileTypesAndContributionMap": {
              "java": {
                "insertions": 31,
                "deletions": 0
              }
            }
          },
          {
            "hash": "1b1ef3f1d54add34e8c18bf53a5ef968482281f1",
            "messageTitle": "Add MainWindow controller",
            "messageBody": "",
            "fileTypesAndContributionMap": {
              "java": {
                "insertions": 53,
                "deletions": 0
              }
            }
          },
          {
            "hash": "66f830980a8fef0be4c992ace06859d0d50bc7cc",
            "messageTitle": "Make app to launch from Main",
            "messageBody": "",
            "fileTypesAndContributionMap": {
              "java": {
                "insertions": 1,
                "deletions": 1
              }
            }
          },
          {
            "hash": "cbb76224d7407a9ff1e989d8cca7a0bd662213ea",
            "messageTitle": "Refactor GUI to Main and MainWindow",
            "messageBody": "",
            "fileTypesAndContributionMap": {
              "java": {
                "insertions": 3,
                "deletions": 99
              }
            }
          },
          {
            "hash": "6fd137c633ad13d7b6f6e366c4690f3f7e7daec6",
            "messageTitle": "Add DialogBox.java",
            "messageBody": "",
            "fileTypesAndContributionMap": {
              "java": {
                "insertions": 33,
                "deletions": 19
              }
            }
          },
          {
            "hash": "030f8fd40c5c9315cd54e5d423b3e69bd2bc930a",
            "messageTitle": "Make constructor public",
            "messageBody": "",
            "fileTypesAndContributionMap": {
              "java": {
                "insertions": 1,
                "deletions": 1
              }
            }
          },
          {
            "hash": "f0335a14915f62d8c5013c20901850e4e47af357",
            "messageTitle": "Remove dead code",
            "messageBody": "",
            "fileTypesAndContributionMap": {
              "java": {
                "insertions": 0,
                "deletions": 148
              }
            }
          },
          {
            "hash": "a87faf9b5ba992516da7ad54c7f63f4f5d66740b",
            "messageTitle": "Remove useless import statements",
            "messageBody": "",
            "fileTypesAndContributionMap": {
              "java": {
                "insertions": 0,
                "deletions": 2
              }
            }
          }
        ]
      },
      {
        "date": "2020-09-06",
        "commitResults": [
          {
            "hash": "588d5f9b834ea9cb226705731ab14366e7d78601",
            "messageTitle": "Integrate with GUI",
            "messageBody": "",
            "fileTypesAndContributionMap": {
              "java": {
                "insertions": 256,
                "deletions": 108
              }
            }
          },
          {
            "hash": "5a0b085b53b9e2a99f3130648ddc59481333b33c",
            "messageTitle": "Fix wrong tasks.txt file path",
            "messageBody": "The file path for tasks.txt was previously defined wrongly.\nIt has now been fixed.\n",
            "fileTypesAndContributionMap": {
              "java": {
                "insertions": 6,
                "deletions": 6
              }
            }
          },
          {
            "hash": "49b612131fca57ad6db33b050c39b4c606927acc",
            "messageTitle": "Make use of super constructor for error msg",
            "messageBody": "",
            "fileTypesAndContributionMap": {
              "java": {
                "insertions": 1,
                "deletions": 13
              }
            }
          },
          {
            "hash": "cccfb7110eb5b1e3ad45c4911c5ef6d66abc0bb9",
            "messageTitle": "Integrate with GUI",
            "messageBody": "",
            "fileTypesAndContributionMap": {
              "java": {
                "insertions": 7,
                "deletions": 3
              }
            }
          },
          {
            "hash": "8cd0751cea733966cc04e82c86c04f43f1420e3a",
            "messageTitle": "Document Command.java",
            "messageBody": "",
            "fileTypesAndContributionMap": {
              "java": {
                "insertions": 15,
                "deletions": 5
              }
            }
          },
          {
            "hash": "7a6388297481a233185a48442682819e2d1c826e",
            "messageTitle": "Document CommandHandler.java",
            "messageBody": "",
            "fileTypesAndContributionMap": {
              "java": {
                "insertions": 3,
                "deletions": 6
              }
            }
          },
          {
            "hash": "2875ac050adc0bddc9a777a63ba26cc166ae2270",
            "messageTitle": "Reformat switch indentations",
            "messageBody": "",
            "fileTypesAndContributionMap": {
              "java": {
                "insertions": 18,
                "deletions": 18
              }
            }
          },
          {
            "hash": "8cf2bb24a2cf2048439f3f286f224aab944eef02",
            "messageTitle": "Document CompleteCommand.java",
            "messageBody": "",
            "fileTypesAndContributionMap": {
              "java": {
                "insertions": 9,
                "deletions": 8
              }
            }
          },
          {
            "hash": "690a284e8de87ab083b7d47a2e60b1a27ddf2757",
            "messageTitle": "Document DeadlineCommand.java",
            "messageBody": "",
            "fileTypesAndContributionMap": {
              "java": {
                "insertions": 8,
                "deletions": 7
              }
            }
          },
          {
            "hash": "3fae5189fd8007f8c7da10d12149dbb9fccfb11a",
            "messageTitle": "Reformat switch indentation",
            "messageBody": "",
            "fileTypesAndContributionMap": {
              "java": {
                "insertions": 11,
                "deletions": 11
              }
            }
          },
          {
            "hash": "b6c4e1ffe903567990cf0718744b960f34e18cba",
            "messageTitle": "Document DeleteCommand.java",
            "messageBody": "",
            "fileTypesAndContributionMap": {
              "java": {
                "insertions": 10,
                "deletions": 9
              }
            }
          },
          {
            "hash": "6e248d04e1e37ad0db96f51b5f57199788fc62f8",
            "messageTitle": "Fix call to wrong method",
            "messageBody": "",
            "fileTypesAndContributionMap": {
              "java": {
                "insertions": 1,
                "deletions": 1
              }
            }
          },
          {
            "hash": "1eb8937471884b448e5551c8409afe4ffd2e4a04",
            "messageTitle": "Document DeleteCommand.java",
            "messageBody": "",
            "fileTypesAndContributionMap": {
              "java": {
                "insertions": 1,
                "deletions": 2
              }
            }
          },
          {
            "hash": "16f98e76317503ea8fbbe9de471f711417e15306",
            "messageTitle": "Document ErrorCommand.java",
            "messageBody": "",
            "fileTypesAndContributionMap": {
              "java": {
                "insertions": 11,
                "deletions": 1
              }
            }
          },
          {
            "hash": "615af8d6a0ffe80c2a08375725e58cac5846d5f4",
            "messageTitle": "Document Command.java",
            "messageBody": "",
            "fileTypesAndContributionMap": {
              "java": {
                "insertions": 1,
                "deletions": 0
              }
            }
          },
          {
            "hash": "63a67d99045851b8efa9773ff223c891163f8c3c",
            "messageTitle": "Document CompleteCommand.java",
            "messageBody": "",
            "fileTypesAndContributionMap": {
              "java": {
                "insertions": 1,
                "deletions": 0
              }
            }
          },
          {
            "hash": "62e8b10fe2c3ecb33984ed9c23c48931883a1a4c",
            "messageTitle": "Document Deadline.java",
            "messageBody": "",
            "fileTypesAndContributionMap": {
              "java": {
                "insertions": 1,
                "deletions": 0
              }
            }
          },
          {
            "hash": "627c485efe37c84654d9f0a1a1e8b2f7a624541b",
            "messageTitle": "Document DeleteCommand.java",
            "messageBody": "",
            "fileTypesAndContributionMap": {
              "java": {
                "insertions": 1,
                "deletions": 0
              }
            }
          },
          {
            "hash": "c54a9e420a9811dc2b448d9889217603687f4824",
            "messageTitle": "Document EventCommand.java",
            "messageBody": "",
            "fileTypesAndContributionMap": {
              "java": {
                "insertions": 9,
                "deletions": 7
              }
            }
          },
          {
            "hash": "7d182eff13d9629b76784e8898b5fb3389228c75",
            "messageTitle": "Reformat indentations",
            "messageBody": "",
            "fileTypesAndContributionMap": {
              "java": {
                "insertions": 16,
                "deletions": 16
              }
            }
          },
          {
            "hash": "53525b273e6b2fcb71a28d7c735e43804160b560",
            "messageTitle": "Document ExitCommand.java",
            "messageBody": "",
            "fileTypesAndContributionMap": {
              "java": {
                "insertions": 7,
                "deletions": 1
              }
            }
          },
          {
            "hash": "c9427b34314952c2a6658d8ac03bf05cfdd038bc",
            "messageTitle": "Document FindCommand.java",
            "messageBody": "",
            "fileTypesAndContributionMap": {
              "java": {
                "insertions": 9,
                "deletions": 6
              }
            }
          },
          {
            "hash": "d521a19c332a91cd7fad0732ecf951989daddee3",
            "messageTitle": "Document ListCommand.java",
            "messageBody": "",
            "fileTypesAndContributionMap": {
              "java": {
                "insertions": 10,
                "deletions": 6
              }
            }
          },
          {
            "hash": "d2b2bce4adb89b80c67b22934c8740132eebfebe",
            "messageTitle": "Document TodoCommand.java",
            "messageBody": "",
            "fileTypesAndContributionMap": {
              "java": {
                "insertions": 8,
                "deletions": 6
              }
            }
          },
          {
            "hash": "7baf9b879e6f52da4278f338391459ae9af15259",
            "messageTitle": "Document ListCommand.java",
            "messageBody": "",
            "fileTypesAndContributionMap": {
              "java": {
                "insertions": 1,
                "deletions": 0
              }
            }
          },
          {
            "hash": "d958dc8c7bec67ea1c6103cc2d3827ddbaf140bc",
            "messageTitle": "Document FindCommand.java",
            "messageBody": "",
            "fileTypesAndContributionMap": {
              "java": {
                "insertions": 1,
                "deletions": 0
              }
            }
          },
          {
            "hash": "78b2e286954733971d1453915e3414fe251008ee",
            "messageTitle": "Document Deadline.java",
            "messageBody": "",
            "fileTypesAndContributionMap": {
              "java": {
                "insertions": 2,
                "deletions": 2
              }
            }
          },
          {
            "hash": "6c1d5af3f096c4aae56e1a4f6cb87cc25d77f583",
            "messageTitle": "Document Event.java",
            "messageBody": "",
            "fileTypesAndContributionMap": {
              "java": {
                "insertions": 1,
                "deletions": 1
              }
            }
          },
          {
            "hash": "7b6b046923d1b6053d12c24ba37bd022b6b800af",
            "messageTitle": "Document Task.java",
            "messageBody": "",
            "fileTypesAndContributionMap": {
              "java": {
                "insertions": 1,
                "deletions": 1
              }
            }
          },
          {
            "hash": "ecf9ec350df7613045d8d44f8cb3296c4d7dc93c",
            "messageTitle": "Document TaskManager.java",
            "messageBody": "",
            "fileTypesAndContributionMap": {
              "java": {
                "insertions": 10,
                "deletions": 10
              }
            }
          },
          {
            "hash": "1e587285bfa7aae217dd15a669fa905afeffa683",
            "messageTitle": "Document Todo.java",
            "messageBody": "",
            "fileTypesAndContributionMap": {
              "java": {
                "insertions": 1,
                "deletions": 1
              }
            }
          },
          {
            "hash": "7d3f5e3f04fa5fa2708fbc2e01f12ed201585281",
            "messageTitle": "Refactor stringbuffer appends",
            "messageBody": "",
            "fileTypesAndContributionMap": {
              "java": {
                "insertions": 2,
                "deletions": 2
              }
            }
          },
          {
            "hash": "4ab83a01382f4a359aaee9e6791230e584859283",
            "messageTitle": "Document DialogBox.java",
            "messageBody": "",
            "fileTypesAndContributionMap": {
              "java": {
                "insertions": 12,
                "deletions": 0
              }
            }
          },
          {
            "hash": "992aed8b7568d0041f78b17fda64dd0c825e6806",
            "messageTitle": "Reformat and remove dead code",
            "messageBody": "",
            "fileTypesAndContributionMap": {
              "java": {
                "insertions": 0,
                "deletions": 169
              }
            }
          },
          {
            "hash": "c7bcef8a63e734d49292e4014bc0cdbbd8e6a056",
            "messageTitle": "Rename setNewCommand to setCommand",
            "messageBody": "",
            "fileTypesAndContributionMap": {
              "java": {
                "insertions": 2,
                "deletions": 2
              }
            }
          },
          {
            "hash": "96d2ec79b7ae7360ad6fecce82a0b3941cab1ecb",
            "messageTitle": "Document Duke.java",
            "messageBody": "",
            "fileTypesAndContributionMap": {
              "java": {
                "insertions": 3,
                "deletions": 2
              }
            }
          },
          {
            "hash": "11cb2287ba94757a71b5fca18f88698b96874532",
            "messageTitle": "Document Main.java",
            "messageBody": "",
            "fileTypesAndContributionMap": {
              "java": {
                "insertions": 4,
                "deletions": 0
              }
            }
          },
          {
            "hash": "c6a6878603dc39fdb1565d345aaf95e92c40a301",
            "messageTitle": "Document Storage.java",
            "messageBody": "",
            "fileTypesAndContributionMap": {
              "java": {
                "insertions": 4,
                "deletions": 4
              }
            }
          },
          {
            "hash": "b7beaed2d379035615bdd6a9622795d8d1f32808",
            "messageTitle": "Document Ui.java",
            "messageBody": "",
            "fileTypesAndContributionMap": {
              "java": {
                "insertions": 1,
                "deletions": 1
              }
            }
          }
        ]
      }
    ]
  },
  "authorFileTypeContributionMap": {
    "joshtyf": {
      "java": 1371,
      "md": 0,
      "fxml": 35,
      "sh": 1,
      "bat": 104,
      "gradle": 60,
      "txt": 11
    }
  },
  "authorContributionVariance": {
    "joshtyf": 95519.16
  },
  "authorDisplayNameMap": {
    "joshtyf": "CS2103T-T13-2 JOSH..FENG"
  }
}
