{
  "authorDailyContributionsMap": {
    "moyj01": [
      {
        "date": "2020-08-21",
        "commitResults": [
          {
            "hash": "b82ab6682a17bb2a56228021fb4766cc443dfcfe",
            "messageTitle": "Finish Level-1",
            "messageBody": "",
            "tags": [
              "Level-1"
            ],
            "fileTypesAndContributionMap": {
              "java": {
                "insertions": 14,
                "deletions": 1
              }
            }
          },
          {
            "hash": "2991655e1adc1c251895ef85ba7bd8dd98b3599d",
            "messageTitle": "Level-2 in progress",
            "messageBody": "",
            "fileTypesAndContributionMap": {
              "java": {
                "insertions": 21,
                "deletions": 1
              }
            }
          },
          {
            "hash": "9736cc7c99dba554bfc2471eb6efeeb77b65488e",
            "messageTitle": "Finish Level-2",
            "messageBody": "",
            "tags": [
              "Level-2"
            ],
            "fileTypesAndContributionMap": {
              "java": {
                "insertions": 19,
                "deletions": 19
              }
            }
          },
          {
            "hash": "ea375bfd706d469b28c22fd6522545dda4588fde",
            "messageTitle": "Finish Level-3",
            "messageBody": "",
            "tags": [
              "Level-3"
            ],
            "fileTypesAndContributionMap": {
              "java": {
                "insertions": 48,
                "deletions": 7
              }
            }
          },
          {
            "hash": "b997fdbbf36cdbc56728fed4ec45947a24d68c32",
            "messageTitle": "Create Deadline,Event and ToDo classes",
            "messageBody": "",
            "fileTypesAndContributionMap": {
              "java": {
                "insertions": 91,
                "deletions": 4
              }
            }
          },
          {
            "hash": "ea2d1fbbb541dc0178edfbe33801dbad0b0998ab",
            "messageTitle": "Edit runtest.bat to compile all java files.",
            "messageBody": "",
            "fileTypesAndContributionMap": {
              "java": {
                "insertions": 1,
                "deletions": 1
              },
              "bat": {
                "insertions": 2,
                "deletions": 1
              }
            }
          },
          {
            "hash": "0aceb695710010484923557500f4493d05d7272c",
            "messageTitle": "Finish Level-4",
            "messageBody": "",
            "tags": [
              "Level-4"
            ],
            "fileTypesAndContributionMap": {
              "java": {
                "insertions": 85,
                "deletions": 84
              }
            }
          },
          {
            "hash": "4a77fece19b0cbec5028a9d5b5828ecf6621d1f6",
            "messageTitle": "Edit EXPECTED.TXT and input.txt. Finish A-TextUiTesting",
            "messageBody": "",
            "tags": [
              "A-TextUiTesting"
            ],
            "fileTypesAndContributionMap": {
              "txt": {
                "insertions": 4,
                "deletions": 0
              }
            }
          },
          {
            "hash": "f8aa2baa43c1f7dd3614362975a1a33a3eb24fe8",
            "messageTitle": "Finish Level-5",
            "messageBody": "",
            "tags": [
              "Level-5"
            ],
            "fileTypesAndContributionMap": {
              "java": {
                "insertions": 57,
                "deletions": 31
              }
            }
          },
          {
            "hash": "c4d43ffe6da3a86d20fdadf7112459ae9e9dea77",
            "messageTitle": "Finish Level-6",
            "messageBody": "",
            "tags": [
              "Level-6"
            ],
            "fileTypesAndContributionMap": {
              "java": {
                "insertions": 32,
                "deletions": 4
              }
            }
          }
        ]
      },
      {
        "date": "2020-08-23",
        "commitResults": [
          {
            "hash": "8b138d37caebd47c6c5a9e8e5a57926bceb10859",
            "messageTitle": "Add save to disc and read from disc functionality",
            "messageBody": "",
            "fileTypesAndContributionMap": {
              "java": {
                "insertions": 77,
                "deletions": 30
              }
            }
          },
          {
            "hash": "5438e73d6f48b652f87eb0d6a99b41e09e0408f1",
            "messageTitle": "Add support for \"/by yyyy-mm-dd\" for deadline tasks",
            "messageBody": "",
            "fileTypesAndContributionMap": {
              "java": {
                "insertions": 30,
                "deletions": 11
              }
            }
          },
          {
            "hash": "95dd41f14645f3b36cf51b4d78f1ae5797c3e879",
            "messageTitle": "Add support for \"/at yyyy-mm-dd\" for event tasks",
            "messageBody": "",
            "fileTypesAndContributionMap": {
              "java": {
                "insertions": 18,
                "deletions": 15
              }
            }
          }
        ]
      },
      {
        "date": "2020-08-24",
        "commitResults": [
          {
            "hash": "6e8aca287e5ae1f0db84555d268d431be22ad332",
            "messageTitle": "Organise classes into packages",
            "messageBody": "",
            "tags": [
              "A-Packages"
            ],
            "fileTypesAndContributionMap": {
              "java": {
                "insertions": 43,
                "deletions": 1
              }
            }
          },
          {
            "hash": "94b491f49dd77d75f408756b8fbc875c056e261d",
            "messageTitle": "Clean up ignored files",
            "messageBody": "",
            "fileTypesAndContributionMap": {}
          }
        ]
      },
      {
        "date": "2020-08-25",
        "commitResults": [
          {
            "hash": "7d761664f93112a2f7b43e27a7521351ce0cde5f",
            "messageTitle": "Add Ui,Storage,Parser,TaskList and Command classes",
            "messageBody": "",
            "tags": [
              "A-MoreOOP"
            ],
            "fileTypesAndContributionMap": {
              "java": {
                "insertions": 477,
                "deletions": 183
              }
            }
          },
          {
            "hash": "82ef6a31084f9f7a40e1312785c19f8fd204aa1e",
            "messageTitle": "Update DeleteCommand.java",
            "messageBody": "",
            "fileTypesAndContributionMap": {
              "java": {
                "insertions": 1,
                "deletions": 1
              }
            }
          },
          {
            "hash": "297b326985e8d150be98144c4a8a3be7eafba74c",
            "messageTitle": "Add JUnit tests for Parser and TimeFormatter",
            "messageBody": "",
            "tags": [
              "A-Jar",
              "A-JUnit"
            ],
            "fileTypesAndContributionMap": {
              "java": {
                "insertions": 54,
                "deletions": 0
              }
            }
          }
        ]
      },
      {
        "date": "2020-08-26",
        "commitResults": [
          {
            "hash": "dab015a2c2973982034e03e40fc91945afc03612",
            "messageTitle": "Update UserCommand to be an abstract class",
            "messageBody": "",
            "fileTypesAndContributionMap": {
              "java": {
                "insertions": 10,
                "deletions": 13
              }
            }
          },
          {
            "hash": "a014dd2301733b737eab92bf82805b39466b7539",
            "messageTitle": "Add JavaDoc",
            "messageBody": "",
            "fileTypesAndContributionMap": {
              "java": {
                "insertions": 222,
                "deletions": 41
              }
            }
          },
          {
            "hash": "d35c6eb3ee3d02c742623afe8ee10d0b3794a0e9",
            "messageTitle": "Refactor code to be compliant with coding standard",
            "messageBody": "",
            "fileTypesAndContributionMap": {
              "java": {
                "insertions": 29,
                "deletions": 30
              }
            }
          },
          {
            "hash": "f20e74ce815704c52ab8f0cb416a160ad068fbc2",
            "messageTitle": "Add find feature to Duke program",
            "messageBody": "",
            "fileTypesAndContributionMap": {
              "java": {
                "insertions": 51,
                "deletions": 1
              }
            }
          },
          {
            "hash": "48d1f3702cb41d95bdc71609882adf03c4850186",
            "messageTitle": "Add JavaDoc to FindCommad",
            "messageBody": "",
            "fileTypesAndContributionMap": {
              "java": {
                "insertions": 8,
                "deletions": 1
              }
            }
          },
          {
            "hash": "757ea094535c359d9a54eb8b231722a8e76d5dc1",
            "messageTitle": "Modify Ui and TaskList classes to adhere to encapsulation",
            "messageBody": "",
            "fileTypesAndContributionMap": {
              "java": {
                "insertions": 74,
                "deletions": 63
              }
            }
          }
        ]
      },
      {
        "date": "2020-08-31",
        "commitResults": [
          {
            "hash": "6fa7580cff77cd8eb18c461c3b38126c08251fce",
            "messageTitle": "Add basic GUI to Duke program",
            "messageBody": "",
            "tags": [
              "Level-10"
            ],
            "fileTypesAndContributionMap": {
              "gradle": {
                "insertions": 15,
                "deletions": 2
              },
              "fxml": {
                "insertions": 35,
                "deletions": 0
              },
              "java": {
                "insertions": 258,
                "deletions": 54
              }
            }
          }
        ]
      },
      {
        "date": "2020-09-01",
        "commitResults": [
          {
            "hash": "239b7a9cfa3376a9f471ef07e62795f3622a4ff8",
            "messageTitle": "Add greeting message to Duke program",
            "messageBody": "",
            "fileTypesAndContributionMap": {
              "java": {
                "insertions": 7,
                "deletions": 16
              }
            }
          }
        ]
      },
      {
        "date": "2020-09-02",
        "commitResults": [
          {
            "hash": "c803f6faa49db0a6ee89d01aa551bde1304195ae",
            "messageTitle": "Modify emoji character to unicode character in exception classes",
            "messageBody": "",
            "fileTypesAndContributionMap": {
              "java": {
                "insertions": 3,
                "deletions": 3
              }
            }
          },
          {
            "hash": "edb631d7cc1bc736a65c1d0061f83ee973db76a4",
            "messageTitle": "Fix checkstyle problems",
            "messageBody": "",
            "fileTypesAndContributionMap": {
              "java": {
                "insertions": 89,
                "deletions": 114
              }
            }
          }
        ]
      }
    ]
  },
  "authorFileTypeContributionMap": {
    "moyj01": {
      "java": 1100,
      "md": 0,
      "fxml": 35,
      "sh": 0,
      "bat": 2,
      "gradle": 15,
      "txt": 4
    }
  },
  "authorContributionVariance": {
    "moyj01": 47840.727
  },
  "authorDisplayNameMap": {
    "moyj01": "CS2103T-T17-2 ONG ..LVIN"
  }
}
