{
  "authorDailyContributionsMap": {
    "KendrewChan": [
      {
        "date": "2020-08-28",
        "commitResults": [
          {
            "hash": "9bc8f753e6fa14d2dd09c1000db90391b9f6d0ec",
            "messageTitle": "Update README.md",
            "messageBody": "",
            "fileTypesAndContributionMap": {
              "md": {
                "insertions": 1,
                "deletions": 1
              }
            }
          }
        ]
      }
    ]
  },
  "authorFileTypeContributionMap": {
    "KendrewChan": {
      "java": 0,
      "md": 0,
      "fxml": 0,
      "sh": 0,
      "bat": 0,
      "gradle": 0,
      "txt": 0
    }
  },
  "authorContributionVariance": {
    "KendrewChan": 0.2488889
  },
  "authorDisplayNameMap": {
    "KendrewChan": "CS2103-T16-1 CHAN..DREW"
  }
}
