{
  "authorDailyContributionsMap": {
    "Liu-2001": [
      {
        "date": "2020-08-19",
        "commitResults": [
          {
            "hash": "d32fd3ded3b114c10e9fa80024303c41f183b356",
            "messageTitle": "level 1",
            "messageBody": "",
            "tags": [
              "level-1"
            ],
            "fileTypesAndContributionMap": {
              "java": {
                "insertions": 20,
                "deletions": 6
              }
            }
          },
          {
            "hash": "dbcc01bc962ba3d4e00998234a156627fcb1107e",
            "messageTitle": "remove space",
            "messageBody": "",
            "fileTypesAndContributionMap": {
              "java": {
                "insertions": 1,
                "deletions": 1
              }
            }
          },
          {
            "hash": "9cfb057d607caa3660414cc580de0f1b3e4f4a1b",
            "messageTitle": "level 2",
            "messageBody": "",
            "tags": [
              "level-2"
            ],
            "fileTypesAndContributionMap": {
              "java": {
                "insertions": 20,
                "deletions": 5
              }
            }
          }
        ]
      },
      {
        "date": "2020-08-20",
        "commitResults": [
          {
            "hash": "87d9c9c6f64401b896464e76fec72a9032f98f27",
            "messageTitle": "level 3",
            "messageBody": "",
            "tags": [
              "level-3"
            ],
            "fileTypesAndContributionMap": {
              "java": {
                "insertions": 32,
                "deletions": 3
              }
            }
          },
          {
            "hash": "af4da60e1dfcb9f19bb18e55282d81b402f6c0ff",
            "messageTitle": "level 4",
            "messageBody": "",
            "tags": [
              "level-4"
            ],
            "fileTypesAndContributionMap": {
              "java": {
                "insertions": 105,
                "deletions": 21
              }
            }
          },
          {
            "hash": "49d062085720965fab4f65998443ee55d52014ee",
            "messageTitle": "automated text UI testing",
            "messageBody": "",
            "tags": [
              "A-TextUiTesting"
            ],
            "fileTypesAndContributionMap": {
              "txt": {
                "insertions": 6,
                "deletions": 0
              },
              "java": {
                "insertions": 3,
                "deletions": 6
              },
              "bat": {
                "insertions": 3,
                "deletions": 1
              }
            }
          },
          {
            "hash": "371d2582091be82ba766b46cb949aefa5a265440",
            "messageTitle": "level-5",
            "messageBody": "",
            "tags": [
              "level-5"
            ],
            "fileTypesAndContributionMap": {
              "java": {
                "insertions": 67,
                "deletions": 49
              }
            }
          },
          {
            "hash": "8e11bc1fd5cf106239af4c70847a3afc3d32e8ce",
            "messageTitle": "added delete part",
            "messageBody": "",
            "tags": [
              "level-6"
            ],
            "fileTypesAndContributionMap": {
              "java": {
                "insertions": 22,
                "deletions": 10
              }
            }
          },
          {
            "hash": "0a40a05394a32b13d5995b2dd29daf2592122a4b",
            "messageTitle": "update exceptions",
            "messageBody": "",
            "fileTypesAndContributionMap": {
              "java": {
                "insertions": 48,
                "deletions": 38
              }
            }
          }
        ]
      },
      {
        "date": "2020-08-25",
        "commitResults": [
          {
            "hash": "16078306e5c92967cd901a11e4cb36d3913e29b5",
            "messageTitle": "added Save",
            "messageBody": "",
            "fileTypesAndContributionMap": {
              "java": {
                "insertions": 187,
                "deletions": 100
              }
            }
          },
          {
            "hash": "736c82729e1c2cc8a00a87f601f539ebad07c1d4",
            "messageTitle": "resolve warning of creating strings",
            "messageBody": "",
            "fileTypesAndContributionMap": {
              "java": {
                "insertions": 2,
                "deletions": 4
              }
            }
          },
          {
            "hash": "1911a3935c3ca490e7ee041584298e5a7f1e3591",
            "messageTitle": "add Date and Time",
            "messageBody": "",
            "fileTypesAndContributionMap": {
              "java": {
                "insertions": 24,
                "deletions": 10
              }
            }
          },
          {
            "hash": "2243a4d307b3ff1bed97daff7b164950e333bd1b",
            "messageTitle": "standardize coding",
            "messageBody": "",
            "fileTypesAndContributionMap": {
              "java": {
                "insertions": 0,
                "deletions": 1
              }
            }
          },
          {
            "hash": "6918b47d124ce63afdb0bdf539b855cc7dc813da",
            "messageTitle": "added java docs",
            "messageBody": "",
            "fileTypesAndContributionMap": {
              "java": {
                "insertions": 0,
                "deletions": 1
              }
            }
          },
          {
            "hash": "f5f4d15213445db0c5018d7c0f4c47063c0a94e4",
            "messageTitle": "add new line",
            "messageBody": "",
            "fileTypesAndContributionMap": {
              "java": {
                "insertions": 1,
                "deletions": 0
              }
            }
          },
          {
            "hash": "60be4c661742db4cd707f3f05cb8cf236624e69b",
            "messageTitle": "add new line",
            "messageBody": "",
            "fileTypesAndContributionMap": {
              "java": {
                "insertions": 1,
                "deletions": 0
              }
            }
          }
        ]
      },
      {
        "date": "2020-08-30",
        "commitResults": [
          {
            "hash": "248adbbd7c8ea78de712337d8df26d617fd83e82",
            "messageTitle": "use more OOP",
            "messageBody": "",
            "fileTypesAndContributionMap": {
              "java": {
                "insertions": 291,
                "deletions": 179
              }
            }
          },
          {
            "hash": "5c3ea6de44b78c2c6d0d8858ec7c0eacea375042",
            "messageTitle": "update test cases",
            "messageBody": "",
            "fileTypesAndContributionMap": {
              "java": {
                "insertions": 44,
                "deletions": 0
              }
            }
          },
          {
            "hash": "e9e28682208233e2e27c0f8707f474433ed8a021",
            "messageTitle": "add Find",
            "messageBody": "",
            "fileTypesAndContributionMap": {
              "java": {
                "insertions": 39,
                "deletions": 5
              }
            }
          },
          {
            "hash": "0048fdf91965abc00455d5669c6af9fd43d7db0a",
            "messageTitle": "fix bug",
            "messageBody": "",
            "fileTypesAndContributionMap": {
              "java": {
                "insertions": 2,
                "deletions": 2
              }
            }
          },
          {
            "hash": "f272cd02f63304ffe40909131d410f24a413798e",
            "messageTitle": "update java doc",
            "messageBody": "",
            "fileTypesAndContributionMap": {
              "java": {
                "insertions": 128,
                "deletions": 2
              }
            }
          }
        ]
      },
      {
        "date": "2020-09-02",
        "commitResults": [
          {
            "hash": "af23028e75db9ba9aec1565fed50537482caeaf6",
            "messageTitle": "add gradle",
            "messageBody": "",
            "fileTypesAndContributionMap": {
              "gradle": {
                "insertions": 1,
                "deletions": 1
              }
            }
          },
          {
            "hash": "844a36b62e864f812cb4ef98a936100889783845",
            "messageTitle": "add space after if",
            "messageBody": "",
            "fileTypesAndContributionMap": {
              "java": {
                "insertions": 4,
                "deletions": 4
              }
            }
          },
          {
            "hash": "43b4fb7ab1dbb690a866ee3807c8cdcaacd39771",
            "messageTitle": "remove unrecognizable symbols",
            "messageBody": "",
            "fileTypesAndContributionMap": {
              "java": {
                "insertions": 7,
                "deletions": 7
              }
            }
          },
          {
            "hash": "4d67b6d1d43fc23672d609e9b85f8143e01c9aab",
            "messageTitle": "add dependencies",
            "messageBody": "",
            "tags": [
              "A-Gradle"
            ],
            "fileTypesAndContributionMap": {
              "gradle": {
                "insertions": 14,
                "deletions": 0
              }
            }
          },
          {
            "hash": "adfc3ff3cd5364bc3acc0c475b55d9c4c6b03ea8",
            "messageTitle": "GUI prototype",
            "messageBody": "",
            "fileTypesAndContributionMap": {
              "fxml": {
                "insertions": 35,
                "deletions": 0
              },
              "java": {
                "insertions": 279,
                "deletions": 2
              }
            }
          }
        ]
      },
      {
        "date": "2020-09-03",
        "commitResults": [
          {
            "hash": "154f622f4e4f6ff497fe33588d3e9321269fdec8",
            "messageTitle": "adjust the size of the pictures",
            "messageBody": "",
            "tags": [
              "Level-10"
            ],
            "fileTypesAndContributionMap": {
              "fxml": {
                "insertions": 1,
                "deletions": 1
              }
            }
          }
        ]
      },
      {
        "date": "2020-09-06",
        "commitResults": [
          {
            "hash": "a7523efb16fcd3bdf753033ca2b69e214bc8c4ea",
            "messageTitle": "update gui",
            "messageBody": "",
            "fileTypesAndContributionMap": {
              "fxml": {
                "insertions": 1,
                "deletions": 1
              },
              "java": {
                "insertions": 94,
                "deletions": 139
              }
            }
          }
        ]
      },
      {
        "date": "2020-09-07",
        "commitResults": [
          {
            "hash": "9be7b03f7c012c89c8b6f7173b1c6ba7870e132a",
            "messageTitle": "beautify gui",
            "messageBody": "",
            "fileTypesAndContributionMap": {
              "fxml": {
                "insertions": 2,
                "deletions": 1
              },
              "java": {
                "insertions": 6,
                "deletions": 0
              }
            }
          },
          {
            "hash": "44e4966d4ecfd060a0352468031cb1b6497181b7",
            "messageTitle": "add greeting",
            "messageBody": "",
            "fileTypesAndContributionMap": {
              "java": {
                "insertions": 3,
                "deletions": 2
              }
            }
          },
          {
            "hash": "11d6d1e9bbe139721e9268e9a1215130bb71b8b0",
            "messageTitle": "add methods to Parser",
            "messageBody": "",
            "fileTypesAndContributionMap": {
              "java": {
                "insertions": 39,
                "deletions": 30
              }
            }
          }
        ]
      }
    ]
  },
  "authorFileTypeContributionMap": {
    "Liu-2001": {
      "java": 849,
      "md": 0,
      "fxml": 36,
      "sh": 0,
      "bat": 3,
      "gradle": 14,
      "txt": 6
    }
  },
  "authorContributionVariance": {
    "Liu-2001": 30509.928
  },
  "authorDisplayNameMap": {
    "Liu-2001": "CS2103T-W17-2 LIU ..INYI"
  }
}
