{
  "authorDailyContributionsMap": {
    "abdurrahmanfaqihiskandar": [
      {
        "date": "2020-08-18",
        "commitResults": [
          {
            "hash": "98c926b822380f5e4372affc06eb55de5968fa8b",
            "messageTitle": "Update chatbot to greet, echo and exit",
            "messageBody": "",
            "tags": [
              "Level-1"
            ],
            "fileTypesAndContributionMap": {
              "java": {
                "insertions": 32,
                "deletions": 6
              }
            }
          },
          {
            "hash": "1c0d3e017051fa7a8722572e2dbaf759d4045301",
            "messageTitle": "Update chatbot to add and list input",
            "messageBody": "",
            "tags": [
              "Level-2"
            ],
            "fileTypesAndContributionMap": {
              "java": {
                "insertions": 26,
                "deletions": 2
              }
            }
          },
          {
            "hash": "f8c455f0be04a8838946d86f5a4fcf6210d73157",
            "messageTitle": "Add ability to mark tasks as done",
            "messageBody": "",
            "fileTypesAndContributionMap": {
              "java": {
                "insertions": 31,
                "deletions": 8
              }
            }
          },
          {
            "hash": "6f31835c24074dc17e38a7c2a93be58dce296880",
            "messageTitle": "Add Task class",
            "messageBody": "",
            "fileTypesAndContributionMap": {
              "java": {
                "insertions": 21,
                "deletions": 0
              }
            }
          },
          {
            "hash": "434e576377de4b647646eaa6b9583277f66bb3a3",
            "messageTitle": "Update getStatusIcon to return tick or X symbol",
            "messageBody": "",
            "tags": [
              "Level-3"
            ],
            "fileTypesAndContributionMap": {
              "java": {
                "insertions": 1,
                "deletions": 1
              }
            }
          }
        ]
      },
      {
        "date": "2020-08-19",
        "commitResults": [
          {
            "hash": "e8ac15578f23388e9e97c7c29c2b9c69aa115178",
            "messageTitle": "Update name of Task attribute from task to description",
            "messageBody": "",
            "fileTypesAndContributionMap": {
              "java": {
                "insertions": 6,
                "deletions": 6
              }
            }
          },
          {
            "hash": "ee19b5a8963777e30ae6fdd8d3d39fca69d025bb",
            "messageTitle": "Add toString method for Task class",
            "messageBody": "",
            "fileTypesAndContributionMap": {
              "java": {
                "insertions": 5,
                "deletions": 6
              }
            }
          },
          {
            "hash": "007cf2248a47aa63b5bde0c0652c2836c73bc3c0",
            "messageTitle": "Add Deadline class",
            "messageBody": "",
            "fileTypesAndContributionMap": {
              "java": {
                "insertions": 13,
                "deletions": 0
              }
            }
          },
          {
            "hash": "df7a4131d11a54ee52cc6e5f60e1e6042197b46e",
            "messageTitle": "Implement Deadline class in main",
            "messageBody": "",
            "fileTypesAndContributionMap": {
              "java": {
                "insertions": 21,
                "deletions": 4
              }
            }
          },
          {
            "hash": "f4ecbb6ac1845b17cbed58ba19ada1620b8ca4ae",
            "messageTitle": "Add ToDo class",
            "messageBody": "",
            "fileTypesAndContributionMap": {
              "java": {
                "insertions": 10,
                "deletions": 0
              }
            }
          },
          {
            "hash": "160086acbbc7c151931903c95a5d4645420f5175",
            "messageTitle": "Implement ToDo class in main",
            "messageBody": "",
            "fileTypesAndContributionMap": {
              "java": {
                "insertions": 10,
                "deletions": 5
              }
            }
          },
          {
            "hash": "f4a0bcbe9c3eddd30bb7dee7da3a8595d04e55cf",
            "messageTitle": "Add Event class",
            "messageBody": "",
            "fileTypesAndContributionMap": {
              "java": {
                "insertions": 13,
                "deletions": 0
              }
            }
          },
          {
            "hash": "0298c329e4fcc2b1e90c1266b3e506a1d289b018",
            "messageTitle": "Add support for tracking three types of tasks",
            "messageBody": "",
            "fileTypesAndContributionMap": {
              "java": {
                "insertions": 20,
                "deletions": 5
              }
            }
          },
          {
            "hash": "b4ea69844c01fdc14ce85fdd67ed92707c955cfa",
            "messageTitle": "Remove println in each switch case",
            "messageBody": "",
            "tags": [
              "Level-4"
            ],
            "fileTypesAndContributionMap": {
              "java": {
                "insertions": 3,
                "deletions": 3
              }
            }
          }
        ]
      },
      {
        "date": "2020-08-20",
        "commitResults": [
          {
            "hash": "3e35218d18f8ca3baa6588e33a1ced312bab5f89",
            "messageTitle": "Update Duke output to be compatible with testing",
            "messageBody": "",
            "fileTypesAndContributionMap": {
              "java": {
                "insertions": 2,
                "deletions": 2
              }
            }
          },
          {
            "hash": "d31fb2409d8e33be6339d43ee5a28f80aa8c3179",
            "messageTitle": "Stop tracking text-ui-test files",
            "messageBody": "",
            "fileTypesAndContributionMap": {
              "txt": {
                "insertions": 0,
                "deletions": 0
              }
            }
          },
          {
            "hash": "6b2adc99c006e8883da4acc5017aa0186d98f82f",
            "messageTitle": "Update javac to compile all .java files",
            "messageBody": "",
            "tags": [
              "A-TextUiTesting"
            ],
            "fileTypesAndContributionMap": {
              "bat": {
                "insertions": 2,
                "deletions": 2
              }
            }
          },
          {
            "hash": "17eca9fe86eab534ffc91fa110969858440e290a",
            "messageTitle": "Change status icon to Done/Not Done",
            "messageBody": "",
            "fileTypesAndContributionMap": {
              "java": {
                "insertions": 1,
                "deletions": 2
              }
            }
          },
          {
            "hash": "856067822b39bea4443909d2db0081eab48b1d9e",
            "messageTitle": "Change from do while to while",
            "messageBody": "",
            "fileTypesAndContributionMap": {
              "java": {
                "insertions": 3,
                "deletions": 6
              }
            }
          },
          {
            "hash": "572f8d589036b7d4e6c7fa0312c1f81bdd0ca2f1",
            "messageTitle": "Add new line to Duke reply",
            "messageBody": "",
            "fileTypesAndContributionMap": {
              "java": {
                "insertions": 1,
                "deletions": 1
              }
            }
          },
          {
            "hash": "c0edbc7f3c3f8767fac1aa42bd4db30dc809de84",
            "messageTitle": "Add function to trim input",
            "messageBody": "",
            "fileTypesAndContributionMap": {
              "java": {
                "insertions": 16,
                "deletions": 1
              }
            }
          },
          {
            "hash": "8d4e4b8b172c6794f0652407105d6a1dd47f3f2e",
            "messageTitle": "Replace Event at with start and end",
            "messageBody": "",
            "fileTypesAndContributionMap": {
              "java": {
                "insertions": 52,
                "deletions": 23
              }
            }
          },
          {
            "hash": "41875c7ab2ddf937d9e35a6a0088f15e780385d4",
            "messageTitle": "Add DukeException class",
            "messageBody": "",
            "fileTypesAndContributionMap": {
              "java": {
                "insertions": 32,
                "deletions": 0
              }
            }
          },
          {
            "hash": "da114c16b320698b1cb461275deada63a1cb0dd4",
            "messageTitle": "Add error handlers",
            "messageBody": "",
            "fileTypesAndContributionMap": {
              "java": {
                "insertions": 34,
                "deletions": 24
              }
            }
          },
          {
            "hash": "321d0c677ef48311eae14411d332e0b95e4ac3e0",
            "messageTitle": "Add message for IndexOutOfBounds",
            "messageBody": "",
            "fileTypesAndContributionMap": {
              "java": {
                "insertions": 2,
                "deletions": 0
              }
            }
          },
          {
            "hash": "bfec6495f45d0ba6359eedd3fb49885e584a60cd",
            "messageTitle": "Add handler for IndexOutOfBounds",
            "messageBody": "",
            "tags": [
              "Level-5"
            ],
            "fileTypesAndContributionMap": {
              "java": {
                "insertions": 13,
                "deletions": 12
              }
            }
          },
          {
            "hash": "bbabf788191d38c5dec7f69b2cf4c613e10904dd",
            "messageTitle": "Add support for deleting tasks from the list",
            "messageBody": "",
            "tags": [
              "Level-6"
            ],
            "fileTypesAndContributionMap": {
              "java": {
                "insertions": 19,
                "deletions": 0
              }
            }
          },
          {
            "hash": "2b6f8315771a6587ba3bec37d9ea3b2ddee28361",
            "messageTitle": "Add enums",
            "messageBody": "",
            "fileTypesAndContributionMap": {
              "java": {
                "insertions": 13,
                "deletions": 0
              }
            }
          },
          {
            "hash": "794683f9062146bdd7fa315fb0bfec2c4f21497d",
            "messageTitle": "Add enums exception time",
            "messageBody": "",
            "tags": [
              "A-Enums"
            ],
            "fileTypesAndContributionMap": {
              "java": {
                "insertions": 117,
                "deletions": 75
              }
            }
          }
        ]
      },
      {
        "date": "2020-08-25",
        "commitResults": [
          {
            "hash": "927ddb6ea5ec89693aba04c55ec9c64936c6cf8e",
            "messageTitle": "Remove commented out line of code",
            "messageBody": "",
            "fileTypesAndContributionMap": {
              "java": {
                "insertions": 0,
                "deletions": 3
              }
            }
          },
          {
            "hash": "1041a2009843bd3399ebfa29d5f021c63110de82",
            "messageTitle": "Add function to transform list of tasks to a string",
            "messageBody": "",
            "fileTypesAndContributionMap": {
              "java": {
                "insertions": 30,
                "deletions": 0
              }
            }
          },
          {
            "hash": "238a6aa7fbdba9fefdf7a53ce73dcc6eb0e8ba16",
            "messageTitle": "Add function to write task list to file",
            "messageBody": "",
            "fileTypesAndContributionMap": {
              "java": {
                "insertions": 11,
                "deletions": 7
              }
            }
          },
          {
            "hash": "731bb6d53d4b4454ef60bd8a38033be950981da0",
            "messageTitle": "Update file path to be OS-independent",
            "messageBody": "",
            "fileTypesAndContributionMap": {
              "java": {
                "insertions": 26,
                "deletions": 1
              }
            }
          },
          {
            "hash": "bc3ad44b4e8e79fa381d4c0ebeb26cc832f32aa6",
            "messageTitle": "Add function fromString() in Task class",
            "messageBody": "",
            "fileTypesAndContributionMap": {
              "java": {
                "insertions": 4,
                "deletions": 0
              }
            }
          },
          {
            "hash": "af84982c089dc29c975ef78c24eae1fd8103994c",
            "messageTitle": "Add function to get done status",
            "messageBody": "",
            "fileTypesAndContributionMap": {
              "java": {
                "insertions": 6,
                "deletions": 2
              }
            }
          },
          {
            "hash": "00097b1df5cb24b2130a87fcc030b51b91a67304",
            "messageTitle": "Override Task fromString function",
            "messageBody": "",
            "fileTypesAndContributionMap": {
              "java": {
                "insertions": 11,
                "deletions": 0
              }
            }
          },
          {
            "hash": "f2450d65771ef22657b0ab49cc3211a14c924536",
            "messageTitle": "Add override fromString",
            "messageBody": "",
            "fileTypesAndContributionMap": {
              "java": {
                "insertions": 1,
                "deletions": 1
              }
            }
          },
          {
            "hash": "977d9ccadeec673c3024d8587742e01ce47cb316",
            "messageTitle": "Add override fromString",
            "messageBody": "",
            "fileTypesAndContributionMap": {
              "java": {
                "insertions": 12,
                "deletions": 0
              }
            }
          },
          {
            "hash": "816569145a08c0ecf38556e62eaabb644035932f",
            "messageTitle": "Update correct index of string split",
            "messageBody": "",
            "fileTypesAndContributionMap": {
              "java": {
                "insertions": 3,
                "deletions": 3
              }
            }
          },
          {
            "hash": "c7d44517c8ef6cba401f77b519837d6075ae5f3d",
            "messageTitle": "Update regex in split",
            "messageBody": "",
            "fileTypesAndContributionMap": {
              "java": {
                "insertions": 2,
                "deletions": 2
              }
            }
          },
          {
            "hash": "0857907db5a4a9bf3f00c8ffdea246d155d0a4f0",
            "messageTitle": "Update split regex and index of split",
            "messageBody": "",
            "fileTypesAndContributionMap": {
              "java": {
                "insertions": 5,
                "deletions": 5
              }
            }
          },
          {
            "hash": "73fc5eb53ad11eb1c79b449f4df0c1c88769ac8a",
            "messageTitle": "Add override fromString",
            "messageBody": "",
            "fileTypesAndContributionMap": {
              "java": {
                "insertions": 14,
                "deletions": 0
              }
            }
          },
          {
            "hash": "0d6987a47b6d7a1464edac25bd24ea6abb1d4741",
            "messageTitle": "Update name of parameter in fromString",
            "messageBody": "",
            "fileTypesAndContributionMap": {
              "java": {
                "insertions": 2,
                "deletions": 2
              }
            }
          },
          {
            "hash": "c0d17dd6f23e8fc2a40469e951e6d51373c82089",
            "messageTitle": "Add function to read tasks in hard drive",
            "messageBody": "",
            "fileTypesAndContributionMap": {
              "java": {
                "insertions": 87,
                "deletions": 43
              }
            }
          },
          {
            "hash": "4031e06ba088345320b499ffa7aa0a420e5e5969",
            "messageTitle": "Delete fromString and isDone function",
            "messageBody": "",
            "fileTypesAndContributionMap": {
              "java": {
                "insertions": 0,
                "deletions": 44
              }
            }
          },
          {
            "hash": "2c5c0a06d22406a98563db7a807e207c3369dc76",
            "messageTitle": "Add function to read from file",
            "messageBody": "",
            "fileTypesAndContributionMap": {
              "java": {
                "insertions": 32,
                "deletions": 6
              }
            }
          }
        ]
      },
      {
        "date": "2020-08-26",
        "commitResults": [
          {
            "hash": "8ccd51f5e118764a362dac77155ceeb9fbb0c926",
            "messageTitle": "Save tasks in hard drive automatically whenever task list changes",
            "messageBody": "",
            "fileTypesAndContributionMap": {
              "java": {
                "insertions": 18,
                "deletions": 31
              }
            }
          },
          {
            "hash": "3d45590df7aa2438ed635eeccdb3bf4d595cb7b9",
            "messageTitle": "Add handler for when directory does not exist",
            "messageBody": "",
            "fileTypesAndContributionMap": {
              "java": {
                "insertions": 27,
                "deletions": 7
              }
            }
          },
          {
            "hash": "1e339b47cada7813217c926c91218eb966372d15",
            "messageTitle": "Add function to read any tasks saved in hard drive",
            "messageBody": "",
            "fileTypesAndContributionMap": {
              "java": {
                "insertions": 20,
                "deletions": 16
              }
            }
          },
          {
            "hash": "284cb3553170c5dbfad208aefcea2060dcbe3da6",
            "messageTitle": "Update Deadline class to store date and time as LocalDate and LocalTime",
            "messageBody": "",
            "fileTypesAndContributionMap": {
              "java": {
                "insertions": 12,
                "deletions": 3
              }
            }
          },
          {
            "hash": "079bd53cb464adebe9b3e7b57d48cecc0478e3a8",
            "messageTitle": "Add function to format tasks saved to hard disk",
            "messageBody": "",
            "fileTypesAndContributionMap": {
              "java": {
                "insertions": 22,
                "deletions": 1
              }
            }
          },
          {
            "hash": "25e9885e4709a6344a4809471e92c0b19065c47a",
            "messageTitle": "Update event class to store date and time as LocalDate and LocalTime",
            "messageBody": "",
            "fileTypesAndContributionMap": {
              "java": {
                "insertions": 34,
                "deletions": 17
              }
            }
          },
          {
            "hash": "d82c901807d4b9c1e01f99f99ead77b6dcf3f7b4",
            "messageTitle": "Create new classes for code refactoring",
            "messageBody": "",
            "fileTypesAndContributionMap": {
              "java": {
                "insertions": 8,
                "deletions": 0
              }
            }
          },
          {
            "hash": "c5881807556abd40294c47b3b500099bf52b1527",
            "messageTitle": "Update format of time",
            "messageBody": "",
            "fileTypesAndContributionMap": {
              "java": {
                "insertions": 2,
                "deletions": 2
              }
            }
          }
        ]
      },
      {
        "date": "2020-08-27",
        "commitResults": [
          {
            "hash": "42a6be329e404ced3527248946bff6472186b1c8",
            "messageTitle": "Refactor welcome message into Ui class",
            "messageBody": "",
            "fileTypesAndContributionMap": {
              "java": {
                "insertions": 40,
                "deletions": 4
              }
            }
          },
          {
            "hash": "e1dfb90b317725a3bd7b5e17fda2122ed19c00cc",
            "messageTitle": "Move main code block into run function",
            "messageBody": "",
            "fileTypesAndContributionMap": {
              "java": {
                "insertions": 6,
                "deletions": 8
              }
            }
          },
          {
            "hash": "997dcc16174ac90706243a5860b720ca74d9ee4b",
            "messageTitle": "Replace chat prompts with ui functions",
            "messageBody": "",
            "fileTypesAndContributionMap": {
              "java": {
                "insertions": 13,
                "deletions": 13
              }
            }
          },
          {
            "hash": "5ce7aed1dcc8d608c0bccf4c622038308e6ab8fb",
            "messageTitle": "Add help message for usage of Duke",
            "messageBody": "",
            "fileTypesAndContributionMap": {
              "java": {
                "insertions": 24,
                "deletions": 2
              }
            }
          },
          {
            "hash": "9c0a2a6bf66c722b3efb9a9db696ca71327598b1",
            "messageTitle": "Update UI attributes to final",
            "messageBody": "",
            "fileTypesAndContributionMap": {
              "java": {
                "insertions": 8,
                "deletions": 8
              }
            }
          },
          {
            "hash": "d16778e853b681ed14dd448f67615455459ae206",
            "messageTitle": "Print error messages using ui function",
            "messageBody": "",
            "fileTypesAndContributionMap": {
              "java": {
                "insertions": 10,
                "deletions": 5
              }
            }
          },
          {
            "hash": "d526126e63c971089c9cdaed75583973f91c11b6",
            "messageTitle": "Refactor storage functions into storage class",
            "messageBody": "",
            "fileTypesAndContributionMap": {
              "java": {
                "insertions": 127,
                "deletions": 141
              }
            }
          },
          {
            "hash": "c0959ad6b50be9bf47b820bc76184d788344cba1",
            "messageTitle": "Refactor task added message into UI class",
            "messageBody": "",
            "fileTypesAndContributionMap": {
              "java": {
                "insertions": 17,
                "deletions": 6
              }
            }
          },
          {
            "hash": "234445965780660e92a0e58e76e91966cbb90e8c",
            "messageTitle": "Refactor list tasks message into UI class",
            "messageBody": "",
            "fileTypesAndContributionMap": {
              "java": {
                "insertions": 26,
                "deletions": 17
              }
            }
          },
          {
            "hash": "baadd78877de1b900779a92836b20545cd283752",
            "messageTitle": "Refactor task done message into UI class",
            "messageBody": "",
            "fileTypesAndContributionMap": {
              "java": {
                "insertions": 7,
                "deletions": 13
              }
            }
          },
          {
            "hash": "862f8d030111fb2691451605ff4949a389e7257c",
            "messageTitle": "Refactor task deleted message into UI class",
            "messageBody": "",
            "fileTypesAndContributionMap": {
              "java": {
                "insertions": 9,
                "deletions": 5
              }
            }
          },
          {
            "hash": "82380d671a08149c8bd894504ef395f28ab54bf1",
            "messageTitle": "Refactor bye message into UI class",
            "messageBody": "",
            "fileTypesAndContributionMap": {
              "java": {
                "insertions": 7,
                "deletions": 3
              }
            }
          },
          {
            "hash": "f781cd0fb203c045da8c7b26b312a0ee851eebb8",
            "messageTitle": "Refactor list to string code into TaskList class",
            "messageBody": "",
            "fileTypesAndContributionMap": {
              "java": {
                "insertions": 41,
                "deletions": 8
              }
            }
          },
          {
            "hash": "61a730a6e7513fb5eeb45978a32035de87c2b76f",
            "messageTitle": "Implement TaskList class in run function",
            "messageBody": "",
            "fileTypesAndContributionMap": {
              "java": {
                "insertions": 60,
                "deletions": 33
              }
            }
          },
          {
            "hash": "1a3d7ac5415cb14300b0b5999520c4435b9fd628",
            "messageTitle": "Update name of task list",
            "messageBody": "",
            "fileTypesAndContributionMap": {
              "java": {
                "insertions": 17,
                "deletions": 17
              }
            }
          },
          {
            "hash": "79b8d7f296e8cda0ff5a021865c0e97e4279d881",
            "messageTitle": "Refactor scanner object into InputParser class",
            "messageBody": "",
            "fileTypesAndContributionMap": {
              "java": {
                "insertions": 17,
                "deletions": 6
              }
            }
          },
          {
            "hash": "63455d436988c986acf9ceba79a24b80250c2723",
            "messageTitle": "Delete comments",
            "messageBody": "",
            "fileTypesAndContributionMap": {
              "java": {
                "insertions": 0,
                "deletions": 3
              }
            }
          },
          {
            "hash": "ef79a0a5a562e0f9ef12337d655f0e3b6ad818de",
            "messageTitle": "Add enum for type of command",
            "messageBody": "",
            "fileTypesAndContributionMap": {
              "java": {
                "insertions": 8,
                "deletions": 0
              }
            }
          },
          {
            "hash": "503fd9fc361215f58111a25d4612516a341e99ce",
            "messageTitle": "Add command bye",
            "messageBody": "",
            "fileTypesAndContributionMap": {
              "java": {
                "insertions": 2,
                "deletions": 1
              }
            }
          },
          {
            "hash": "d60740b6ba6ba8e29b54dbe8d759819ffd6716db",
            "messageTitle": "Add command help",
            "messageBody": "",
            "fileTypesAndContributionMap": {
              "java": {
                "insertions": 1,
                "deletions": 0
              }
            }
          },
          {
            "hash": "840be5ff39c1316d808089db5293c6471fccca3b",
            "messageTitle": "Implement parser class to parse user input",
            "messageBody": "",
            "tags": [
              "A-MoreOOP"
            ],
            "fileTypesAndContributionMap": {
              "java": {
                "insertions": 133,
                "deletions": 78
              }
            }
          },
          {
            "hash": "fe26eac9584e8616fa3983dcdfd5117c552c1f24",
            "messageTitle": "Add JUnit test files",
            "messageBody": "",
            "tags": [
              "A-JUnit"
            ],
            "fileTypesAndContributionMap": {
              "java": {
                "insertions": 65,
                "deletions": 0
              }
            }
          },
          {
            "hash": "f1979cef7933c520f858c122b5ae482059f0bdbc",
            "messageTitle": "Add JavaDoc comments",
            "messageBody": "",
            "tags": [
              "A-JavaDoc"
            ],
            "fileTypesAndContributionMap": {
              "java": {
                "insertions": 199,
                "deletions": 0
              }
            }
          },
          {
            "hash": "46b36942b4d4327b927d26d3c7b55b3810ab0611",
            "messageTitle": "Add JavaDoc comments",
            "messageBody": "",
            "fileTypesAndContributionMap": {
              "java": {
                "insertions": 43,
                "deletions": 0
              }
            }
          },
          {
            "hash": "36248c59ba3eeabcc06be73b3e8c4f0597c87830",
            "messageTitle": "Update code to follow Java coding standards",
            "messageBody": "",
            "fileTypesAndContributionMap": {
              "java": {
                "insertions": 2,
                "deletions": 22
              }
            }
          },
          {
            "hash": "a67147d8a526d1689c9bf16ee17323733c153d8e",
            "messageTitle": "Add task finder class",
            "messageBody": "",
            "fileTypesAndContributionMap": {
              "java": {
                "insertions": 21,
                "deletions": 0
              }
            }
          }
        ]
      },
      {
        "date": "2020-08-30",
        "commitResults": [
          {
            "hash": "dc399a25f427ca6539e9b6c2d880acfe0ad0f7c0",
            "messageTitle": "Refactor files into duke package",
            "messageBody": "",
            "tags": [
              "A-Packages",
              "A-Package"
            ],
            "fileTypesAndContributionMap": {
              "java": {
                "insertions": 30,
                "deletions": 0
              }
            }
          },
          {
            "hash": "3155481cdeb159913ba7f592ccebacc8de9d82ea",
            "messageTitle": "Fixed bug for done and delete command with no index",
            "messageBody": "",
            "fileTypesAndContributionMap": {
              "java": {
                "insertions": 7,
                "deletions": 4
              }
            }
          },
          {
            "hash": "63d8f0c7bcb07b6a4762edea7140fea2e558d4a5",
            "messageTitle": "Refactor main function into Main.java file",
            "messageBody": "",
            "fileTypesAndContributionMap": {
              "java": {
                "insertions": 7,
                "deletions": 33
              }
            }
          },
          {
            "hash": "22fb286cad03ac4cbdf5c2962002f0e11d9b92f8",
            "messageTitle": "Add ability to filter tasks by type and status",
            "messageBody": "",
            "fileTypesAndContributionMap": {
              "java": {
                "insertions": 250,
                "deletions": 39
              }
            }
          },
          {
            "hash": "10fa374fdba470cd6c7d5500c3a4335ffead38c3",
            "messageTitle": "Add additional filter for status within task type",
            "messageBody": "",
            "fileTypesAndContributionMap": {
              "java": {
                "insertions": 292,
                "deletions": 34
              }
            }
          },
          {
            "hash": "ac85c3d880662aaca3b78daaba407f015efb00dd",
            "messageTitle": "Update JavaDoc in files",
            "messageBody": "",
            "fileTypesAndContributionMap": {
              "java": {
                "insertions": 72,
                "deletions": 45
              }
            }
          },
          {
            "hash": "285cdc421ab3d0a1cc64d708298e80a6660b416b",
            "messageTitle": "Update Ui to include filter commands",
            "messageBody": "",
            "fileTypesAndContributionMap": {
              "java": {
                "insertions": 7,
                "deletions": 2
              }
            }
          },
          {
            "hash": "bf4669899ba2788e4f3c856f28f262fae21ac598",
            "messageTitle": "Add ability to filter task by keyword",
            "messageBody": "",
            "tags": [
              "Level-9"
            ],
            "fileTypesAndContributionMap": {
              "java": {
                "insertions": 47,
                "deletions": 5
              }
            }
          }
        ]
      },
      {
        "date": "2020-09-01",
        "commitResults": [
          {
            "hash": "221a984ce11a4b570637179884c0ea214fe892e3",
            "messageTitle": "Set up JavaFx stage",
            "messageBody": "",
            "fileTypesAndContributionMap": {
              "gradle": {
                "insertions": 8,
                "deletions": 1
              },
              "java": {
                "insertions": 56,
                "deletions": 2
              }
            }
          },
          {
            "hash": "a74c5fcee07ecff8dff36e7b5e99290e753c2783",
            "messageTitle": "Rename label",
            "messageBody": "",
            "fileTypesAndContributionMap": {
              "java": {
                "insertions": 2,
                "deletions": 2
              }
            }
          },
          {
            "hash": "df8e3114a61e4139a54af8619f4b297976b3e8eb",
            "messageTitle": "Update code according to PR review comments",
            "messageBody": "",
            "fileTypesAndContributionMap": {
              "java": {
                "insertions": 86,
                "deletions": 79
              }
            }
          },
          {
            "hash": "f80dc1ef0c56e778e999e1bb1a428327e9897077",
            "messageTitle": "Add more features to JavaFX",
            "messageBody": "",
            "fileTypesAndContributionMap": {
              "java": {
                "insertions": 90,
                "deletions": 4
              }
            }
          }
        ]
      },
      {
        "date": "2020-09-02",
        "commitResults": [
          {
            "hash": "c60e6df98ff58c6fdcaa2f3c8092423895635b0a",
            "messageTitle": "Add icon for duke and user",
            "messageBody": "",
            "fileTypesAndContributionMap": {
              "java": {
                "insertions": 33,
                "deletions": 6
              }
            }
          },
          {
            "hash": "15e352f362d49497c971b97fc2e050b884ea77f4",
            "messageTitle": "Change format of switch to adhere to java coding standards",
            "messageBody": "",
            "fileTypesAndContributionMap": {
              "java": {
                "insertions": 18,
                "deletions": 18
              }
            }
          }
        ]
      },
      {
        "date": "2020-09-03",
        "commitResults": [
          {
            "hash": "9115f5885338e729bf958ac29eb867650bc9ae27",
            "messageTitle": "Add JavaFx tutorial part 4 features",
            "messageBody": "",
            "fileTypesAndContributionMap": {
              "fxml": {
                "insertions": 35,
                "deletions": 0
              },
              "java": {
                "insertions": 283,
                "deletions": 133
              }
            }
          },
          {
            "hash": "8dd0bd56061a13888a1299c2202fc7fd7e446d52",
            "messageTitle": "Create GUI for Duke chatbot",
            "messageBody": "",
            "fileTypesAndContributionMap": {
              "fxml": {
                "insertions": 61,
                "deletions": 10
              },
              "java": {
                "insertions": 435,
                "deletions": 517
              }
            }
          },
          {
            "hash": "85be95ba44bceb7d68377e8500b61a0a20775ac4",
            "messageTitle": "Update main class name",
            "messageBody": "",
            "fileTypesAndContributionMap": {
              "gradle": {
                "insertions": 1,
                "deletions": 1
              }
            }
          },
          {
            "hash": "4a8e63ee7f693cd43d54fa39ab35f457ee4ddbc9",
            "messageTitle": "Add pause before exiting application",
            "messageBody": "",
            "fileTypesAndContributionMap": {
              "java": {
                "insertions": 14,
                "deletions": 1
              }
            }
          }
        ]
      },
      {
        "date": "2020-09-08",
        "commitResults": [
          {
            "hash": "b269d05fce0b4a7053e836f0612ec9a85346c548",
            "messageTitle": "Add an abstract command class",
            "messageBody": "",
            "fileTypesAndContributionMap": {
              "java": {
                "insertions": 36,
                "deletions": 13
              }
            }
          },
          {
            "hash": "6e65d34cfb6cf9f7a6743612b5a6f5ed33fc2181",
            "messageTitle": "Delete abstract command class",
            "messageBody": "",
            "fileTypesAndContributionMap": {
              "java": {
                "insertions": 69,
                "deletions": 34
              }
            }
          },
          {
            "hash": "7194e5d87f5f989c2553b4e84fec343421212015",
            "messageTitle": "Update Ui method names",
            "messageBody": "",
            "fileTypesAndContributionMap": {
              "java": {
                "insertions": 52,
                "deletions": 48
              }
            }
          },
          {
            "hash": "a7bb822773cb5c599e97e518194dd287271c2f77",
            "messageTitle": "Refactor help command",
            "messageBody": "",
            "fileTypesAndContributionMap": {
              "java": {
                "insertions": 3,
                "deletions": 7
              }
            }
          },
          {
            "hash": "b651af5702befe1513d34160fa46675532372709",
            "messageTitle": "Refactor bye command",
            "messageBody": "",
            "fileTypesAndContributionMap": {
              "java": {
                "insertions": 6,
                "deletions": 5
              }
            }
          },
          {
            "hash": "2fbaa785e844b4582c76594fcecaa68b67d6d4dc",
            "messageTitle": "Add a command class",
            "messageBody": "",
            "fileTypesAndContributionMap": {
              "java": {
                "insertions": 31,
                "deletions": 0
              }
            }
          },
          {
            "hash": "07af6c44613c493bfde8a508aa09ec27b8724926",
            "messageTitle": "Update command constructors",
            "messageBody": "",
            "fileTypesAndContributionMap": {
              "java": {
                "insertions": 17,
                "deletions": 19
              }
            }
          },
          {
            "hash": "f2641c308b979dc338a01c25e3094a68f12e1619",
            "messageTitle": "Refactor add task command",
            "messageBody": "",
            "fileTypesAndContributionMap": {
              "java": {
                "insertions": 23,
                "deletions": 17
              }
            }
          },
          {
            "hash": "3f25af17247c73cab97c5b90481a06c1e908c199",
            "messageTitle": "Refactor list command",
            "messageBody": "",
            "fileTypesAndContributionMap": {
              "java": {
                "insertions": 170,
                "deletions": 120
              }
            }
          },
          {
            "hash": "0fa970a5fa94b3d89efd75b67ffa073aa12de951",
            "messageTitle": "List all imports",
            "messageBody": "",
            "fileTypesAndContributionMap": {
              "java": {
                "insertions": 8,
                "deletions": 1
              }
            }
          },
          {
            "hash": "464e130cac2bfef91eadba92796f0ceeb6e306a7",
            "messageTitle": "Refactor done command",
            "messageBody": "",
            "fileTypesAndContributionMap": {
              "java": {
                "insertions": 23,
                "deletions": 19
              }
            }
          },
          {
            "hash": "b13ff241375d5c2c6616b45d4a478f90a3b284a1",
            "messageTitle": "Add javadoc for done command",
            "messageBody": "",
            "fileTypesAndContributionMap": {
              "java": {
                "insertions": 11,
                "deletions": 0
              }
            }
          },
          {
            "hash": "df130e6bd1549562b42bb683fac2df198f106515",
            "messageTitle": "Refactor delete command",
            "messageBody": "",
            "tags": [
              "A-CodeQuality"
            ],
            "fileTypesAndContributionMap": {
              "java": {
                "insertions": 37,
                "deletions": 18
              }
            }
          },
          {
            "hash": "58dba07d3cd6c44bac77c6db03fcbdf765d096f4",
            "messageTitle": "Refactor Duke commands for same level of abstraction",
            "messageBody": "",
            "fileTypesAndContributionMap": {
              "java": {
                "insertions": 34,
                "deletions": 13
              }
            }
          },
          {
            "hash": "4976fed144cba34e0ea522be03ed005fc982921e",
            "messageTitle": "Add javadocs to input parser methods",
            "messageBody": "",
            "fileTypesAndContributionMap": {
              "java": {
                "insertions": 18,
                "deletions": 0
              }
            }
          },
          {
            "hash": "e583c1bfe037e80c9b8f2e9da9ce94874fcbded7",
            "messageTitle": "Fix switch conditional loops",
            "messageBody": "",
            "fileTypesAndContributionMap": {
              "java": {
                "insertions": 66,
                "deletions": 47
              }
            }
          }
        ]
      },
      {
        "date": "2020-09-09",
        "commitResults": [
          {
            "hash": "532ed9da2587727f68acc50adfff779f6ec7ded4",
            "messageTitle": "Delete unnecessary comments",
            "messageBody": "",
            "tags": [
              "A-CodingQuality"
            ],
            "fileTypesAndContributionMap": {
              "java": {
                "insertions": 2,
                "deletions": 10
              }
            }
          }
        ]
      }
    ]
  },
  "authorFileTypeContributionMap": {
    "abdurrahmanfaqihiskandar": {
      "java": 2075,
      "md": 0,
      "fxml": 86,
      "sh": 0,
      "bat": 2,
      "gradle": 8,
      "txt": 0
    }
  },
  "authorContributionVariance": {
    "abdurrahmanfaqihiskandar": 172044.67
  },
  "authorDisplayNameMap": {
    "abdurrahmanfaqihiskandar": "CS2103-F10-1 ABDU..NDAR"
  }
}
