{
  "authorDailyContributionsMap": {
    "ijavierja": [
      {
        "date": "2020-08-19",
        "commitResults": [
          {
            "hash": "075f321aa9c335fd9599e95b23fd2aa35232f626",
            "messageTitle": "added new greeting, Duke can now echo, Duke can now exit",
            "messageBody": "",
            "fileTypesAndContributionMap": {
              "java": {
                "insertions": 35,
                "deletions": 3
              }
            }
          },
          {
            "hash": "2f0c6e3e5d8c48713840e5edde34a6225b1a8dce",
            "messageTitle": "level 2: add and list operation added",
            "messageBody": "",
            "tags": [
              "level2"
            ],
            "fileTypesAndContributionMap": {
              "java": {
                "insertions": 14,
                "deletions": 4
              }
            }
          }
        ]
      },
      {
        "date": "2020-08-20",
        "commitResults": [
          {
            "hash": "879a4b297f7b13040bba82b7f483ec71f5c0b08a",
            "messageTitle": "mark as done. Incomplete todo, deadline and event operations",
            "messageBody": "",
            "tags": [
              "level3"
            ],
            "fileTypesAndContributionMap": {
              "java": {
                "insertions": 92,
                "deletions": 6
              }
            }
          },
          {
            "hash": "94fffe0fe7dceb39535671e0a342031929bf7391",
            "messageTitle": "completed todo, event, deadline operation",
            "messageBody": "",
            "tags": [
              "level4"
            ],
            "fileTypesAndContributionMap": {
              "java": {
                "insertions": 14,
                "deletions": 5
              }
            }
          },
          {
            "hash": "aaf6c022c3e6c4ec8117fa0f7b98999a77ce51f3",
            "messageTitle": "placed Task and TaskType into Duke class for automated testing",
            "messageBody": "",
            "fileTypesAndContributionMap": {
              "txt": {
                "insertions": 1,
                "deletions": 0
              },
              "java": {
                "insertions": 49,
                "deletions": 49
              }
            }
          },
          {
            "hash": "87bcf40e67d3ef3a517a36b76c8606b4f7c328d5",
            "messageTitle": "error handling added",
            "messageBody": "",
            "tags": [
              "level5"
            ],
            "fileTypesAndContributionMap": {
              "java": {
                "insertions": 106,
                "deletions": 42
              }
            }
          },
          {
            "hash": "1b1cdac2d0d1e5470d698844f68951593b35433f",
            "messageTitle": "done is updated. delete method is added. Main method cleaned up.",
            "messageBody": "",
            "tags": [
              "level6"
            ],
            "fileTypesAndContributionMap": {
              "java": {
                "insertions": 76,
                "deletions": 8
              }
            }
          },
          {
            "hash": "e800b235de2c8876f45bf9ba72c1d7cd45f39a6e",
            "messageTitle": "minor edit",
            "messageBody": "",
            "fileTypesAndContributionMap": {
              "java": {
                "insertions": 1,
                "deletions": 1
              }
            }
          }
        ]
      },
      {
        "date": "2020-08-28",
        "commitResults": [
          {
            "hash": "a33904d7c0bb87907af43b025f06baca43ec6d0e",
            "messageTitle": "Add save method",
            "messageBody": "Save method puts the list of tasks into a text file.\nThis allows the client to access tasks even if Duke has been closed.\nThe path of the text file can be found in the Duke.java file as a global variable at the top of the file.\n",
            "tags": [
              "Level7"
            ],
            "fileTypesAndContributionMap": {
              "txt": {
                "insertions": 2,
                "deletions": 0
              },
              "java": {
                "insertions": 66,
                "deletions": 26
              }
            }
          },
          {
            "hash": "7dd4badbe3c2e286e87835e0b4388f9e58a9457c",
            "messageTitle": "Put classes into package duke",
            "messageBody": "",
            "fileTypesAndContributionMap": {
              "java": {
                "insertions": 61,
                "deletions": 52
              }
            }
          }
        ]
      },
      {
        "date": "2020-08-29",
        "commitResults": [
          {
            "hash": "bcd63153dfb8716ba801b9aa3bef1c69e2c64378",
            "messageTitle": "Add LocalDateTime attribute to Task class \u0026 modified deadline method to allow only a date time description",
            "messageBody": "Level 8. Date and Times.\nThe Task class was modified to include a new field of type LocalDateTime.\nThis is to keep the Time and Date for the tasks.\nDeadline method was also modified to only allow for a date and time description.\n",
            "tags": [
              "Level8"
            ],
            "fileTypesAndContributionMap": {
              "txt": {
                "insertions": 2,
                "deletions": 0
              },
              "java": {
                "insertions": 94,
                "deletions": 61
              }
            }
          }
        ]
      },
      {
        "date": "2020-08-31",
        "commitResults": [
          {
            "hash": "d9cdb2961b5a453a221c22115fac717e8329b8f7",
            "messageTitle": "Add Ui class",
            "messageBody": "ui class deals with interaction with the user. Ui class takes commands from the user as well as print output to user.\n",
            "fileTypesAndContributionMap": {
              "java": {
                "insertions": 50,
                "deletions": 25
              }
            }
          },
          {
            "hash": "a7af505945e77452c7ae6c21222363787e85bc32",
            "messageTitle": "Correct add Ui class",
            "messageBody": "",
            "tags": [
              "v0.1"
            ],
            "fileTypesAndContributionMap": {
              "java": {
                "insertions": 43,
                "deletions": 42
              }
            }
          }
        ]
      },
      {
        "date": "2020-09-01",
        "commitResults": [
          {
            "hash": "716ad9d544a58c2cc24d7e0e46491c53f8ed0856",
            "messageTitle": "Add TaskList class",
            "messageBody": "TaskList stores an ArrayList\u003cTask\u003e and deals with all changes to this list. Additionally, the class deals with all outputs needed from this arraytist\n",
            "fileTypesAndContributionMap": {
              "java": {
                "insertions": 113,
                "deletions": 62
              }
            }
          },
          {
            "hash": "9bb8360318d75767147e61c93459b0f70f590170",
            "messageTitle": "Add DukeException and Storage classes",
            "messageBody": "Storage class deals with loading tasks from the file and saving tasks in the file\nDukeException is thrown when no file is present with the name represented by filePath\n",
            "fileTypesAndContributionMap": {
              "txt": {
                "insertions": 2,
                "deletions": 2
              },
              "java": {
                "insertions": 110,
                "deletions": 65
              }
            }
          },
          {
            "hash": "60c5f05a4bc216f4ddac1cf3c06fe091ec9882bb",
            "messageTitle": "Add Command and Parser classes",
            "messageBody": "Command is an interface with two abstract methods.\nParser deals with making sense of the user command. A Command instance is implemented using Parser\u0027s static parse method.\n",
            "fileTypesAndContributionMap": {
              "txt": {
                "insertions": 1,
                "deletions": 1
              },
              "java": {
                "insertions": 319,
                "deletions": 202
              }
            }
          },
          {
            "hash": "9eeb71e3f72454b01aea3666ada2325ce54f7229",
            "messageTitle": "Add ParserTest and TaskTest classes; Modified Command interface\u0027s method, execute, output type to String from void",
            "messageBody": "Test classes uses JUnit for testing of the classes\u0027 methods.\n",
            "fileTypesAndContributionMap": {
              "java": {
                "insertions": 209,
                "deletions": 50
              }
            }
          },
          {
            "hash": "d08b4b72fb227f0a1154d5200309152ad1125429",
            "messageTitle": "Add JavaDoc comments",
            "messageBody": "Only header comments for classes have been added\n",
            "fileTypesAndContributionMap": {
              "java": {
                "insertions": 56,
                "deletions": 4
              }
            }
          },
          {
            "hash": "cd09121a1e6d2c9efd787c47fb7b071c35c92f73",
            "messageTitle": "Tweak the code to comply with a coding standard",
            "messageBody": "",
            "fileTypesAndContributionMap": {
              "java": {
                "insertions": 140,
                "deletions": 123
              }
            }
          },
          {
            "hash": "df9575e6cf88f4b86b130885c4bdde8c386fd558",
            "messageTitle": "Add Find method",
            "messageBody": "List all task that contains the phrase\n",
            "fileTypesAndContributionMap": {
              "java": {
                "insertions": 35,
                "deletions": 0
              }
            }
          }
        ]
      },
      {
        "date": "2020-09-02",
        "commitResults": [
          {
            "hash": "1e87679395974cad444e897b3bfe56110e03b3dd",
            "messageTitle": "Add gradle support",
            "messageBody": "",
            "fileTypesAndContributionMap": {
              "gradle": {
                "insertions": 17,
                "deletions": 2
              },
              "java": {
                "insertions": 13,
                "deletions": 38
              }
            }
          }
        ]
      },
      {
        "date": "2020-09-10",
        "commitResults": [
          {
            "hash": "da66a0ee4939effc3b64118615823114f337149f",
            "messageTitle": "Add GUI part 4 successfully",
            "messageBody": "",
            "fileTypesAndContributionMap": {
              "gradle": {
                "insertions": 1,
                "deletions": 1
              },
              "fxml": {
                "insertions": 35,
                "deletions": 0
              },
              "java": {
                "insertions": 277,
                "deletions": 0
              }
            }
          },
          {
            "hash": "52b52ab839301438a02e7136ce028689d04ff33e",
            "messageTitle": "Add GUI",
            "messageBody": "",
            "tags": [
              "v0.2"
            ],
            "fileTypesAndContributionMap": {
              "gradle": {
                "insertions": 2,
                "deletions": 2
              },
              "txt": {
                "insertions": 0,
                "deletions": 2
              },
              "java": {
                "insertions": 65,
                "deletions": 61
              }
            }
          }
        ]
      }
    ]
  },
  "authorFileTypeContributionMap": {
    "ijavierja": {
      "java": 1120,
      "md": 0,
      "fxml": 35,
      "sh": 0,
      "bat": 0,
      "gradle": 19,
      "txt": 1
    }
  },
  "authorContributionVariance": {
    "ijavierja": 85876.02
  },
  "authorDisplayNameMap": {
    "ijavierja": "CS2103-T16-2 JAVI..LONG"
  }
}
