{
  "authorDailyContributionsMap": {
    "nweiyue": [
      {
        "date": "2020-08-15",
        "commitResults": [
          {
            "hash": "6a468023e25d8069d74f869bc36ac2f6747dd7d8",
            "messageTitle": "Implement Skeletal Version",
            "messageBody": "",
            "fileTypesAndContributionMap": {
              "java": {
                "insertions": 66,
                "deletions": 7
              }
            }
          },
          {
            "hash": "fa68db385ba311f24d091fa76ae37d61cd79215d",
            "messageTitle": "Add ability to add and list tasks",
            "messageBody": "",
            "fileTypesAndContributionMap": {
              "java": {
                "insertions": 57,
                "deletions": 29
              }
            }
          },
          {
            "hash": "4c14e2466773d3f721738d78346b5bbadc785567",
            "messageTitle": "Add ability to mark tasks as done.",
            "messageBody": "",
            "fileTypesAndContributionMap": {
              "java": {
                "insertions": 28,
                "deletions": 3
              }
            }
          },
          {
            "hash": "6167badfdc0386e641e666fe5ef4c2d31be13145",
            "messageTitle": "Add support for tracking three types of tasks",
            "messageBody": "",
            "fileTypesAndContributionMap": {
              "java": {
                "insertions": 100,
                "deletions": 11
              }
            }
          }
        ]
      },
      {
        "date": "2020-08-16",
        "commitResults": [
          {
            "hash": "ccf31a640c689d76862386b802e8cc056dd1ab4b",
            "messageTitle": "Automated Text UI Testing",
            "messageBody": "",
            "fileTypesAndContributionMap": {
              "txt": {
                "insertions": 22,
                "deletions": 0
              },
              "java": {
                "insertions": 70,
                "deletions": 68
              },
              "sh": {
                "insertions": 10,
                "deletions": 3
              }
            }
          }
        ]
      },
      {
        "date": "2020-08-17",
        "commitResults": [
          {
            "hash": "b270bb3a305e7f3a3a2d4269835bfe916094a24c",
            "messageTitle": "Allow Duke to deal with errors",
            "messageBody": "",
            "tags": [
              "Level-5"
            ],
            "fileTypesAndContributionMap": {
              "txt": {
                "insertions": 26,
                "deletions": 7
              },
              "java": {
                "insertions": 114,
                "deletions": 41
              },
              "sh": {
                "insertions": 1,
                "deletions": 0
              }
            }
          },
          {
            "hash": "7a5c9e0a4d94a8f66dd3918ddc408f8d950e692d",
            "messageTitle": "Add support for deleting task",
            "messageBody": "",
            "fileTypesAndContributionMap": {
              "txt": {
                "insertions": 11,
                "deletions": 0
              },
              "java": {
                "insertions": 45,
                "deletions": 6
              }
            }
          },
          {
            "hash": "2ae26e00caa5a7752974e5c583c363b1e41981df",
            "messageTitle": "Change method signature for handleTaskCommand",
            "messageBody": "",
            "fileTypesAndContributionMap": {
              "java": {
                "insertions": 4,
                "deletions": 4
              }
            }
          },
          {
            "hash": "c43776e80e6d047149584ca895f535439d526ce2",
            "messageTitle": "Add Java Enums",
            "messageBody": "",
            "tags": [
              "A-Enums"
            ],
            "fileTypesAndContributionMap": {
              "java": {
                "insertions": 37,
                "deletions": 11
              }
            }
          }
        ]
      },
      {
        "date": "2020-08-22",
        "commitResults": [
          {
            "hash": "33ec852d177613b467cb08aa1bd9d303b0ce21b2",
            "messageTitle": "Allow Duke to save files in hard disk",
            "messageBody": "",
            "fileTypesAndContributionMap": {
              "txt": {
                "insertions": 6,
                "deletions": 0
              },
              "java": {
                "insertions": 128,
                "deletions": 1
              }
            }
          },
          {
            "hash": "346c8f25636631f51311f2af8402e30b5ba24b01",
            "messageTitle": "Allow Duke to understand Dates and Times",
            "messageBody": "",
            "fileTypesAndContributionMap": {
              "java": {
                "insertions": 4,
                "deletions": 0
              }
            }
          },
          {
            "hash": "6e6dd6022de2a44849edd007a7dc0bcc251e6997",
            "messageTitle": "Allow Duke to understand Date and Time",
            "messageBody": "",
            "fileTypesAndContributionMap": {
              "txt": {
                "insertions": 11,
                "deletions": 2
              },
              "java": {
                "insertions": 139,
                "deletions": 53
              }
            }
          }
        ]
      }
    ]
  },
  "authorFileTypeContributionMap": {
    "nweiyue": {
      "java": 559,
      "md": 0,
      "fxml": 0,
      "sh": 10,
      "bat": 0,
      "gradle": 0,
      "txt": 66
    }
  },
  "authorContributionVariance": {
    "nweiyue": 21387.777
  },
  "authorDisplayNameMap": {
    "nweiyue": "NGOH.. YUE"
  }
}
