[
  {
    "path": "docs/README.md",
    "fileType": "md",
    "lines": [
      {
        "lineNumber": 1,
        "author": {
          "gitId": "Asuraxsoul"
        },
        "content": "### User Guide"
      },
      {
        "lineNumber": 2,
        "author": {
          "gitId": "Asuraxsoul"
        },
        "content": "# Individual Project DUKE"
      },
      {
        "lineNumber": 3,
        "author": {
          "gitId": "-"
        },
        "content": ""
      },
      {
        "lineNumber": 4,
        "author": {
          "gitId": "Asuraxsoul"
        },
        "content": "## Overview "
      },
      {
        "lineNumber": 5,
        "author": {
          "gitId": "Asuraxsoul"
        },
        "content": "DUKE is an interactive chat bot that not only has the function of user interaction, "
      },
      {
        "lineNumber": 6,
        "author": {
          "gitId": "Asuraxsoul"
        },
        "content": "but also the function of helping users keep a list of different types of tasks "
      },
      {
        "lineNumber": 7,
        "author": {
          "gitId": "Asuraxsoul"
        },
        "content": "(namely todos, events, deadlines). Users are also able to manipulate the tasks (namely"
      },
      {
        "lineNumber": 8,
        "author": {
          "gitId": "Asuraxsoul"
        },
        "content": "done, delete)."
      },
      {
        "lineNumber": 9,
        "author": {
          "gitId": "-"
        },
        "content": ""
      },
      {
        "lineNumber": 10,
        "author": {
          "gitId": "Asuraxsoul"
        },
        "content": "### Feature 1: Greetings"
      },
      {
        "lineNumber": 11,
        "author": {
          "gitId": "Asuraxsoul"
        },
        "content": "Upon initiating this program, the chat bot prints its unique introductory greeting to"
      },
      {
        "lineNumber": 12,
        "author": {
          "gitId": "Asuraxsoul"
        },
        "content": "welcome the user."
      },
      {
        "lineNumber": 13,
        "author": {
          "gitId": "-"
        },
        "content": ""
      },
      {
        "lineNumber": 14,
        "author": {
          "gitId": "Asuraxsoul"
        },
        "content": "## Usage: Upon running the program"
      },
      {
        "lineNumber": 15,
        "author": {
          "gitId": "-"
        },
        "content": ""
      },
      {
        "lineNumber": 16,
        "author": {
          "gitId": "Asuraxsoul"
        },
        "content": "Expected outcome:"
      },
      {
        "lineNumber": 17,
        "author": {
          "gitId": "Asuraxsoul"
        },
        "content": ""
      },
      {
        "lineNumber": 18,
        "author": {
          "gitId": "Asuraxsoul"
        },
        "content": "     _______________________________________________________________________"
      },
      {
        "lineNumber": 19,
        "author": {
          "gitId": "Asuraxsoul"
        },
        "content": "      ***Welcome to Project DUKE***"
      },
      {
        "lineNumber": 20,
        "author": {
          "gitId": "Asuraxsoul"
        },
        "content": "      CS2103T Individual Project 1"
      },
      {
        "lineNumber": 21,
        "author": {
          "gitId": "Asuraxsoul"
        },
        "content": "      "
      },
      {
        "lineNumber": 22,
        "author": {
          "gitId": "Asuraxsoul"
        },
        "content": "      Hello! I\u0027m Duke"
      },
      {
        "lineNumber": 23,
        "author": {
          "gitId": "Asuraxsoul"
        },
        "content": "      What can I do for you?"
      },
      {
        "lineNumber": 24,
        "author": {
          "gitId": "Asuraxsoul"
        },
        "content": "     _______________________________________________________________________"
      },
      {
        "lineNumber": 25,
        "author": {
          "gitId": "Asuraxsoul"
        },
        "content": ""
      },
      {
        "lineNumber": 26,
        "author": {
          "gitId": "Asuraxsoul"
        },
        "content": "### Feature 2: Task Creation"
      },
      {
        "lineNumber": 27,
        "author": {
          "gitId": "Asuraxsoul"
        },
        "content": "The task creation commands is followed by a space character and then the description to "
      },
      {
        "lineNumber": 28,
        "author": {
          "gitId": "Asuraxsoul"
        },
        "content": "the task. This adds a todo task to the list of tasks."
      },
      {
        "lineNumber": 29,
        "author": {
          "gitId": "Asuraxsoul"
        },
        "content": ""
      },
      {
        "lineNumber": 30,
        "author": {
          "gitId": "Asuraxsoul"
        },
        "content": "## Usage 1: Creates a todo task"
      },
      {
        "lineNumber": 31,
        "author": {
          "gitId": "Asuraxsoul"
        },
        "content": "The todo task only requires `todo` keyword and description."
      },
      {
        "lineNumber": 32,
        "author": {
          "gitId": "Asuraxsoul"
        },
        "content": ""
      },
      {
        "lineNumber": 33,
        "author": {
          "gitId": "Asuraxsoul"
        },
        "content": "Usage example:"
      },
      {
        "lineNumber": 34,
        "author": {
          "gitId": "Asuraxsoul"
        },
        "content": "`todo return book`"
      },
      {
        "lineNumber": 35,
        "author": {
          "gitId": "Asuraxsoul"
        },
        "content": ""
      },
      {
        "lineNumber": 36,
        "author": {
          "gitId": "Asuraxsoul"
        },
        "content": "Expected outcome:"
      },
      {
        "lineNumber": 37,
        "author": {
          "gitId": "Asuraxsoul"
        },
        "content": ""
      },
      {
        "lineNumber": 38,
        "author": {
          "gitId": "Asuraxsoul"
        },
        "content": "    _______________________________________________________________________"
      },
      {
        "lineNumber": 39,
        "author": {
          "gitId": "Asuraxsoul"
        },
        "content": "     Got it. I\u0027ve added this task:"
      },
      {
        "lineNumber": 40,
        "author": {
          "gitId": "Asuraxsoul"
        },
        "content": "       [T][✘] return book"
      },
      {
        "lineNumber": 41,
        "author": {
          "gitId": "Asuraxsoul"
        },
        "content": "     Now you have 1 task(s) in the list."
      },
      {
        "lineNumber": 42,
        "author": {
          "gitId": "Asuraxsoul"
        },
        "content": "    _______________________________________________________________________"
      },
      {
        "lineNumber": 43,
        "author": {
          "gitId": "Asuraxsoul"
        },
        "content": ""
      },
      {
        "lineNumber": 44,
        "author": {
          "gitId": "Asuraxsoul"
        },
        "content": "## Usage 2: Creates a event task"
      },
      {
        "lineNumber": 45,
        "author": {
          "gitId": "Asuraxsoul"
        },
        "content": "The event task only requires `event` keyword, `/at` keyword and description."
      },
      {
        "lineNumber": 46,
        "author": {
          "gitId": "Asuraxsoul"
        },
        "content": ""
      },
      {
        "lineNumber": 47,
        "author": {
          "gitId": "Asuraxsoul"
        },
        "content": "Usage example:"
      },
      {
        "lineNumber": 48,
        "author": {
          "gitId": "Asuraxsoul"
        },
        "content": "`event return storybook /at 6th June 2020`"
      },
      {
        "lineNumber": 49,
        "author": {
          "gitId": "Asuraxsoul"
        },
        "content": ""
      },
      {
        "lineNumber": 50,
        "author": {
          "gitId": "Asuraxsoul"
        },
        "content": "Expected outcome:"
      },
      {
        "lineNumber": 51,
        "author": {
          "gitId": "Asuraxsoul"
        },
        "content": ""
      },
      {
        "lineNumber": 52,
        "author": {
          "gitId": "Asuraxsoul"
        },
        "content": "    _______________________________________________________________________"
      },
      {
        "lineNumber": 53,
        "author": {
          "gitId": "Asuraxsoul"
        },
        "content": "     Got it. I\u0027ve added this task:"
      },
      {
        "lineNumber": 54,
        "author": {
          "gitId": "Asuraxsoul"
        },
        "content": "       [E][✘] return storybook (at: 6th June 2020)"
      },
      {
        "lineNumber": 55,
        "author": {
          "gitId": "Asuraxsoul"
        },
        "content": "     Now you have 2 task(s) in the list."
      },
      {
        "lineNumber": 56,
        "author": {
          "gitId": "Asuraxsoul"
        },
        "content": "    _______________________________________________________________________"
      },
      {
        "lineNumber": 57,
        "author": {
          "gitId": "Asuraxsoul"
        },
        "content": ""
      },
      {
        "lineNumber": 58,
        "author": {
          "gitId": "Asuraxsoul"
        },
        "content": "## Usage 3: Creates a deadline task"
      },
      {
        "lineNumber": 59,
        "author": {
          "gitId": "Asuraxsoul"
        },
        "content": "The deadline task only requires `deadline` keyword, `/by` keyword and description."
      },
      {
        "lineNumber": 60,
        "author": {
          "gitId": "-"
        },
        "content": ""
      },
      {
        "lineNumber": 61,
        "author": {
          "gitId": "Asuraxsoul"
        },
        "content": "Usage example:"
      },
      {
        "lineNumber": 62,
        "author": {
          "gitId": "Asuraxsoul"
        },
        "content": "`deadline finish CS2103T project /by 7th July 2020`"
      },
      {
        "lineNumber": 63,
        "author": {
          "gitId": "-"
        },
        "content": ""
      },
      {
        "lineNumber": 64,
        "author": {
          "gitId": "Asuraxsoul"
        },
        "content": "Expected outcome:"
      },
      {
        "lineNumber": 65,
        "author": {
          "gitId": "Asuraxsoul"
        },
        "content": ""
      },
      {
        "lineNumber": 66,
        "author": {
          "gitId": "Asuraxsoul"
        },
        "content": "    _______________________________________________________________________"
      },
      {
        "lineNumber": 67,
        "author": {
          "gitId": "Asuraxsoul"
        },
        "content": "     Got it. I\u0027ve added this task:"
      },
      {
        "lineNumber": 68,
        "author": {
          "gitId": "Asuraxsoul"
        },
        "content": "       [D][✘] finish CS2103T project (by: 7th July 2020)"
      },
      {
        "lineNumber": 69,
        "author": {
          "gitId": "Asuraxsoul"
        },
        "content": "     Now you have 3 task(s) in the list."
      },
      {
        "lineNumber": 70,
        "author": {
          "gitId": "Asuraxsoul"
        },
        "content": "    _______________________________________________________________________"
      },
      {
        "lineNumber": 71,
        "author": {
          "gitId": "Asuraxsoul"
        },
        "content": ""
      },
      {
        "lineNumber": 72,
        "author": {
          "gitId": "Asuraxsoul"
        },
        "content": "### Feature 3: List Manipulation"
      },
      {
        "lineNumber": 73,
        "author": {
          "gitId": "Asuraxsoul"
        },
        "content": "The list manipulation commands changes the tasks states in the list recorded"
      },
      {
        "lineNumber": 74,
        "author": {
          "gitId": "Asuraxsoul"
        },
        "content": ""
      },
      {
        "lineNumber": 75,
        "author": {
          "gitId": "Asuraxsoul"
        },
        "content": "## Usage 1: Marks the specific task as done"
      },
      {
        "lineNumber": 76,
        "author": {
          "gitId": "Asuraxsoul"
        },
        "content": "This function only requires `done` keyword and task index."
      },
      {
        "lineNumber": 77,
        "author": {
          "gitId": "-"
        },
        "content": ""
      },
      {
        "lineNumber": 78,
        "author": {
          "gitId": "Asuraxsoul"
        },
        "content": "Usage example:"
      },
      {
        "lineNumber": 79,
        "author": {
          "gitId": "Asuraxsoul"
        },
        "content": "`done 2`"
      },
      {
        "lineNumber": 80,
        "author": {
          "gitId": "-"
        },
        "content": ""
      },
      {
        "lineNumber": 81,
        "author": {
          "gitId": "-"
        },
        "content": "Expected outcome:"
      },
      {
        "lineNumber": 82,
        "author": {
          "gitId": "-"
        },
        "content": ""
      },
      {
        "lineNumber": 83,
        "author": {
          "gitId": "Asuraxsoul"
        },
        "content": "    _______________________________________________________________________"
      },
      {
        "lineNumber": 84,
        "author": {
          "gitId": "Asuraxsoul"
        },
        "content": "     Nice! I\u0027ve marked this task as done:"
      },
      {
        "lineNumber": 85,
        "author": {
          "gitId": "Asuraxsoul"
        },
        "content": "       [E][✓] return storybook (at: 6th June 2020)"
      },
      {
        "lineNumber": 86,
        "author": {
          "gitId": "Asuraxsoul"
        },
        "content": "    _______________________________________________________________________"
      },
      {
        "lineNumber": 87,
        "author": {
          "gitId": "Asuraxsoul"
        },
        "content": ""
      },
      {
        "lineNumber": 88,
        "author": {
          "gitId": "Asuraxsoul"
        },
        "content": "## Usage 2: Deletes the specific task"
      },
      {
        "lineNumber": 89,
        "author": {
          "gitId": "Asuraxsoul"
        },
        "content": "This function only requires `delete` keyword and task index."
      },
      {
        "lineNumber": 90,
        "author": {
          "gitId": "Asuraxsoul"
        },
        "content": ""
      },
      {
        "lineNumber": 91,
        "author": {
          "gitId": "Asuraxsoul"
        },
        "content": "Usage example:"
      },
      {
        "lineNumber": 92,
        "author": {
          "gitId": "Asuraxsoul"
        },
        "content": "`delete 3`"
      },
      {
        "lineNumber": 93,
        "author": {
          "gitId": "Asuraxsoul"
        },
        "content": ""
      },
      {
        "lineNumber": 94,
        "author": {
          "gitId": "Asuraxsoul"
        },
        "content": "Expected outcome:"
      },
      {
        "lineNumber": 95,
        "author": {
          "gitId": "-"
        },
        "content": ""
      },
      {
        "lineNumber": 96,
        "author": {
          "gitId": "Asuraxsoul"
        },
        "content": "    _______________________________________________________________________"
      },
      {
        "lineNumber": 97,
        "author": {
          "gitId": "Asuraxsoul"
        },
        "content": "     Noted. I\u0027ve removed this task:"
      },
      {
        "lineNumber": 98,
        "author": {
          "gitId": "Asuraxsoul"
        },
        "content": "       [D][✘] finish CS2103T project (by: 7th July 2020)"
      },
      {
        "lineNumber": 99,
        "author": {
          "gitId": "Asuraxsoul"
        },
        "content": "     Now you have 2 task(s) in the list."
      },
      {
        "lineNumber": 100,
        "author": {
          "gitId": "Asuraxsoul"
        },
        "content": "    _______________________________________________________________________"
      },
      {
        "lineNumber": 101,
        "author": {
          "gitId": "Asuraxsoul"
        },
        "content": "   "
      },
      {
        "lineNumber": 102,
        "author": {
          "gitId": "Asuraxsoul"
        },
        "content": "## Usage 3: Displays all current tasks"
      },
      {
        "lineNumber": 103,
        "author": {
          "gitId": "Asuraxsoul"
        },
        "content": "This function only requires `list ` keyword and a space character."
      },
      {
        "lineNumber": 104,
        "author": {
          "gitId": "-"
        },
        "content": ""
      },
      {
        "lineNumber": 105,
        "author": {
          "gitId": "Asuraxsoul"
        },
        "content": "Usage example:"
      },
      {
        "lineNumber": 106,
        "author": {
          "gitId": "Asuraxsoul"
        },
        "content": "`list`"
      },
      {
        "lineNumber": 107,
        "author": {
          "gitId": "-"
        },
        "content": ""
      },
      {
        "lineNumber": 108,
        "author": {
          "gitId": "-"
        },
        "content": "Expected outcome:"
      },
      {
        "lineNumber": 109,
        "author": {
          "gitId": "-"
        },
        "content": ""
      },
      {
        "lineNumber": 110,
        "author": {
          "gitId": "Asuraxsoul"
        },
        "content": "    _______________________________________________________________________"
      },
      {
        "lineNumber": 111,
        "author": {
          "gitId": "Asuraxsoul"
        },
        "content": "     Here are the tasks in your list:"
      },
      {
        "lineNumber": 112,
        "author": {
          "gitId": "Asuraxsoul"
        },
        "content": "     1.[T][✘] return book"
      },
      {
        "lineNumber": 113,
        "author": {
          "gitId": "Asuraxsoul"
        },
        "content": "     2.[E][✓] return storybook (at: 6th June 2020)"
      },
      {
        "lineNumber": 114,
        "author": {
          "gitId": "Asuraxsoul"
        },
        "content": "    _______________________________________________________________________"
      },
      {
        "lineNumber": 115,
        "author": {
          "gitId": "Asuraxsoul"
        },
        "content": "    "
      }
    ],
    "authorContributionMap": {
      "Asuraxsoul": 100,
      "-": 15
    }
  },
  {
    "path": "src/main/java/Deadline.java",
    "fileType": "java",
    "lines": [
      {
        "lineNumber": 1,
        "author": {
          "gitId": "Asuraxsoul"
        },
        "content": "public class Deadline extends Task {"
      },
      {
        "lineNumber": 2,
        "author": {
          "gitId": "Asuraxsoul"
        },
        "content": "    private String timeDescription;"
      },
      {
        "lineNumber": 3,
        "author": {
          "gitId": "Asuraxsoul"
        },
        "content": ""
      },
      {
        "lineNumber": 4,
        "author": {
          "gitId": "Asuraxsoul"
        },
        "content": "    public Deadline(String description, String timeDescription) {"
      },
      {
        "lineNumber": 5,
        "author": {
          "gitId": "Asuraxsoul"
        },
        "content": "        super(description, \"D\");"
      },
      {
        "lineNumber": 6,
        "author": {
          "gitId": "Asuraxsoul"
        },
        "content": "        this.timeDescription \u003d timeDescription;"
      },
      {
        "lineNumber": 7,
        "author": {
          "gitId": "Asuraxsoul"
        },
        "content": "    }"
      },
      {
        "lineNumber": 8,
        "author": {
          "gitId": "Asuraxsoul"
        },
        "content": ""
      },
      {
        "lineNumber": 9,
        "author": {
          "gitId": "Asuraxsoul"
        },
        "content": "    public String getTimeDescription() {"
      },
      {
        "lineNumber": 10,
        "author": {
          "gitId": "Asuraxsoul"
        },
        "content": "        return timeDescription;"
      },
      {
        "lineNumber": 11,
        "author": {
          "gitId": "Asuraxsoul"
        },
        "content": "    }"
      },
      {
        "lineNumber": 12,
        "author": {
          "gitId": "Asuraxsoul"
        },
        "content": ""
      },
      {
        "lineNumber": 13,
        "author": {
          "gitId": "Asuraxsoul"
        },
        "content": "    @Override"
      },
      {
        "lineNumber": 14,
        "author": {
          "gitId": "Asuraxsoul"
        },
        "content": "    public String toString() {"
      },
      {
        "lineNumber": 15,
        "author": {
          "gitId": "Asuraxsoul"
        },
        "content": "        return \"[\" + getType() + \"]\" + \"[\" + getStatusIcon() + \"] \" + description"
      },
      {
        "lineNumber": 16,
        "author": {
          "gitId": "Asuraxsoul"
        },
        "content": "                + \"(by:\" + this.timeDescription + \")\";"
      },
      {
        "lineNumber": 17,
        "author": {
          "gitId": "Asuraxsoul"
        },
        "content": "    }"
      },
      {
        "lineNumber": 18,
        "author": {
          "gitId": "Asuraxsoul"
        },
        "content": "}"
      }
    ],
    "authorContributionMap": {
      "Asuraxsoul": 18
    }
  },
  {
    "path": "src/main/java/Duke.java",
    "fileType": "java",
    "lines": [
      {
        "lineNumber": 1,
        "author": {
          "gitId": "Asuraxsoul"
        },
        "content": "import java.util.Scanner;"
      },
      {
        "lineNumber": 2,
        "author": {
          "gitId": "Asuraxsoul"
        },
        "content": ""
      },
      {
        "lineNumber": 3,
        "author": {
          "gitId": "-"
        },
        "content": "public class Duke {"
      },
      {
        "lineNumber": 4,
        "author": {
          "gitId": "-"
        },
        "content": "    public static void main(String[] args) {"
      },
      {
        "lineNumber": 5,
        "author": {
          "gitId": "Asuraxsoul"
        },
        "content": "        IntroModule.display();"
      },
      {
        "lineNumber": 6,
        "author": {
          "gitId": "Asuraxsoul"
        },
        "content": ""
      },
      {
        "lineNumber": 7,
        "author": {
          "gitId": "Asuraxsoul"
        },
        "content": "        StringIdentifier strIden \u003d new StringIdentifier();"
      },
      {
        "lineNumber": 8,
        "author": {
          "gitId": "Asuraxsoul"
        },
        "content": "        Scanner sc \u003d new Scanner(System.in);"
      },
      {
        "lineNumber": 9,
        "author": {
          "gitId": "Asuraxsoul"
        },
        "content": ""
      },
      {
        "lineNumber": 10,
        "author": {
          "gitId": "Asuraxsoul"
        },
        "content": "        while (strIden.isRunning()) {"
      },
      {
        "lineNumber": 11,
        "author": {
          "gitId": "Asuraxsoul"
        },
        "content": "            String userInput \u003d sc.nextLine();"
      },
      {
        "lineNumber": 12,
        "author": {
          "gitId": "Asuraxsoul"
        },
        "content": "            try {"
      },
      {
        "lineNumber": 13,
        "author": {
          "gitId": "Asuraxsoul"
        },
        "content": "                strIden.checker(userInput);"
      },
      {
        "lineNumber": 14,
        "author": {
          "gitId": "Asuraxsoul"
        },
        "content": "            } catch(DukeException e) {"
      },
      {
        "lineNumber": 15,
        "author": {
          "gitId": "Asuraxsoul"
        },
        "content": "                System.out.println(e.getMessage());"
      },
      {
        "lineNumber": 16,
        "author": {
          "gitId": "Asuraxsoul"
        },
        "content": "            }"
      },
      {
        "lineNumber": 17,
        "author": {
          "gitId": "Asuraxsoul"
        },
        "content": "        }"
      },
      {
        "lineNumber": 18,
        "author": {
          "gitId": "-"
        },
        "content": "    }"
      },
      {
        "lineNumber": 19,
        "author": {
          "gitId": "-"
        },
        "content": "}"
      }
    ],
    "authorContributionMap": {
      "Asuraxsoul": 15,
      "-": 4
    }
  },
  {
    "path": "src/main/java/DukeException.java",
    "fileType": "java",
    "lines": [
      {
        "lineNumber": 1,
        "author": {
          "gitId": "Asuraxsoul"
        },
        "content": "public class DukeException extends Exception {"
      },
      {
        "lineNumber": 2,
        "author": {
          "gitId": "Asuraxsoul"
        },
        "content": "    public DukeException(String message) {"
      },
      {
        "lineNumber": 3,
        "author": {
          "gitId": "Asuraxsoul"
        },
        "content": "        super(message);"
      },
      {
        "lineNumber": 4,
        "author": {
          "gitId": "Asuraxsoul"
        },
        "content": "    }"
      },
      {
        "lineNumber": 5,
        "author": {
          "gitId": "Asuraxsoul"
        },
        "content": "}"
      }
    ],
    "authorContributionMap": {
      "Asuraxsoul": 5
    }
  },
  {
    "path": "src/main/java/Event.java",
    "fileType": "java",
    "lines": [
      {
        "lineNumber": 1,
        "author": {
          "gitId": "Asuraxsoul"
        },
        "content": "public class Event extends Task {"
      },
      {
        "lineNumber": 2,
        "author": {
          "gitId": "Asuraxsoul"
        },
        "content": "    private String timeDescription;"
      },
      {
        "lineNumber": 3,
        "author": {
          "gitId": "Asuraxsoul"
        },
        "content": ""
      },
      {
        "lineNumber": 4,
        "author": {
          "gitId": "Asuraxsoul"
        },
        "content": "    public Event(String description, String timeDescription) {"
      },
      {
        "lineNumber": 5,
        "author": {
          "gitId": "Asuraxsoul"
        },
        "content": "        super(description, \"E\");"
      },
      {
        "lineNumber": 6,
        "author": {
          "gitId": "Asuraxsoul"
        },
        "content": "        this.timeDescription \u003d timeDescription;"
      },
      {
        "lineNumber": 7,
        "author": {
          "gitId": "Asuraxsoul"
        },
        "content": "    }"
      },
      {
        "lineNumber": 8,
        "author": {
          "gitId": "Asuraxsoul"
        },
        "content": ""
      },
      {
        "lineNumber": 9,
        "author": {
          "gitId": "Asuraxsoul"
        },
        "content": "    @Override"
      },
      {
        "lineNumber": 10,
        "author": {
          "gitId": "Asuraxsoul"
        },
        "content": "    public String toString() {"
      },
      {
        "lineNumber": 11,
        "author": {
          "gitId": "Asuraxsoul"
        },
        "content": "        return \"[\" + getType() + \"]\" + \"[\" + getStatusIcon() + \"] \" + description"
      },
      {
        "lineNumber": 12,
        "author": {
          "gitId": "Asuraxsoul"
        },
        "content": "                + \"(at:\" + this.timeDescription + \")\";"
      },
      {
        "lineNumber": 13,
        "author": {
          "gitId": "Asuraxsoul"
        },
        "content": "    }"
      },
      {
        "lineNumber": 14,
        "author": {
          "gitId": "Asuraxsoul"
        },
        "content": "}"
      }
    ],
    "authorContributionMap": {
      "Asuraxsoul": 14
    }
  },
  {
    "path": "src/main/java/IntroModule.java",
    "fileType": "java",
    "lines": [
      {
        "lineNumber": 1,
        "author": {
          "gitId": "Asuraxsoul"
        },
        "content": "public class IntroModule {"
      },
      {
        "lineNumber": 2,
        "author": {
          "gitId": "Asuraxsoul"
        },
        "content": "    private static String title \u003d \"     CS2103T Individual Project 1\\n\";"
      },
      {
        "lineNumber": 3,
        "author": {
          "gitId": "Asuraxsoul"
        },
        "content": ""
      },
      {
        "lineNumber": 4,
        "author": {
          "gitId": "Asuraxsoul"
        },
        "content": "    public static void display() {"
      },
      {
        "lineNumber": 5,
        "author": {
          "gitId": "Asuraxsoul"
        },
        "content": "        System.out.println(\"    _______________________________________________________________________\\n     ***Welcome to Project DUKE***\\n\""
      },
      {
        "lineNumber": 6,
        "author": {
          "gitId": "Asuraxsoul"
        },
        "content": "                            + title"
      },
      {
        "lineNumber": 7,
        "author": {
          "gitId": "Asuraxsoul"
        },
        "content": "                            + \"\\n     Hello! I\u0027m Duke\""
      },
      {
        "lineNumber": 8,
        "author": {
          "gitId": "Asuraxsoul"
        },
        "content": "                            + \"\\n     What can I do for you?\""
      },
      {
        "lineNumber": 9,
        "author": {
          "gitId": "Asuraxsoul"
        },
        "content": "                            + \"\\n    _______________________________________________________________________\\n\");"
      },
      {
        "lineNumber": 10,
        "author": {
          "gitId": "Asuraxsoul"
        },
        "content": "    }"
      },
      {
        "lineNumber": 11,
        "author": {
          "gitId": "Asuraxsoul"
        },
        "content": "}"
      }
    ],
    "authorContributionMap": {
      "Asuraxsoul": 11
    }
  },
  {
    "path": "src/main/java/StringIdentifier.java",
    "fileType": "java",
    "lines": [
      {
        "lineNumber": 1,
        "author": {
          "gitId": "Asuraxsoul"
        },
        "content": "import java.util.List;"
      },
      {
        "lineNumber": 2,
        "author": {
          "gitId": "Asuraxsoul"
        },
        "content": "import java.util.ArrayList;"
      },
      {
        "lineNumber": 3,
        "author": {
          "gitId": "Asuraxsoul"
        },
        "content": ""
      },
      {
        "lineNumber": 4,
        "author": {
          "gitId": "Asuraxsoul"
        },
        "content": "public class StringIdentifier {"
      },
      {
        "lineNumber": 5,
        "author": {
          "gitId": "Asuraxsoul"
        },
        "content": "    private static boolean isProgramRunning \u003d true;"
      },
      {
        "lineNumber": 6,
        "author": {
          "gitId": "Asuraxsoul"
        },
        "content": "    private static List\u003cTask\u003e lst \u003d new ArrayList\u003c\u003e();"
      },
      {
        "lineNumber": 7,
        "author": {
          "gitId": "Asuraxsoul"
        },
        "content": ""
      },
      {
        "lineNumber": 8,
        "author": {
          "gitId": "Asuraxsoul"
        },
        "content": "    public boolean isRunning() {"
      },
      {
        "lineNumber": 9,
        "author": {
          "gitId": "Asuraxsoul"
        },
        "content": "        return this.isProgramRunning;"
      },
      {
        "lineNumber": 10,
        "author": {
          "gitId": "Asuraxsoul"
        },
        "content": "    }"
      },
      {
        "lineNumber": 11,
        "author": {
          "gitId": "Asuraxsoul"
        },
        "content": ""
      },
      {
        "lineNumber": 12,
        "author": {
          "gitId": "Asuraxsoul"
        },
        "content": "    public void checker(String str) throws DukeException {"
      },
      {
        "lineNumber": 13,
        "author": {
          "gitId": "Asuraxsoul"
        },
        "content": "        System.out.println(\"    _______________________________________________________________________\");"
      },
      {
        "lineNumber": 14,
        "author": {
          "gitId": "Asuraxsoul"
        },
        "content": ""
      },
      {
        "lineNumber": 15,
        "author": {
          "gitId": "Asuraxsoul"
        },
        "content": "        int commandSpace \u003d str.indexOf(\" \");"
      },
      {
        "lineNumber": 16,
        "author": {
          "gitId": "Asuraxsoul"
        },
        "content": "        if (commandSpace \u003c 0) {"
      },
      {
        "lineNumber": 17,
        "author": {
          "gitId": "Asuraxsoul"
        },
        "content": "            throw new DukeException(\"       *Please add in a space character after your command.*\\n\");"
      },
      {
        "lineNumber": 18,
        "author": {
          "gitId": "Asuraxsoul"
        },
        "content": ""
      },
      {
        "lineNumber": 19,
        "author": {
          "gitId": "Asuraxsoul"
        },
        "content": "        } else if (str.equals(\"bye \")) {"
      },
      {
        "lineNumber": 20,
        "author": {
          "gitId": "Asuraxsoul"
        },
        "content": "            close();"
      },
      {
        "lineNumber": 21,
        "author": {
          "gitId": "Asuraxsoul"
        },
        "content": ""
      },
      {
        "lineNumber": 22,
        "author": {
          "gitId": "Asuraxsoul"
        },
        "content": "        } else if (commandSpace \u003c\u003d 3) {"
      },
      {
        "lineNumber": 23,
        "author": {
          "gitId": "Asuraxsoul"
        },
        "content": "            throw new DukeException(\"       *Invalid command.*\\n     Commands: bye, list, todo, event, deadline, delete\\n\");"
      },
      {
        "lineNumber": 24,
        "author": {
          "gitId": "Asuraxsoul"
        },
        "content": ""
      },
      {
        "lineNumber": 25,
        "author": {
          "gitId": "Asuraxsoul"
        },
        "content": "        } else if (str.equals(\"list \")) {"
      },
      {
        "lineNumber": 26,
        "author": {
          "gitId": "Asuraxsoul"
        },
        "content": "            displayList();"
      },
      {
        "lineNumber": 27,
        "author": {
          "gitId": "Asuraxsoul"
        },
        "content": ""
      },
      {
        "lineNumber": 28,
        "author": {
          "gitId": "Asuraxsoul"
        },
        "content": "        } else if (str.substring(0, 5).equals(\"done \")) {"
      },
      {
        "lineNumber": 29,
        "author": {
          "gitId": "Asuraxsoul"
        },
        "content": "            int length \u003d str.length();"
      },
      {
        "lineNumber": 30,
        "author": {
          "gitId": "Asuraxsoul"
        },
        "content": "            String index \u003d str.substring(5, length);"
      },
      {
        "lineNumber": 31,
        "author": {
          "gitId": "Asuraxsoul"
        },
        "content": "            int realIndex \u003d Integer.parseInt(index) - 1;"
      },
      {
        "lineNumber": 32,
        "author": {
          "gitId": "Asuraxsoul"
        },
        "content": ""
      },
      {
        "lineNumber": 33,
        "author": {
          "gitId": "Asuraxsoul"
        },
        "content": "            if (realIndex \u003e\u003d this.lst.size() || realIndex \u003c 0) {"
      },
      {
        "lineNumber": 34,
        "author": {
          "gitId": "Asuraxsoul"
        },
        "content": "                throw new DukeException(\"       *Invalid task index, please try again.*\\n\");"
      },
      {
        "lineNumber": 35,
        "author": {
          "gitId": "Asuraxsoul"
        },
        "content": "            }"
      },
      {
        "lineNumber": 36,
        "author": {
          "gitId": "Asuraxsoul"
        },
        "content": "            markDone(realIndex);"
      },
      {
        "lineNumber": 37,
        "author": {
          "gitId": "Asuraxsoul"
        },
        "content": ""
      },
      {
        "lineNumber": 38,
        "author": {
          "gitId": "Asuraxsoul"
        },
        "content": "        } else if (str.substring(0, 5).equals(\"todo \")) {"
      },
      {
        "lineNumber": 39,
        "author": {
          "gitId": "Asuraxsoul"
        },
        "content": "            int length \u003d str.length();"
      },
      {
        "lineNumber": 40,
        "author": {
          "gitId": "Asuraxsoul"
        },
        "content": "            if (length \u003d\u003d 5) {"
      },
      {
        "lineNumber": 41,
        "author": {
          "gitId": "Asuraxsoul"
        },
        "content": "                throw new DukeException(\"       *Please fill in todo description*\\n\");"
      },
      {
        "lineNumber": 42,
        "author": {
          "gitId": "Asuraxsoul"
        },
        "content": "            }"
      },
      {
        "lineNumber": 43,
        "author": {
          "gitId": "Asuraxsoul"
        },
        "content": ""
      },
      {
        "lineNumber": 44,
        "author": {
          "gitId": "Asuraxsoul"
        },
        "content": "            Todo newTodo \u003d new Todo(str.substring(5, length));"
      },
      {
        "lineNumber": 45,
        "author": {
          "gitId": "Asuraxsoul"
        },
        "content": "            store(newTodo);"
      },
      {
        "lineNumber": 46,
        "author": {
          "gitId": "Asuraxsoul"
        },
        "content": ""
      },
      {
        "lineNumber": 47,
        "author": {
          "gitId": "Asuraxsoul"
        },
        "content": "        } else if (commandSpace \u003c\u003d 4) {"
      },
      {
        "lineNumber": 48,
        "author": {
          "gitId": "Asuraxsoul"
        },
        "content": "            throw new DukeException(\"       *Invalid command.*\\n     Commands: bye, list, todo, event, deadline, delete\\n\");"
      },
      {
        "lineNumber": 49,
        "author": {
          "gitId": "Asuraxsoul"
        },
        "content": ""
      },
      {
        "lineNumber": 50,
        "author": {
          "gitId": "Asuraxsoul"
        },
        "content": "        } else if (str.substring(0, 6).equals(\"event \")) {"
      },
      {
        "lineNumber": 51,
        "author": {
          "gitId": "Asuraxsoul"
        },
        "content": "            int length \u003d str.length();"
      },
      {
        "lineNumber": 52,
        "author": {
          "gitId": "Asuraxsoul"
        },
        "content": "            if (length \u003d\u003d 6) {"
      },
      {
        "lineNumber": 53,
        "author": {
          "gitId": "Asuraxsoul"
        },
        "content": "                throw new DukeException(\"       *Please fill in event description*\\n\");"
      },
      {
        "lineNumber": 54,
        "author": {
          "gitId": "Asuraxsoul"
        },
        "content": "            }"
      },
      {
        "lineNumber": 55,
        "author": {
          "gitId": "Asuraxsoul"
        },
        "content": ""
      },
      {
        "lineNumber": 56,
        "author": {
          "gitId": "Asuraxsoul"
        },
        "content": "            int end \u003d str.indexOf(\"/at\");"
      },
      {
        "lineNumber": 57,
        "author": {
          "gitId": "Asuraxsoul"
        },
        "content": "            if (end \u003c 0) {"
      },
      {
        "lineNumber": 58,
        "author": {
          "gitId": "Asuraxsoul"
        },
        "content": "                throw new DukeException(\"       *Please fill in event completion time in the following format:*\\n\" +"
      },
      {
        "lineNumber": 59,
        "author": {
          "gitId": "Asuraxsoul"
        },
        "content": "                        \"     eg. event CCA meeting /at 4th July 2020\\n\");"
      },
      {
        "lineNumber": 60,
        "author": {
          "gitId": "Asuraxsoul"
        },
        "content": "            }"
      },
      {
        "lineNumber": 61,
        "author": {
          "gitId": "Asuraxsoul"
        },
        "content": "            Event newEvent \u003d new Event(str.substring(6, end),"
      },
      {
        "lineNumber": 62,
        "author": {
          "gitId": "Asuraxsoul"
        },
        "content": "                    str.substring(end + 3, length));"
      },
      {
        "lineNumber": 63,
        "author": {
          "gitId": "Asuraxsoul"
        },
        "content": "            store(newEvent);"
      },
      {
        "lineNumber": 64,
        "author": {
          "gitId": "Asuraxsoul"
        },
        "content": ""
      },
      {
        "lineNumber": 65,
        "author": {
          "gitId": "Asuraxsoul"
        },
        "content": "        } else if (commandSpace \u003c\u003d 5) {"
      },
      {
        "lineNumber": 66,
        "author": {
          "gitId": "Asuraxsoul"
        },
        "content": "            throw new DukeException(\"       *Invalid command.*\\n     Commands: bye, list, todo, event, deadline, delete\\n\");"
      },
      {
        "lineNumber": 67,
        "author": {
          "gitId": "Asuraxsoul"
        },
        "content": ""
      },
      {
        "lineNumber": 68,
        "author": {
          "gitId": "Asuraxsoul"
        },
        "content": "        } else if (str.substring(0, 7).equals(\"delete \")) {"
      },
      {
        "lineNumber": 69,
        "author": {
          "gitId": "Asuraxsoul"
        },
        "content": "            int length \u003d str.length();"
      },
      {
        "lineNumber": 70,
        "author": {
          "gitId": "Asuraxsoul"
        },
        "content": "            String index \u003d str.substring(7, length);"
      },
      {
        "lineNumber": 71,
        "author": {
          "gitId": "Asuraxsoul"
        },
        "content": "            int realIndex \u003d Integer.parseInt(index) - 1;"
      },
      {
        "lineNumber": 72,
        "author": {
          "gitId": "Asuraxsoul"
        },
        "content": ""
      },
      {
        "lineNumber": 73,
        "author": {
          "gitId": "Asuraxsoul"
        },
        "content": "            if (realIndex \u003e\u003d this.lst.size() || realIndex \u003c 0) {"
      },
      {
        "lineNumber": 74,
        "author": {
          "gitId": "Asuraxsoul"
        },
        "content": "                throw new DukeException(\"       *Invalid task index, please try again.*\\n\");"
      },
      {
        "lineNumber": 75,
        "author": {
          "gitId": "Asuraxsoul"
        },
        "content": "            }"
      },
      {
        "lineNumber": 76,
        "author": {
          "gitId": "Asuraxsoul"
        },
        "content": "            delete(realIndex);"
      },
      {
        "lineNumber": 77,
        "author": {
          "gitId": "Asuraxsoul"
        },
        "content": ""
      },
      {
        "lineNumber": 78,
        "author": {
          "gitId": "Asuraxsoul"
        },
        "content": "        } else if (commandSpace \u003c\u003d 6) {"
      },
      {
        "lineNumber": 79,
        "author": {
          "gitId": "Asuraxsoul"
        },
        "content": "            throw new DukeException(\"       *Invalid command.*\\n     Commands: bye, list, todo, event, deadline, delete\\n\");"
      },
      {
        "lineNumber": 80,
        "author": {
          "gitId": "Asuraxsoul"
        },
        "content": ""
      },
      {
        "lineNumber": 81,
        "author": {
          "gitId": "Asuraxsoul"
        },
        "content": "        } else if (str.substring(0, 9).equals(\"deadline \")) {"
      },
      {
        "lineNumber": 82,
        "author": {
          "gitId": "Asuraxsoul"
        },
        "content": "            int length \u003d str.length();"
      },
      {
        "lineNumber": 83,
        "author": {
          "gitId": "Asuraxsoul"
        },
        "content": "            if (length \u003d\u003d 9) {"
      },
      {
        "lineNumber": 84,
        "author": {
          "gitId": "Asuraxsoul"
        },
        "content": "                throw new DukeException(\"       *Please fill in deadline description*\\n\");"
      },
      {
        "lineNumber": 85,
        "author": {
          "gitId": "Asuraxsoul"
        },
        "content": "            }"
      },
      {
        "lineNumber": 86,
        "author": {
          "gitId": "Asuraxsoul"
        },
        "content": ""
      },
      {
        "lineNumber": 87,
        "author": {
          "gitId": "Asuraxsoul"
        },
        "content": "            int end \u003d str.indexOf(\"/by\");"
      },
      {
        "lineNumber": 88,
        "author": {
          "gitId": "Asuraxsoul"
        },
        "content": "            if (end \u003c 0) {"
      },
      {
        "lineNumber": 89,
        "author": {
          "gitId": "Asuraxsoul"
        },
        "content": "                throw new DukeException(\"       *Please fill in deadline completion time in the following format:*\\n\" +"
      },
      {
        "lineNumber": 90,
        "author": {
          "gitId": "Asuraxsoul"
        },
        "content": "                                        \"     eg. deadline return book to Jurong Regional Library /by 6th June 2020\\n\");"
      },
      {
        "lineNumber": 91,
        "author": {
          "gitId": "Asuraxsoul"
        },
        "content": "            }"
      },
      {
        "lineNumber": 92,
        "author": {
          "gitId": "Asuraxsoul"
        },
        "content": ""
      },
      {
        "lineNumber": 93,
        "author": {
          "gitId": "Asuraxsoul"
        },
        "content": "            Deadline newDeadline \u003d new Deadline(str.substring(9, end),"
      },
      {
        "lineNumber": 94,
        "author": {
          "gitId": "Asuraxsoul"
        },
        "content": "                    str.substring(end + 3, length));"
      },
      {
        "lineNumber": 95,
        "author": {
          "gitId": "Asuraxsoul"
        },
        "content": "            store(newDeadline);"
      },
      {
        "lineNumber": 96,
        "author": {
          "gitId": "Asuraxsoul"
        },
        "content": ""
      },
      {
        "lineNumber": 97,
        "author": {
          "gitId": "Asuraxsoul"
        },
        "content": "        } else {"
      },
      {
        "lineNumber": 98,
        "author": {
          "gitId": "Asuraxsoul"
        },
        "content": "            throw new DukeException(\"       *Invalid command.*\\n     Commands: bye, list, todo, event, deadline, delete\\n\");"
      },
      {
        "lineNumber": 99,
        "author": {
          "gitId": "Asuraxsoul"
        },
        "content": "        }"
      },
      {
        "lineNumber": 100,
        "author": {
          "gitId": "Asuraxsoul"
        },
        "content": ""
      },
      {
        "lineNumber": 101,
        "author": {
          "gitId": "Asuraxsoul"
        },
        "content": "        System.out.println(\"    _______________________________________________________________________\\n\");"
      },
      {
        "lineNumber": 102,
        "author": {
          "gitId": "Asuraxsoul"
        },
        "content": "    }"
      },
      {
        "lineNumber": 103,
        "author": {
          "gitId": "Asuraxsoul"
        },
        "content": ""
      },
      {
        "lineNumber": 104,
        "author": {
          "gitId": "Asuraxsoul"
        },
        "content": "    public void store(Task task) {"
      },
      {
        "lineNumber": 105,
        "author": {
          "gitId": "Asuraxsoul"
        },
        "content": "        this.lst.add(task);"
      },
      {
        "lineNumber": 106,
        "author": {
          "gitId": "Asuraxsoul"
        },
        "content": "        System.out.println(\"     Got it. I\u0027ve added this task:\\n\""
      },
      {
        "lineNumber": 107,
        "author": {
          "gitId": "Asuraxsoul"
        },
        "content": "                         + \"       \" + task);"
      },
      {
        "lineNumber": 108,
        "author": {
          "gitId": "Asuraxsoul"
        },
        "content": "        System.out.println(\"     Now you have \" + this.lst.size() + \" task(s) in the list.\");"
      },
      {
        "lineNumber": 109,
        "author": {
          "gitId": "Asuraxsoul"
        },
        "content": "    }"
      },
      {
        "lineNumber": 110,
        "author": {
          "gitId": "Asuraxsoul"
        },
        "content": ""
      },
      {
        "lineNumber": 111,
        "author": {
          "gitId": "Asuraxsoul"
        },
        "content": "    public void displayList() {"
      },
      {
        "lineNumber": 112,
        "author": {
          "gitId": "Asuraxsoul"
        },
        "content": "        int size \u003d this.lst.size();"
      },
      {
        "lineNumber": 113,
        "author": {
          "gitId": "Asuraxsoul"
        },
        "content": "        System.out.println(\"     Here are the tasks in your list:\");"
      },
      {
        "lineNumber": 114,
        "author": {
          "gitId": "Asuraxsoul"
        },
        "content": ""
      },
      {
        "lineNumber": 115,
        "author": {
          "gitId": "Asuraxsoul"
        },
        "content": "        int index \u003d 1;"
      },
      {
        "lineNumber": 116,
        "author": {
          "gitId": "Asuraxsoul"
        },
        "content": "        for (int i \u003d 0; i \u003c size; i++) {"
      },
      {
        "lineNumber": 117,
        "author": {
          "gitId": "Asuraxsoul"
        },
        "content": "            System.out.println(\"     \" + index + \".\" + this.lst.get(i));"
      },
      {
        "lineNumber": 118,
        "author": {
          "gitId": "Asuraxsoul"
        },
        "content": "            index ++;"
      },
      {
        "lineNumber": 119,
        "author": {
          "gitId": "Asuraxsoul"
        },
        "content": "        }"
      },
      {
        "lineNumber": 120,
        "author": {
          "gitId": "Asuraxsoul"
        },
        "content": "        index ++;"
      },
      {
        "lineNumber": 121,
        "author": {
          "gitId": "Asuraxsoul"
        },
        "content": "    }"
      },
      {
        "lineNumber": 122,
        "author": {
          "gitId": "Asuraxsoul"
        },
        "content": ""
      },
      {
        "lineNumber": 123,
        "author": {
          "gitId": "Asuraxsoul"
        },
        "content": "    public void markDone(int index) {"
      },
      {
        "lineNumber": 124,
        "author": {
          "gitId": "Asuraxsoul"
        },
        "content": "        Task taskSubject \u003d this.lst.get(index);"
      },
      {
        "lineNumber": 125,
        "author": {
          "gitId": "Asuraxsoul"
        },
        "content": "        taskSubject.markAsDone();"
      },
      {
        "lineNumber": 126,
        "author": {
          "gitId": "Asuraxsoul"
        },
        "content": "        System.out.println(\"     Nice! I\u0027ve marked this task as done:\\n\""
      },
      {
        "lineNumber": 127,
        "author": {
          "gitId": "Asuraxsoul"
        },
        "content": "                         + \"       \" + taskSubject);"
      },
      {
        "lineNumber": 128,
        "author": {
          "gitId": "Asuraxsoul"
        },
        "content": "    }"
      },
      {
        "lineNumber": 129,
        "author": {
          "gitId": "Asuraxsoul"
        },
        "content": ""
      },
      {
        "lineNumber": 130,
        "author": {
          "gitId": "Asuraxsoul"
        },
        "content": "    public void delete(int index) {"
      },
      {
        "lineNumber": 131,
        "author": {
          "gitId": "Asuraxsoul"
        },
        "content": "        Task taskSubject \u003d this.lst.get(index);"
      },
      {
        "lineNumber": 132,
        "author": {
          "gitId": "Asuraxsoul"
        },
        "content": "        this.lst.remove(index);"
      },
      {
        "lineNumber": 133,
        "author": {
          "gitId": "Asuraxsoul"
        },
        "content": "        System.out.println(\"     Noted. I\u0027ve removed this task:\\n\""
      },
      {
        "lineNumber": 134,
        "author": {
          "gitId": "Asuraxsoul"
        },
        "content": "                + \"       \" + taskSubject"
      },
      {
        "lineNumber": 135,
        "author": {
          "gitId": "Asuraxsoul"
        },
        "content": "                + \"\\n     Now you have \" + this.lst.size() + \" task(s) in the list.\");"
      },
      {
        "lineNumber": 136,
        "author": {
          "gitId": "Asuraxsoul"
        },
        "content": ""
      },
      {
        "lineNumber": 137,
        "author": {
          "gitId": "Asuraxsoul"
        },
        "content": "    }"
      },
      {
        "lineNumber": 138,
        "author": {
          "gitId": "Asuraxsoul"
        },
        "content": ""
      },
      {
        "lineNumber": 139,
        "author": {
          "gitId": "Asuraxsoul"
        },
        "content": "    public void close() {"
      },
      {
        "lineNumber": 140,
        "author": {
          "gitId": "Asuraxsoul"
        },
        "content": "        this.isProgramRunning \u003d false;"
      },
      {
        "lineNumber": 141,
        "author": {
          "gitId": "Asuraxsoul"
        },
        "content": "        System.out.println(\"     Bye. Hope to see you again soon!\");"
      },
      {
        "lineNumber": 142,
        "author": {
          "gitId": "Asuraxsoul"
        },
        "content": "    }"
      },
      {
        "lineNumber": 143,
        "author": {
          "gitId": "Asuraxsoul"
        },
        "content": "}"
      }
    ],
    "authorContributionMap": {
      "Asuraxsoul": 143
    }
  },
  {
    "path": "src/main/java/Task.java",
    "fileType": "java",
    "lines": [
      {
        "lineNumber": 1,
        "author": {
          "gitId": "Asuraxsoul"
        },
        "content": "public class Task {"
      },
      {
        "lineNumber": 2,
        "author": {
          "gitId": "Asuraxsoul"
        },
        "content": "    protected String description;"
      },
      {
        "lineNumber": 3,
        "author": {
          "gitId": "Asuraxsoul"
        },
        "content": "    protected String type;"
      },
      {
        "lineNumber": 4,
        "author": {
          "gitId": "Asuraxsoul"
        },
        "content": "    protected boolean isDone;"
      },
      {
        "lineNumber": 5,
        "author": {
          "gitId": "Asuraxsoul"
        },
        "content": ""
      },
      {
        "lineNumber": 6,
        "author": {
          "gitId": "Asuraxsoul"
        },
        "content": "    public Task(String description, String type) {"
      },
      {
        "lineNumber": 7,
        "author": {
          "gitId": "Asuraxsoul"
        },
        "content": "        this.description \u003d description;"
      },
      {
        "lineNumber": 8,
        "author": {
          "gitId": "Asuraxsoul"
        },
        "content": "        this.type \u003d type;"
      },
      {
        "lineNumber": 9,
        "author": {
          "gitId": "Asuraxsoul"
        },
        "content": "        this.isDone \u003d false;"
      },
      {
        "lineNumber": 10,
        "author": {
          "gitId": "Asuraxsoul"
        },
        "content": "    }"
      },
      {
        "lineNumber": 11,
        "author": {
          "gitId": "Asuraxsoul"
        },
        "content": ""
      },
      {
        "lineNumber": 12,
        "author": {
          "gitId": "Asuraxsoul"
        },
        "content": "    public String getStatusIcon() {"
      },
      {
        "lineNumber": 13,
        "author": {
          "gitId": "Asuraxsoul"
        },
        "content": "        return (isDone? \"\\u2713\" : \"\\u2718\");"
      },
      {
        "lineNumber": 14,
        "author": {
          "gitId": "Asuraxsoul"
        },
        "content": "    }"
      },
      {
        "lineNumber": 15,
        "author": {
          "gitId": "Asuraxsoul"
        },
        "content": ""
      },
      {
        "lineNumber": 16,
        "author": {
          "gitId": "Asuraxsoul"
        },
        "content": "    public String getDescription() {"
      },
      {
        "lineNumber": 17,
        "author": {
          "gitId": "Asuraxsoul"
        },
        "content": "        return this.description;"
      },
      {
        "lineNumber": 18,
        "author": {
          "gitId": "Asuraxsoul"
        },
        "content": "    }"
      },
      {
        "lineNumber": 19,
        "author": {
          "gitId": "Asuraxsoul"
        },
        "content": ""
      },
      {
        "lineNumber": 20,
        "author": {
          "gitId": "Asuraxsoul"
        },
        "content": "    public void markAsDone() {"
      },
      {
        "lineNumber": 21,
        "author": {
          "gitId": "Asuraxsoul"
        },
        "content": "        this.isDone \u003d true;"
      },
      {
        "lineNumber": 22,
        "author": {
          "gitId": "Asuraxsoul"
        },
        "content": "    }"
      },
      {
        "lineNumber": 23,
        "author": {
          "gitId": "Asuraxsoul"
        },
        "content": ""
      },
      {
        "lineNumber": 24,
        "author": {
          "gitId": "Asuraxsoul"
        },
        "content": "    public String getType() {"
      },
      {
        "lineNumber": 25,
        "author": {
          "gitId": "Asuraxsoul"
        },
        "content": "        return this.type;"
      },
      {
        "lineNumber": 26,
        "author": {
          "gitId": "Asuraxsoul"
        },
        "content": "    }"
      },
      {
        "lineNumber": 27,
        "author": {
          "gitId": "Asuraxsoul"
        },
        "content": ""
      },
      {
        "lineNumber": 28,
        "author": {
          "gitId": "Asuraxsoul"
        },
        "content": "    @Override"
      },
      {
        "lineNumber": 29,
        "author": {
          "gitId": "Asuraxsoul"
        },
        "content": "    public String toString() {"
      },
      {
        "lineNumber": 30,
        "author": {
          "gitId": "Asuraxsoul"
        },
        "content": "        return \"[\" + getType() + \"]\" + \"[\" + getStatusIcon() + \"] \" + description;"
      },
      {
        "lineNumber": 31,
        "author": {
          "gitId": "Asuraxsoul"
        },
        "content": "    }"
      },
      {
        "lineNumber": 32,
        "author": {
          "gitId": "Asuraxsoul"
        },
        "content": "}"
      }
    ],
    "authorContributionMap": {
      "Asuraxsoul": 32
    }
  },
  {
    "path": "src/main/java/Todo.java",
    "fileType": "java",
    "lines": [
      {
        "lineNumber": 1,
        "author": {
          "gitId": "Asuraxsoul"
        },
        "content": "public class Todo extends Task {"
      },
      {
        "lineNumber": 2,
        "author": {
          "gitId": "Asuraxsoul"
        },
        "content": "    public Todo(String description) {"
      },
      {
        "lineNumber": 3,
        "author": {
          "gitId": "Asuraxsoul"
        },
        "content": "        super(description, \"T\");"
      },
      {
        "lineNumber": 4,
        "author": {
          "gitId": "Asuraxsoul"
        },
        "content": "    }"
      },
      {
        "lineNumber": 5,
        "author": {
          "gitId": "Asuraxsoul"
        },
        "content": "}"
      }
    ],
    "authorContributionMap": {
      "Asuraxsoul": 5
    }
  },
  {
    "path": "text-ui-test/input.txt",
    "fileType": "txt",
    "lines": [
      {
        "lineNumber": 1,
        "author": {
          "gitId": "Asuraxsoul"
        },
        "content": "deadline return book /by June 6th"
      },
      {
        "lineNumber": 2,
        "author": {
          "gitId": "Asuraxsoul"
        },
        "content": "event project meeting /at Aug 6th 2-4pm"
      },
      {
        "lineNumber": 3,
        "author": {
          "gitId": "Asuraxsoul"
        },
        "content": "list"
      },
      {
        "lineNumber": 4,
        "author": {
          "gitId": "Asuraxsoul"
        },
        "content": "deadline return book /by Sunday"
      },
      {
        "lineNumber": 5,
        "author": {
          "gitId": "Asuraxsoul"
        },
        "content": "event project meeting /at Mon 2-4pm"
      },
      {
        "lineNumber": 6,
        "author": {
          "gitId": "Asuraxsoul"
        },
        "content": "done 4"
      },
      {
        "lineNumber": 7,
        "author": {
          "gitId": "Asuraxsoul"
        },
        "content": "done 5"
      },
      {
        "lineNumber": 8,
        "author": {
          "gitId": "Asuraxsoul"
        },
        "content": "deadline finish project CS2103T /at today"
      },
      {
        "lineNumber": 9,
        "author": {
          "gitId": "Asuraxsoul"
        },
        "content": "hello"
      },
      {
        "lineNumber": 10,
        "author": {
          "gitId": "Asuraxsoul"
        },
        "content": "delete 1"
      },
      {
        "lineNumber": 11,
        "author": {
          "gitId": "Asuraxsoul"
        },
        "content": "bye"
      }
    ],
    "authorContributionMap": {
      "Asuraxsoul": 11
    }
  },
  {
    "path": "text-ui-test/runtest.bat",
    "fileType": "bat",
    "lines": [
      {
        "lineNumber": 1,
        "author": {
          "gitId": "-"
        },
        "content": "@ECHO OFF"
      },
      {
        "lineNumber": 2,
        "author": {
          "gitId": "-"
        },
        "content": ""
      },
      {
        "lineNumber": 3,
        "author": {
          "gitId": "Asuraxsoul"
        },
        "content": "SET MY_PATH\u003dC:\\repo\\ip"
      },
      {
        "lineNumber": 4,
        "author": {
          "gitId": "Asuraxsoul"
        },
        "content": ""
      },
      {
        "lineNumber": 5,
        "author": {
          "gitId": "-"
        },
        "content": "REM create bin directory if it doesn\u0027t exist"
      },
      {
        "lineNumber": 6,
        "author": {
          "gitId": "-"
        },
        "content": "if not exist ..\\bin mkdir ..\\bin"
      },
      {
        "lineNumber": 7,
        "author": {
          "gitId": "-"
        },
        "content": ""
      },
      {
        "lineNumber": 8,
        "author": {
          "gitId": "-"
        },
        "content": "REM delete output from previous run"
      },
      {
        "lineNumber": 9,
        "author": {
          "gitId": "-"
        },
        "content": "del ACTUAL.TXT"
      },
      {
        "lineNumber": 10,
        "author": {
          "gitId": "-"
        },
        "content": ""
      },
      {
        "lineNumber": 11,
        "author": {
          "gitId": "-"
        },
        "content": "REM compile the code into the bin folder"
      },
      {
        "lineNumber": 12,
        "author": {
          "gitId": "Asuraxsoul"
        },
        "content": "javac  -cp %MY_PATH%\\src\\main\\java -Xlint:none -d %MY_PATH%\\bin %MY_PATH%\\src\\main\\java\\*.java"
      },
      {
        "lineNumber": 13,
        "author": {
          "gitId": "-"
        },
        "content": "IF ERRORLEVEL 1 ("
      },
      {
        "lineNumber": 14,
        "author": {
          "gitId": "-"
        },
        "content": "    echo ********** BUILD FAILURE **********"
      },
      {
        "lineNumber": 15,
        "author": {
          "gitId": "-"
        },
        "content": "    exit /b 1"
      },
      {
        "lineNumber": 16,
        "author": {
          "gitId": "-"
        },
        "content": ")"
      },
      {
        "lineNumber": 17,
        "author": {
          "gitId": "-"
        },
        "content": "REM no error here, errorlevel \u003d\u003d 0"
      },
      {
        "lineNumber": 18,
        "author": {
          "gitId": "-"
        },
        "content": ""
      },
      {
        "lineNumber": 19,
        "author": {
          "gitId": "-"
        },
        "content": "REM run the program, feed commands from input.txt file and redirect the output to the ACTUAL.TXT"
      },
      {
        "lineNumber": 20,
        "author": {
          "gitId": "Asuraxsoul"
        },
        "content": "java -classpath %MY_PATH%\\bin Duke \u003c input.txt \u003e ACTUAL.TXT"
      },
      {
        "lineNumber": 21,
        "author": {
          "gitId": "-"
        },
        "content": ""
      },
      {
        "lineNumber": 22,
        "author": {
          "gitId": "-"
        },
        "content": "REM compare the output to the expected output"
      },
      {
        "lineNumber": 23,
        "author": {
          "gitId": "-"
        },
        "content": "FC ACTUAL.TXT EXPECTED.TXT"
      }
    ],
    "authorContributionMap": {
      "Asuraxsoul": 4,
      "-": 19
    }
  }
]
