{
  "authorDailyContributionsMap": {
    "xyzhangg": [
      {
        "date": "2020-08-17",
        "commitResults": [
          {
            "hash": "7021f4e4d4ff4d755d2916e4605a0154d1329234",
            "messageTitle": "Level 1",
            "messageBody": "",
            "tags": [
              "Level-1"
            ],
            "fileTypesAndContributionMap": {
              "java": {
                "insertions": 22,
                "deletions": 0
              }
            }
          },
          {
            "hash": "8e535ae279fe4641a3735b3e9caba4ce72e36808",
            "messageTitle": "Level 2",
            "messageBody": "",
            "tags": [
              "Level-2"
            ],
            "fileTypesAndContributionMap": {
              "java": {
                "insertions": 12,
                "deletions": 2
              }
            }
          }
        ]
      },
      {
        "date": "2020-08-18",
        "commitResults": [
          {
            "hash": "c44aa4624caa068a5ce8f34ddbe0ca4e7b0b6a72",
            "messageTitle": "Level 3",
            "messageBody": "",
            "tags": [
              "Level-3"
            ],
            "fileTypesAndContributionMap": {
              "java": {
                "insertions": 34,
                "deletions": 3
              }
            }
          }
        ]
      },
      {
        "date": "2020-08-19",
        "commitResults": [
          {
            "hash": "30896bcec575d84be7ea587137d8fc75cf822a18",
            "messageTitle": "Level 4",
            "messageBody": "",
            "tags": [
              "Level-4"
            ],
            "fileTypesAndContributionMap": {
              "java": {
                "insertions": 90,
                "deletions": 22
              }
            }
          },
          {
            "hash": "7524ae6397376aff80460c780ea90a5f3feb369b",
            "messageTitle": "A-TextUiTesting",
            "messageBody": "",
            "tags": [
              "A-TextUiTesting"
            ],
            "fileTypesAndContributionMap": {
              "txt": {
                "insertions": 4,
                "deletions": 0
              },
              "java": {
                "insertions": 2,
                "deletions": 3
              },
              "bat": {
                "insertions": 1,
                "deletions": 1
              }
            }
          },
          {
            "hash": "11332adc8466d1a9538f8d9378906ebf149a0f40",
            "messageTitle": "A-TextUiTesting",
            "messageBody": "",
            "fileTypesAndContributionMap": {
              "java": {
                "insertions": 22,
                "deletions": 14
              }
            }
          },
          {
            "hash": "d537809bdf477ef5ffd2f085932c2cc57e9468a4",
            "messageTitle": "Level 5",
            "messageBody": "",
            "tags": [
              "Level-5"
            ],
            "fileTypesAndContributionMap": {
              "java": {
                "insertions": 116,
                "deletions": 36
              }
            }
          },
          {
            "hash": "a31c627a11890d43e715888a557e7347b880537d",
            "messageTitle": "Level 6",
            "messageBody": "",
            "tags": [
              "Level-6"
            ],
            "fileTypesAndContributionMap": {
              "java": {
                "insertions": 20,
                "deletions": 0
              }
            }
          },
          {
            "hash": "e49037ad3f758a007444dabbb0e369873bd3fa91",
            "messageTitle": "Level 6",
            "messageBody": "",
            "fileTypesAndContributionMap": {
              "java": {
                "insertions": 7,
                "deletions": 7
              }
            }
          },
          {
            "hash": "5819bdfcf0b8affd570bbdcc007a731158d1ccbf",
            "messageTitle": "Level 6",
            "messageBody": "",
            "fileTypesAndContributionMap": {
              "txt": {
                "insertions": 4,
                "deletions": 0
              },
              "java": {
                "insertions": 1,
                "deletions": 0
              },
              "bat": {
                "insertions": 1,
                "deletions": 0
              }
            }
          }
        ]
      },
      {
        "date": "2020-08-25",
        "commitResults": [
          {
            "hash": "25ed546a8c54145dfe590816b5f36aab8491f458",
            "messageTitle": "Level 7",
            "messageBody": "",
            "tags": [
              "Level-7"
            ],
            "fileTypesAndContributionMap": {
              "java": {
                "insertions": 85,
                "deletions": 11
              }
            }
          },
          {
            "hash": "4756d6dbea5e6c123ee0f1b6e1e23d7b44fdf0d6",
            "messageTitle": "Level 8",
            "messageBody": "",
            "tags": [
              "Level-8"
            ],
            "fileTypesAndContributionMap": {
              "java": {
                "insertions": 32,
                "deletions": 14
              }
            }
          },
          {
            "hash": "fc37fbe63c9fecf47c400cb20634b9ae928d8807",
            "messageTitle": "Level 8",
            "messageBody": "",
            "fileTypesAndContributionMap": {
              "java": {
                "insertions": 7,
                "deletions": 9
              }
            }
          }
        ]
      },
      {
        "date": "2020-08-26",
        "commitResults": [
          {
            "hash": "c411b061a73f592e14a0c01f0f2481541404709e",
            "messageTitle": "A-MoreOOP",
            "messageBody": "",
            "fileTypesAndContributionMap": {
              "java": {
                "insertions": 392,
                "deletions": 207
              }
            }
          },
          {
            "hash": "32e47838c213bb8a422c7b5c5fd50b2dcf034cfa",
            "messageTitle": "A-MoreOOP",
            "messageBody": "",
            "tags": [
              "A-MoreOOP"
            ],
            "fileTypesAndContributionMap": {
              "java": {
                "insertions": 2,
                "deletions": 5
              }
            }
          },
          {
            "hash": "9095dcd3f691dd6e6ef7960e82e15c0ff361c918",
            "messageTitle": "A-MoreOOP",
            "messageBody": "",
            "fileTypesAndContributionMap": {
              "java": {
                "insertions": 17,
                "deletions": 9
              }
            }
          },
          {
            "hash": "bb2c2230f9e52d636d83243c94c78101eafa823c",
            "messageTitle": "A-JUnit",
            "messageBody": "",
            "fileTypesAndContributionMap": {
              "java": {
                "insertions": 72,
                "deletions": 3
              }
            }
          },
          {
            "hash": "856928bdf1c45fba3dcb4911349810d1f173df01",
            "messageTitle": "A-JUnit",
            "messageBody": "",
            "tags": [
              "v1.0",
              "A-JUnit"
            ],
            "fileTypesAndContributionMap": {
              "java": {
                "insertions": 17,
                "deletions": 7
              }
            }
          },
          {
            "hash": "96edef40d87564e7d0c89f378cd0eb075370dc50",
            "messageTitle": "Level-9",
            "messageBody": "",
            "tags": [
              "Level-9"
            ],
            "fileTypesAndContributionMap": {
              "java": {
                "insertions": 40,
                "deletions": 0
              }
            }
          }
        ]
      },
      {
        "date": "2020-08-27",
        "commitResults": [
          {
            "hash": "603e0a7a5f97a6188f10caf5a8093ef47239db1d",
            "messageTitle": "A-JavaDoc",
            "messageBody": "",
            "tags": [
              "A-JavaDoc"
            ],
            "fileTypesAndContributionMap": {
              "java": {
                "insertions": 63,
                "deletions": 13
              }
            }
          },
          {
            "hash": "811f14703e96eae3bad8d022b0a638fe8a627991",
            "messageTitle": "A-CodingStandard",
            "messageBody": "",
            "tags": [
              "A-CodingStandard"
            ],
            "fileTypesAndContributionMap": {
              "java": {
                "insertions": 1,
                "deletions": 0
              }
            }
          }
        ]
      },
      {
        "date": "2020-09-02",
        "commitResults": [
          {
            "hash": "2c8d7000e897f7e916681fd572462f1207475fba",
            "messageTitle": "Add gradle",
            "messageBody": "",
            "fileTypesAndContributionMap": {
              "java": {
                "insertions": 0,
                "deletions": 10
              }
            }
          }
        ]
      }
    ]
  },
  "authorFileTypeContributionMap": {
    "xyzhangg": {
      "java": 688,
      "md": 0,
      "fxml": 0,
      "sh": 0,
      "bat": 2,
      "gradle": 0,
      "txt": 8
    }
  },
  "authorContributionVariance": {
    "xyzhangg": 32381.0
  },
  "authorDisplayNameMap": {
    "xyzhangg": "CS2103T-T17-1 ZHAN.. YUE"
  }
}
