{
  "authorDailyContributionsMap": {
    "zeling595": [
      {
        "date": "2020-08-15",
        "commitResults": [
          {
            "hash": "86503a54bd3d67ee35192e54616fa14154bf3acc",
            "messageTitle": "Duke project level 1",
            "messageBody": "",
            "tags": [
              "Level-1"
            ],
            "fileTypesAndContributionMap": {
              "java": {
                "insertions": 37,
                "deletions": 0
              }
            }
          },
          {
            "hash": "a62b5e58430046b0ab656b28a9b6146439770d6d",
            "messageTitle": "level 2 done",
            "messageBody": "",
            "tags": [
              "Level-2"
            ],
            "fileTypesAndContributionMap": {
              "java": {
                "insertions": 18,
                "deletions": 3
              }
            }
          },
          {
            "hash": "aa6c5da559a823a672ef711250c6d4f482929858",
            "messageTitle": "level 3 done",
            "messageBody": "",
            "tags": [
              "Level-3"
            ],
            "fileTypesAndContributionMap": {
              "java": {
                "insertions": 42,
                "deletions": 4
              }
            }
          },
          {
            "hash": "3ce26f78ac8fa09da5923eaff8ad1501bf5a2956",
            "messageTitle": "level 4 done",
            "messageBody": "",
            "tags": [
              "Level-4"
            ],
            "fileTypesAndContributionMap": {
              "java": {
                "insertions": 98,
                "deletions": 10
              }
            }
          }
        ]
      },
      {
        "date": "2020-08-16",
        "commitResults": [
          {
            "hash": "bc677f4ff673a07481897f094f77583e6b379506",
            "messageTitle": "uitest",
            "messageBody": "",
            "fileTypesAndContributionMap": {
              "txt": {
                "insertions": 7,
                "deletions": 0
              },
              "java": {
                "insertions": 76,
                "deletions": 86
              },
              "sh": {
                "insertions": 5,
                "deletions": 4
              }
            }
          },
          {
            "hash": "8b69d6a678eedf96f366f7b12e92b3a3d978f159",
            "messageTitle": "level 5 completed",
            "messageBody": "",
            "tags": [
              "Level-5"
            ],
            "fileTypesAndContributionMap": {
              "java": {
                "insertions": 4,
                "deletions": 0
              }
            }
          },
          {
            "hash": "adbd11180c57533bfbeab5996f057480b76eb041",
            "messageTitle": "level 6 done",
            "messageBody": "",
            "tags": [
              "Level-6"
            ],
            "fileTypesAndContributionMap": {
              "txt": {
                "insertions": 2,
                "deletions": 0
              }
            }
          }
        ]
      },
      {
        "date": "2020-08-23",
        "commitResults": [
          {
            "hash": "23bdfe047bb8c5d4ef924d88ffd9aacc678af63a",
            "messageTitle": "leftover commit from week 2",
            "messageBody": "",
            "tags": [
              "Level-7"
            ],
            "fileTypesAndContributionMap": {
              "txt": {
                "insertions": 1,
                "deletions": 1
              },
              "java": {
                "insertions": 149,
                "deletions": 79
              }
            }
          }
        ]
      }
    ]
  },
  "authorFileTypeContributionMap": {
    "zeling595": {
      "java": 248,
      "md": 0,
      "fxml": 0,
      "sh": 5,
      "bat": 0,
      "gradle": 0,
      "txt": 9
    }
  },
  "authorContributionVariance": {
    "zeling595": 9251.24
  },
  "authorDisplayNameMap": {
    "zeling595": "LONG..LING"
  }
}
