{
  "authorDailyContributionsMap": {
    "kimberlyohq": [
      {
        "date": "2020-08-16",
        "commitResults": [
          {
            "hash": "ec51da46f30b0f87573dd6821d6a46ecd151c838",
            "messageTitle": "Add Level 1",
            "messageBody": "",
            "fileTypesAndContributionMap": {
              "java": {
                "insertions": 25,
                "deletions": 6
              }
            }
          },
          {
            "hash": "70278f37f4a6412d54d69fdb0f334f68c223ce43",
            "messageTitle": "close scanner",
            "messageBody": "",
            "tags": [
              "Level-1"
            ],
            "fileTypesAndContributionMap": {
              "java": {
                "insertions": 2,
                "deletions": 0
              }
            }
          },
          {
            "hash": "0349f6e03884318bc963d8cb3ac644dce1ee79db",
            "messageTitle": "Implement Level 2",
            "messageBody": "",
            "tags": [
              "Level-2"
            ],
            "fileTypesAndContributionMap": {
              "java": {
                "insertions": 24,
                "deletions": 10
              }
            }
          },
          {
            "hash": "449ab56270fe05d15e8244808b506475e6804480",
            "messageTitle": "Implement Level 3",
            "messageBody": "",
            "fileTypesAndContributionMap": {
              "java": {
                "insertions": 48,
                "deletions": 9
              }
            }
          },
          {
            "hash": "567dd63b1a6dbbe4849af54f43cf0d6c17a88bad",
            "messageTitle": "Minor cleaning of code",
            "messageBody": "",
            "tags": [
              "Level-3"
            ],
            "fileTypesAndContributionMap": {
              "java": {
                "insertions": 2,
                "deletions": 2
              }
            }
          },
          {
            "hash": "0069cdd7793613b3faa79f9b7d21cd229815300c",
            "messageTitle": "add ToDos",
            "messageBody": "",
            "fileTypesAndContributionMap": {
              "java": {
                "insertions": 8,
                "deletions": 6
              }
            }
          },
          {
            "hash": "fc8becaa570332b75214aba134ffafafd34b5f5a",
            "messageTitle": "Implement Todo, Deadline, Event task",
            "messageBody": "",
            "tags": [
              "Level-4"
            ],
            "fileTypesAndContributionMap": {
              "java": {
                "insertions": 84,
                "deletions": 14
              }
            }
          }
        ]
      },
      {
        "date": "2020-08-17",
        "commitResults": [
          {
            "hash": "3e06237d56ff8a936a8c5db9b1008abad9547a9c",
            "messageTitle": "Implement Automated Text UI Testing",
            "messageBody": "",
            "tags": [
              "A-TextUiTesting"
            ],
            "fileTypesAndContributionMap": {
              "txt": {
                "insertions": 8,
                "deletions": 0
              },
              "sh": {
                "insertions": 1,
                "deletions": 1
              }
            }
          },
          {
            "hash": "2776cde1524edd34ca9ff14e079d3abe70f803fe",
            "messageTitle": "Handle errors for invalid input and commands",
            "messageBody": "",
            "fileTypesAndContributionMap": {
              "java": {
                "insertions": 32,
                "deletions": 5
              }
            }
          }
        ]
      },
      {
        "date": "2020-08-18",
        "commitResults": [
          {
            "hash": "19ae01ed746eac88105df80a7bfc64db8d80b1df",
            "messageTitle": "Handle errors for empty deadline, event timing and done index",
            "messageBody": "",
            "tags": [
              "Level-5"
            ],
            "fileTypesAndContributionMap": {
              "java": {
                "insertions": 9,
                "deletions": 0
              }
            }
          },
          {
            "hash": "e4fcca737e11872a270032e12a6684d0eed7f67b",
            "messageTitle": "Add support for deleting tasks",
            "messageBody": "",
            "tags": [
              "Level-6"
            ],
            "fileTypesAndContributionMap": {
              "java": {
                "insertions": 15,
                "deletions": 0
              }
            }
          },
          {
            "hash": "0a22fe1e02fb75c855a068d0f037490b195f1266",
            "messageTitle": "use enums for chatbot commands",
            "messageBody": "",
            "tags": [
              "A-Enums"
            ],
            "fileTypesAndContributionMap": {
              "java": {
                "insertions": 31,
                "deletions": 12
              }
            }
          },
          {
            "hash": "b56f7ae9326d8970624573665a92bde3d4cdc025",
            "messageTitle": "Create InvalidCommandException",
            "messageBody": "",
            "fileTypesAndContributionMap": {
              "java": {
                "insertions": 35,
                "deletions": 4
              }
            }
          },
          {
            "hash": "f1104898a3f390337f3e9d8fe474d43d4fc39d82",
            "messageTitle": "Create InvalidIndexException and InvalidInputException",
            "messageBody": "",
            "fileTypesAndContributionMap": {
              "java": {
                "insertions": 18,
                "deletions": 11
              }
            }
          },
          {
            "hash": "6e59e133186dc13b32b321128bf40e041c8b24b8",
            "messageTitle": "Use enum for TaskType and implement addTask method",
            "messageBody": "",
            "fileTypesAndContributionMap": {
              "java": {
                "insertions": 29,
                "deletions": 18
              }
            }
          },
          {
            "hash": "a0ee4dbf5f16c25254f30ddd175fd10a3b5c0ac8",
            "messageTitle": "edit if condition for checking invalid date/timing for deadline and event task",
            "messageBody": "",
            "fileTypesAndContributionMap": {
              "java": {
                "insertions": 2,
                "deletions": 2
              }
            }
          },
          {
            "hash": "589b5da511c3ac51289009939e8e8b1bba097299",
            "messageTitle": "move try-catch block to allow chatbot to continue running until user exits",
            "messageBody": "",
            "fileTypesAndContributionMap": {
              "java": {
                "insertions": 62,
                "deletions": 59
              }
            }
          }
        ]
      }
    ]
  },
  "authorFileTypeContributionMap": {
    "kimberlyohq": {
      "java": 273,
      "md": 0,
      "fxml": 0,
      "sh": 1,
      "bat": 0,
      "gradle": 0,
      "txt": 8
    }
  },
  "authorContributionVariance": {
    "kimberlyohq": 16698.16
  },
  "authorDisplayNameMap": {
    "kimberlyohq": "KIMB.. QIN"
  }
}
