{
  "authorDailyContributionsMap": {
    "joeychensmart": [
      {
        "date": "2020-08-16",
        "commitResults": [
          {
            "hash": "fb51a15fc9b1f5a9df14f66f98c665107b83f3e2",
            "messageTitle": "Implement skeletal version that only echoes output",
            "messageBody": "Changed the logo, and added a few functions to format system output\nto stdout. Main function now also reads in and echoes input, and\nexits when \"bye\" is entered. It will also print a goodbye message.\n",
            "tags": [
              "Level-1"
            ],
            "fileTypesAndContributionMap": {
              "java": {
                "insertions": 31,
                "deletions": 6
              }
            }
          }
        ]
      },
      {
        "date": "2020-08-17",
        "commitResults": [
          {
            "hash": "4f5f2c14cee855b2333e2d5609284f67c216fbbe",
            "messageTitle": "Feat: Implement add, list features (Level-2)",
            "messageBody": "firstly, created a constructor for Duke to make it easier to hold\nstate/variables. Also made some of the utility functions non-static.\n\nadded the `add` and `list` features. Uses an arraylist to store and\ndisplay strings input by the user. Created the functions `addItem`\nand `printList` to carry this out.\n\nminor fix: the indent function was not working properly for strings\nwith multiple lines.\n\nnote: will start using conventional commits style messages for\nfuture commits.\n",
            "tags": [
              "Level-2",
              "A-Collections"
            ],
            "fileTypesAndContributionMap": {
              "java": {
                "insertions": 47,
                "deletions": 21
              }
            }
          },
          {
            "hash": "867d8c8ac43b9c3b0d0093853a38d636ad3768c9",
            "messageTitle": "Feat: Implement tasks+mark as done (Level-3)",
            "messageBody": "Added a new class `task` to keep track of tasks. Also replaced the\nArrayList\u003cString\u003e items with an ArrayList\u003cTask\u003e. Task can be pretty\nprinted with toString.\n\nAdded mark as done feature: Duke will look for strings beginning\nwith `done ` and parse the rest of the string into an int idx.\nThe task with index idx will be marked as done.\nTODO: add error handling for strings with wrong formatting.\n",
            "tags": [
              "Level-3",
              "A-Classes"
            ],
            "fileTypesAndContributionMap": {
              "java": {
                "insertions": 26,
                "deletions": 2
              }
            }
          },
          {
            "hash": "ecdce74de39d9a1273f6ae0faf663d10ed3d9419",
            "messageTitle": "Refactor(Task): Refactor into Task + Todo classes",
            "messageBody": "Made Task an abstract class to facilitate future additions.\nEach Task subclass now has an identifier which is prepended to\ntoString. The Todo class is a concrete implementation which\nbehaves similarly to the old Task class.\n",
            "tags": [
              "A-Inheritance"
            ],
            "fileTypesAndContributionMap": {
              "java": {
                "insertions": 87,
                "deletions": 72
              }
            }
          },
          {
            "hash": "a7ecaa2d806f4a4a96cd19d851028b2c15680775",
            "messageTitle": "Feat(Task): Add Deadline and Event classes",
            "messageBody": "Added deadline and event classes which extend task.\nBoth classes have a new string parameter `time` to be set in the\nconstructor. This `time` string will be pretty printed in toString.\n",
            "fileTypesAndContributionMap": {
              "java": {
                "insertions": 36,
                "deletions": 0
              }
            }
          },
          {
            "hash": "9b9faa90c5dbad7f5ac0efbef80930b06a8eaa7f",
            "messageTitle": "Feat: Implement todo, event, deadline features (Level-4)",
            "messageBody": "Added the above commands, parsing is done using very simple string\noperations, but should suffice for our purposes.\n\nFactored out the function `parseAndRun` from the `run` function in\nDuke. This function should be further refactored in future updates.\n\nFixes: fixed minor string formatting issues in the event/deadline\nclasses. Also made the `addItem` message more verbose.\n",
            "tags": [
              "Level-4"
            ],
            "fileTypesAndContributionMap": {
              "java": {
                "insertions": 46,
                "deletions": 14
              }
            }
          },
          {
            "hash": "5e4c1ad1598bbd335a820231278bd5b3ac8ab02f",
            "messageTitle": "Test: Add automated text UI testing",
            "messageBody": "Added input+expected files, and modified run test script to compile\nall .java files in the source folder.\n\nTodo: use a proper snapshot test utility. Manually testing like this\nis painful.\n",
            "tags": [
              "A-TextUiTesting"
            ],
            "fileTypesAndContributionMap": {
              "txt": {
                "insertions": 14,
                "deletions": 0
              },
              "sh": {
                "insertions": 2,
                "deletions": 2
              }
            }
          },
          {
            "hash": "7c35b98d3570b4d5e1e776e0a1359a648d85e23c",
            "messageTitle": "Feat: added DukeException class",
            "messageBody": "Added the custom exception class, with the nested enum of error\ncodes. Enum is great for this use case.\n\nTodo: actually use this exception in Duke.java\n",
            "tags": [
              "A-Exceptions"
            ],
            "fileTypesAndContributionMap": {
              "java": {
                "insertions": 17,
                "deletions": 0
              }
            }
          },
          {
            "hash": "421b96338969ee45d1eb8b1baeddc15220557f3c",
            "messageTitle": "Feat: Add error handling (Level-5)",
            "messageBody": "Duke now uses DukeExceptions to handle errors. Each exception\nwill have a default message. In Duke.run, we catch these\nexceptions, print the message, and resume normal functions.\n\nAlso updated the snapshot tests since the error messages changed.\n\nTODO: the code is getting very unwieldy. Really need to refactor\nsoon.\n",
            "tags": [
              "Level-5"
            ],
            "fileTypesAndContributionMap": {
              "txt": {
                "insertions": 14,
                "deletions": 14
              },
              "java": {
                "insertions": 33,
                "deletions": 25
              },
              "sh": {
                "insertions": 0,
                "deletions": 1
              }
            }
          },
          {
            "hash": "0cbc9af67bd1ca7923d7772477655d4041c75306",
            "messageTitle": "Feat: Add delete feature (Level-6)",
            "messageBody": "Added a delete feature. Implemenation is trivial since we are\nalready using an ArrayList, so a new function was added to\ninvoke the list\u0027s remove method.\n",
            "tags": [
              "Level-6"
            ],
            "fileTypesAndContributionMap": {
              "java": {
                "insertions": 11,
                "deletions": 0
              }
            }
          },
          {
            "hash": "15a036df9f00d00a9bf1c8f15dc9d26c02d93942",
            "messageTitle": "Test: Update text ui tests to last commit",
            "messageBody": "UI tests did not include the delete feature. Added a few lines\nto test for this.\n",
            "fileTypesAndContributionMap": {
              "txt": {
                "insertions": 2,
                "deletions": 0
              }
            }
          }
        ]
      },
      {
        "date": "2020-08-18",
        "commitResults": [
          {
            "hash": "2c65c50f368c3728dd7a83216e2aaeb1117bfdbe",
            "messageTitle": "Refactor: Big refactoring of project",
            "messageBody": "1. Created a TaskList class to manage task list related operations.\nMoved the `markItem` and `deleteItem` methods from Duke there.\n\n2. Created the Command enum and CommandExecutable functional\ninterface. each command will have a `match` and `dispatch` method\nto respectively handle matching and executing the command.\nThere are many other nontrivial details that will be elaborated\non in the docs (coming soon).\n\n3. Created the parser class to handle parsing/matching of the\ninput strings from the scanner and the commands.\n\n4. Moved small misc functions out to Util class. These functions deal\nmainly with reusable printing operations. Will change this to a full\nblown UI class in the future.\n",
            "tags": [
              "A-Enums"
            ],
            "fileTypesAndContributionMap": {
              "java": {
                "insertions": 193,
                "deletions": 90
              }
            }
          }
        ]
      },
      {
        "date": "2020-08-19",
        "commitResults": [
          {
            "hash": "0fc4959562a3cdeaf61a7f85dba7a0fe6d7a3f97",
            "messageTitle": "Refactor(Command): Use optionals in matcher",
            "messageBody": "Previously matcher returned `null` for failed matches as a\npseudo-maybe (haskell maybe) value. Replaced this with an\nactual optional value.\n",
            "fileTypesAndContributionMap": {
              "java": {
                "insertions": 10,
                "deletions": 7
              }
            }
          },
          {
            "hash": "f92040bad75cf292f42e780ab43ba2ee3ccd5de5",
            "messageTitle": "Fix(Task): Remove unicode ticks and crosses",
            "messageBody": "Task was using unicode characters for printing that misbehaved\nsometimes (especially if the locale was changed). Replaced this with\nthe classic `[ ]` for \u0027unchecked\u0027 and `[X]` for \u0027checked\u0027 statuses.\n",
            "fileTypesAndContributionMap": {
              "java": {
                "insertions": 1,
                "deletions": 1
              },
              "bat": {
                "insertions": 1,
                "deletions": 1
              }
            }
          }
        ]
      },
      {
        "date": "2020-08-24",
        "commitResults": [
          {
            "hash": "0b0cefea4d835d470b1fb84823c61da91c8f8da7",
            "messageTitle": "Feat: Create Storage class",
            "messageBody": "The new Storage class will use the Gson library to serialize/\ndeserialize the TaskList to and from a String respectively.\n\nCreated custom (de)serializers to deal with the polymorphic Task\nobjects.\nAdded a new public method `getItemsList` to TaskList to allow us\nto insert new tasks directly without using the setter commands\n(which print to stdout).\n\nTODO: Find a \u0027smarter\u0027 way to create the TaskList object without\nexposing the private ArrayList. Possibly add a new overloaded\nconstructor (which takes in a List).\n\nTODO: Complete the functionality (save/load from a file), and\nwrite some tests.\n",
            "fileTypesAndContributionMap": {
              "gradle": {
                "insertions": 2,
                "deletions": 1
              },
              "java": {
                "insertions": 75,
                "deletions": 0
              }
            }
          },
          {
            "hash": "ff0d2fc1ddf0553529674062eef343feecbe7962",
            "messageTitle": "Feat: Add Save and Load Features",
            "messageBody": "Completed the save/load from file features.\n\nAdded 2 new  DukeExceptions for file io exceptions.\n\nAdded a new constructor to TaskList so we don\u0027t have to mainpulate\nthe internal ArrayList directly.\n\nTODO: Add tests.\n\nTODO: Creating a new DukeException requires writing a bit too much\nboilerplate. Will change this in a future commit.\n",
            "fileTypesAndContributionMap": {
              "java": {
                "insertions": 43,
                "deletions": 18
              }
            }
          },
          {
            "hash": "78c331c36a4ad4d40c1485386241a6552aa9c105",
            "messageTitle": "Chore: Change save file name",
            "messageBody": "Saved as duke.json instead of test.json. Saving as test.json\ndoes not seem very professional.\n",
            "fileTypesAndContributionMap": {
              "java": {
                "insertions": 1,
                "deletions": 1
              }
            }
          },
          {
            "hash": "b87248f071f5f057854854edad2b80295e118237",
            "messageTitle": "Feat: Add support for dates",
            "messageBody": "Added basic support for dates using java\u0027s LocalDate class.\nAlso refactored out TimeTask from deadline and event.\n",
            "fileTypesAndContributionMap": {
              "java": {
                "insertions": 48,
                "deletions": 25
              }
            }
          },
          {
            "hash": "727bcff6fd52e234fd54290391b31048d5bda41f",
            "messageTitle": "Feat: Add date support for Storage class",
            "messageBody": "Modified Storage class to work with the new dates.\n",
            "fileTypesAndContributionMap": {
              "java": {
                "insertions": 30,
                "deletions": 15
              }
            }
          },
          {
            "hash": "974c89aafe7da45fa964cd2d2d1816ecd74fc281",
            "messageTitle": "Refactor(DukeException): Reduce boilerplate",
            "messageBody": "Previously a new DukeException was created like this:\n`throw new DukeException(DukeException.ERRORCODE)` which much\nlonger than it should be.\n\nAdded a new static convenience function to DukeException.Error\n`create` that returns a new DukeException from that error code.\n\nAlso updated code to use this new function (instead of the old\nway above).\n\nUsage: `throw DukeException.ERRORCODE.create()`\n",
            "fileTypesAndContributionMap": {
              "java": {
                "insertions": 13,
                "deletions": 10
              }
            }
          },
          {
            "hash": "9bb5117869f55e4dfd25229ba1cca3b8739c3a94",
            "messageTitle": "Refactor: Create Ui class + move command lambdas",
            "messageBody": "1. Create Ui class to handle system i/o related function (printing,\nscanner, etc). This Ui class replaces all the Util.* functions that\nwere being used. Ui is now passed as an argument in\nCommandExecutable. Updated commands to use this argument.\n\n2. Move command lambdas. The command lambdas (todoCommand,\nlistCommand etc) were strewn about in their respective classes\n(Todo, Tasklist etc). Consolidated all of these commands as static\nconstants in a new CommandLibrary class. This will also deal with\nany potential circular references.\n",
            "tags": [
              "A-MoreOOP"
            ],
            "fileTypesAndContributionMap": {
              "java": {
                "insertions": 122,
                "deletions": 70
              }
            }
          },
          {
            "hash": "e65ad0eddf52ba01713dc02df023503e14383483",
            "messageTitle": "Refactor: Clean up code",
            "messageBody": "Removed now unused Util class and resolved warnings in code (using\nintelliJ).\n",
            "fileTypesAndContributionMap": {
              "java": {
                "insertions": 7,
                "deletions": 32
              }
            }
          },
          {
            "hash": "4c9f0dd539ecbe54023dfe1bf229418d5c23e828",
            "messageTitle": "Refactor: Organize into packages",
            "messageBody": "Moved everything into their respective package.\n",
            "tags": [
              "A-Packages"
            ],
            "fileTypesAndContributionMap": {
              "gradle": {
                "insertions": 1,
                "deletions": 1
              },
              "java": {
                "insertions": 73,
                "deletions": 2
              }
            }
          },
          {
            "hash": "4a698abb43ed2ffce750ef1fadda402d9c9698bd",
            "messageTitle": "Test: Add several JUnit tests",
            "messageBody": "Added testing of task classes: Todo, Event and Deadline. Tests\ncheck if the instance is created correctly, has the correct\nidentifier, prints correctly, and markAsComplete works.\n\nAdded tests for Command. Added 2 helper functions to help test\nwhether commands: reject bad input, and match inputs correctly.\nCurrently only tests the TODO command. Will add more tests if I\nfind time.\n",
            "tags": [
              "v0.1",
              "A-Jar",
              "A-JUnit"
            ],
            "fileTypesAndContributionMap": {
              "java": {
                "insertions": 134,
                "deletions": 0
              }
            }
          },
          {
            "hash": "2925a5c9af379579808d69524025abe59dc374bc",
            "messageTitle": "Chore: Add Checkstyle",
            "messageBody": "Added checkstyle to gradle and fixed some minor issues.\n",
            "fileTypesAndContributionMap": {
              "gradle": {
                "insertions": 1,
                "deletions": 1
              },
              "java": {
                "insertions": 157,
                "deletions": 108
              }
            }
          },
          {
            "hash": "37d97e1a4e448daf89c9fd2801e70a177f92cd05",
            "messageTitle": "Docs: Add JavaDocs to all public functions.",
            "messageBody": "Wrote brief JavaDocs for all public functions. There were several\nfunctions that should not have been private, and their access control\nwas modified according to their needs.\n",
            "fileTypesAndContributionMap": {
              "java": {
                "insertions": 73,
                "deletions": 2
              }
            }
          },
          {
            "hash": "9b8fc08d28451e6b8139aead98116c4315de09a6",
            "messageTitle": "Chore: Change access modifiers for some classes",
            "messageBody": "Some classes are only accessed by their package and have been set\nto package-private.\n",
            "fileTypesAndContributionMap": {
              "java": {
                "insertions": 4,
                "deletions": 4
              }
            }
          },
          {
            "hash": "1268b969f645e883cff3cb3ba3830343087ebfc7",
            "messageTitle": "docs: Add JavaDocs to public classes",
            "messageBody": "Added brief descriptions for each public class.\n",
            "fileTypesAndContributionMap": {
              "java": {
                "insertions": 33,
                "deletions": 0
              }
            }
          },
          {
            "hash": "89b8c8fc6e57caddad917f8f13e4b05eb32cc049",
            "messageTitle": "Feat: Add Find command (Level-9)",
            "messageBody": "Added find command to filter and print TaskList. Made a getter in\nTask to enable searching. Refactored TaskList\u0027s toString function\ninto a static enumerateItems function that is reused for the find\ncommand.\n",
            "fileTypesAndContributionMap": {
              "java": {
                "insertions": 43,
                "deletions": 5
              }
            }
          },
          {
            "hash": "2cc4a367d43653930bbc70d34d1bc43dcce56886",
            "messageTitle": "Chore: Minor CheckStyle tweaks",
            "messageBody": "Reformatted 1 line of imports.\n\nCheckStyle\u0027s MissingJavadocType (looks for missing JavaDoc headers\nfor classes) is also flagging JUnit Test classes. Changed the\nseverity for this check to Warning since there\u0027s no other way\naround this.\n",
            "fileTypesAndContributionMap": {
              "java": {
                "insertions": 1,
                "deletions": 0
              }
            }
          }
        ]
      },
      {
        "date": "2020-08-25",
        "commitResults": [
          {
            "hash": "e65b001371fe77991922198f5c6091f730c250a8",
            "messageTitle": "Refactor(CommandLibrary): Change access modifiers",
            "messageBody": "Command lambdas are only accessed within the Command package, so\ntheres no need for them to be public. Changed them to package\nprivate.\n",
            "fileTypesAndContributionMap": {
              "java": {
                "insertions": 69,
                "deletions": 69
              }
            }
          }
        ]
      }
    ]
  },
  "authorFileTypeContributionMap": {
    "joeychensmart": {
      "java": 871,
      "md": 0,
      "fxml": 0,
      "sh": 1,
      "bat": 1,
      "gradle": 3,
      "txt": 16
    }
  },
  "authorContributionVariance": {
    "joeychensmart": 108215.69
  },
  "authorDisplayNameMap": {
    "joeychensmart": "CS2103T-W17-3 JOEY..E\u0027EN"
  }
}
