{
  "authorDailyContributionsMap": {
    "UncleGrandpa925": [
      {
        "date": "2020-08-19",
        "commitResults": [
          {
            "hash": "6d89d015df17e816cb4b594955d50667248ac47d",
            "messageTitle": "Implement a skeletal version of Duke",
            "messageBody": "",
            "tags": [
              "Level-1"
            ],
            "fileTypesAndContributionMap": {
              "java": {
                "insertions": 41,
                "deletions": 6
              }
            }
          },
          {
            "hash": "47f0b8436ea045b248e0bed9e5ca21f29cf663c8",
            "messageTitle": "Added a simple TodoManager",
            "messageBody": "",
            "tags": [
              "Level-2"
            ],
            "fileTypesAndContributionMap": {
              "java": {
                "insertions": 43,
                "deletions": 10
              }
            }
          },
          {
            "hash": "a02d9a9dd915560d1ffd8079c3e515c9cea8bd6d",
            "messageTitle": "Changed name of Event class to Task",
            "messageBody": "",
            "fileTypesAndContributionMap": {
              "java": {
                "insertions": 8,
                "deletions": 8
              }
            }
          },
          {
            "hash": "134d3ff3e5376b3ffac0555eae7f26d2648ef8eb",
            "messageTitle": "added the function to mark completed tasks",
            "messageBody": "",
            "fileTypesAndContributionMap": {
              "java": {
                "insertions": 25,
                "deletions": 2
              }
            }
          },
          {
            "hash": "1283ecca829f14638b6c0718fde1ed741db45499",
            "messageTitle": "strip prefixes after matching",
            "messageBody": "",
            "fileTypesAndContributionMap": {
              "java": {
                "insertions": 2,
                "deletions": 2
              }
            }
          },
          {
            "hash": "0c57c2f0d3f8bcb2b56a4a75b4a7926077bdb7ec",
            "messageTitle": "Added a line for list command\u0027s output",
            "messageBody": "",
            "tags": [
              "Level-3"
            ],
            "fileTypesAndContributionMap": {
              "java": {
                "insertions": 1,
                "deletions": 0
              }
            }
          }
        ]
      },
      {
        "date": "2020-08-20",
        "commitResults": [
          {
            "hash": "c3339c92e4e643797577d925ceab5449b6c611a5",
            "messageTitle": "Added Todo, Deadline and Event classes",
            "messageBody": "",
            "tags": [
              "Level-4"
            ],
            "fileTypesAndContributionMap": {
              "java": {
                "insertions": 75,
                "deletions": 12
              }
            }
          },
          {
            "hash": "8b493dc125f0327ac10c5500a41003c43f052640",
            "messageTitle": "Added UI Test",
            "messageBody": "",
            "tags": [
              "A-TextUiTesting"
            ],
            "fileTypesAndContributionMap": {
              "txt": {
                "insertions": 9,
                "deletions": 0
              },
              "java": {
                "insertions": 5,
                "deletions": 1
              },
              "sh": {
                "insertions": 1,
                "deletions": 1
              }
            }
          },
          {
            "hash": "612e82466f3b52ee7595168f523090e3369e8487",
            "messageTitle": "Added delete features",
            "messageBody": "",
            "tags": [
              "Level-6",
              "Level-5"
            ],
            "fileTypesAndContributionMap": {
              "txt": {
                "insertions": 7,
                "deletions": 2
              },
              "java": {
                "insertions": 46,
                "deletions": 20
              }
            }
          }
        ]
      },
      {
        "date": "2020-08-25",
        "commitResults": [
          {
            "hash": "bff3c70dfadb920fc89825e005c31140c17e4d03",
            "messageTitle": "Added store data to hard disk",
            "messageBody": "",
            "tags": [
              "Level-7"
            ],
            "fileTypesAndContributionMap": {
              "java": {
                "insertions": 71,
                "deletions": 6
              }
            }
          },
          {
            "hash": "69ff503d991a802e48a5a1b49fbf2a583d56f2e3",
            "messageTitle": "Added date support, fix a small bug of debug printing",
            "messageBody": "",
            "tags": [
              "Level-8"
            ],
            "fileTypesAndContributionMap": {
              "java": {
                "insertions": 15,
                "deletions": 15
              }
            }
          }
        ]
      }
    ]
  },
  "authorFileTypeContributionMap": {
    "UncleGrandpa925": {
      "java": 258,
      "md": 0,
      "fxml": 0,
      "sh": 1,
      "bat": 0,
      "gradle": 0,
      "txt": 14
    }
  },
  "authorContributionVariance": {
    "UncleGrandpa925": 4141.4717
  },
  "authorDisplayNameMap": {
    "UncleGrandpa925": "CS2103T-W13-4 VUON..LONG"
  }
}
