{
  "authorDailyContributionsMap": {
    "vanGoghhh": [
      {
        "date": "2020-08-15",
        "commitResults": [
          {
            "hash": "808a578c0693d01f7b21a26e3af1f6cafd533d04",
            "messageTitle": "Greet-Echo-Exit",
            "messageBody": "",
            "tags": [
              "Level-1"
            ],
            "fileTypesAndContributionMap": {
              "java": {
                "insertions": 26,
                "deletions": 7
              }
            }
          },
          {
            "hash": "168b69b08aace971ac7418c8a00e2cee8f5ba731",
            "messageTitle": "Add-List",
            "messageBody": "",
            "tags": [
              "Level-2"
            ],
            "fileTypesAndContributionMap": {
              "java": {
                "insertions": 43,
                "deletions": 11
              }
            }
          },
          {
            "hash": "f9df3d7d9a35492572e86e61e0d8eec5ed523c05",
            "messageTitle": "Mark-As-Done-Feature",
            "messageBody": "",
            "tags": [
              "Level-3"
            ],
            "fileTypesAndContributionMap": {
              "java": {
                "insertions": 79,
                "deletions": 19
              }
            }
          },
          {
            "hash": "9c436061732c365167a980b1defd105478557f4a",
            "messageTitle": "ToDo-Event-Deadline-Feature",
            "messageBody": "",
            "tags": [
              "Level-4"
            ],
            "fileTypesAndContributionMap": {
              "java": {
                "insertions": 106,
                "deletions": 22
              }
            }
          }
        ]
      },
      {
        "date": "2020-08-16",
        "commitResults": [
          {
            "hash": "d27d26fb911bac1c7238925217142ecd4e22a118",
            "messageTitle": "Implemented-TextUI-Testing",
            "messageBody": "",
            "tags": [
              "A-TextUiTesting"
            ],
            "fileTypesAndContributionMap": {
              "txt": {
                "insertions": 13,
                "deletions": 0
              },
              "java": {
                "insertions": 0,
                "deletions": 2
              }
            }
          }
        ]
      },
      {
        "date": "2020-08-20",
        "commitResults": [
          {
            "hash": "c3eb402d4f1d586cb24305117c6ad526c7dc8e4f",
            "messageTitle": "Handled-errors-with-exceptions",
            "messageBody": "",
            "tags": [
              "Level-5"
            ],
            "fileTypesAndContributionMap": {
              "txt": {
                "insertions": 8,
                "deletions": 8
              },
              "java": {
                "insertions": 217,
                "deletions": 33
              }
            }
          },
          {
            "hash": "d7e01f9e1efc9e9bc433da37f8c9074e4f37e93f",
            "messageTitle": "Reorganised-code-implemented-delete-feature",
            "messageBody": "",
            "fileTypesAndContributionMap": {
              "java": {
                "insertions": 1,
                "deletions": 3
              },
              "bat": {
                "insertions": 2,
                "deletions": 1
              }
            }
          },
          {
            "hash": "9e9d67eecf4098be06bced364eacaf83bcabcb50",
            "messageTitle": "Fixed-Automated-TextUI-Testing-Bug",
            "messageBody": "",
            "tags": [
              "Level-6"
            ],
            "fileTypesAndContributionMap": {
              "sh": {
                "insertions": 1,
                "deletions": 1
              }
            }
          }
        ]
      },
      {
        "date": "2020-08-21",
        "commitResults": [
          {
            "hash": "cf8466296722216d1275e47066f27aa905619d37",
            "messageTitle": "Added new Storage class to handle file reading and data input",
            "messageBody": "",
            "fileTypesAndContributionMap": {
              "java": {
                "insertions": 74,
                "deletions": 4
              }
            }
          },
          {
            "hash": "cee2f7f8e909247592a2358ab7e64adb44e6e9a3",
            "messageTitle": "Added method to write the task into duke.txt",
            "messageBody": "",
            "fileTypesAndContributionMap": {
              "java": {
                "insertions": 8,
                "deletions": 1
              }
            }
          },
          {
            "hash": "e78a8ab0e2e6d5800057fad15304fec7956aba56",
            "messageTitle": "Fix Bug changed filepath to relative path from absolute path",
            "messageBody": "",
            "fileTypesAndContributionMap": {
              "java": {
                "insertions": 3,
                "deletions": 3
              }
            }
          },
          {
            "hash": "dd14a044b897d4df86bd5978faf875ddcf37ec17",
            "messageTitle": "Fix Bug modified make file path OS-independent",
            "messageBody": "",
            "fileTypesAndContributionMap": {
              "java": {
                "insertions": 1,
                "deletions": 1
              }
            }
          },
          {
            "hash": "b2f2c14a9a1d12fcdb640095fd7c14f78f061681",
            "messageTitle": "Modifed deadline and event classes",
            "messageBody": "",
            "fileTypesAndContributionMap": {
              "java": {
                "insertions": 21,
                "deletions": 13
              }
            }
          }
        ]
      },
      {
        "date": "2020-08-22",
        "commitResults": [
          {
            "hash": "18091fe5c839010f06c19bd9261f97f1cc91acc7",
            "messageTitle": "Added new exception for wrong date formats",
            "messageBody": "",
            "fileTypesAndContributionMap": {
              "java": {
                "insertions": 18,
                "deletions": 4
              }
            }
          },
          {
            "hash": "2681705add34cc17e174c83b90b7028a3f820ee5",
            "messageTitle": "Fix Bug",
            "messageBody": "",
            "fileTypesAndContributionMap": {
              "java": {
                "insertions": 12,
                "deletions": 32
              }
            }
          },
          {
            "hash": "62fcb475cd9909bafb2bd91df3c6c5de63a646c9",
            "messageTitle": "Fix bug due to merging of branches",
            "messageBody": "",
            "fileTypesAndContributionMap": {
              "java": {
                "insertions": 46,
                "deletions": 20
              }
            }
          },
          {
            "hash": "817874cc49a483e8850451aa4c74d575b8008ac1",
            "messageTitle": "Add Parser class and TaskList class",
            "messageBody": "",
            "fileTypesAndContributionMap": {
              "java": {
                "insertions": 66,
                "deletions": 6
              }
            }
          },
          {
            "hash": "4eede23062d88d3a353488f503bcf39c77b624aa",
            "messageTitle": "Added UI class and added more oop elements to project",
            "messageBody": "",
            "fileTypesAndContributionMap": {
              "java": {
                "insertions": 211,
                "deletions": 140
              }
            }
          },
          {
            "hash": "dda0ee27ad9e583575987e003f6c0a779deaa1c8",
            "messageTitle": "Added more oop elements to code",
            "messageBody": "",
            "fileTypesAndContributionMap": {
              "java": {
                "insertions": 116,
                "deletions": 153
              }
            }
          },
          {
            "hash": "2f526073270487b7c41bed742cac4715ad7d370a",
            "messageTitle": "Fix bug",
            "messageBody": "",
            "tags": [
              "A-MoreOOP"
            ],
            "fileTypesAndContributionMap": {
              "java": {
                "insertions": 14,
                "deletions": 46
              }
            }
          },
          {
            "hash": "b63a30254b22f0c746e42c099802b30cd98fe2a0",
            "messageTitle": "Added JUnit tests for some methods",
            "messageBody": "",
            "tags": [
              "A-Jar",
              "A-JUnit"
            ],
            "fileTypesAndContributionMap": {
              "java": {
                "insertions": 68,
                "deletions": 1
              }
            }
          }
        ]
      },
      {
        "date": "2020-08-23",
        "commitResults": [
          {
            "hash": "b0ec11d6d8c31dfbebe173be4ab8726929776e57",
            "messageTitle": "Added new FindCommand class",
            "messageBody": "",
            "fileTypesAndContributionMap": {
              "java": {
                "insertions": 20,
                "deletions": 0
              }
            }
          },
          {
            "hash": "6cfc85e5144cb5c1a771e9c882f96783578f62b9",
            "messageTitle": "Added new InvalidKeywordException for finding tasks",
            "messageBody": "",
            "fileTypesAndContributionMap": {
              "java": {
                "insertions": 6,
                "deletions": 0
              }
            }
          },
          {
            "hash": "4e91c14b0e3b95d5ec980db193901dc9e54ad4d8",
            "messageTitle": "Added methods for finding tasks with keywords",
            "messageBody": "",
            "fileTypesAndContributionMap": {
              "java": {
                "insertions": 31,
                "deletions": 3
              }
            }
          },
          {
            "hash": "e303861c153d6ac19e1bf9feb2b19115c524ad4b",
            "messageTitle": "Fix small bug when no matching tasks are found",
            "messageBody": "",
            "fileTypesAndContributionMap": {
              "java": {
                "insertions": 10,
                "deletions": 6
              }
            }
          },
          {
            "hash": "02a77200205e100c95028ffe8c89157c48d8cec3",
            "messageTitle": "Fix small bug for done task",
            "messageBody": "",
            "fileTypesAndContributionMap": {
              "java": {
                "insertions": 7,
                "deletions": 1
              }
            }
          },
          {
            "hash": "97f5f3c18dea360f1b2eb211b9d9eb526b83517e",
            "messageTitle": "Added javadoc to all non-public methods and classes",
            "messageBody": "",
            "fileTypesAndContributionMap": {
              "java": {
                "insertions": 352,
                "deletions": 19
              }
            }
          },
          {
            "hash": "cdbaa820db967bae558d4dd49ccc4dd7b8be4c0f",
            "messageTitle": "Restyle code",
            "messageBody": "",
            "fileTypesAndContributionMap": {
              "java": {
                "insertions": 11,
                "deletions": 10
              }
            }
          },
          {
            "hash": "66de938dce6a4192b9ee8ab27727a4c6c90ab206",
            "messageTitle": "Fix bug",
            "messageBody": "",
            "fileTypesAndContributionMap": {
              "java": {
                "insertions": 1,
                "deletions": 1
              }
            }
          },
          {
            "hash": "183f166ed6512fbf460dc92d07e845b64fa035d1",
            "messageTitle": "Rename variables",
            "messageBody": "",
            "fileTypesAndContributionMap": {
              "java": {
                "insertions": 1,
                "deletions": 1
              }
            }
          },
          {
            "hash": "1a884eb10eecaa1108e2706540d1656bbe97f566",
            "messageTitle": "Add missing javadoc",
            "messageBody": "",
            "fileTypesAndContributionMap": {
              "java": {
                "insertions": 27,
                "deletions": 19
              }
            }
          },
          {
            "hash": "12f2385dd979470ed3c2fc31e7297eb947f20729",
            "messageTitle": "Fix small bug in UI doneTask method",
            "messageBody": "",
            "fileTypesAndContributionMap": {
              "java": {
                "insertions": 1,
                "deletions": 1
              }
            }
          }
        ]
      },
      {
        "date": "2020-08-26",
        "commitResults": [
          {
            "hash": "719b1a602cf629d2c8e3a6fcc08cbca05708c894",
            "messageTitle": "Add javadocs",
            "messageBody": "",
            "fileTypesAndContributionMap": {
              "java": {
                "insertions": 19,
                "deletions": 0
              }
            }
          },
          {
            "hash": "58714c2a68ef53ee3fe6f7ae2dbfbc11bcdd5ad1",
            "messageTitle": "Clean code to comply with coding standards",
            "messageBody": "",
            "fileTypesAndContributionMap": {
              "java": {
                "insertions": 149,
                "deletions": 138
              }
            }
          },
          {
            "hash": "61ea947d5a7f5872975c0630f91beda1932c8a52",
            "messageTitle": "Fix bug in UI for done task",
            "messageBody": "",
            "fileTypesAndContributionMap": {
              "java": {
                "insertions": 1,
                "deletions": 1
              }
            }
          }
        ]
      },
      {
        "date": "2020-08-28",
        "commitResults": [
          {
            "hash": "f71488789af6e92396b6b5027b02b1ec6f41aa8b",
            "messageTitle": "Revert \"Fix bug in UI for done task\"",
            "messageBody": "This reverts commit 61ea947d5a7f5872975c0630f91beda1932c8a52.\n",
            "fileTypesAndContributionMap": {
              "java": {
                "insertions": 1,
                "deletions": 1
              }
            }
          },
          {
            "hash": "852a4cedc82beb8df4897e7bab64f7c30a647fd6",
            "messageTitle": "Fix bug",
            "messageBody": "",
            "fileTypesAndContributionMap": {
              "gradle": {
                "insertions": 46,
                "deletions": 0
              },
              "bat": {
                "insertions": 103,
                "deletions": 0
              }
            }
          },
          {
            "hash": "4898b7e7966c1c7e175b529052a5561c7e266f31",
            "messageTitle": "Add new class Launcher and set up JavaFX for GUI",
            "messageBody": "",
            "fileTypesAndContributionMap": {
              "gradle": {
                "insertions": 15,
                "deletions": 1
              },
              "java": {
                "insertions": 24,
                "deletions": 1
              }
            }
          },
          {
            "hash": "82004f6b96c6938a0a19022142e44b8af2c03dc1",
            "messageTitle": "Add DialogBox class and MainWindow class and fxml files",
            "messageBody": "",
            "fileTypesAndContributionMap": {
              "fxml": {
                "insertions": 35,
                "deletions": 0
              },
              "java": {
                "insertions": 109,
                "deletions": 18
              }
            }
          }
        ]
      }
    ]
  },
  "authorFileTypeContributionMap": {
    "vanGoghhh": {
      "java": 1170,
      "md": 0,
      "fxml": 35,
      "sh": 1,
      "bat": 2,
      "gradle": 15,
      "txt": 13
    }
  },
  "authorContributionVariance": {
    "vanGoghhh": 69772.76
  },
  "authorDisplayNameMap": {
    "vanGoghhh": "CS2103T-T17-3 NIGE..HENG"
  }
}
