{"authorDailyContributionsMap":{"ethan-l-m-e":[{"date":"2020-08-15","commitResults":[{"hash":"74fbf9a46c7f58352a1c90bed40d95fc981c9260","messageTitle":"Level-1, filled in initial backbone","messageBody":"","tags":["Level-1"],"fileTypesAndContributionMap":{"java":{"insertions":30,"deletions":0}}},{"hash":"7a2123dabafd2f158f06d6852305e33a9eb3707a","messageTitle":"added list","messageBody":"","tags":["Level-2"],"fileTypesAndContributionMap":{"java":{"insertions":19,"deletions":2}}},{"hash":"95363953b5a55bb710fe04e07153fae727381b86","messageTitle":"added task class, changed icon","messageBody":"","fileTypesAndContributionMap":{"java":{"insertions":41,"deletions":7}}}]},{"date":"2020-08-16","commitResults":[{"hash":"e604f5854ae2d83b43799c418a6cccf90df34d0a","messageTitle":"can now mark tasks as done","messageBody":"","tags":["Level-3"],"fileTypesAndContributionMap":{"java":{"insertions":37,"deletions":8}}},{"hash":"08233c0e5dcbc8de4d0fc5fc9e038de084c0c4b6","messageTitle":"create class files","messageBody":"","fileTypesAndContributionMap":{"java":{"insertions":38,"deletions":18}}}]},{"date":"2020-08-17","commitResults":[{"hash":"c8c66d8b336b76a8bbb4511c5a96acbc6f039b52","messageTitle":"can do todo deadline and event","messageBody":"","tags":["Level-4"],"fileTypesAndContributionMap":{"java":{"insertions":232,"deletions":39}}}]},{"date":"2020-08-19","commitResults":[{"hash":"2d73e14db7b3b8134a97b8012a8dddb2f3613a93","messageTitle":"tested with .bat file","messageBody":"","tags":["TextUiTesting","A-TextUiTesting"],"fileTypesAndContributionMap":{"txt":{"insertions":11,"deletions":0},"java":{"insertions":11,"deletions":12},"bat":{"insertions":2,"deletions":2}}},{"hash":"989db2f664bcb0b9ffcb999f8f6bed0b19cdb42c","messageTitle":"added delete, some bugs still present","messageBody":"","fileTypesAndContributionMap":{"txt":{"insertions":2,"deletions":0},"java":{"insertions":38,"deletions":8}}}]},{"date":"2020-08-20","commitResults":[{"hash":"59e45dfdb33fd176a19960f88c6599a5407cad38","messageTitle":"now throws exceptions to handle invalid commands, redone delete cmd","messageBody":"","tags":["Level-6","Level-5"],"fileTypesAndContributionMap":{"txt":{"insertions":6,"deletions":0},"java":{"insertions":165,"deletions":232}}},{"hash":"347a72771b961ff83815e4b1f21f4be85ef48827","messageTitle":"fixed bug with event and deadline not accepting single word description","messageBody":"","fileTypesAndContributionMap":{"java":{"insertions":2,"deletions":2}}}]},{"date":"2020-08-26","commitResults":[{"hash":"31855a89e584efd8711106912e310caf5213ddd3","messageTitle":"Add function to save to hard disk","messageBody":"","tags":["Level-7"],"fileTypesAndContributionMap":{"java":{"insertions":111,"deletions":2}}}]},{"date":"2020-08-27","commitResults":[{"hash":"5c9ff27f26e6fa3da250dba139003740e10417d1","messageTitle":"Add data for duke to .gitignore","messageBody":"","fileTypesAndContributionMap":{"bat":{"insertions":1,"deletions":0}}},{"hash":"497263ec388c3be442a6d9a83ef34c75a2e1c2fc","messageTitle":"Rearrange Duke into more OOP designed classes","messageBody":"created Ui, Command, Parse, and Storage\nreverted back to original Duke logo\n","tags":["A-MoreOOP"],"fileTypesAndContributionMap":{"java":{"insertions":445,"deletions":269}}},{"hash":"64fffde4f0d373622699489b97e141bdc500a2e8","messageTitle":"Restructure to packages","messageBody":"","tags":["A-Packages"],"fileTypesAndContributionMap":{"java":{"insertions":139,"deletions":23},"bat":{"insertions":1,"deletions":1}}},{"hash":"539754819984bd657bf2db4c3bc8b6d5e2f7a2ec","messageTitle":"Add JUnit tests for Parser and DeleteCommand","messageBody":"","tags":["A-Jar","A-JUnit"],"fileTypesAndContributionMap":{"java":{"insertions":86,"deletions":3}}},{"hash":"5af1c79614a3e6a3734e1103573ceead0368939c","messageTitle":"Add Storage of deadlines as LocalDate","messageBody":"","tags":["Level-8"],"fileTypesAndContributionMap":{"java":{"insertions":16,"deletions":4}}},{"hash":"7c1d7ad8b83868fb731a14ab80c38babd7b76ec8","messageTitle":"Update spacing error in Parser for deadlines and events","messageBody":"","fileTypesAndContributionMap":{"java":{"insertions":2,"deletions":2}}},{"hash":"c99559eea50e7b6694d2001351917114459ec21e","messageTitle":"Add FindCommand implementation","messageBody":"","tags":["Level-9"],"fileTypesAndContributionMap":{"java":{"insertions":49,"deletions":0}}},{"hash":"af74e5586adf42e978023743d1f391cf27727d80","messageTitle":"Add JavaDoc comments to all files","messageBody":"","fileTypesAndContributionMap":{"java":{"insertions":261,"deletions":1}}},{"hash":"f46d2006a5596ee8e0a572944642e39c253d2903","messageTitle":"Improve on code to better match Java Coding Standards","messageBody":"","fileTypesAndContributionMap":{"java":{"insertions":35,"deletions":17}}},{"hash":"1d76979810432b9117745c123e7bd504d3ca2c73","messageTitle":"Add JavDoc for FindCommand and relevant methods","messageBody":"","tags":["A-Gradle"],"fileTypesAndContributionMap":{"java":{"insertions":17,"deletions":5}}}]},{"date":"2020-08-30","commitResults":[{"hash":"8d1074bdbae9c76039cce81f351dd0c5771d73be","messageTitle":"Add a GUI to Duke","messageBody":"","tags":["Level-10"],"fileTypesAndContributionMap":{"gradle":{"insertions":15,"deletions":0},"fxml":{"insertions":35,"deletions":0},"java":{"insertions":212,"deletions":25}}}]},{"date":"2020-09-03","commitResults":[{"hash":"a67f53d8b6855fdb7330c6ff16abb5009a66b6c4","messageTitle":"Try dialog colors","messageBody":"","fileTypesAndContributionMap":{"fxml":{"insertions":31,"deletions":9},"java":{"insertions":1,"deletions":1}}},{"hash":"4b23535da3a8e88d967ad11df9686d99c1fc39c3","messageTitle":"Cleanup code style","messageBody":"","fileTypesAndContributionMap":{"java":{"insertions":103,"deletions":29}}}]},{"date":"2020-09-06","commitResults":[{"hash":"819dcd7f591dae048cf9c862e25be35220b3e2d9","messageTitle":"Fix Dialogbox not displaying full list of items, and events now take in dates","messageBody":"","fileTypesAndContributionMap":{"fxml":{"insertions":10,"deletions":8},"java":{"insertions":16,"deletions":4}}},{"hash":"299b930bd69e8c350efc63d2f7980fce791d3b90","messageTitle":"Change target for ShadowJar to match duke.Launcher","messageBody":"","fileTypesAndContributionMap":{"gradle":{"insertions":1,"deletions":1}}},{"hash":"e95264bae0194138182857864eeb5c712a89555a","messageTitle":"Add some assertions","messageBody":"","fileTypesAndContributionMap":{"java":{"insertions":7,"deletions":4}}},{"hash":"49f406805428d2a530fccc4b49b228789aa87476","messageTitle":"Change deadline and event try catch block to just an if statement","messageBody":"","fileTypesAndContributionMap":{"java":{"insertions":28,"deletions":15}}},{"hash":"50ec163196bc6bbc8273a46737e609bd9d339d27","messageTitle":"Cleanup code quality","messageBody":"","tags":["A-CodeQuality"],"fileTypesAndContributionMap":{"java":{"insertions":65,"deletions":50}}}]},{"date":"2020-09-09","commitResults":[{"hash":"7d1e9a91d4c6721063ef0fbf78b29dd9113e2373","messageTitle":"Add update function","messageBody":"","fileTypesAndContributionMap":{"java":{"insertions":413,"deletions":33}}},{"hash":"cd8456466cdfe9e761ed1ae75db1733946a9996d","messageTitle":"Change a bit of how dialog looks in fxml","messageBody":"","fileTypesAndContributionMap":{"fxml":{"insertions":26,"deletions":17}}},{"hash":"b1335e97d307ca485f3089d9c47f1e0c9f02adc5","messageTitle":"Change run function in Duke.java to be able to use Update","messageBody":"","fileTypesAndContributionMap":{"gradle":{"insertions":10,"deletions":0},"fxml":{"insertions":1,"deletions":1},"java":{"insertions":31,"deletions":15}}},{"hash":"2bae599d4faf964dc33b68a15ade008cabe09d5d","messageTitle":"Remove CancelledAction. Update UpdateAction to have less methods.","messageBody":"","tags":["C-Update","BCD-Extention"],"fileTypesAndContributionMap":{"fxml":{"insertions":1,"deletions":1},"java":{"insertions":168,"deletions":80}}}]},{"date":"2020-09-10","commitResults":[{"hash":"3fc5d113b35d991efeabdf680cfc3557b55292c9","messageTitle":"Fix bug where loading resets Tasks to not done.","messageBody":"","fileTypesAndContributionMap":{"java":{"insertions":2,"deletions":1}}}]},{"date":"2020-09-16","commitResults":[{"hash":"2ad618ec1ffda61bba8fde77cf1665b662145ead","messageTitle":"Fix checkstyle","messageBody":"","fileTypesAndContributionMap":{"gradle":{"insertions":1,"deletions":1},"java":{"insertions":169,"deletions":155}}},{"hash":"4528a96d962cc7b4ba9b17b49103b10dd8c42251","messageTitle":"Change MainWindow and DialogBox Fxml To Match JavaFx Version","messageBody":"","fileTypesAndContributionMap":{"gradle":{"insertions":4,"deletions":0},"fxml":{"insertions":2,"deletions":5}}},{"hash":"e01c3cf4ade50619819a9668d2eb1a09f0964cc0","messageTitle":"GUI","messageBody":"* Remove tick and cross in Task\n\n* Change DaUser picture\n","fileTypesAndContributionMap":{"java":{"insertions":7,"deletions":3}}},{"hash":"dfdd1cc1bd0c926e15cdc960b653951304fe69dc","messageTitle":"Basic User Guide","messageBody":"Fix checkstyle further\n","fileTypesAndContributionMap":{"fxml":{"insertions":1,"deletions":1},"java":{"insertions":32,"deletions":31},"md":{"insertions":106,"deletions":8}}},{"hash":"0ae6cac02a7ed8329da4efe0a9d51770881cba8d","messageTitle":"Update User Guide","messageBody":"* Small line separators\n","fileTypesAndContributionMap":{"md":{"insertions":10,"deletions":2}}},{"hash":"9735cbc9596e42f0c0c04118608113c771f5354d","messageTitle":"Update User Guide","messageBody":"* Line spacing\n","fileTypesAndContributionMap":{"md":{"insertions":8,"deletions":0}}}]},{"date":"2020-09-18","commitResults":[{"hash":"3d918ed9bdb5082b2bfcac704cbb9855a11cdbf4","messageTitle":"Update User Guide","messageBody":"GUI : Added a sound\n","fileTypesAndContributionMap":{"fxml":{"insertions":3,"deletions":3},"java":{"insertions":12,"deletions":2},"md":{"insertions":36,"deletions":3}}},{"hash":"bbc089ffd2ed60a39a742c7f9d5acaa48ad96069","messageTitle":"Update User Guide","messageBody":"","fileTypesAndContributionMap":{"md":{"insertions":5,"deletions":3}}},{"hash":"7ee97014dc4132a886807de281f467da5ff4cdb0","messageTitle":"Update GUI","messageBody":"Add Ui.png\n","tags":["A-UserGuide","A-Release"],"fileTypesAndContributionMap":{"fxml":{"insertions":3,"deletions":3}}},{"hash":"5888f659f490aea16d57413a39b4835b71071e1c","messageTitle":"Fix Audio path issue:","messageBody":"* swapped from using URI to get resource stream\n","fileTypesAndContributionMap":{"gradle":{"insertions":3,"deletions":0},"java":{"insertions":1,"deletions":3}}}]}]},"authorFileTypeContributionMap":{"ethan-l-m-e":{"java":1939,"md":156,"fxml":65,"sh":0,"bat":3,"gradle":30,"txt":19}},"authorContributionVariance":{"ethan-l-m-e":74899.35},"authorDisplayNameMap":{"ethan-l-m-e":"CS2103T-T10-2 LIM ..THAN"}}
