{
  "authorDailyContributionsMap": {
    "dcchan98": [
      {
        "date": "2020-08-15",
        "commitResults": [
          {
            "hash": "301779ee2dd2765f53bb0adf019c595a8502023a",
            "messageTitle": "Created new public classDukeBot with 3 methods 1) horizontalRule() - prints out lines 2) greetings() - greets the user. 3) echoWithExit() - main level1 method. To repeat user inputs unless user says bye.",
            "messageBody": "",
            "fileTypesAndContributionMap": {
              "java": {
                "insertions": 15,
                "deletions": 6
              }
            }
          },
          {
            "hash": "fa52a69484e99d2409246cec0c7b1715b879492f",
            "messageTitle": "change the Main method.",
            "messageBody": "Greet user first\ngets input. Loops until user says bye\n",
            "tags": [
              "Level-1"
            ],
            "fileTypesAndContributionMap": {
              "java": {
                "insertions": 32,
                "deletions": 0
              }
            }
          }
        ]
      },
      {
        "date": "2020-08-16",
        "commitResults": [
          {
            "hash": "1172d2b777c670e470d7c6c50861b0f79d6f3ec5",
            "messageTitle": "created a list in dukebot created a method addTask in dukebot created a listener method in dukebot",
            "messageBody": "used listener method in duke instead of scanning method\nremoved previous scanning method\n\noptimised for level 2\n",
            "fileTypesAndContributionMap": {
              "java": {
                "insertions": 39,
                "deletions": 1
              }
            }
          },
          {
            "hash": "66bc570ad4b0dc294cefe4cdcf05901b61a2255c",
            "messageTitle": "1) formatted list method to loop through the whole list 2) added horizontal rules 3) removed unwanted code in duke",
            "messageBody": "",
            "tags": [
              "Level-2"
            ],
            "fileTypesAndContributionMap": {
              "java": {
                "insertions": 6,
                "deletions": 9
              }
            }
          },
          {
            "hash": "582bf16db8087b26507fd4a7fd6998faa80c07ac",
            "messageTitle": "Added checkbox functionality and a checkbox boolean arraylist that corresponds to the arraylist of tasks",
            "messageBody": "",
            "fileTypesAndContributionMap": {
              "java": {
                "insertions": 7,
                "deletions": 1
              }
            }
          },
          {
            "hash": "b540cc0ba24537068d50aac761c6dcba89cb9a18",
            "messageTitle": "added functionality to take in two arguments added method done that ticks the checkbox",
            "messageBody": "",
            "fileTypesAndContributionMap": {
              "java": {
                "insertions": 6,
                "deletions": 0
              }
            }
          },
          {
            "hash": "0867fe97cb6da70d5aeba6770a0ee97c91733b23",
            "messageTitle": "added feedback when user enters the done command",
            "messageBody": "",
            "tags": [
              "Level-3"
            ],
            "fileTypesAndContributionMap": {
              "java": {
                "insertions": 2,
                "deletions": 0
              }
            }
          },
          {
            "hash": "26df6457e917428a2ef625fe12eb65df1990457c",
            "messageTitle": "added todo method to listener added new array of tasktype",
            "messageBody": "",
            "fileTypesAndContributionMap": {
              "java": {
                "insertions": 16,
                "deletions": 3
              }
            }
          },
          {
            "hash": "841493b47616f6eebd4489c115af62eb3fde3297",
            "messageTitle": "added ability to read / arguments implemented todo, deadline and event",
            "messageBody": "",
            "tags": [
              "Level-4"
            ],
            "fileTypesAndContributionMap": {
              "java": {
                "insertions": 29,
                "deletions": 8
              }
            }
          },
          {
            "hash": "64210d93d018611b78caac48eaa7b223c2877d14",
            "messageTitle": "Handled cases of invalid inputs",
            "messageBody": "",
            "tags": [
              "Level-5"
            ],
            "fileTypesAndContributionMap": {
              "java": {
                "insertions": 25,
                "deletions": 3
              }
            }
          },
          {
            "hash": "628256eee54cdde003830a1d1c50a54742e2dc0a",
            "messageTitle": "Added delete method handled delete exception",
            "messageBody": "",
            "tags": [
              "Level-6"
            ],
            "fileTypesAndContributionMap": {
              "java": {
                "insertions": 13,
                "deletions": 1
              }
            }
          }
        ]
      },
      {
        "date": "2020-08-18",
        "commitResults": [
          {
            "hash": "7b321c02364d8468952379c3f1019df91dc787c0",
            "messageTitle": "shifted dukebot into mainfile duke",
            "messageBody": "",
            "fileTypesAndContributionMap": {
              "java": {
                "insertions": 148,
                "deletions": 0
              }
            }
          },
          {
            "hash": "73748740226cd6270c4381a4a550167afa9d38e1",
            "messageTitle": "runtest done. Actual file updated",
            "messageBody": "",
            "tags": [
              "A-TextUiTesting"
            ],
            "fileTypesAndContributionMap": {
              "sh": {
                "insertions": 0,
                "deletions": 0
              }
            }
          },
          {
            "hash": "0100200bca7d85990df45cd21b778c0f4a99b143",
            "messageTitle": "Removed dukebot",
            "messageBody": "",
            "fileTypesAndContributionMap": {
              "java": {
                "insertions": 0,
                "deletions": 151
              }
            }
          },
          {
            "hash": "c3b2c2ce5016a7a0fe5ef4fa40e250e3e7c24aaf",
            "messageTitle": "removed classs from main created class edited runtesh to allow for multiple compilations source txt file created from script",
            "messageBody": "",
            "fileTypesAndContributionMap": {
              "txt": {
                "insertions": 3,
                "deletions": 0
              },
              "java": {
                "insertions": 133,
                "deletions": 147
              },
              "sh": {
                "insertions": 8,
                "deletions": 2
              }
            }
          },
          {
            "hash": "8f4dfbff92e8d27c336b92428e482f971e770f52",
            "messageTitle": "Created task class for code modularity",
            "messageBody": "",
            "fileTypesAndContributionMap": {
              "java": {
                "insertions": 28,
                "deletions": 0
              }
            }
          },
          {
            "hash": "b2b960a5700a39bc6233c1782ac47e7e224a7c88",
            "messageTitle": "Dukebot to make use of the new task class added methods of finished() and setDone() to access and set state of task status",
            "messageBody": "",
            "fileTypesAndContributionMap": {
              "java": {
                "insertions": 31,
                "deletions": 24
              }
            }
          },
          {
            "hash": "d0d956431a2fc4a07d2d272aa5bf64ced19004c8",
            "messageTitle": "Added improved exception handling",
            "messageBody": "",
            "fileTypesAndContributionMap": {
              "java": {
                "insertions": 45,
                "deletions": 13
              }
            }
          }
        ]
      },
      {
        "date": "2020-08-22",
        "commitResults": [
          {
            "hash": "70733168f42f8225ccdb719f6f505976b7e31798",
            "messageTitle": "Add Ability to save objects to memory in ToDo directory",
            "messageBody": "",
            "tags": [
              "Level-7"
            ],
            "fileTypesAndContributionMap": {
              "java": {
                "insertions": 104,
                "deletions": 6
              }
            }
          },
          {
            "hash": "18d038014a75683f5797ede189804504317f0f8c",
            "messageTitle": "Add LocalDate support",
            "messageBody": "",
            "tags": [
              "Level-8"
            ],
            "fileTypesAndContributionMap": {
              "java": {
                "insertions": 45,
                "deletions": 4
              }
            }
          }
        ]
      },
      {
        "date": "2020-08-25",
        "commitResults": [
          {
            "hash": "2aeeb3f6d2dc42043e51bcf5427bf9b383965d16",
            "messageTitle": "Renamed Dukebot to UI",
            "messageBody": "",
            "fileTypesAndContributionMap": {
              "java": {
                "insertions": 3,
                "deletions": 289
              }
            }
          },
          {
            "hash": "53723280508d38358c5afac8ea0f10e205699900",
            "messageTitle": "Add storage class",
            "messageBody": "",
            "fileTypesAndContributionMap": {
              "java": {
                "insertions": 296,
                "deletions": 7
              }
            }
          },
          {
            "hash": "a3c7e1c9a85296f8e765cf665bd5f2c3448d87bf",
            "messageTitle": "Parser added",
            "messageBody": "",
            "fileTypesAndContributionMap": {
              "java": {
                "insertions": 114,
                "deletions": 102
              }
            }
          },
          {
            "hash": "1f3ff1f7cd936169e33a2f4a45d7d6397d05389b",
            "messageTitle": "Added final part of A-MoreOOP, the tasklist.",
            "messageBody": "",
            "fileTypesAndContributionMap": {
              "java": {
                "insertions": 4,
                "deletions": 0
              }
            }
          },
          {
            "hash": "c203320a11bea092c4c96f19b85df2d46b5b7c4b",
            "messageTitle": "A-MoreOOP final push by adding tasklist and refactoring code to work with it",
            "messageBody": "",
            "tags": [
              "A-MoreOOP"
            ],
            "fileTypesAndContributionMap": {
              "java": {
                "insertions": 97,
                "deletions": 87
              }
            }
          },
          {
            "hash": "44879c6e18cd691153a4b93742e84c47371fc460",
            "messageTitle": "Add test functionality",
            "messageBody": "",
            "tags": [
              "A-Jar",
              "A-JUnit"
            ],
            "fileTypesAndContributionMap": {
              "java": {
                "insertions": 70,
                "deletions": 15
              }
            }
          },
          {
            "hash": "698e81db3bfb3c53c8b0d5713883c59a966ed6d6",
            "messageTitle": "Java docs added",
            "messageBody": "",
            "fileTypesAndContributionMap": {
              "java": {
                "insertions": 133,
                "deletions": 3
              }
            }
          },
          {
            "hash": "52e56b79038947b2720ff04c5f3878bcd6feb9af",
            "messageTitle": "Revert \"Java docs added\"",
            "messageBody": "This reverts commit 698e81db3bfb3c53c8b0d5713883c59a966ed6d6.\n",
            "fileTypesAndContributionMap": {
              "java": {
                "insertions": 3,
                "deletions": 133
              }
            }
          },
          {
            "hash": "41fda95e148f1ce1fc6659d09d29ba0e8de62d17",
            "messageTitle": "Java Docs added",
            "messageBody": "",
            "fileTypesAndContributionMap": {
              "java": {
                "insertions": 133,
                "deletions": 3
              }
            }
          },
          {
            "hash": "c5c52e33fb82deaec115ce611f69cabd951c53b5",
            "messageTitle": "Revert \"Java Docs added\"",
            "messageBody": "This reverts commit 41fda95e148f1ce1fc6659d09d29ba0e8de62d17.\n",
            "fileTypesAndContributionMap": {
              "java": {
                "insertions": 3,
                "deletions": 133
              }
            }
          },
          {
            "hash": "532592949da1ec080e2f524819d7bde635e5bfcc",
            "messageTitle": "JavaDocs",
            "messageBody": "",
            "tags": [
              "A-JavaDoc"
            ],
            "fileTypesAndContributionMap": {
              "java": {
                "insertions": 133,
                "deletions": 3
              }
            }
          },
          {
            "hash": "aaece0be1fd7325141f50441bd201d24a4b474a4",
            "messageTitle": "find task added",
            "messageBody": "",
            "tags": [
              "Level-9"
            ],
            "fileTypesAndContributionMap": {
              "java": {
                "insertions": 31,
                "deletions": 1
              }
            }
          },
          {
            "hash": "a9952585a2e447e36753c69d109447d4d8998097",
            "messageTitle": "Coding Standard Followed",
            "messageBody": "",
            "tags": [
              "A-CodingStandard"
            ],
            "fileTypesAndContributionMap": {
              "java": {
                "insertions": 64,
                "deletions": 62
              }
            }
          }
        ]
      }
    ]
  },
  "authorFileTypeContributionMap": {
    "dcchan98": {
      "java": 627,
      "md": 0,
      "fxml": 0,
      "sh": 7,
      "bat": 0,
      "gradle": 0,
      "txt": 3
    }
  },
  "authorContributionVariance": {
    "dcchan98": 293326.34
  },
  "authorDisplayNameMap": {
    "dcchan98": "SEAN..CHAO"
  }
}
