{
  "authorDailyContributionsMap": {
    "ruixuantan": [
      {
        "date": "2020-08-15",
        "commitResults": [
          {
            "hash": "20bec2358d3fdd17e6a7dee6e33dfc8fdac221c5",
            "messageTitle": "Add basic operations",
            "messageBody": "",
            "fileTypesAndContributionMap": {
              "java": {
                "insertions": 97,
                "deletions": 2
              }
            }
          },
          {
            "hash": "b88c00b6da4f094455854a1ba6c99d806678e3ec",
            "messageTitle": "Add Duke logo and divider",
            "messageBody": "",
            "tags": [
              "Level-1"
            ],
            "fileTypesAndContributionMap": {
              "java": {
                "insertions": 14,
                "deletions": 14
              }
            }
          },
          {
            "hash": "d373106540007a3830167ffeffc8336ff78b17a2",
            "messageTitle": "Add AddOperation",
            "messageBody": "",
            "fileTypesAndContributionMap": {
              "java": {
                "insertions": 5,
                "deletions": 5
              }
            }
          },
          {
            "hash": "0f3dec01409bcb04d3deed544a7afac6eb24b462",
            "messageTitle": "Add ListOperation",
            "messageBody": "",
            "tags": [
              "Level-2"
            ],
            "fileTypesAndContributionMap": {
              "java": {
                "insertions": 85,
                "deletions": 20
              }
            }
          },
          {
            "hash": "51a4ceb650a5c6539fe3af34c682faf447411a89",
            "messageTitle": "Add tasks",
            "messageBody": "",
            "fileTypesAndContributionMap": {
              "java": {
                "insertions": 39,
                "deletions": 10
              }
            }
          },
          {
            "hash": "ffb684c67334eedabe16057fe9bc127a6f5152e2",
            "messageTitle": "Add DoneOperation",
            "messageBody": "",
            "tags": [
              "Level-3"
            ],
            "fileTypesAndContributionMap": {
              "java": {
                "insertions": 68,
                "deletions": 19
              }
            }
          },
          {
            "hash": "08701fa5e50e4235903eed4b57b5f4831ef0aaa4",
            "messageTitle": "Add ToDo and Deadline",
            "messageBody": "",
            "fileTypesAndContributionMap": {
              "java": {
                "insertions": 96,
                "deletions": 19
              }
            }
          },
          {
            "hash": "894e10b634808893f4ab4d9d78f1eaf91c6fed51",
            "messageTitle": "Add Event",
            "messageBody": "",
            "tags": [
              "Level-4"
            ],
            "fileTypesAndContributionMap": {
              "java": {
                "insertions": 34,
                "deletions": 0
              }
            }
          },
          {
            "hash": "6492025dbfcd7fd0df62f7e06f8a0e0c9f581179",
            "messageTitle": "Initialise test text files",
            "messageBody": "",
            "fileTypesAndContributionMap": {
              "txt": {
                "insertions": 9,
                "deletions": 0
              },
              "java": {
                "insertions": 0,
                "deletions": 2
              },
              "sh": {
                "insertions": 1,
                "deletions": 1
              }
            }
          },
          {
            "hash": "b971a196daa9ea4579d528491db9b0c37fac38ff",
            "messageTitle": "Complete test case",
            "messageBody": "",
            "tags": [
              "A-TextUiTesting"
            ],
            "fileTypesAndContributionMap": {
              "java": {
                "insertions": 6,
                "deletions": 6
              }
            }
          },
          {
            "hash": "5a2168c7e9fe5ffbcdb44c1571dc341797955640",
            "messageTitle": "Refactor TaskFactory to CommandParser",
            "messageBody": "",
            "fileTypesAndContributionMap": {
              "java": {
                "insertions": 68,
                "deletions": 50
              }
            }
          },
          {
            "hash": "72880a256975313eb2e0e41e4d19cd7ce7ad60e5",
            "messageTitle": "Add exception handling",
            "messageBody": "",
            "tags": [
              "Level-5"
            ],
            "fileTypesAndContributionMap": {
              "txt": {
                "insertions": 2,
                "deletions": 0
              },
              "java": {
                "insertions": 109,
                "deletions": 43
              }
            }
          },
          {
            "hash": "c535e0719731db845e1aad763a1791f3538ba7e6",
            "messageTitle": "TaskStorage class: change array to arraylist",
            "messageBody": "",
            "fileTypesAndContributionMap": {
              "java": {
                "insertions": 10,
                "deletions": 11
              }
            }
          },
          {
            "hash": "13c3fc33dc5c4d12cb56b0400a6927fbd82b9af6",
            "messageTitle": "Add delete functionality",
            "messageBody": "",
            "fileTypesAndContributionMap": {
              "txt": {
                "insertions": 4,
                "deletions": 0
              },
              "java": {
                "insertions": 42,
                "deletions": 4
              }
            }
          }
        ]
      },
      {
        "date": "2020-08-16",
        "commitResults": [
          {
            "hash": "f88006a262dbeacfd7dc9b53a4ac184f2e57bfe2",
            "messageTitle": "Refactor parsing functions",
            "messageBody": "",
            "fileTypesAndContributionMap": {
              "java": {
                "insertions": 164,
                "deletions": 142
              }
            }
          },
          {
            "hash": "79c9dcc6592e610fdf801b053d41239fafb7a8a0",
            "messageTitle": "Fix warnings",
            "messageBody": "",
            "tags": [
              "Level-6"
            ],
            "fileTypesAndContributionMap": {
              "java": {
                "insertions": 5,
                "deletions": 8
              }
            }
          },
          {
            "hash": "d336d8a3e91b4b0ac84317b6528b0700ac6decbf",
            "messageTitle": "Remove sources.txt file",
            "messageBody": "",
            "fileTypesAndContributionMap": {
              "txt": {
                "insertions": 0,
                "deletions": 1
              }
            }
          },
          {
            "hash": "073d4c5914152e3a0103b0a60a197484cb01edb6",
            "messageTitle": "Add commandtypes",
            "messageBody": "",
            "fileTypesAndContributionMap": {
              "java": {
                "insertions": 19,
                "deletions": 8
              }
            }
          }
        ]
      },
      {
        "date": "2020-08-17",
        "commitResults": [
          {
            "hash": "c5c6d410397b46c66edd52700e90f1cb3d7c84dc",
            "messageTitle": "Change task completion to unicode tick and cross",
            "messageBody": "",
            "fileTypesAndContributionMap": {
              "txt": {
                "insertions": 4,
                "deletions": 0
              },
              "java": {
                "insertions": 4,
                "deletions": 7
              },
              "sh": {
                "insertions": 2,
                "deletions": 0
              }
            }
          }
        ]
      },
      {
        "date": "2020-08-18",
        "commitResults": [
          {
            "hash": "0cb0ec525a7043e4086d4ebcecf4f949f562d203",
            "messageTitle": "CommandParser class: include guard clauses",
            "messageBody": "",
            "fileTypesAndContributionMap": {
              "java": {
                "insertions": 31,
                "deletions": 23
              }
            }
          }
        ]
      },
      {
        "date": "2020-08-22",
        "commitResults": [
          {
            "hash": "7bf65e68be32b4c9f7ae8066132aded71faebc1b",
            "messageTitle": "Change TaskStorage to TaskList",
            "messageBody": "",
            "fileTypesAndContributionMap": {
              "java": {
                "insertions": 74,
                "deletions": 74
              }
            }
          },
          {
            "hash": "a77f354c3e3e59e8806f6aab2d1d5600f1ac9dcb",
            "messageTitle": "Add task storage",
            "messageBody": "",
            "fileTypesAndContributionMap": {
              "txt": {
                "insertions": 4,
                "deletions": 0
              },
              "java": {
                "insertions": 192,
                "deletions": 19
              }
            }
          },
          {
            "hash": "78adaa00c8ce8677ef5b89b709beb22a7609dbf7",
            "messageTitle": "Add datetime functionality",
            "messageBody": "",
            "fileTypesAndContributionMap": {
              "txt": {
                "insertions": 4,
                "deletions": 2
              },
              "java": {
                "insertions": 46,
                "deletions": 15
              }
            }
          },
          {
            "hash": "c1bb38177bf52294d236b53ee536b1a69702939b",
            "messageTitle": "Remove taskstorage text file",
            "messageBody": "",
            "tags": [
              "Level-7"
            ],
            "fileTypesAndContributionMap": {
              "txt": {
                "insertions": 0,
                "deletions": 4
              }
            }
          },
          {
            "hash": "4a96770faa8dc023b820395fe8ce7d0515b9cf4f",
            "messageTitle": "Extract storage parser class",
            "messageBody": "",
            "tags": [
              "Level-8"
            ],
            "fileTypesAndContributionMap": {
              "java": {
                "insertions": 65,
                "deletions": 40
              }
            }
          },
          {
            "hash": "9e6d65389fef757b2396a2a99b64af8a50309154",
            "messageTitle": "Add ui class",
            "messageBody": "",
            "fileTypesAndContributionMap": {
              "java": {
                "insertions": 106,
                "deletions": 71
              }
            }
          },
          {
            "hash": "04537f4e6f83256b7745983b50e8638d6f7883cb",
            "messageTitle": "Improve done and delete command parsing",
            "messageBody": "",
            "tags": [
              "A-MoreOOP"
            ],
            "fileTypesAndContributionMap": {
              "java": {
                "insertions": 7,
                "deletions": 4
              }
            }
          },
          {
            "hash": "771ef2935145373cd60b8be349f290bead7a6472",
            "messageTitle": "Move all classes to duke folder",
            "messageBody": "",
            "tags": [
              "A-Packages"
            ],
            "fileTypesAndContributionMap": {
              "java": {
                "insertions": 72,
                "deletions": 70
              },
              "sh": {
                "insertions": 1,
                "deletions": 1
              }
            }
          },
          {
            "hash": "c37fbee0852df30be8d36bc88e5e64fe0f0c621d",
            "messageTitle": "Add unit tests for utils and datetime",
            "messageBody": "",
            "fileTypesAndContributionMap": {
              "java": {
                "insertions": 164,
                "deletions": 49
              }
            }
          },
          {
            "hash": "f572d1d7f487b87e77d436fd64468be25530fe79",
            "messageTitle": "Add unit tests for tasks",
            "messageBody": "",
            "tags": [
              "A-JUnit"
            ],
            "fileTypesAndContributionMap": {
              "java": {
                "insertions": 252,
                "deletions": 42
              }
            }
          }
        ]
      },
      {
        "date": "2020-08-23",
        "commitResults": [
          {
            "hash": "38147e0786cf4f5f14ca02fa2c273556fdb3353a",
            "messageTitle": "Fix task loading exception issue",
            "messageBody": "",
            "fileTypesAndContributionMap": {
              "java": {
                "insertions": 54,
                "deletions": 42
              }
            }
          },
          {
            "hash": "e8ca65a8ca40b3c3622da0063847066c92438cb2",
            "messageTitle": "Add java docs",
            "messageBody": "",
            "tags": [
              "A-JavaDoc"
            ],
            "fileTypesAndContributionMap": {
              "java": {
                "insertions": 414,
                "deletions": 0
              }
            }
          },
          {
            "hash": "efa88068c4f5f9f16922be24355023c20f1b901c",
            "messageTitle": "Implement coding standard",
            "messageBody": "",
            "fileTypesAndContributionMap": {
              "java": {
                "insertions": 11,
                "deletions": 12
              }
            }
          },
          {
            "hash": "a0ef6bee55aceb150afdec0bf8e86a0cc2fee480",
            "messageTitle": "Add find operation",
            "messageBody": "",
            "fileTypesAndContributionMap": {
              "java": {
                "insertions": 49,
                "deletions": 8
              }
            }
          },
          {
            "hash": "adaa7fad73c6e1b9a8684902a239c69112d36c98",
            "messageTitle": "Convert command type to an enum",
            "messageBody": "",
            "fileTypesAndContributionMap": {
              "txt": {
                "insertions": 2,
                "deletions": 0
              },
              "java": {
                "insertions": 71,
                "deletions": 31
              },
              "sh": {
                "insertions": 2,
                "deletions": 2
              }
            }
          }
        ]
      },
      {
        "date": "2020-08-24",
        "commitResults": [
          {
            "hash": "6e5aba0dc2cde979e75768b65e09113716db7250",
            "messageTitle": "Add java docs for ui class",
            "messageBody": "",
            "fileTypesAndContributionMap": {
              "java": {
                "insertions": 24,
                "deletions": 0
              }
            }
          }
        ]
      },
      {
        "date": "2020-08-25",
        "commitResults": [
          {
            "hash": "e37b6af3043c0569a0cf6b7b1c742856e32516cc",
            "messageTitle": "Fix done and delete indexing bug",
            "messageBody": "",
            "fileTypesAndContributionMap": {
              "java": {
                "insertions": 51,
                "deletions": 28
              }
            }
          }
        ]
      },
      {
        "date": "2020-08-26",
        "commitResults": [
          {
            "hash": "68df4ae9e33fcabcbd38a3400087e547f0e58c6e",
            "messageTitle": "Add parameterize tests",
            "messageBody": "",
            "tags": [
              "Level-9"
            ],
            "fileTypesAndContributionMap": {
              "java": {
                "insertions": 41,
                "deletions": 16
              }
            }
          },
          {
            "hash": "e975fb76e9bf4c70136a48367fff88755eb8cc72",
            "messageTitle": "Add tests for parsers",
            "messageBody": "",
            "fileTypesAndContributionMap": {
              "java": {
                "insertions": 182,
                "deletions": 4
              }
            }
          },
          {
            "hash": "0af275b5a66798b75413d111ee176e11e26c8cd8",
            "messageTitle": "Fix event and deadline equals method",
            "messageBody": "",
            "fileTypesAndContributionMap": {
              "java": {
                "insertions": 4,
                "deletions": 2
              }
            }
          }
        ]
      },
      {
        "date": "2020-08-27",
        "commitResults": [
          {
            "hash": "5d5744607c6b6ae38f4ffc7c97af5aa58e9771de",
            "messageTitle": "Improve java docs",
            "messageBody": "",
            "fileTypesAndContributionMap": {
              "java": {
                "insertions": 229,
                "deletions": 215
              }
            }
          },
          {
            "hash": "f5a627dbed35c43540bb3b96e3e7c6ea2a16e8fc",
            "messageTitle": "Move showDivider method to within showStatus",
            "messageBody": "",
            "fileTypesAndContributionMap": {
              "txt": {
                "insertions": 1,
                "deletions": 0
              },
              "java": {
                "insertions": 3,
                "deletions": 5
              }
            }
          },
          {
            "hash": "5c895e8843d102928c3ea7dc5e5397fa4dcbd8db",
            "messageTitle": "Rename method isLengthSmaller to isValidLength",
            "messageBody": "",
            "fileTypesAndContributionMap": {
              "txt": {
                "insertions": 0,
                "deletions": 1
              }
            }
          },
          {
            "hash": "3d8f4ca3a86dd4125de8bb92b9d9fdd01b730560",
            "messageTitle": "Fix blank line printing sequence",
            "messageBody": "",
            "fileTypesAndContributionMap": {
              "java": {
                "insertions": 9,
                "deletions": 8
              }
            }
          }
        ]
      }
    ]
  },
  "authorFileTypeContributionMap": {
    "ruixuantan": {
      "java": 1911,
      "md": 0,
      "fxml": 0,
      "sh": 4,
      "bat": 0,
      "gradle": 0,
      "txt": 22
    }
  },
  "authorContributionVariance": {
    "ruixuantan": 166726.83
  },
  "authorDisplayNameMap": {
    "ruixuantan": "CS2103T-T10-4 TAN ..XUAN"
  }
}
