{
  "authorDailyContributionsMap": {
    "rachel170": [
      {
        "date": "2020-08-18",
        "commitResults": [
          {
            "hash": "be73c1cdf52684e765a251056882833171fc1807",
            "messageTitle": "Modified Greetings, added Echo feature and Exit feature",
            "messageBody": "",
            "tags": [
              "Level-1"
            ],
            "fileTypesAndContributionMap": {
              "java": {
                "insertions": 41,
                "deletions": 1
              }
            }
          },
          {
            "hash": "6aec828fdbe9913f202e5fa1df2b6e5e2ce9ccbd",
            "messageTitle": "Added ability to store text input from user",
            "messageBody": "",
            "fileTypesAndContributionMap": {
              "java": {
                "insertions": 8,
                "deletions": 4
              }
            }
          },
          {
            "hash": "b4ca0f24b0e00e49e9c302dd2a514851c951a16a",
            "messageTitle": "Added ability to display stored user inputs",
            "messageBody": "",
            "tags": [
              "Level-2"
            ],
            "fileTypesAndContributionMap": {
              "java": {
                "insertions": 12,
                "deletions": 0
              }
            }
          },
          {
            "hash": "0a4310ae4d75c24fa7fa30dd4c173cce00ce73dd",
            "messageTitle": "Customized some of Duke\u0027s outputs",
            "messageBody": "",
            "fileTypesAndContributionMap": {
              "java": {
                "insertions": 2,
                "deletions": 2
              }
            }
          },
          {
            "hash": "edd8c59513281fd136aa83d9d6e01d437caf5f71",
            "messageTitle": "Added Task Class and ability to mark Task as done",
            "messageBody": "",
            "tags": [
              "Level-3"
            ],
            "fileTypesAndContributionMap": {
              "java": {
                "insertions": 77,
                "deletions": 16
              }
            }
          }
        ]
      },
      {
        "date": "2020-08-19",
        "commitResults": [
          {
            "hash": "0a06809b79f1406f478960dada2426e0afe03965",
            "messageTitle": "Added Event, Deadline and Todo class inherited from Task, suppoorts tracking for 3 task types",
            "messageBody": "",
            "tags": [
              "Level-4"
            ],
            "fileTypesAndContributionMap": {
              "java": {
                "insertions": 122,
                "deletions": 21
              }
            }
          }
        ]
      },
      {
        "date": "2020-08-20",
        "commitResults": [
          {
            "hash": "a7261ffeac2fe696e96e8c403885233756018166",
            "messageTitle": "Added Semi-Automatic Testing",
            "messageBody": "",
            "tags": [
              "A-TextUiTesting"
            ],
            "fileTypesAndContributionMap": {
              "txt": {
                "insertions": 12,
                "deletions": 0
              },
              "java": {
                "insertions": 2,
                "deletions": 2
              },
              "bat": {
                "insertions": 6,
                "deletions": 1
              }
            }
          },
          {
            "hash": "406ffdd3616448a70777723e0f137633eb417cea",
            "messageTitle": "Moditified printList to handle empty list prints",
            "messageBody": "",
            "fileTypesAndContributionMap": {
              "java": {
                "insertions": 4,
                "deletions": 0
              }
            }
          },
          {
            "hash": "be81807e411b66e0cbbc92e906cd3a21512e5a78",
            "messageTitle": "Added DukeException class to handle error in user input",
            "messageBody": "",
            "tags": [
              "Level-5"
            ],
            "fileTypesAndContributionMap": {
              "txt": {
                "insertions": 4,
                "deletions": 0
              },
              "java": {
                "insertions": 117,
                "deletions": 69
              }
            }
          },
          {
            "hash": "e5217d1f86180fc1d50542e726fb09f21db10ed5",
            "messageTitle": "Added function to delete tasks from list. Also modified list to be ArrayList and removed counter for list. Updated semi-automatic test cases.",
            "messageBody": "",
            "tags": [
              "Level-6"
            ],
            "fileTypesAndContributionMap": {
              "txt": {
                "insertions": 3,
                "deletions": 0
              },
              "java": {
                "insertions": 44,
                "deletions": 22
              }
            }
          }
        ]
      }
    ]
  },
  "authorFileTypeContributionMap": {
    "rachel170": {
      "java": 292,
      "md": 0,
      "fxml": 0,
      "sh": 0,
      "bat": 6,
      "gradle": 0,
      "txt": 19
    }
  },
  "authorContributionVariance": {
    "rachel170": 11249.674
  },
  "authorDisplayNameMap": {
    "rachel170": "RACH..YING"
  }
}
