{
  "authorDailyContributionsMap": {
    "theodoreleebrant": [
      {
        "date": "2020-08-16",
        "commitResults": [
          {
            "hash": "7b4ed7328b6ef5c52e05e14819ce79dbdc9b2b6e",
            "messageTitle": "Level 1 commit Add greet, echo, and exit function",
            "messageBody": "",
            "fileTypesAndContributionMap": {
              "java": {
                "insertions": 23,
                "deletions": 6
              }
            }
          },
          {
            "hash": "c68b25550df32634bf9bd6c77241e56599e182a3",
            "messageTitle": "Level 1 commit Add greet, echo, and exit function",
            "messageBody": "",
            "fileTypesAndContributionMap": {
              "java": {
                "insertions": 23,
                "deletions": 6
              }
            }
          },
          {
            "hash": "211000dd46d2db959ae02b75a9e226f3ae667065",
            "messageTitle": "Fix delimiter bug Change next() to nextLine() for scanner as the only delimiter that should be accepted is a newline character.",
            "messageBody": "",
            "fileTypesAndContributionMap": {
              "java": {
                "insertions": 1,
                "deletions": 1
              }
            }
          },
          {
            "hash": "41d47420d250ec69392317e2d3635008f409c360",
            "messageTitle": "Finish Level 2 Add the ability to store whatever text entered by the user and display them back to the user when requested.",
            "messageBody": "",
            "tags": [
              "A-Collections"
            ],
            "fileTypesAndContributionMap": {
              "java": {
                "insertions": 25,
                "deletions": 8
              }
            }
          },
          {
            "hash": "83a37e25cd71456e120a2610b3f592b71e1613e0",
            "messageTitle": "Add list function",
            "messageBody": "",
            "tags": [
              "Level-2"
            ],
            "fileTypesAndContributionMap": {
              "java": {
                "insertions": 4,
                "deletions": 2
              }
            }
          },
          {
            "hash": "8624b270784a0541a98466ab04fdc383b304a9ba",
            "messageTitle": "Finish Level 3 Add the ability to mark tasks as done.",
            "messageBody": "",
            "tags": [
              "Level-3",
              "A-Classes"
            ],
            "fileTypesAndContributionMap": {
              "java": {
                "insertions": 68,
                "deletions": 21
              }
            }
          }
        ]
      },
      {
        "date": "2020-08-17",
        "commitResults": [
          {
            "hash": "cd5fbe7806c082f632960fb9bafa07f51542331d",
            "messageTitle": "Complete Level 4 tasks. Add three types of tasks:     ToDos: tasks without any date/time attached to it e.g., visit new theme park     Deadlines: tasks that need to be done before a specific date/time e.g., submit report by 11/10/2019 5pm     Events: tasks that start at a specific time and ends at a specific time e.g., team project meeting on 2/10/2019 2-4pm Change formatting of output",
            "messageBody": "",
            "tags": [
              "Level-4",
              "A-TextUiTesting",
              "A-Inheritance"
            ],
            "fileTypesAndContributionMap": {
              "txt": {
                "insertions": 1,
                "deletions": 0
              },
              "java": {
                "insertions": 103,
                "deletions": 22
              },
              "sh": {
                "insertions": 1,
                "deletions": 1
              }
            }
          }
        ]
      },
      {
        "date": "2020-08-19",
        "commitResults": [
          {
            "hash": "cccd259a4d5253df1b24c7e9f108678fd3bb7a34",
            "messageTitle": "Add parser",
            "messageBody": "",
            "fileTypesAndContributionMap": {
              "java": {
                "insertions": 53,
                "deletions": 1
              }
            }
          },
          {
            "hash": "d2e7f8fe389ce5c3dd4a5d802e177e55f7445714",
            "messageTitle": "fix bug for todo",
            "messageBody": "",
            "fileTypesAndContributionMap": {
              "java": {
                "insertions": 28,
                "deletions": 27
              }
            }
          }
        ]
      },
      {
        "date": "2020-08-20",
        "commitResults": [
          {
            "hash": "1d6524dd719fe4f93624adc9ff3799e2f9c3441b",
            "messageTitle": "Implement error handling Use exception to handle errors.",
            "messageBody": "",
            "tags": [
              "Level-5",
              "A-Exceptions",
              "A-Enums"
            ],
            "fileTypesAndContributionMap": {
              "txt": {
                "insertions": 32,
                "deletions": 1
              },
              "java": {
                "insertions": 124,
                "deletions": 62
              }
            }
          },
          {
            "hash": "ef08a76fe3fd151bc6baecaa8062af909f23cfa7",
            "messageTitle": "indentation bugfix",
            "messageBody": "",
            "fileTypesAndContributionMap": {
              "java": {
                "insertions": 43,
                "deletions": 2
              }
            }
          },
          {
            "hash": "759dc3158e79e026b8b5bd50a7d47dfa51ef53f7",
            "messageTitle": "Level 6 submission",
            "messageBody": "",
            "tags": [
              "Level-6"
            ],
            "fileTypesAndContributionMap": {
              "java": {
                "insertions": 52,
                "deletions": 55
              }
            }
          },
          {
            "hash": "f37d6f66f7c6f9b646f6c5fbdca18ee530d1a593",
            "messageTitle": "Add case-insensitive handling",
            "messageBody": "",
            "fileTypesAndContributionMap": {
              "java": {
                "insertions": 17,
                "deletions": 18
              }
            }
          }
        ]
      },
      {
        "date": "2020-08-27",
        "commitResults": [
          {
            "hash": "35ff5a2944eb138a6656cf53e5e4992c2fe91d95",
            "messageTitle": "Refactor code to adhere to OOP",
            "messageBody": "",
            "tags": [
              "A-MoreOOP"
            ],
            "fileTypesAndContributionMap": {
              "java": {
                "insertions": 121,
                "deletions": 87
              }
            }
          },
          {
            "hash": "b402bcda93d91eb7cdf6b4142531bbda767cfcac",
            "messageTitle": "Add ability to save the tasks in the hard disk automatically when task list closes",
            "messageBody": "",
            "tags": [
              "Level-7"
            ],
            "fileTypesAndContributionMap": {
              "java": {
                "insertions": 4,
                "deletions": 1
              }
            }
          },
          {
            "hash": "adb5952ce9cd33836cb8eff78dca63aa2e057609",
            "messageTitle": "Resolve conflict",
            "messageBody": "",
            "fileTypesAndContributionMap": {
              "java": {
                "insertions": 10,
                "deletions": 4
              }
            }
          },
          {
            "hash": "a25744c98233580a728aba356f93f918694975b5",
            "messageTitle": "Resolve conflict (try 2)",
            "messageBody": "",
            "fileTypesAndContributionMap": {
              "java": {
                "insertions": 10,
                "deletions": 6
              }
            }
          },
          {
            "hash": "d81e18db5f19de7e54348d5ffdc168b64a4b7cf0",
            "messageTitle": "Revert \"Resolve conflict (try 2)\"",
            "messageBody": "This reverts commit a25744c98233580a728aba356f93f918694975b5.\n",
            "fileTypesAndContributionMap": {
              "java": {
                "insertions": 6,
                "deletions": 10
              }
            }
          },
          {
            "hash": "8a606e7a8dca39e96eb7cb9bf4f7454bc10aca66",
            "messageTitle": "Add support for date and time",
            "messageBody": "",
            "tags": [
              "Level-8"
            ],
            "fileTypesAndContributionMap": {
              "java": {
                "insertions": 15,
                "deletions": 8
              }
            }
          },
          {
            "hash": "92bd6290a4286bf77a9a06b34600e1318ff0564b",
            "messageTitle": "Implement searching",
            "messageBody": "",
            "tags": [
              "Level-9"
            ],
            "fileTypesAndContributionMap": {
              "java": {
                "insertions": 17,
                "deletions": 3
              }
            }
          },
          {
            "hash": "a1ab792e10993ac61b64496af3990336034bd9d3",
            "messageTitle": "Add JUnit tests",
            "messageBody": "",
            "tags": [
              "A-Jar",
              "A-JUnit",
              "0.0.1"
            ],
            "fileTypesAndContributionMap": {
              "java": {
                "insertions": 60,
                "deletions": 12
              }
            }
          },
          {
            "hash": "bedc508ca716738bfcd26e539536f97d02d9d1bc",
            "messageTitle": "Edit braces to comply with coding standard",
            "messageBody": "",
            "tags": [
              "A-CodingStandard"
            ],
            "fileTypesAndContributionMap": {
              "java": {
                "insertions": 5,
                "deletions": 19
              }
            }
          },
          {
            "hash": "3011204003abe5678c1e429cf579329576c1d1e3",
            "messageTitle": "Add Javadocs header comment",
            "messageBody": "",
            "tags": [
              "A-JavaDoc"
            ],
            "fileTypesAndContributionMap": {
              "java": {
                "insertions": 10,
                "deletions": 1
              }
            }
          },
          {
            "hash": "272ea4c31c00cf7edba007f268dae8a108ffcd30",
            "messageTitle": "Put files in package",
            "messageBody": "",
            "tags": [
              "A-Packages"
            ],
            "fileTypesAndContributionMap": {
              "java": {
                "insertions": 24,
                "deletions": 0
              }
            }
          },
          {
            "hash": "b8f22dfe3493d9baf34630df85f24d8d65a507da",
            "messageTitle": "remove todo",
            "messageBody": "",
            "fileTypesAndContributionMap": {
              "java": {
                "insertions": 1,
                "deletions": 2
              }
            }
          },
          {
            "hash": "c793a5db0cc65a00cc3058dcefd644e0f623663f",
            "messageTitle": "Add more javadocs",
            "messageBody": "",
            "fileTypesAndContributionMap": {
              "java": {
                "insertions": 5,
                "deletions": 1
              }
            }
          },
          {
            "hash": "335e1ad31aa723b98e3119ffd30c037f3a9a78cf",
            "messageTitle": "Cleanup \u0027find\u0027 code",
            "messageBody": "",
            "fileTypesAndContributionMap": {
              "java": {
                "insertions": 0,
                "deletions": 2
              }
            }
          }
        ]
      }
    ]
  },
  "authorFileTypeContributionMap": {
    "theodoreleebrant": {
      "java": 454,
      "md": 0,
      "fxml": 0,
      "sh": 1,
      "bat": 0,
      "gradle": 0,
      "txt": 32
    }
  },
  "authorContributionVariance": {
    "theodoreleebrant": 22104.637
  },
  "authorDisplayNameMap": {
    "theodoreleebrant": "CS2103-F09-1 THEO..RANT"
  }
}
