{
  "authorDailyContributionsMap": {
    "leeweiminsg": [
      {
        "date": "2020-08-14",
        "commitResults": [
          {
            "hash": "938ae30d74b46d2ffeccdf58c396443d09e3a6b5",
            "messageTitle": "Complete Level-1",
            "messageBody": "",
            "tags": [
              "Level-1"
            ],
            "fileTypesAndContributionMap": {
              "java": {
                "insertions": 26,
                "deletions": 7
              }
            }
          },
          {
            "hash": "b2f81e22c3d30271da73acd59cba851447c3e0fb",
            "messageTitle": "Complete Level-2",
            "messageBody": "",
            "tags": [
              "Level-2"
            ],
            "fileTypesAndContributionMap": {
              "java": {
                "insertions": 13,
                "deletions": 1
              }
            }
          },
          {
            "hash": "8390151826a4f20c6980d7c8c926d321eae71b8d",
            "messageTitle": "Complete Level-3",
            "messageBody": "",
            "tags": [
              "Level-3"
            ],
            "fileTypesAndContributionMap": {
              "java": {
                "insertions": 40,
                "deletions": 11
              }
            }
          },
          {
            "hash": "1f5eec2daa469e3d28f92b36f6787b7042eea729",
            "messageTitle": "Complete Level-4",
            "messageBody": "",
            "fileTypesAndContributionMap": {
              "java": {
                "insertions": 51,
                "deletions": 10
              }
            }
          },
          {
            "hash": "5296011e48ded14405c0ef5a8f48b2fcb7d8f8c1",
            "messageTitle": "Revert \"Complete Level-4\"",
            "messageBody": "This reverts commit 1f5eec2daa469e3d28f92b36f6787b7042eea729.\n",
            "fileTypesAndContributionMap": {
              "java": {
                "insertions": 10,
                "deletions": 51
              }
            }
          },
          {
            "hash": "b87d05d26c00c632bb4c6a176cafad896cd4e6e9",
            "messageTitle": "Revert \"Revert \"Complete Level-4\"\"",
            "messageBody": "This reverts commit 5296011e48ded14405c0ef5a8f48b2fcb7d8f8c1.\n",
            "tags": [
              "Level-4"
            ],
            "fileTypesAndContributionMap": {
              "java": {
                "insertions": 51,
                "deletions": 10
              }
            }
          },
          {
            "hash": "29b2b6e6eb37019c03fb662307e0dfe0f800d930",
            "messageTitle": "Complete A-TextUiTesting",
            "messageBody": "",
            "tags": [
              "A-TextUiTesting"
            ],
            "fileTypesAndContributionMap": {
              "txt": {
                "insertions": 4,
                "deletions": 0
              }
            }
          },
          {
            "hash": "d4a6663ce1c07b481045dc39d1ad851e92406ba7",
            "messageTitle": "Complete Level-5",
            "messageBody": "",
            "tags": [
              "Level-5"
            ],
            "fileTypesAndContributionMap": {
              "java": {
                "insertions": 17,
                "deletions": 6
              }
            }
          },
          {
            "hash": "e8a2e980e05174fb4173617fc7d8cae6ef04878f",
            "messageTitle": "Complete Level-6",
            "messageBody": "",
            "tags": [
              "v0.1",
              "Level-6"
            ],
            "fileTypesAndContributionMap": {
              "java": {
                "insertions": 28,
                "deletions": 5
              }
            }
          }
        ]
      },
      {
        "date": "2020-08-23",
        "commitResults": [
          {
            "hash": "835ca524a2c24f93ef9f13c36470964ed875fbea",
            "messageTitle": "Complete level-7",
            "messageBody": "",
            "fileTypesAndContributionMap": {
              "txt": {
                "insertions": 3,
                "deletions": 0
              },
              "java": {
                "insertions": 197,
                "deletions": 49
              }
            }
          },
          {
            "hash": "56fff056763ca671cd9cca3a2bf3e780454241ce",
            "messageTitle": "Complete Level-8",
            "messageBody": "",
            "fileTypesAndContributionMap": {
              "txt": {
                "insertions": 3,
                "deletions": 0
              },
              "java": {
                "insertions": 242,
                "deletions": 66
              }
            }
          },
          {
            "hash": "5ecc665a0b2dce3e6df1bea87bb6411ead08f98d",
            "messageTitle": "Complete A-MoreOOP",
            "messageBody": "",
            "tags": [
              "A-MoreOOP"
            ],
            "fileTypesAndContributionMap": {
              "txt": {
                "insertions": 13,
                "deletions": 0
              },
              "java": {
                "insertions": 158,
                "deletions": 70
              }
            }
          },
          {
            "hash": "b3cebcf719338e261380275010838c7a618b858a",
            "messageTitle": "Complete A-JUnit",
            "messageBody": "",
            "tags": [
              "A-JUnit"
            ],
            "fileTypesAndContributionMap": {
              "java": {
                "insertions": 26,
                "deletions": 0
              }
            }
          },
          {
            "hash": "302f632ab522e148fbde13b72c2412e96f57a4c0",
            "messageTitle": "Complete A-JavaDoc",
            "messageBody": "",
            "fileTypesAndContributionMap": {
              "java": {
                "insertions": 151,
                "deletions": 8
              }
            }
          },
          {
            "hash": "0dfa627ac0f18160919273ef06e8094656399ffe",
            "messageTitle": "Complete A-CodingStandard",
            "messageBody": "",
            "fileTypesAndContributionMap": {
              "java": {
                "insertions": 6,
                "deletions": 3
              }
            }
          },
          {
            "hash": "fb9b1cda7167c65f0eebb70150d2f27db6a4b68d",
            "messageTitle": "Complete Level-9",
            "messageBody": "",
            "fileTypesAndContributionMap": {
              "java": {
                "insertions": 50,
                "deletions": 6
              }
            }
          }
        ]
      },
      {
        "date": "2020-08-30",
        "commitResults": [
          {
            "hash": "022fe64e7bf0cc1fceb8e55a3ebba27bc60b5793",
            "messageTitle": "Complete Level-10",
            "messageBody": "",
            "fileTypesAndContributionMap": {
              "gradle": {
                "insertions": 16,
                "deletions": 1
              },
              "txt": {
                "insertions": 1,
                "deletions": 1
              },
              "java": {
                "insertions": 356,
                "deletions": 2
              }
            }
          }
        ]
      },
      {
        "date": "2020-09-11",
        "commitResults": [
          {
            "hash": "5db4ece3246caf3815584d987d7674b15ee060bb",
            "messageTitle": "Fix display issues",
            "messageBody": "",
            "fileTypesAndContributionMap": {
              "gradle": {
                "insertions": 9,
                "deletions": 9
              }
            }
          },
          {
            "hash": "ac034d2879d20e56e3f25b5d4095a2af9af85dd7",
            "messageTitle": "Add assertions",
            "messageBody": "",
            "fileTypesAndContributionMap": {
              "java": {
                "insertions": 2,
                "deletions": 0
              }
            }
          },
          {
            "hash": "a1d136f88eb443a3ae51f220cc1f7dcdfecfdac2",
            "messageTitle": "Improve code quality",
            "messageBody": "",
            "fileTypesAndContributionMap": {
              "java": {
                "insertions": 11,
                "deletions": 14
              }
            }
          },
          {
            "hash": "e1a5623309d4c2049441a718e826b52a0752e5f0",
            "messageTitle": "Add duplicate detection",
            "messageBody": "",
            "fileTypesAndContributionMap": {
              "java": {
                "insertions": 50,
                "deletions": 12
              }
            }
          },
          {
            "hash": "53967416a3fec4641806e5a81ea6604bc495beff",
            "messageTitle": "Add user guide",
            "messageBody": "",
            "fileTypesAndContributionMap": {
              "md": {
                "insertions": 35,
                "deletions": 10
              }
            }
          }
        ]
      }
    ]
  },
  "authorFileTypeContributionMap": {
    "leeweiminsg": {
      "java": 1004,
      "md": 27,
      "fxml": 0,
      "sh": 0,
      "bat": 0,
      "gradle": 21,
      "txt": 20
    }
  },
  "authorContributionVariance": {
    "leeweiminsg": 43409.117
  },
  "authorDisplayNameMap": {
    "leeweiminsg": "CS2103T-W17-2 LEE .. MIN"
  }
}
