{
  "authorDailyContributionsMap": {
    "EkamSinghPandher": [
      {
        "date": "2020-08-19",
        "commitResults": [
          {
            "hash": "840641f428de20f693a588dbeb62b913b350d274",
            "messageTitle": "Level 1 completed",
            "messageBody": "",
            "fileTypesAndContributionMap": {
              "java": {
                "insertions": 34,
                "deletions": 6
              }
            }
          },
          {
            "hash": "dd0d0a51cf737f91ad8a1c79e80af7eea0165e04",
            "messageTitle": "Level 2 added",
            "messageBody": "",
            "tags": [
              "Level-2"
            ],
            "fileTypesAndContributionMap": {
              "java": {
                "insertions": 16,
                "deletions": 1
              }
            }
          },
          {
            "hash": "25ea6aba411ef70edf5ba97ebb36c177eaaea51c",
            "messageTitle": "added Task, TaskList classes",
            "messageBody": "",
            "fileTypesAndContributionMap": {
              "java": {
                "insertions": 53,
                "deletions": 5
              }
            }
          },
          {
            "hash": "be91a780b4e903b13c362656e5fedc5a26177ff0",
            "messageTitle": "Added level 3",
            "messageBody": "",
            "tags": [
              "Level-3"
            ],
            "fileTypesAndContributionMap": {
              "java": {
                "insertions": 28,
                "deletions": 6
              }
            }
          }
        ]
      },
      {
        "date": "2020-08-20",
        "commitResults": [
          {
            "hash": "6444fc387c81fa0c2291bcc70e24c4f9c5e0597a",
            "messageTitle": "added deadline and todo with some error handling",
            "messageBody": "",
            "fileTypesAndContributionMap": {
              "java": {
                "insertions": 181,
                "deletions": 80
              }
            }
          },
          {
            "hash": "07f7c070ceae5ef57330ade8d591e352312812e7",
            "messageTitle": "added level 4",
            "messageBody": "",
            "tags": [
              "Level-4"
            ],
            "fileTypesAndContributionMap": {
              "java": {
                "insertions": 41,
                "deletions": 1
              }
            }
          },
          {
            "hash": "61bea529cb57b9bb28abbec2e7a024203f11ce05",
            "messageTitle": "finished level 5",
            "messageBody": "",
            "tags": [
              "Level-5",
              "Level-1"
            ],
            "fileTypesAndContributionMap": {
              "java": {
                "insertions": 16,
                "deletions": 0
              }
            }
          },
          {
            "hash": "2b130ea2648d4d05743ffb1e46df03f90c88c1d5",
            "messageTitle": "tagging",
            "messageBody": "",
            "fileTypesAndContributionMap": {
              "java": {
                "insertions": 20,
                "deletions": 0
              }
            }
          },
          {
            "hash": "0add604f98ccaf8702782052ed1cc40775fd25a8",
            "messageTitle": "level 6",
            "messageBody": "",
            "tags": [
              "Level-6"
            ],
            "fileTypesAndContributionMap": {
              "java": {
                "insertions": 4,
                "deletions": 0
              }
            }
          },
          {
            "hash": "84ec1cdaba95fdf9cab3a1710c7119fef5311def",
            "messageTitle": "Automated testing",
            "messageBody": "",
            "tags": [
              "A-TextUiTesting"
            ],
            "fileTypesAndContributionMap": {
              "txt": {
                "insertions": 4,
                "deletions": 0
              }
            }
          }
        ]
      },
      {
        "date": "2020-08-26",
        "commitResults": [
          {
            "hash": "35db6e38d6ee30688269c9c869421a5f9e41be03",
            "messageTitle": "Change file structure for packaging",
            "messageBody": "",
            "tags": [
              "Level-7"
            ],
            "fileTypesAndContributionMap": {
              "java": {
                "insertions": 19,
                "deletions": 2
              }
            }
          },
          {
            "hash": "aa03e3bfdf364793d281fa86dfcaf32f563e3fda",
            "messageTitle": "Add Level-7",
            "messageBody": "",
            "fileTypesAndContributionMap": {
              "txt": {
                "insertions": 0,
                "deletions": 0
              },
              "java": {
                "insertions": 171,
                "deletions": 21
              }
            }
          }
        ]
      },
      {
        "date": "2020-08-27",
        "commitResults": [
          {
            "hash": "66037a3b72286ab5db5450a1b4c31729af1e108c",
            "messageTitle": "Add Level-8",
            "messageBody": "",
            "tags": [
              "Level-8"
            ],
            "fileTypesAndContributionMap": {
              "txt": {
                "insertions": 1,
                "deletions": 0
              },
              "java": {
                "insertions": 35,
                "deletions": 20
              }
            }
          },
          {
            "hash": "f32e2d8ee2cb32bae2e46988f61067036f9f128d",
            "messageTitle": "Add UI class to manage output",
            "messageBody": "",
            "fileTypesAndContributionMap": {
              "txt": {
                "insertions": 4,
                "deletions": 1
              },
              "java": {
                "insertions": 123,
                "deletions": 63
              }
            }
          },
          {
            "hash": "4ba9d6a3e3f8de054713223f400b9114e6b53526",
            "messageTitle": "Add More-OOP",
            "messageBody": "",
            "tags": [
              "A-MoreOOP"
            ],
            "fileTypesAndContributionMap": {
              "txt": {
                "insertions": 1,
                "deletions": 4
              },
              "java": {
                "insertions": 308,
                "deletions": 120
              }
            }
          },
          {
            "hash": "75f4ab7afb3f65de7527598cf3cbc2bdf516e1d1",
            "messageTitle": "Move files into different packages",
            "messageBody": "",
            "tags": [
              "A-Packages"
            ],
            "fileTypesAndContributionMap": {
              "java": {
                "insertions": 37,
                "deletions": 37
              }
            }
          },
          {
            "hash": "a411f65881424de487e0007ae31e0e4d4b37f637",
            "messageTitle": "Add J-Unit tests",
            "messageBody": "",
            "tags": [
              "A-JUnit"
            ],
            "fileTypesAndContributionMap": {
              "java": {
                "insertions": 46,
                "deletions": 0
              }
            }
          },
          {
            "hash": "dfed8de36fb62c1a5c3199e5909a76082c515bc3",
            "messageTitle": "Add Javadocs",
            "messageBody": "",
            "fileTypesAndContributionMap": {
              "java": {
                "insertions": 79,
                "deletions": 2
              }
            }
          },
          {
            "hash": "74970b79214f10ea2e2308b385d29ecd3d6d306e",
            "messageTitle": "Add JavaDocs to Storage and Dukebot Class",
            "messageBody": "",
            "tags": [
              "A-JavaDoc"
            ],
            "fileTypesAndContributionMap": {
              "java": {
                "insertions": 13,
                "deletions": 1
              }
            }
          },
          {
            "hash": "7032866f4c2e7ebb6be091da1a557b81e4561fff",
            "messageTitle": "Change variable names to adhere to coding style",
            "messageBody": "",
            "tags": [
              "A-CodingStandard"
            ],
            "fileTypesAndContributionMap": {
              "java": {
                "insertions": 2,
                "deletions": 3
              }
            }
          },
          {
            "hash": "c1c3deda63e504fbf7f09680280f334039f97487",
            "messageTitle": "Add Level-9",
            "messageBody": "",
            "tags": [
              "Level-9"
            ],
            "fileTypesAndContributionMap": {
              "txt": {
                "insertions": 4,
                "deletions": 0
              },
              "java": {
                "insertions": 53,
                "deletions": 1
              }
            }
          }
        ]
      },
      {
        "date": "2020-08-29",
        "commitResults": [
          {
            "hash": "7f82ac88a701ada2bb7d72dd88a8f5c8eec57563",
            "messageTitle": "Fix style to match standard",
            "messageBody": "",
            "fileTypesAndContributionMap": {
              "java": {
                "insertions": 17,
                "deletions": 17
              }
            }
          }
        ]
      }
    ]
  },
  "authorFileTypeContributionMap": {
    "EkamSinghPandher": {
      "java": 916,
      "md": 0,
      "fxml": 0,
      "sh": 0,
      "bat": 0,
      "gradle": 0,
      "txt": 9
    }
  },
  "authorContributionVariance": {
    "EkamSinghPandher": 57878.844
  },
  "authorDisplayNameMap": {
    "EkamSinghPandher": "CS2103-F10-2 EKAM..DHER"
  }
}
