{
  "authorDailyContributionsMap": {
    "EkamSinghPandher": [
      {
        "date": "2020-08-19",
        "commitResults": [
          {
            "hash": "840641f428de20f693a588dbeb62b913b350d274",
            "messageTitle": "Level 1 completed",
            "messageBody": "",
            "fileTypesAndContributionMap": {
              "java": {
                "insertions": 34,
                "deletions": 6
              }
            }
          },
          {
            "hash": "dd0d0a51cf737f91ad8a1c79e80af7eea0165e04",
            "messageTitle": "Level 2 added",
            "messageBody": "",
            "tags": [
              "Level-2"
            ],
            "fileTypesAndContributionMap": {
              "java": {
                "insertions": 16,
                "deletions": 1
              }
            }
          },
          {
            "hash": "25ea6aba411ef70edf5ba97ebb36c177eaaea51c",
            "messageTitle": "added Task, TaskList classes",
            "messageBody": "",
            "fileTypesAndContributionMap": {
              "java": {
                "insertions": 53,
                "deletions": 5
              }
            }
          },
          {
            "hash": "be91a780b4e903b13c362656e5fedc5a26177ff0",
            "messageTitle": "Added level 3",
            "messageBody": "",
            "tags": [
              "Level-3"
            ],
            "fileTypesAndContributionMap": {
              "java": {
                "insertions": 28,
                "deletions": 6
              }
            }
          }
        ]
      },
      {
        "date": "2020-08-20",
        "commitResults": [
          {
            "hash": "6444fc387c81fa0c2291bcc70e24c4f9c5e0597a",
            "messageTitle": "added deadline and todo with some error handling",
            "messageBody": "",
            "fileTypesAndContributionMap": {
              "java": {
                "insertions": 181,
                "deletions": 80
              }
            }
          },
          {
            "hash": "07f7c070ceae5ef57330ade8d591e352312812e7",
            "messageTitle": "added level 4",
            "messageBody": "",
            "tags": [
              "Level-4"
            ],
            "fileTypesAndContributionMap": {
              "java": {
                "insertions": 41,
                "deletions": 1
              }
            }
          },
          {
            "hash": "61bea529cb57b9bb28abbec2e7a024203f11ce05",
            "messageTitle": "finished level 5",
            "messageBody": "",
            "tags": [
              "Level-5",
              "Level-1"
            ],
            "fileTypesAndContributionMap": {
              "java": {
                "insertions": 16,
                "deletions": 0
              }
            }
          },
          {
            "hash": "2b130ea2648d4d05743ffb1e46df03f90c88c1d5",
            "messageTitle": "tagging",
            "messageBody": "",
            "fileTypesAndContributionMap": {
              "java": {
                "insertions": 20,
                "deletions": 0
              }
            }
          },
          {
            "hash": "0add604f98ccaf8702782052ed1cc40775fd25a8",
            "messageTitle": "level 6",
            "messageBody": "",
            "tags": [
              "Level-6"
            ],
            "fileTypesAndContributionMap": {
              "java": {
                "insertions": 4,
                "deletions": 0
              }
            }
          },
          {
            "hash": "84ec1cdaba95fdf9cab3a1710c7119fef5311def",
            "messageTitle": "Automated testing",
            "messageBody": "",
            "tags": [
              "A-TextUiTesting"
            ],
            "fileTypesAndContributionMap": {
              "txt": {
                "insertions": 4,
                "deletions": 0
              }
            }
          }
        ]
      },
      {
        "date": "2020-08-26",
        "commitResults": [
          {
            "hash": "35db6e38d6ee30688269c9c869421a5f9e41be03",
            "messageTitle": "Change file structure for packaging",
            "messageBody": "",
            "tags": [
              "Level-7"
            ],
            "fileTypesAndContributionMap": {
              "java": {
                "insertions": 19,
                "deletions": 2
              }
            }
          },
          {
            "hash": "aa03e3bfdf364793d281fa86dfcaf32f563e3fda",
            "messageTitle": "Add Level-7",
            "messageBody": "",
            "fileTypesAndContributionMap": {
              "txt": {
                "insertions": 0,
                "deletions": 0
              },
              "java": {
                "insertions": 171,
                "deletions": 21
              }
            }
          }
        ]
      },
      {
        "date": "2020-08-27",
        "commitResults": [
          {
            "hash": "66037a3b72286ab5db5450a1b4c31729af1e108c",
            "messageTitle": "Add Level-8",
            "messageBody": "",
            "tags": [
              "Level-8"
            ],
            "fileTypesAndContributionMap": {
              "txt": {
                "insertions": 1,
                "deletions": 0
              },
              "java": {
                "insertions": 35,
                "deletions": 20
              }
            }
          },
          {
            "hash": "f32e2d8ee2cb32bae2e46988f61067036f9f128d",
            "messageTitle": "Add UI class to manage output",
            "messageBody": "",
            "fileTypesAndContributionMap": {
              "txt": {
                "insertions": 4,
                "deletions": 1
              },
              "java": {
                "insertions": 123,
                "deletions": 63
              }
            }
          },
          {
            "hash": "4ba9d6a3e3f8de054713223f400b9114e6b53526",
            "messageTitle": "Add More-OOP",
            "messageBody": "",
            "tags": [
              "A-MoreOOP"
            ],
            "fileTypesAndContributionMap": {
              "txt": {
                "insertions": 1,
                "deletions": 4
              },
              "java": {
                "insertions": 308,
                "deletions": 120
              }
            }
          },
          {
            "hash": "75f4ab7afb3f65de7527598cf3cbc2bdf516e1d1",
            "messageTitle": "Move files into different packages",
            "messageBody": "",
            "tags": [
              "A-Packages"
            ],
            "fileTypesAndContributionMap": {
              "java": {
                "insertions": 37,
                "deletions": 37
              }
            }
          },
          {
            "hash": "a411f65881424de487e0007ae31e0e4d4b37f637",
            "messageTitle": "Add J-Unit tests",
            "messageBody": "",
            "tags": [
              "A-JUnit"
            ],
            "fileTypesAndContributionMap": {
              "java": {
                "insertions": 46,
                "deletions": 0
              }
            }
          },
          {
            "hash": "dfed8de36fb62c1a5c3199e5909a76082c515bc3",
            "messageTitle": "Add Javadocs",
            "messageBody": "",
            "fileTypesAndContributionMap": {
              "java": {
                "insertions": 79,
                "deletions": 2
              }
            }
          },
          {
            "hash": "74970b79214f10ea2e2308b385d29ecd3d6d306e",
            "messageTitle": "Add JavaDocs to Storage and Dukebot Class",
            "messageBody": "",
            "tags": [
              "A-JavaDoc"
            ],
            "fileTypesAndContributionMap": {
              "java": {
                "insertions": 13,
                "deletions": 1
              }
            }
          },
          {
            "hash": "7032866f4c2e7ebb6be091da1a557b81e4561fff",
            "messageTitle": "Change variable names to adhere to coding style",
            "messageBody": "",
            "tags": [
              "A-CodingStandard"
            ],
            "fileTypesAndContributionMap": {
              "java": {
                "insertions": 2,
                "deletions": 3
              }
            }
          },
          {
            "hash": "c1c3deda63e504fbf7f09680280f334039f97487",
            "messageTitle": "Add Level-9",
            "messageBody": "",
            "tags": [
              "Level-9"
            ],
            "fileTypesAndContributionMap": {
              "txt": {
                "insertions": 4,
                "deletions": 0
              },
              "java": {
                "insertions": 53,
                "deletions": 1
              }
            }
          }
        ]
      },
      {
        "date": "2020-08-29",
        "commitResults": [
          {
            "hash": "7f82ac88a701ada2bb7d72dd88a8f5c8eec57563",
            "messageTitle": "Fix style to match standard",
            "messageBody": "",
            "fileTypesAndContributionMap": {
              "java": {
                "insertions": 17,
                "deletions": 17
              }
            }
          }
        ]
      },
      {
        "date": "2020-09-03",
        "commitResults": [
          {
            "hash": "575776d3ba5cf2ef9b0aa519976396ef68f510f8",
            "messageTitle": "Added Gradle",
            "messageBody": "",
            "tags": [
              "A-Gradle"
            ],
            "fileTypesAndContributionMap": {
              "gradle": {
                "insertions": 1,
                "deletions": 0
              },
              "txt": {
                "insertions": 1,
                "deletions": 0
              },
              "java": {
                "insertions": 3,
                "deletions": 3
              }
            }
          },
          {
            "hash": "6c7f8a8769100d08b8f2ca21a50255612361e66e",
            "messageTitle": "Add checkstyle",
            "messageBody": "",
            "tags": [
              "A-CheckStyle"
            ],
            "fileTypesAndContributionMap": {
              "gradle": {
                "insertions": 1,
                "deletions": 1
              },
              "java": {
                "insertions": 42,
                "deletions": 38
              }
            }
          },
          {
            "hash": "163830dfafe9334053f3fcf2b7ebcbc7046cca8c",
            "messageTitle": "Add Gradle",
            "messageBody": "",
            "fileTypesAndContributionMap": {
              "gradle": {
                "insertions": 14,
                "deletions": 0
              },
              "fxml": {
                "insertions": 35,
                "deletions": 0
              },
              "java": {
                "insertions": 258,
                "deletions": 1
              }
            }
          }
        ]
      },
      {
        "date": "2020-09-05",
        "commitResults": [
          {
            "hash": "649f57801cc4fa45051651066c17dfe4d2d2df0a",
            "messageTitle": "Add GUI",
            "messageBody": "",
            "tags": [
              "Level-10"
            ],
            "fileTypesAndContributionMap": {
              "txt": {
                "insertions": 1,
                "deletions": 6
              },
              "java": {
                "insertions": 80,
                "deletions": 66
              }
            }
          }
        ]
      },
      {
        "date": "2020-09-10",
        "commitResults": [
          {
            "hash": "3e0d692b308bdc375c2ef0ffd52061ea75bf9506",
            "messageTitle": "Add Code Cleanup",
            "messageBody": "",
            "fileTypesAndContributionMap": {
              "txt": {
                "insertions": 2,
                "deletions": 1
              },
              "fxml": {
                "insertions": 4,
                "deletions": 3
              },
              "java": {
                "insertions": 1,
                "deletions": 3
              }
            }
          },
          {
            "hash": "3107908b38b369128409832af30df19f5fb8946d",
            "messageTitle": "Add Assertions",
            "messageBody": "",
            "tags": [
              "A-Assertions"
            ],
            "fileTypesAndContributionMap": {
              "java": {
                "insertions": 3,
                "deletions": 35
              }
            }
          },
          {
            "hash": "77871d25420681e80c7a59d0ac12d71fbe2ab3ff",
            "messageTitle": "Refactor Code",
            "messageBody": "",
            "fileTypesAndContributionMap": {
              "java": {
                "insertions": 40,
                "deletions": 35
              }
            }
          }
        ]
      },
      {
        "date": "2020-09-11",
        "commitResults": [
          {
            "hash": "002f017dd7cf699ee1120e6dc014f8e67244e61f",
            "messageTitle": "Add Code Style Changes",
            "messageBody": "",
            "fileTypesAndContributionMap": {
              "java": {
                "insertions": 87,
                "deletions": 124
              }
            }
          },
          {
            "hash": "8f26c225f858f2acb7a5fde2f04c434feee6ea32",
            "messageTitle": "Add Code Style improvement and remove parser case sensitivty",
            "messageBody": "",
            "tags": [
              "A-CodeQuality"
            ],
            "fileTypesAndContributionMap": {
              "java": {
                "insertions": 53,
                "deletions": 16
              }
            }
          },
          {
            "hash": "85986832068c2a1fe4310aaf0ccdce81c234cd71",
            "messageTitle": "Add use of stream and lambda",
            "messageBody": "",
            "tags": [
              "A-Lambdas"
            ],
            "fileTypesAndContributionMap": {
              "java": {
                "insertions": 6,
                "deletions": 5
              }
            }
          },
          {
            "hash": "fee8a0ced66a311fe56fb8bc730152e576504e20",
            "messageTitle": "Add DoWithin extension",
            "messageBody": "",
            "tags": [
              "BCD-Extension"
            ],
            "fileTypesAndContributionMap": {
              "txt": {
                "insertions": 2,
                "deletions": 2
              },
              "java": {
                "insertions": 157,
                "deletions": 32
              }
            }
          }
        ]
      },
      {
        "date": "2020-09-17",
        "commitResults": [
          {
            "hash": "22ac22f289489206ac7edb5c12d7e75d81867b2d",
            "messageTitle": "Add GUI",
            "messageBody": "",
            "fileTypesAndContributionMap": {
              "txt": {
                "insertions": 7,
                "deletions": 2
              },
              "fxml": {
                "insertions": 4,
                "deletions": 5
              },
              "java": {
                "insertions": 87,
                "deletions": 22
              }
            }
          },
          {
            "hash": "ab06b230cd4ecb8e17bec383ab75e33d79629c36",
            "messageTitle": "Add Improved GUI",
            "messageBody": "",
            "tags": [
              "A-BetterGui"
            ],
            "fileTypesAndContributionMap": {
              "java": {
                "insertions": 10,
                "deletions": 6
              }
            }
          },
          {
            "hash": "57f762b4ca4dd289669cfd6ff07607e05dcc0412",
            "messageTitle": "Add User Guide",
            "messageBody": "",
            "tags": [
              "A-UserGuide"
            ],
            "fileTypesAndContributionMap": {
              "txt": {
                "insertions": 3,
                "deletions": 7
              },
              "java": {
                "insertions": 4,
                "deletions": 4
              },
              "md": {
                "insertions": 128,
                "deletions": 11
              }
            }
          },
          {
            "hash": "a4dae4f2d440cab9540cdd050ff0c4bc4fe50f18",
            "messageTitle": "create JAR file",
            "messageBody": "",
            "tags": [
              "JarFile"
            ],
            "fileTypesAndContributionMap": {
              "gradle": {
                "insertions": 5,
                "deletions": 1
              },
              "txt": {
                "insertions": 0,
                "deletions": 3
              },
              "md": {
                "insertions": 1,
                "deletions": 1
              }
            }
          }
        ]
      }
    ]
  },
  "authorFileTypeContributionMap": {
    "EkamSinghPandher": {
      "java": 1393,
      "md": 126,
      "fxml": 35,
      "sh": 0,
      "bat": 0,
      "gradle": 20,
      "txt": 4
    }
  },
  "authorContributionVariance": {
    "EkamSinghPandher": 38513.746
  },
  "authorDisplayNameMap": {
    "EkamSinghPandher": "CS2103-F10-2 EKAM..DHER"
  }
}
