[
  {
    "path": "src/main/java/Deadline.java",
    "fileType": "java",
    "lines": [
      {
        "lineNumber": 1,
        "author": {
          "gitId": "hanweic53"
        },
        "content": "public class Deadline extends Task {"
      },
      {
        "lineNumber": 2,
        "author": {
          "gitId": "hanweic53"
        },
        "content": ""
      },
      {
        "lineNumber": 3,
        "author": {
          "gitId": "hanweic53"
        },
        "content": "    protected String by;"
      },
      {
        "lineNumber": 4,
        "author": {
          "gitId": "hanweic53"
        },
        "content": ""
      },
      {
        "lineNumber": 5,
        "author": {
          "gitId": "hanweic53"
        },
        "content": "    public Deadline(String description, String by) {"
      },
      {
        "lineNumber": 6,
        "author": {
          "gitId": "hanweic53"
        },
        "content": "        super(description);"
      },
      {
        "lineNumber": 7,
        "author": {
          "gitId": "hanweic53"
        },
        "content": "        this.by \u003d by;"
      },
      {
        "lineNumber": 8,
        "author": {
          "gitId": "hanweic53"
        },
        "content": "    }"
      },
      {
        "lineNumber": 9,
        "author": {
          "gitId": "hanweic53"
        },
        "content": ""
      },
      {
        "lineNumber": 10,
        "author": {
          "gitId": "hanweic53"
        },
        "content": "    @Override"
      },
      {
        "lineNumber": 11,
        "author": {
          "gitId": "hanweic53"
        },
        "content": "    public String toString() {"
      },
      {
        "lineNumber": 12,
        "author": {
          "gitId": "hanweic53"
        },
        "content": "        return \"[D]\" + this.getStatusIcon() + \" \" + super.toString() + \" (by: \" + by + \")\";"
      },
      {
        "lineNumber": 13,
        "author": {
          "gitId": "hanweic53"
        },
        "content": "    }"
      },
      {
        "lineNumber": 14,
        "author": {
          "gitId": "hanweic53"
        },
        "content": "}"
      }
    ],
    "authorContributionMap": {
      "hanweic53": 14
    }
  },
  {
    "path": "src/main/java/Duke.java",
    "fileType": "java",
    "lines": [
      {
        "lineNumber": 1,
        "author": {
          "gitId": "hanweic53"
        },
        "content": "import java.util.Scanner;"
      },
      {
        "lineNumber": 2,
        "author": {
          "gitId": "hanweic53"
        },
        "content": "import java.util.ArrayList;"
      },
      {
        "lineNumber": 3,
        "author": {
          "gitId": "hanweic53"
        },
        "content": ""
      },
      {
        "lineNumber": 4,
        "author": {
          "gitId": "-"
        },
        "content": "public class Duke {"
      },
      {
        "lineNumber": 5,
        "author": {
          "gitId": "hanweic53"
        },
        "content": "    private static ArrayList\u003cTask\u003e tasks \u003d new ArrayList\u003c\u003e();"
      },
      {
        "lineNumber": 6,
        "author": {
          "gitId": "hanweic53"
        },
        "content": ""
      },
      {
        "lineNumber": 7,
        "author": {
          "gitId": "-"
        },
        "content": "    public static void main(String[] args) {"
      },
      {
        "lineNumber": 8,
        "author": {
          "gitId": "hanweic53"
        },
        "content": "        greet();"
      },
      {
        "lineNumber": 9,
        "author": {
          "gitId": "hanweic53"
        },
        "content": "        readInputs();"
      },
      {
        "lineNumber": 10,
        "author": {
          "gitId": "hanweic53"
        },
        "content": "    }"
      },
      {
        "lineNumber": 11,
        "author": {
          "gitId": "hanweic53"
        },
        "content": ""
      },
      {
        "lineNumber": 12,
        "author": {
          "gitId": "hanweic53"
        },
        "content": "    private static void greet() {"
      },
      {
        "lineNumber": 13,
        "author": {
          "gitId": "hanweic53"
        },
        "content": "        String logo \u003d"
      },
      {
        "lineNumber": 14,
        "author": {
          "gitId": "hanweic53"
        },
        "content": "                \" ____        _        \\n\""
      },
      {
        "lineNumber": 15,
        "author": {
          "gitId": "-"
        },
        "content": "                + \"|  _ \\\\ _   _| | _____ \\n\""
      },
      {
        "lineNumber": 16,
        "author": {
          "gitId": "-"
        },
        "content": "                + \"| | | | | | | |/ / _ \\\\\\n\""
      },
      {
        "lineNumber": 17,
        "author": {
          "gitId": "-"
        },
        "content": "                + \"| |_| | |_| |   \u003c  __/\\n\""
      },
      {
        "lineNumber": 18,
        "author": {
          "gitId": "-"
        },
        "content": "                + \"|____/ \\\\__,_|_|\\\\_\\\\___|\\n\";"
      },
      {
        "lineNumber": 19,
        "author": {
          "gitId": "hanweic53"
        },
        "content": "        System.out.print(\"Hello, I am\\n\" + logo);"
      },
      {
        "lineNumber": 20,
        "author": {
          "gitId": "hanweic53"
        },
        "content": "        System.out.println(\"___________________________________________________\" +"
      },
      {
        "lineNumber": 21,
        "author": {
          "gitId": "hanweic53"
        },
        "content": "            \"\\nDuke: What can i do for you?\");"
      },
      {
        "lineNumber": 22,
        "author": {
          "gitId": "hanweic53"
        },
        "content": "    }"
      },
      {
        "lineNumber": 23,
        "author": {
          "gitId": "hanweic53"
        },
        "content": ""
      },
      {
        "lineNumber": 24,
        "author": {
          "gitId": "hanweic53"
        },
        "content": "    private static void listTasks() {"
      },
      {
        "lineNumber": 25,
        "author": {
          "gitId": "hanweic53"
        },
        "content": "        System.out.println(\"Here are the tasks in your list:\");"
      },
      {
        "lineNumber": 26,
        "author": {
          "gitId": "hanweic53"
        },
        "content": "        for (int i \u003d 0; i \u003c tasks.size(); i++) {"
      },
      {
        "lineNumber": 27,
        "author": {
          "gitId": "hanweic53"
        },
        "content": "            Task task \u003d tasks.get(i);"
      },
      {
        "lineNumber": 28,
        "author": {
          "gitId": "hanweic53"
        },
        "content": "            System.out.println(i + 1 + \". \" + task);"
      },
      {
        "lineNumber": 29,
        "author": {
          "gitId": "hanweic53"
        },
        "content": "        }"
      },
      {
        "lineNumber": 30,
        "author": {
          "gitId": "hanweic53"
        },
        "content": "        System.out.println(\"--------------------------\" +"
      },
      {
        "lineNumber": 31,
        "author": {
          "gitId": "hanweic53"
        },
        "content": "                \"-------------------------\");"
      },
      {
        "lineNumber": 32,
        "author": {
          "gitId": "hanweic53"
        },
        "content": "    }"
      },
      {
        "lineNumber": 33,
        "author": {
          "gitId": "hanweic53"
        },
        "content": ""
      },
      {
        "lineNumber": 34,
        "author": {
          "gitId": "hanweic53"
        },
        "content": "    private static void printTotalNumberOfTasks() {"
      },
      {
        "lineNumber": 35,
        "author": {
          "gitId": "hanweic53"
        },
        "content": "        int numTasks \u003d tasks.size();"
      },
      {
        "lineNumber": 36,
        "author": {
          "gitId": "hanweic53"
        },
        "content": "        if (numTasks \u003c 2) {"
      },
      {
        "lineNumber": 37,
        "author": {
          "gitId": "hanweic53"
        },
        "content": "            System.out.println(\"Now you have \" + numTasks + \" task in the list.\");"
      },
      {
        "lineNumber": 38,
        "author": {
          "gitId": "hanweic53"
        },
        "content": "        } else {"
      },
      {
        "lineNumber": 39,
        "author": {
          "gitId": "hanweic53"
        },
        "content": "            System.out.println(\"Now you have \" + numTasks + \" tasks in the list.\");"
      },
      {
        "lineNumber": 40,
        "author": {
          "gitId": "hanweic53"
        },
        "content": "        }"
      },
      {
        "lineNumber": 41,
        "author": {
          "gitId": "hanweic53"
        },
        "content": "    }"
      },
      {
        "lineNumber": 42,
        "author": {
          "gitId": "hanweic53"
        },
        "content": ""
      },
      {
        "lineNumber": 43,
        "author": {
          "gitId": "hanweic53"
        },
        "content": "    private static void setDoneTask(int index) {"
      },
      {
        "lineNumber": 44,
        "author": {
          "gitId": "hanweic53"
        },
        "content": "        Task task \u003d tasks.get(index - 1); // index - 1 to match the index in ArrayList"
      },
      {
        "lineNumber": 45,
        "author": {
          "gitId": "hanweic53"
        },
        "content": "        task.markDone();"
      },
      {
        "lineNumber": 46,
        "author": {
          "gitId": "hanweic53"
        },
        "content": "        System.out.println(\"Nice! I\u0027ve marked this task as done:\" +"
      },
      {
        "lineNumber": 47,
        "author": {
          "gitId": "hanweic53"
        },
        "content": "                \"\\n\\t\" + task);"
      },
      {
        "lineNumber": 48,
        "author": {
          "gitId": "hanweic53"
        },
        "content": "        System.out.println(\"---------------------------------------------------\");"
      },
      {
        "lineNumber": 49,
        "author": {
          "gitId": "hanweic53"
        },
        "content": "    }"
      },
      {
        "lineNumber": 50,
        "author": {
          "gitId": "hanweic53"
        },
        "content": ""
      },
      {
        "lineNumber": 51,
        "author": {
          "gitId": "hanweic53"
        },
        "content": "    public static void deleteTask(int index) {"
      },
      {
        "lineNumber": 52,
        "author": {
          "gitId": "hanweic53"
        },
        "content": "        Task task \u003d tasks.get(index - 1); // index -1 to match the index in ArrayList"
      },
      {
        "lineNumber": 53,
        "author": {
          "gitId": "hanweic53"
        },
        "content": "        tasks.remove(index - 1); // index - 1 to match the index in ArrayList"
      },
      {
        "lineNumber": 54,
        "author": {
          "gitId": "hanweic53"
        },
        "content": "        System.out.println(\"Noted. I\u0027ve deleted this task:\" +"
      },
      {
        "lineNumber": 55,
        "author": {
          "gitId": "hanweic53"
        },
        "content": "                \"\\n\\t\" + task);"
      },
      {
        "lineNumber": 56,
        "author": {
          "gitId": "hanweic53"
        },
        "content": "        printTotalNumberOfTasks();"
      },
      {
        "lineNumber": 57,
        "author": {
          "gitId": "hanweic53"
        },
        "content": "        System.out.println(\"---------------------------------------------------\");"
      },
      {
        "lineNumber": 58,
        "author": {
          "gitId": "hanweic53"
        },
        "content": "    }"
      },
      {
        "lineNumber": 59,
        "author": {
          "gitId": "hanweic53"
        },
        "content": ""
      },
      {
        "lineNumber": 60,
        "author": {
          "gitId": "hanweic53"
        },
        "content": "    private static void handleTask(String input) throws DukeException {"
      },
      {
        "lineNumber": 61,
        "author": {
          "gitId": "hanweic53"
        },
        "content": "        String taskType \u003d input.split(\" \")[0];"
      },
      {
        "lineNumber": 62,
        "author": {
          "gitId": "hanweic53"
        },
        "content": ""
      },
      {
        "lineNumber": 63,
        "author": {
          "gitId": "hanweic53"
        },
        "content": "        if (taskType.equals(\"done\")) {"
      },
      {
        "lineNumber": 64,
        "author": {
          "gitId": "hanweic53"
        },
        "content": "            try {"
      },
      {
        "lineNumber": 65,
        "author": {
          "gitId": "hanweic53"
        },
        "content": "                String taskIndex \u003d input.split(\" \")[1];"
      },
      {
        "lineNumber": 66,
        "author": {
          "gitId": "hanweic53"
        },
        "content": "                if (taskIndex.isBlank()) {"
      },
      {
        "lineNumber": 67,
        "author": {
          "gitId": "hanweic53"
        },
        "content": "                    throw new DukeException(\"Please include item number!\");"
      },
      {
        "lineNumber": 68,
        "author": {
          "gitId": "hanweic53"
        },
        "content": "                }"
      },
      {
        "lineNumber": 69,
        "author": {
          "gitId": "hanweic53"
        },
        "content": "                setDoneTask(Integer.parseInt(taskIndex));"
      },
      {
        "lineNumber": 70,
        "author": {
          "gitId": "hanweic53"
        },
        "content": "            } catch (IndexOutOfBoundsException e) {"
      },
      {
        "lineNumber": 71,
        "author": {
          "gitId": "hanweic53"
        },
        "content": "                throw new DukeException(\"Missing or invalid item number!\");"
      },
      {
        "lineNumber": 72,
        "author": {
          "gitId": "hanweic53"
        },
        "content": "            } catch (NumberFormatException e) {"
      },
      {
        "lineNumber": 73,
        "author": {
          "gitId": "hanweic53"
        },
        "content": "                throw new DukeException(\"Invalid format!\");"
      },
      {
        "lineNumber": 74,
        "author": {
          "gitId": "hanweic53"
        },
        "content": "            }"
      },
      {
        "lineNumber": 75,
        "author": {
          "gitId": "hanweic53"
        },
        "content": "        } else if (taskType.equals(\"delete\")) {"
      },
      {
        "lineNumber": 76,
        "author": {
          "gitId": "hanweic53"
        },
        "content": "          try {"
      },
      {
        "lineNumber": 77,
        "author": {
          "gitId": "hanweic53"
        },
        "content": "              String taskIndex \u003d input.split(\" \")[1];"
      },
      {
        "lineNumber": 78,
        "author": {
          "gitId": "hanweic53"
        },
        "content": "              if (taskIndex.isBlank()) {"
      },
      {
        "lineNumber": 79,
        "author": {
          "gitId": "hanweic53"
        },
        "content": "                  throw new DukeException(\"Please include item number!\");"
      },
      {
        "lineNumber": 80,
        "author": {
          "gitId": "hanweic53"
        },
        "content": "              }"
      },
      {
        "lineNumber": 81,
        "author": {
          "gitId": "hanweic53"
        },
        "content": "              deleteTask(Integer.parseInt(taskIndex));"
      },
      {
        "lineNumber": 82,
        "author": {
          "gitId": "hanweic53"
        },
        "content": "          } catch (IndexOutOfBoundsException e) {"
      },
      {
        "lineNumber": 83,
        "author": {
          "gitId": "hanweic53"
        },
        "content": "              throw new DukeException(\"Missing or invalid item number!\");"
      },
      {
        "lineNumber": 84,
        "author": {
          "gitId": "hanweic53"
        },
        "content": "          } catch (NumberFormatException e) {"
      },
      {
        "lineNumber": 85,
        "author": {
          "gitId": "hanweic53"
        },
        "content": "              throw new DukeException(\"Invalid format!\");"
      },
      {
        "lineNumber": 86,
        "author": {
          "gitId": "hanweic53"
        },
        "content": "          }"
      },
      {
        "lineNumber": 87,
        "author": {
          "gitId": "hanweic53"
        },
        "content": "        } else {"
      },
      {
        "lineNumber": 88,
        "author": {
          "gitId": "hanweic53"
        },
        "content": "            String taskName \u003d \"\";"
      },
      {
        "lineNumber": 89,
        "author": {
          "gitId": "hanweic53"
        },
        "content": "            if (taskType.equals(\"todo\")) {"
      },
      {
        "lineNumber": 90,
        "author": {
          "gitId": "hanweic53"
        },
        "content": "                try {"
      },
      {
        "lineNumber": 91,
        "author": {
          "gitId": "hanweic53"
        },
        "content": "                    taskName \u003d input.substring(5);"
      },
      {
        "lineNumber": 92,
        "author": {
          "gitId": "hanweic53"
        },
        "content": "                    if (taskName.isBlank()) {"
      },
      {
        "lineNumber": 93,
        "author": {
          "gitId": "hanweic53"
        },
        "content": "                        throw new DukeException(\"Description cannot be only empty spaces!\");"
      },
      {
        "lineNumber": 94,
        "author": {
          "gitId": "hanweic53"
        },
        "content": "                    }"
      },
      {
        "lineNumber": 95,
        "author": {
          "gitId": "hanweic53"
        },
        "content": "                    Task taskCreated \u003d new Todo(taskName);"
      },
      {
        "lineNumber": 96,
        "author": {
          "gitId": "hanweic53"
        },
        "content": "                    tasks.add(taskCreated);"
      },
      {
        "lineNumber": 97,
        "author": {
          "gitId": "hanweic53"
        },
        "content": "                    System.out.println(\"Got it. I\u0027ve added this task:\" +"
      },
      {
        "lineNumber": 98,
        "author": {
          "gitId": "hanweic53"
        },
        "content": "                            \"\\n\\t\" + taskCreated);"
      },
      {
        "lineNumber": 99,
        "author": {
          "gitId": "hanweic53"
        },
        "content": "                    printTotalNumberOfTasks();"
      },
      {
        "lineNumber": 100,
        "author": {
          "gitId": "hanweic53"
        },
        "content": "                } catch (IndexOutOfBoundsException e) {"
      },
      {
        "lineNumber": 101,
        "author": {
          "gitId": "hanweic53"
        },
        "content": "                    throw new DukeException(\"Please include description!\");"
      },
      {
        "lineNumber": 102,
        "author": {
          "gitId": "hanweic53"
        },
        "content": "                }"
      },
      {
        "lineNumber": 103,
        "author": {
          "gitId": "hanweic53"
        },
        "content": "            } else if (taskType.equals(\"deadline\")) {"
      },
      {
        "lineNumber": 104,
        "author": {
          "gitId": "hanweic53"
        },
        "content": "                try {"
      },
      {
        "lineNumber": 105,
        "author": {
          "gitId": "hanweic53"
        },
        "content": "                    if (input.substring(9).isBlank()) {"
      },
      {
        "lineNumber": 106,
        "author": {
          "gitId": "hanweic53"
        },
        "content": "                        throw new DukeException(\"Description cannot be only empty spaces!\");"
      },
      {
        "lineNumber": 107,
        "author": {
          "gitId": "hanweic53"
        },
        "content": "                    }"
      },
      {
        "lineNumber": 108,
        "author": {
          "gitId": "hanweic53"
        },
        "content": "                    String[] task \u003d input.substring(9).split(\" /by \");"
      },
      {
        "lineNumber": 109,
        "author": {
          "gitId": "hanweic53"
        },
        "content": "                    taskName \u003d task[0];"
      },
      {
        "lineNumber": 110,
        "author": {
          "gitId": "hanweic53"
        },
        "content": "                    String timeBy \u003d task[1];"
      },
      {
        "lineNumber": 111,
        "author": {
          "gitId": "hanweic53"
        },
        "content": "                    Task taskCreated \u003d new Deadline(taskName, timeBy);"
      },
      {
        "lineNumber": 112,
        "author": {
          "gitId": "hanweic53"
        },
        "content": "                    tasks.add(taskCreated);"
      },
      {
        "lineNumber": 113,
        "author": {
          "gitId": "hanweic53"
        },
        "content": "                    System.out.println(\"Got it. I\u0027ve added this task:\" +"
      },
      {
        "lineNumber": 114,
        "author": {
          "gitId": "hanweic53"
        },
        "content": "                            \"\\n\\t\" + taskCreated);"
      },
      {
        "lineNumber": 115,
        "author": {
          "gitId": "hanweic53"
        },
        "content": "                    printTotalNumberOfTasks();"
      },
      {
        "lineNumber": 116,
        "author": {
          "gitId": "hanweic53"
        },
        "content": "                } catch (IndexOutOfBoundsException e) {"
      },
      {
        "lineNumber": 117,
        "author": {
          "gitId": "hanweic53"
        },
        "content": "                    throw new DukeException(\"Invalid description of a deadline item!\");"
      },
      {
        "lineNumber": 118,
        "author": {
          "gitId": "hanweic53"
        },
        "content": "                }"
      },
      {
        "lineNumber": 119,
        "author": {
          "gitId": "hanweic53"
        },
        "content": "            } else if (taskType.equals(\"event\")) {"
      },
      {
        "lineNumber": 120,
        "author": {
          "gitId": "hanweic53"
        },
        "content": "                try {"
      },
      {
        "lineNumber": 121,
        "author": {
          "gitId": "hanweic53"
        },
        "content": "                    if (input.substring(6).isBlank()) {"
      },
      {
        "lineNumber": 122,
        "author": {
          "gitId": "hanweic53"
        },
        "content": "                        throw new DukeException(\"Description cannot be only empty spaces!\");"
      },
      {
        "lineNumber": 123,
        "author": {
          "gitId": "hanweic53"
        },
        "content": "                    }"
      },
      {
        "lineNumber": 124,
        "author": {
          "gitId": "hanweic53"
        },
        "content": "                    String[] task \u003d input.substring(6).split(\" /at \");"
      },
      {
        "lineNumber": 125,
        "author": {
          "gitId": "hanweic53"
        },
        "content": "                    taskName \u003d task[0];"
      },
      {
        "lineNumber": 126,
        "author": {
          "gitId": "hanweic53"
        },
        "content": "                    String timeAt \u003d task[1];"
      },
      {
        "lineNumber": 127,
        "author": {
          "gitId": "hanweic53"
        },
        "content": "                    Task taskCreated \u003d new Event(taskName, timeAt);"
      },
      {
        "lineNumber": 128,
        "author": {
          "gitId": "hanweic53"
        },
        "content": "                    tasks.add(taskCreated);"
      },
      {
        "lineNumber": 129,
        "author": {
          "gitId": "hanweic53"
        },
        "content": "                    System.out.println(\"Got it. I\u0027ve added this task:\" +"
      },
      {
        "lineNumber": 130,
        "author": {
          "gitId": "hanweic53"
        },
        "content": "                            \"\\n\\t\" + taskCreated);"
      },
      {
        "lineNumber": 131,
        "author": {
          "gitId": "hanweic53"
        },
        "content": "                    printTotalNumberOfTasks();"
      },
      {
        "lineNumber": 132,
        "author": {
          "gitId": "hanweic53"
        },
        "content": "                } catch (IndexOutOfBoundsException e) {"
      },
      {
        "lineNumber": 133,
        "author": {
          "gitId": "hanweic53"
        },
        "content": "                    throw new DukeException(\"Invalid description of an event!\");"
      },
      {
        "lineNumber": 134,
        "author": {
          "gitId": "hanweic53"
        },
        "content": "                }"
      },
      {
        "lineNumber": 135,
        "author": {
          "gitId": "hanweic53"
        },
        "content": "            } else {"
      },
      {
        "lineNumber": 136,
        "author": {
          "gitId": "hanweic53"
        },
        "content": "                throw new DukeException(\"I\u0027m sorry, but I don\u0027t know what that means!\");"
      },
      {
        "lineNumber": 137,
        "author": {
          "gitId": "hanweic53"
        },
        "content": "            }"
      },
      {
        "lineNumber": 138,
        "author": {
          "gitId": "hanweic53"
        },
        "content": "            System.out.println(\"___________________________________________________\");"
      },
      {
        "lineNumber": 139,
        "author": {
          "gitId": "hanweic53"
        },
        "content": "        }"
      },
      {
        "lineNumber": 140,
        "author": {
          "gitId": "hanweic53"
        },
        "content": "    }"
      },
      {
        "lineNumber": 141,
        "author": {
          "gitId": "hanweic53"
        },
        "content": ""
      },
      {
        "lineNumber": 142,
        "author": {
          "gitId": "hanweic53"
        },
        "content": "    private static void readInputs() {"
      },
      {
        "lineNumber": 143,
        "author": {
          "gitId": "hanweic53"
        },
        "content": "        Scanner sc \u003d new Scanner(System.in);"
      },
      {
        "lineNumber": 144,
        "author": {
          "gitId": "hanweic53"
        },
        "content": "        while (sc.hasNext()) {"
      },
      {
        "lineNumber": 145,
        "author": {
          "gitId": "hanweic53"
        },
        "content": "            String input \u003d sc.nextLine();"
      },
      {
        "lineNumber": 146,
        "author": {
          "gitId": "hanweic53"
        },
        "content": "            if (input.equals(\"bye\")) {"
      },
      {
        "lineNumber": 147,
        "author": {
          "gitId": "hanweic53"
        },
        "content": "                System.out.println(\"Bye. Hope to see you again soon!\");"
      },
      {
        "lineNumber": 148,
        "author": {
          "gitId": "hanweic53"
        },
        "content": "                sc.close();"
      },
      {
        "lineNumber": 149,
        "author": {
          "gitId": "hanweic53"
        },
        "content": "                break;"
      },
      {
        "lineNumber": 150,
        "author": {
          "gitId": "hanweic53"
        },
        "content": "            } else if (input.equals(\"list\")) {"
      },
      {
        "lineNumber": 151,
        "author": {
          "gitId": "hanweic53"
        },
        "content": "                listTasks();"
      },
      {
        "lineNumber": 152,
        "author": {
          "gitId": "hanweic53"
        },
        "content": "            } else {"
      },
      {
        "lineNumber": 153,
        "author": {
          "gitId": "hanweic53"
        },
        "content": "               try {"
      },
      {
        "lineNumber": 154,
        "author": {
          "gitId": "hanweic53"
        },
        "content": "                   handleTask(input);"
      },
      {
        "lineNumber": 155,
        "author": {
          "gitId": "hanweic53"
        },
        "content": "               } catch (DukeException e) {"
      },
      {
        "lineNumber": 156,
        "author": {
          "gitId": "hanweic53"
        },
        "content": "                   System.out.println(e.getMessage());"
      },
      {
        "lineNumber": 157,
        "author": {
          "gitId": "hanweic53"
        },
        "content": "                   System.out.println(\"___________________________________________________\");"
      },
      {
        "lineNumber": 158,
        "author": {
          "gitId": "hanweic53"
        },
        "content": "               }"
      },
      {
        "lineNumber": 159,
        "author": {
          "gitId": "hanweic53"
        },
        "content": "            }"
      },
      {
        "lineNumber": 160,
        "author": {
          "gitId": "hanweic53"
        },
        "content": ""
      },
      {
        "lineNumber": 161,
        "author": {
          "gitId": "hanweic53"
        },
        "content": "        }"
      },
      {
        "lineNumber": 162,
        "author": {
          "gitId": "-"
        },
        "content": "    }"
      },
      {
        "lineNumber": 163,
        "author": {
          "gitId": "-"
        },
        "content": "}"
      }
    ],
    "authorContributionMap": {
      "hanweic53": 155,
      "-": 8
    }
  },
  {
    "path": "src/main/java/DukeException.java",
    "fileType": "java",
    "lines": [
      {
        "lineNumber": 1,
        "author": {
          "gitId": "hanweic53"
        },
        "content": "public class DukeException extends Exception {"
      },
      {
        "lineNumber": 2,
        "author": {
          "gitId": "hanweic53"
        },
        "content": "    public DukeException(String message) {"
      },
      {
        "lineNumber": 3,
        "author": {
          "gitId": "hanweic53"
        },
        "content": "        super(message);"
      },
      {
        "lineNumber": 4,
        "author": {
          "gitId": "hanweic53"
        },
        "content": "    }"
      },
      {
        "lineNumber": 5,
        "author": {
          "gitId": "hanweic53"
        },
        "content": ""
      },
      {
        "lineNumber": 6,
        "author": {
          "gitId": "hanweic53"
        },
        "content": ""
      },
      {
        "lineNumber": 7,
        "author": {
          "gitId": "hanweic53"
        },
        "content": "}"
      }
    ],
    "authorContributionMap": {
      "hanweic53": 7
    }
  },
  {
    "path": "src/main/java/Event.java",
    "fileType": "java",
    "lines": [
      {
        "lineNumber": 1,
        "author": {
          "gitId": "hanweic53"
        },
        "content": "public class Event extends Task {"
      },
      {
        "lineNumber": 2,
        "author": {
          "gitId": "hanweic53"
        },
        "content": ""
      },
      {
        "lineNumber": 3,
        "author": {
          "gitId": "hanweic53"
        },
        "content": "    protected String at;"
      },
      {
        "lineNumber": 4,
        "author": {
          "gitId": "hanweic53"
        },
        "content": ""
      },
      {
        "lineNumber": 5,
        "author": {
          "gitId": "hanweic53"
        },
        "content": "    public Event(String description, String at) {"
      },
      {
        "lineNumber": 6,
        "author": {
          "gitId": "hanweic53"
        },
        "content": "        super(description);"
      },
      {
        "lineNumber": 7,
        "author": {
          "gitId": "hanweic53"
        },
        "content": "        this.at \u003d at;"
      },
      {
        "lineNumber": 8,
        "author": {
          "gitId": "hanweic53"
        },
        "content": "    }"
      },
      {
        "lineNumber": 9,
        "author": {
          "gitId": "hanweic53"
        },
        "content": ""
      },
      {
        "lineNumber": 10,
        "author": {
          "gitId": "hanweic53"
        },
        "content": "    @Override"
      },
      {
        "lineNumber": 11,
        "author": {
          "gitId": "hanweic53"
        },
        "content": "    public String toString() {"
      },
      {
        "lineNumber": 12,
        "author": {
          "gitId": "hanweic53"
        },
        "content": "        return \"[E]\" + this.getStatusIcon() + \" \" + super.toString() + \" (at: \" + at + \")\";"
      },
      {
        "lineNumber": 13,
        "author": {
          "gitId": "hanweic53"
        },
        "content": "    }"
      },
      {
        "lineNumber": 14,
        "author": {
          "gitId": "hanweic53"
        },
        "content": "}"
      }
    ],
    "authorContributionMap": {
      "hanweic53": 14
    }
  },
  {
    "path": "src/main/java/Task.java",
    "fileType": "java",
    "lines": [
      {
        "lineNumber": 1,
        "author": {
          "gitId": "hanweic53"
        },
        "content": "public class Task {"
      },
      {
        "lineNumber": 2,
        "author": {
          "gitId": "hanweic53"
        },
        "content": "    protected String description;"
      },
      {
        "lineNumber": 3,
        "author": {
          "gitId": "hanweic53"
        },
        "content": "    protected boolean isDone;"
      },
      {
        "lineNumber": 4,
        "author": {
          "gitId": "hanweic53"
        },
        "content": ""
      },
      {
        "lineNumber": 5,
        "author": {
          "gitId": "hanweic53"
        },
        "content": "    public Task(String description) {"
      },
      {
        "lineNumber": 6,
        "author": {
          "gitId": "hanweic53"
        },
        "content": "        this.description \u003d description;"
      },
      {
        "lineNumber": 7,
        "author": {
          "gitId": "hanweic53"
        },
        "content": "        this.isDone \u003d false;"
      },
      {
        "lineNumber": 8,
        "author": {
          "gitId": "hanweic53"
        },
        "content": "    }"
      },
      {
        "lineNumber": 9,
        "author": {
          "gitId": "hanweic53"
        },
        "content": ""
      },
      {
        "lineNumber": 10,
        "author": {
          "gitId": "hanweic53"
        },
        "content": "    public String getStatusIcon() {"
      },
      {
        "lineNumber": 11,
        "author": {
          "gitId": "hanweic53"
        },
        "content": "        return (isDone ? \"[\\u2713]\" : \"[\\u2718]\");"
      },
      {
        "lineNumber": 12,
        "author": {
          "gitId": "hanweic53"
        },
        "content": "    }"
      },
      {
        "lineNumber": 13,
        "author": {
          "gitId": "hanweic53"
        },
        "content": ""
      },
      {
        "lineNumber": 14,
        "author": {
          "gitId": "hanweic53"
        },
        "content": "    public void markDone() {"
      },
      {
        "lineNumber": 15,
        "author": {
          "gitId": "hanweic53"
        },
        "content": "        this.isDone \u003d true;"
      },
      {
        "lineNumber": 16,
        "author": {
          "gitId": "hanweic53"
        },
        "content": "    }"
      },
      {
        "lineNumber": 17,
        "author": {
          "gitId": "hanweic53"
        },
        "content": ""
      },
      {
        "lineNumber": 18,
        "author": {
          "gitId": "hanweic53"
        },
        "content": "    public String toString() {"
      },
      {
        "lineNumber": 19,
        "author": {
          "gitId": "hanweic53"
        },
        "content": "        return this.description;"
      },
      {
        "lineNumber": 20,
        "author": {
          "gitId": "hanweic53"
        },
        "content": "    }"
      },
      {
        "lineNumber": 21,
        "author": {
          "gitId": "hanweic53"
        },
        "content": "}"
      }
    ],
    "authorContributionMap": {
      "hanweic53": 21
    }
  },
  {
    "path": "src/main/java/Todo.java",
    "fileType": "java",
    "lines": [
      {
        "lineNumber": 1,
        "author": {
          "gitId": "hanweic53"
        },
        "content": "public class Todo extends Task {"
      },
      {
        "lineNumber": 2,
        "author": {
          "gitId": "hanweic53"
        },
        "content": ""
      },
      {
        "lineNumber": 3,
        "author": {
          "gitId": "hanweic53"
        },
        "content": "    public Todo(String description) {"
      },
      {
        "lineNumber": 4,
        "author": {
          "gitId": "hanweic53"
        },
        "content": "        super(description);"
      },
      {
        "lineNumber": 5,
        "author": {
          "gitId": "hanweic53"
        },
        "content": "    }"
      },
      {
        "lineNumber": 6,
        "author": {
          "gitId": "hanweic53"
        },
        "content": ""
      },
      {
        "lineNumber": 7,
        "author": {
          "gitId": "hanweic53"
        },
        "content": "    @Override"
      },
      {
        "lineNumber": 8,
        "author": {
          "gitId": "hanweic53"
        },
        "content": "    public String toString() {"
      },
      {
        "lineNumber": 9,
        "author": {
          "gitId": "hanweic53"
        },
        "content": "        return \"[T]\" + this.getStatusIcon() + \" \" + super.toString();"
      },
      {
        "lineNumber": 10,
        "author": {
          "gitId": "hanweic53"
        },
        "content": "    }"
      },
      {
        "lineNumber": 11,
        "author": {
          "gitId": "hanweic53"
        },
        "content": "}"
      }
    ],
    "authorContributionMap": {
      "hanweic53": 11
    }
  },
  {
    "path": "text-ui-test/input.txt",
    "fileType": "txt",
    "lines": [
      {
        "lineNumber": 1,
        "author": {
          "gitId": "hanweic53"
        },
        "content": "Hello World"
      },
      {
        "lineNumber": 2,
        "author": {
          "gitId": "hanweic53"
        },
        "content": "todo"
      },
      {
        "lineNumber": 3,
        "author": {
          "gitId": "hanweic53"
        },
        "content": "todo CS2103T post-lecture quiz"
      },
      {
        "lineNumber": 4,
        "author": {
          "gitId": "hanweic53"
        },
        "content": "deadline"
      },
      {
        "lineNumber": 5,
        "author": {
          "gitId": "hanweic53"
        },
        "content": "deadline CS2103T ip /by Thursday 2359"
      },
      {
        "lineNumber": 6,
        "author": {
          "gitId": "hanweic53"
        },
        "content": "event"
      },
      {
        "lineNumber": 7,
        "author": {
          "gitId": "hanweic53"
        },
        "content": "event CS2103T Week 2 /at Friday 12am"
      },
      {
        "lineNumber": 8,
        "author": {
          "gitId": "hanweic53"
        },
        "content": "list"
      },
      {
        "lineNumber": 9,
        "author": {
          "gitId": "hanweic53"
        },
        "content": "done"
      },
      {
        "lineNumber": 10,
        "author": {
          "gitId": "hanweic53"
        },
        "content": "done 6"
      },
      {
        "lineNumber": 11,
        "author": {
          "gitId": "hanweic53"
        },
        "content": "done 1"
      },
      {
        "lineNumber": 12,
        "author": {
          "gitId": "hanweic53"
        },
        "content": "list"
      },
      {
        "lineNumber": 13,
        "author": {
          "gitId": "hanweic53"
        },
        "content": "delete 8"
      },
      {
        "lineNumber": 14,
        "author": {
          "gitId": "hanweic53"
        },
        "content": "delete 1"
      },
      {
        "lineNumber": 15,
        "author": {
          "gitId": "hanweic53"
        },
        "content": "list"
      },
      {
        "lineNumber": 16,
        "author": {
          "gitId": "hanweic53"
        },
        "content": "bye"
      }
    ],
    "authorContributionMap": {
      "hanweic53": 16
    }
  },
  {
    "path": "text-ui-test/runtest.bat",
    "fileType": "bat",
    "lines": [
      {
        "lineNumber": 1,
        "author": {
          "gitId": "-"
        },
        "content": "@ECHO OFF"
      },
      {
        "lineNumber": 2,
        "author": {
          "gitId": "-"
        },
        "content": ""
      },
      {
        "lineNumber": 3,
        "author": {
          "gitId": "hanweic53"
        },
        "content": "set JAVA_TOOL_OPTIONS\u003d-Dfile.encoding\u003dUTF-8"
      },
      {
        "lineNumber": 4,
        "author": {
          "gitId": "hanweic53"
        },
        "content": ""
      },
      {
        "lineNumber": 5,
        "author": {
          "gitId": "-"
        },
        "content": "REM create bin directory if it doesn\u0027t exist"
      },
      {
        "lineNumber": 6,
        "author": {
          "gitId": "-"
        },
        "content": "if not exist ..\\bin mkdir ..\\bin"
      },
      {
        "lineNumber": 7,
        "author": {
          "gitId": "-"
        },
        "content": ""
      },
      {
        "lineNumber": 8,
        "author": {
          "gitId": "-"
        },
        "content": "REM delete output from previous run"
      },
      {
        "lineNumber": 9,
        "author": {
          "gitId": "-"
        },
        "content": "del ACTUAL.TXT"
      },
      {
        "lineNumber": 10,
        "author": {
          "gitId": "-"
        },
        "content": ""
      },
      {
        "lineNumber": 11,
        "author": {
          "gitId": "-"
        },
        "content": "REM compile the code into the bin folder"
      },
      {
        "lineNumber": 12,
        "author": {
          "gitId": "hanweic53"
        },
        "content": "dir /s /B ..\\src\\main\\java\\*.java \u003e sources.txt"
      },
      {
        "lineNumber": 13,
        "author": {
          "gitId": "hanweic53"
        },
        "content": "javac  -cp ..\\src -Xlint:none -d ..\\bin @sources.txt"
      },
      {
        "lineNumber": 14,
        "author": {
          "gitId": "-"
        },
        "content": "IF ERRORLEVEL 1 ("
      },
      {
        "lineNumber": 15,
        "author": {
          "gitId": "-"
        },
        "content": "    echo ********** BUILD FAILURE **********"
      },
      {
        "lineNumber": 16,
        "author": {
          "gitId": "-"
        },
        "content": "    exit /b 1"
      },
      {
        "lineNumber": 17,
        "author": {
          "gitId": "-"
        },
        "content": ")"
      },
      {
        "lineNumber": 18,
        "author": {
          "gitId": "-"
        },
        "content": "REM no error here, errorlevel \u003d\u003d 0"
      },
      {
        "lineNumber": 19,
        "author": {
          "gitId": "-"
        },
        "content": ""
      },
      {
        "lineNumber": 20,
        "author": {
          "gitId": "-"
        },
        "content": "REM run the program, feed commands from input.txt file and redirect the output to the ACTUAL.TXT"
      },
      {
        "lineNumber": 21,
        "author": {
          "gitId": "-"
        },
        "content": "java -classpath ..\\bin Duke \u003c input.txt \u003e ACTUAL.TXT"
      },
      {
        "lineNumber": 22,
        "author": {
          "gitId": "-"
        },
        "content": ""
      },
      {
        "lineNumber": 23,
        "author": {
          "gitId": "-"
        },
        "content": "REM compare the output to the expected output"
      },
      {
        "lineNumber": 24,
        "author": {
          "gitId": "-"
        },
        "content": "FC ACTUAL.TXT EXPECTED.TXT"
      }
    ],
    "authorContributionMap": {
      "hanweic53": 4,
      "-": 20
    }
  },
  {
    "path": "text-ui-test/sources.txt",
    "fileType": "txt",
    "lines": [
      {
        "lineNumber": 1,
        "author": {
          "gitId": "hanweic53"
        },
        "content": "D:\\CS2103T\\ip\\src\\main\\java\\Deadline.java"
      },
      {
        "lineNumber": 2,
        "author": {
          "gitId": "hanweic53"
        },
        "content": "D:\\CS2103T\\ip\\src\\main\\java\\Duke.java"
      },
      {
        "lineNumber": 3,
        "author": {
          "gitId": "hanweic53"
        },
        "content": "D:\\CS2103T\\ip\\src\\main\\java\\DukeException.java"
      },
      {
        "lineNumber": 4,
        "author": {
          "gitId": "hanweic53"
        },
        "content": "D:\\CS2103T\\ip\\src\\main\\java\\Event.java"
      },
      {
        "lineNumber": 5,
        "author": {
          "gitId": "hanweic53"
        },
        "content": "D:\\CS2103T\\ip\\src\\main\\java\\Task.java"
      },
      {
        "lineNumber": 6,
        "author": {
          "gitId": "hanweic53"
        },
        "content": "D:\\CS2103T\\ip\\src\\main\\java\\Todo.java"
      }
    ],
    "authorContributionMap": {
      "hanweic53": 6
    }
  }
]
