{
  "authorDailyContributionsMap": {
    "hanweic53": [
      {
        "date": "2020-08-16",
        "commitResults": [
          {
            "hash": "ab298da6efaa3789942d7f328d6a8438564fd493",
            "messageTitle": "Completed Level-1: Greet, Echo, Exit",
            "messageBody": "",
            "tags": [
              "Level-1"
            ],
            "fileTypesAndContributionMap": {
              "java": {
                "insertions": 29,
                "deletions": 2
              }
            }
          },
          {
            "hash": "8089e76a68b4c506f52a5b5707ae022440ef2cb8",
            "messageTitle": "Completed Level-2: Add, List",
            "messageBody": "",
            "tags": [
              "Level-2"
            ],
            "fileTypesAndContributionMap": {
              "java": {
                "insertions": 20,
                "deletions": 6
              }
            }
          }
        ]
      },
      {
        "date": "2020-08-17",
        "commitResults": [
          {
            "hash": "336963206c2c50cbd2855d1cf133f3acb69e7fa2",
            "messageTitle": "Completed Level-3: Mark as Done",
            "messageBody": "",
            "tags": [
              "Level-3"
            ],
            "fileTypesAndContributionMap": {
              "java": {
                "insertions": 37,
                "deletions": 5
              }
            }
          },
          {
            "hash": "ac9730d4a80afc2a1c3e81c0d862f948519c0ab9",
            "messageTitle": "Completed Level-4: ToDos, Events, Deadlines",
            "messageBody": "",
            "tags": [
              "Level-4"
            ],
            "fileTypesAndContributionMap": {
              "java": {
                "insertions": 93,
                "deletions": 12
              }
            }
          },
          {
            "hash": "40e6cc181dbe89a290451f2c3d261897edc6a86d",
            "messageTitle": "Completed A-TextUiTesting",
            "messageBody": "",
            "tags": [
              "A-TextUiTesting"
            ],
            "fileTypesAndContributionMap": {
              "txt": {
                "insertions": 12,
                "deletions": 0
              },
              "bat": {
                "insertions": 4,
                "deletions": 1
              }
            }
          },
          {
            "hash": "d9d6034fdc297ce1c6af3e5066806b8d8062ba23",
            "messageTitle": "Completed Level-5: Handle Errors",
            "messageBody": "Updated A-TextUiTesting to test for errors\n",
            "tags": [
              "Level-5"
            ],
            "fileTypesAndContributionMap": {
              "txt": {
                "insertions": 7,
                "deletions": 0
              },
              "java": {
                "insertions": 79,
                "deletions": 34
              }
            }
          }
        ]
      },
      {
        "date": "2020-08-18",
        "commitResults": [
          {
            "hash": "b6ac1c12fef2a9d935c07bf851b556bc0bfbd46d",
            "messageTitle": "Completed Level-6: Delete",
            "messageBody": "Updated A-TextUiTesting to test for Delete\n",
            "tags": [
              "Level-6"
            ],
            "fileTypesAndContributionMap": {
              "txt": {
                "insertions": 3,
                "deletions": 0
              },
              "java": {
                "insertions": 22,
                "deletions": 1
              }
            }
          }
        ]
      },
      {
        "date": "2020-08-23",
        "commitResults": [
          {
            "hash": "b71442e6dd1ad8d486ade4af6f99175f25dea9b9",
            "messageTitle": "Add Level-7: Save",
            "messageBody": "Tasks are not saved and only stored in temporary variables.\nUsers start the program with clean data.\nWe will save the data in the hard disk and load the data when Duke starts up.\n",
            "tags": [
              "Level-7"
            ],
            "fileTypesAndContributionMap": {
              "txt": {
                "insertions": 3,
                "deletions": 0
              },
              "java": {
                "insertions": 160,
                "deletions": 2
              }
            }
          }
        ]
      },
      {
        "date": "2020-08-24",
        "commitResults": [
          {
            "hash": "ee3b376a1e95c5ebd782b46ea58d8b52162e4e0f",
            "messageTitle": "Add Level-8: Dates and Times",
            "messageBody": "Dates were stored as Strings.\nNot very meaningful to do so.\nParsing dates and storing them as LocalTimeDate Objects allow us to perform\nmore meaningful operations that deal with time and also to standardise\nusers\u0027 input.\n",
            "tags": [
              "Level-8"
            ],
            "fileTypesAndContributionMap": {
              "java": {
                "insertions": 32,
                "deletions": 10
              }
            }
          }
        ]
      },
      {
        "date": "2020-08-25",
        "commitResults": [
          {
            "hash": "77a03ea04ed488da78ba5ac58c7838486c73c0d8",
            "messageTitle": "Refactor Level-8: Dates and Times",
            "messageBody": "Code was merged from branch-Level-8 to master branch.\nErrors were thrown when Duke was ran.\nRefactored Level-8.\n",
            "fileTypesAndContributionMap": {
              "txt": {
                "insertions": 5,
                "deletions": 2
              },
              "java": {
                "insertions": 81,
                "deletions": 72
              }
            }
          },
          {
            "hash": "7daf9638d517badef9ff5115932de8be8c147891",
            "messageTitle": "Add A-MoreOOP: Use More OOP",
            "messageBody": "Made the program more OOP by extracting Ui, Parser, TaskList and the\nCommands classes.\n",
            "tags": [
              "A-MoreOOP"
            ],
            "fileTypesAndContributionMap": {
              "txt": {
                "insertions": 0,
                "deletions": 2
              },
              "java": {
                "insertions": 354,
                "deletions": 190
              }
            }
          }
        ]
      },
      {
        "date": "2020-08-26",
        "commitResults": [
          {
            "hash": "a8f1ced9b46a5406d8cd1ee4bcce813fec0dfeef",
            "messageTitle": "Add A-Packages: Organize into Packages",
            "messageBody": "Working directory is very cluttered.\nPut the files into different packages.\n",
            "tags": [
              "A-Packages"
            ],
            "fileTypesAndContributionMap": {
              "txt": {
                "insertions": 5,
                "deletions": 5
              },
              "java": {
                "insertions": 209,
                "deletions": 116
              }
            }
          },
          {
            "hash": "0e6eea6147887a09cf4cb2ed0bdfccd81effc1ab",
            "messageTitle": "Add A-JUnit: Add JUnit Tests",
            "messageBody": "Add JUnit for testing code.\nAdded methods to test methods in AddCommand, DeleteCommand and\nExitCommand classes.\n",
            "tags": [
              "A-Jar",
              "A-JUnit"
            ],
            "fileTypesAndContributionMap": {
              "txt": {
                "insertions": 4,
                "deletions": 0
              },
              "java": {
                "insertions": 160,
                "deletions": 2
              }
            }
          }
        ]
      }
    ]
  },
  "authorFileTypeContributionMap": {
    "hanweic53": {
      "java": 830,
      "md": 0,
      "fxml": 0,
      "sh": 0,
      "bat": 4,
      "gradle": 0,
      "txt": 30
    }
  },
  "authorContributionVariance": {
    "hanweic53": 47616.152
  },
  "authorDisplayNameMap": {
    "hanweic53": "CHEA.. WEI"
  }
}
