{
  "authorDailyContributionsMap": {
    "tankangliang": [
      {
        "date": "2020-08-14",
        "commitResults": [
          {
            "hash": "5e9f5423064dd4aa7ea6f35bea243dfea06fcff8",
            "messageTitle": "Add Level-1",
            "messageBody": "",
            "tags": [
              "Level-1"
            ],
            "fileTypesAndContributionMap": {
              "java": {
                "insertions": 40,
                "deletions": 6
              }
            }
          },
          {
            "hash": "95d0aaa398af5e96555e544c6f0a363c650f1c56",
            "messageTitle": "Add Colour printing",
            "messageBody": "",
            "fileTypesAndContributionMap": {
              "java": {
                "insertions": 18,
                "deletions": 1
              }
            }
          }
        ]
      },
      {
        "date": "2020-08-16",
        "commitResults": [
          {
            "hash": "4f2a956128f2192ca18d6ad44706544656de7166",
            "messageTitle": "Add new class Task",
            "messageBody": "",
            "fileTypesAndContributionMap": {
              "java": {
                "insertions": 11,
                "deletions": 0
              }
            }
          },
          {
            "hash": "aff219d96a37ec4027e3c0b36f0a8f30c2f4bcc5",
            "messageTitle": "Refactor to use switch instead of if statements",
            "messageBody": "",
            "fileTypesAndContributionMap": {
              "java": {
                "insertions": 10,
                "deletions": 5
              }
            }
          },
          {
            "hash": "f6572f6af58af10d55709d60a6ae626695997637",
            "messageTitle": "Add tasks and response handling for tasks",
            "messageBody": "",
            "tags": [
              "Level-2"
            ],
            "fileTypesAndContributionMap": {
              "java": {
                "insertions": 9,
                "deletions": 1
              }
            }
          },
          {
            "hash": "a8f64b902adaa4aed12a9c3baa64c40f701ff2e7",
            "messageTitle": "Add done attribute to Task",
            "messageBody": "",
            "fileTypesAndContributionMap": {
              "java": {
                "insertions": 15,
                "deletions": 0
              }
            }
          },
          {
            "hash": "9d1fa6c343f3bf39127d00a81b8ff0a0816d50d9",
            "messageTitle": "Add response handling for Mark as Done",
            "messageBody": "",
            "fileTypesAndContributionMap": {
              "java": {
                "insertions": 33,
                "deletions": 4
              }
            }
          },
          {
            "hash": "216975b442c98c7f009f9f5e0a6d3b2f73597155",
            "messageTitle": "Switch colour scheme",
            "messageBody": "",
            "tags": [
              "Level-3",
              "A-Classes"
            ],
            "fileTypesAndContributionMap": {
              "java": {
                "insertions": 7,
                "deletions": 3
              }
            }
          },
          {
            "hash": "9477456f57907ac575fca16ebb66c7fc0c5a4558",
            "messageTitle": "Change Task to abstract and inherited by Deadline,Todo,Event",
            "messageBody": "",
            "fileTypesAndContributionMap": {
              "java": {
                "insertions": 39,
                "deletions": 4
              }
            }
          },
          {
            "hash": "5c7902f44be879754ff8c507ed99f0358e44ee6a",
            "messageTitle": "Add functionality and handling for Todo, Event, Deadline",
            "messageBody": "",
            "tags": [
              "Level-4",
              "A-Inheritance"
            ],
            "fileTypesAndContributionMap": {
              "java": {
                "insertions": 62,
                "deletions": 9
              }
            }
          },
          {
            "hash": "0c1752f3ef5d6020b51860104a4001b326f65745",
            "messageTitle": "Set up automated testing",
            "messageBody": "",
            "tags": [
              "A-TextUiTesting"
            ],
            "fileTypesAndContributionMap": {
              "txt": {
                "insertions": 7,
                "deletions": 0
              },
              "bat": {
                "insertions": 6,
                "deletions": 3
              }
            }
          },
          {
            "hash": "a8a1ceab540ed003223feb77697fca0896c4358d",
            "messageTitle": "Add DukeException class",
            "messageBody": "",
            "fileTypesAndContributionMap": {
              "java": {
                "insertions": 6,
                "deletions": 0
              }
            }
          },
          {
            "hash": "b350077ba1436784f35927deddfb4586b3cb62ad",
            "messageTitle": "Change error handling to exceptions",
            "messageBody": "",
            "tags": [
              "Level-5"
            ],
            "fileTypesAndContributionMap": {
              "java": {
                "insertions": 81,
                "deletions": 71
              }
            }
          },
          {
            "hash": "ccf3e9877f2bfbc4e9f9fe7ec5cbdc423c91c587",
            "messageTitle": "Convert error handling to exceptions",
            "messageBody": "",
            "tags": [
              "A-Exceptions"
            ],
            "fileTypesAndContributionMap": {
              "java": {
                "insertions": 3,
                "deletions": 6
              }
            }
          },
          {
            "hash": "865c50522cfd83953fd67fb6c597bcc397ea9895",
            "messageTitle": "Add functionality for deleting",
            "messageBody": "",
            "tags": [
              "Level-6",
              "A-Collections"
            ],
            "fileTypesAndContributionMap": {
              "java": {
                "insertions": 28,
                "deletions": 1
              }
            }
          },
          {
            "hash": "08be1cd72391cd794bdbe2f439ee72e23b49e6ec",
            "messageTitle": "Change switch to use Enums",
            "messageBody": "",
            "tags": [
              "A-Enums"
            ],
            "fileTypesAndContributionMap": {
              "txt": {
                "insertions": 2,
                "deletions": 0
              },
              "java": {
                "insertions": 54,
                "deletions": 10
              }
            }
          }
        ]
      },
      {
        "date": "2020-08-24",
        "commitResults": [
          {
            "hash": "87dba053ea21974658181af07fd69b4f241c818b",
            "messageTitle": "Update coding style",
            "messageBody": "",
            "fileTypesAndContributionMap": {
              "java": {
                "insertions": 15,
                "deletions": 15
              }
            }
          },
          {
            "hash": "960b1d08f06cf1156912761bc450ebdb50cefbe8",
            "messageTitle": "Rename bot to Duck",
            "messageBody": "",
            "fileTypesAndContributionMap": {
              "java": {
                "insertions": 28,
                "deletions": 28
              },
              "bat": {
                "insertions": 2,
                "deletions": 2
              },
              "md": {
                "insertions": 2,
                "deletions": 2
              }
            }
          },
          {
            "hash": "bc807f4994ba287715fe814660138c12188e92b1",
            "messageTitle": "Move files to duck package",
            "messageBody": "",
            "fileTypesAndContributionMap": {
              "java": {
                "insertions": 45,
                "deletions": 21
              },
              "bat": {
                "insertions": 2,
                "deletions": 2
              },
              "md": {
                "insertions": 2,
                "deletions": 2
              }
            }
          },
          {
            "hash": "3ac57da2f4a59d61db7c406fb88de6ea0e3f28dd",
            "messageTitle": "Move Ui related components to Ui class",
            "messageBody": "",
            "fileTypesAndContributionMap": {
              "java": {
                "insertions": 38,
                "deletions": 16
              },
              "bat": {
                "insertions": 2,
                "deletions": 4
              }
            }
          },
          {
            "hash": "51f81eb6b32f5df83c3a4774ae96efb500847db1",
            "messageTitle": "Move tasks and exceptions to packages",
            "messageBody": "",
            "fileTypesAndContributionMap": {
              "java": {
                "insertions": 21,
                "deletions": 5
              }
            }
          },
          {
            "hash": "f3f6de0c55246015c311913b4ed94375763922ba",
            "messageTitle": "Separate option handling into functions",
            "messageBody": "",
            "fileTypesAndContributionMap": {
              "java": {
                "insertions": 125,
                "deletions": 89
              }
            }
          },
          {
            "hash": "4d334bbe88fbbcdae290d81a2a594c0e86cf7829",
            "messageTitle": "Shift creation of tasks to TaskFactory",
            "messageBody": "",
            "fileTypesAndContributionMap": {
              "java": {
                "insertions": 77,
                "deletions": 28
              }
            }
          }
        ]
      },
      {
        "date": "2020-08-25",
        "commitResults": [
          {
            "hash": "ff2eef5154e38491380d219e8454c81c45274c6f",
            "messageTitle": "Create TaskList to handle task operations",
            "messageBody": "",
            "fileTypesAndContributionMap": {
              "java": {
                "insertions": 87,
                "deletions": 62
              }
            }
          },
          {
            "hash": "6100904ee8efac67257b2d2f195e8a6720514ada",
            "messageTitle": "Add Storage interface and local implementation",
            "messageBody": "",
            "fileTypesAndContributionMap": {
              "java": {
                "insertions": 50,
                "deletions": 0
              }
            }
          },
          {
            "hash": "454bb7d75444665d9e1479881b339164d111ddf4",
            "messageTitle": "Integrate storage with Duck bot",
            "messageBody": "",
            "fileTypesAndContributionMap": {
              "java": {
                "insertions": 45,
                "deletions": 6
              },
              "bat": {
                "insertions": 2,
                "deletions": 0
              }
            }
          },
          {
            "hash": "41b6d49338bef2bd8f24aa5ac281d10b62cada3f",
            "messageTitle": "Change date storage to LocalDate and date filters",
            "messageBody": "",
            "fileTypesAndContributionMap": {
              "java": {
                "insertions": 97,
                "deletions": 17
              }
            }
          },
          {
            "hash": "32fff084bdd45fc24398af3f1f5b1bdaec26eb98",
            "messageTitle": "Fix error handling for empty descriptions",
            "messageBody": "",
            "fileTypesAndContributionMap": {
              "java": {
                "insertions": 10,
                "deletions": 8
              }
            }
          },
          {
            "hash": "92bb458db4b7ee95b07428603ee15717b33eec49",
            "messageTitle": "Move files into separate packages",
            "messageBody": "",
            "tags": [
              "A-Packages",
              "A-MoreOOP"
            ],
            "fileTypesAndContributionMap": {
              "java": {
                "insertions": 17,
                "deletions": 16
              }
            }
          },
          {
            "hash": "55e0cd4f649c3653cdaddc8b9d224663d4e941f8",
            "messageTitle": "Add JUnit test for Todo",
            "messageBody": "",
            "fileTypesAndContributionMap": {
              "java": {
                "insertions": 25,
                "deletions": 0
              }
            }
          },
          {
            "hash": "b42f48be9ba0db2ace71d0a56f33799633285b08",
            "messageTitle": "Add JUnit test for Deadline",
            "messageBody": "",
            "fileTypesAndContributionMap": {
              "java": {
                "insertions": 34,
                "deletions": 0
              }
            }
          },
          {
            "hash": "7b8a0b21ceffe0f9d8d70f7c28358732eebb9cc8",
            "messageTitle": "Add JUnit test for Event",
            "messageBody": "",
            "fileTypesAndContributionMap": {
              "java": {
                "insertions": 34,
                "deletions": 0
              }
            }
          },
          {
            "hash": "2303cbdae77af1abcd101310e94ff7edd181b41e",
            "messageTitle": "Add JUnit test for TaskFactory",
            "messageBody": "",
            "fileTypesAndContributionMap": {
              "java": {
                "insertions": 73,
                "deletions": 0
              }
            }
          },
          {
            "hash": "f08e5dfd155d361277d3b49779cb03683fe5c373",
            "messageTitle": "Add JUnit test for Parser",
            "messageBody": "",
            "fileTypesAndContributionMap": {
              "java": {
                "insertions": 64,
                "deletions": 1
              }
            }
          },
          {
            "hash": "6ce3e13b3afbb0962afa9d2e97d392c888179c92",
            "messageTitle": "Swap position of expected and actual",
            "messageBody": "",
            "tags": [
              "A-JUnit"
            ],
            "fileTypesAndContributionMap": {
              "java": {
                "insertions": 21,
                "deletions": 21
              }
            }
          },
          {
            "hash": "f5a6f341fd85b09369c270e94c8e5056837220c4",
            "messageTitle": "Fix coding style",
            "messageBody": "",
            "fileTypesAndContributionMap": {
              "java": {
                "insertions": 18,
                "deletions": 17
              }
            }
          },
          {
            "hash": "b15234b1cdb2feae8650546095377eda629a3b32",
            "messageTitle": "Update tests to have proper dates",
            "messageBody": "",
            "fileTypesAndContributionMap": {
              "txt": {
                "insertions": 2,
                "deletions": 2
              }
            }
          },
          {
            "hash": "95818d4cbc537c699ed551d71b2a9d287597c1da",
            "messageTitle": "Add JavaDoc for storage package",
            "messageBody": "",
            "fileTypesAndContributionMap": {
              "java": {
                "insertions": 23,
                "deletions": 2
              }
            }
          },
          {
            "hash": "dc3aa4b66b7b3dfdbbb1296f5f3aaf0687cfce31",
            "messageTitle": "Add JavaDoc for exception package",
            "messageBody": "",
            "fileTypesAndContributionMap": {
              "java": {
                "insertions": 3,
                "deletions": 0
              }
            }
          },
          {
            "hash": "28caa2d0cc3bc3aa006419e164b5f73c7f3fdc99",
            "messageTitle": "Add JavaDoc for ui package",
            "messageBody": "",
            "fileTypesAndContributionMap": {
              "java": {
                "insertions": 13,
                "deletions": 1
              }
            }
          },
          {
            "hash": "16a2181b2cf3d42155671cee3e42b1d332db2677",
            "messageTitle": "Add JavaDoc for task package",
            "messageBody": "",
            "fileTypesAndContributionMap": {
              "java": {
                "insertions": 95,
                "deletions": 7
              }
            }
          },
          {
            "hash": "6eb9599258f0afae4a13710e38fa745755f13818",
            "messageTitle": "Add JavaDoc for main duck package",
            "messageBody": "",
            "fileTypesAndContributionMap": {
              "java": {
                "insertions": 95,
                "deletions": 6
              }
            }
          },
          {
            "hash": "cf63837a9101bf444f3f37dfb24da634c29a0e01",
            "messageTitle": "Add Find functionality",
            "messageBody": "",
            "fileTypesAndContributionMap": {
              "java": {
                "insertions": 39,
                "deletions": 1
              }
            }
          }
        ]
      }
    ]
  },
  "authorFileTypeContributionMap": {
    "tankangliang": {
      "java": 1136,
      "md": 2,
      "fxml": 0,
      "sh": 0,
      "bat": 7,
      "gradle": 0,
      "txt": 9
    }
  },
  "authorContributionVariance": {
    "tankangliang": 101541.914
  },
  "authorDisplayNameMap": {
    "tankangliang": "TAN ..IANG"
  }
}
