{
  "authorDailyContributionsMap": {
    "chshen1998": [
      {
        "date": "2020-08-19",
        "commitResults": [
          {
            "hash": "295aaaa2a5b82299ed97f0423a0506d2d41991db",
            "messageTitle": "Added Greet and Echo feature",
            "messageBody": "",
            "fileTypesAndContributionMap": {
              "java": {
                "insertions": 27,
                "deletions": 6
              }
            }
          },
          {
            "hash": "9a687b8bf546ff264426f2e0daa1186c35f24d95",
            "messageTitle": "Added Exit feature",
            "messageBody": "",
            "tags": [
              "Level-1"
            ],
            "fileTypesAndContributionMap": {
              "java": {
                "insertions": 1,
                "deletions": 1
              }
            }
          },
          {
            "hash": "692e7861e99baf08d975233a5290dbd8857f0b28",
            "messageTitle": "Added Add feature",
            "messageBody": "",
            "fileTypesAndContributionMap": {
              "java": {
                "insertions": 6,
                "deletions": 5
              }
            }
          },
          {
            "hash": "802c532907f5b8f4813cee8512e84d52ff3a213c",
            "messageTitle": "Added List feature",
            "messageBody": "",
            "tags": [
              "Level-2"
            ],
            "fileTypesAndContributionMap": {
              "java": {
                "insertions": 7,
                "deletions": 1
              }
            }
          },
          {
            "hash": "9a3b7a75d6b9cd5396964df8c570ae9a7e37dc6b",
            "messageTitle": "Added Task class",
            "messageBody": "",
            "fileTypesAndContributionMap": {
              "java": {
                "insertions": 22,
                "deletions": 3
              }
            }
          },
          {
            "hash": "857ad3cd55e8ef6ec1771398546875c69d0d5718",
            "messageTitle": "Added ability to mark tasks are done",
            "messageBody": "",
            "tags": [
              "Level-3"
            ],
            "fileTypesAndContributionMap": {
              "java": {
                "insertions": 18,
                "deletions": 5
              }
            }
          },
          {
            "hash": "1b650f87f0d6c0dc8b21bcac2297c473fa7eb1c6",
            "messageTitle": "Added todos deadlines and events",
            "messageBody": "",
            "tags": [
              "Level-4"
            ],
            "fileTypesAndContributionMap": {
              "java": {
                "insertions": 69,
                "deletions": 2
              }
            }
          }
        ]
      },
      {
        "date": "2020-08-20",
        "commitResults": [
          {
            "hash": "d3336c6105361e5c5217ca8d2a0b7b9fcb908440",
            "messageTitle": "Added Automated testing",
            "messageBody": "",
            "tags": [
              "A-TextUiTesting"
            ],
            "fileTypesAndContributionMap": {
              "txt": {
                "insertions": 4,
                "deletions": 0
              },
              "java": {
                "insertions": 16,
                "deletions": 5
              },
              "bat": {
                "insertions": 2,
                "deletions": 2
              }
            }
          },
          {
            "hash": "892d6a5e589640466326bed2b0f914834229fcb1",
            "messageTitle": "Added catch for ArrayIndexOutOfBoundsException",
            "messageBody": "",
            "fileTypesAndContributionMap": {
              "java": {
                "insertions": 49,
                "deletions": 18
              }
            }
          },
          {
            "hash": "74fce2a92f9fa7c1e2f30be80d42a6c85ef1bf63",
            "messageTitle": "Catch invalid inputs",
            "messageBody": "",
            "tags": [
              "Level-5"
            ],
            "fileTypesAndContributionMap": {
              "java": {
                "insertions": 6,
                "deletions": 6
              }
            }
          },
          {
            "hash": "8b554f8969395328b2516aefccff49cff7ef3401",
            "messageTitle": "Added delete feature",
            "messageBody": "",
            "tags": [
              "Level-6"
            ],
            "fileTypesAndContributionMap": {
              "java": {
                "insertions": 17,
                "deletions": 0
              }
            }
          },
          {
            "hash": "623975cd85929da22148e20187f743c3a1adaa8c",
            "messageTitle": "Added additional help feature",
            "messageBody": "",
            "fileTypesAndContributionMap": {
              "java": {
                "insertions": 15,
                "deletions": 3
              }
            }
          }
        ]
      },
      {
        "date": "2020-08-23",
        "commitResults": [
          {
            "hash": "4a1c3536045264bd322e6dbbb58b6c4e85ecccf3",
            "messageTitle": "Add handle methods for user input",
            "messageBody": "",
            "fileTypesAndContributionMap": {
              "java": {
                "insertions": 91,
                "deletions": 55
              }
            }
          },
          {
            "hash": "54f4f185a2a9387c6f2117a925ef32c4fac94892",
            "messageTitle": "Update DukeException",
            "messageBody": "",
            "fileTypesAndContributionMap": {
              "java": {
                "insertions": 52,
                "deletions": 52
              }
            }
          },
          {
            "hash": "7f96713ed8df0f94f98463ae071f9e7a7a1f9d11",
            "messageTitle": "Update path in runtest",
            "messageBody": "",
            "fileTypesAndContributionMap": {
              "bat": {
                "insertions": 1,
                "deletions": 1
              }
            }
          }
        ]
      },
      {
        "date": "2020-08-24",
        "commitResults": [
          {
            "hash": "95bbe0f9cc12d68c1b1733a71c301fff7384f136",
            "messageTitle": "Add directory and file creator",
            "messageBody": "",
            "fileTypesAndContributionMap": {
              "txt": {
                "insertions": 0,
                "deletions": 0
              },
              "java": {
                "insertions": 30,
                "deletions": 4
              }
            }
          },
          {
            "hash": "2c33fb748ffdebb466dfed330522182adb602f66",
            "messageTitle": "Add boolean param to task constructors",
            "messageBody": "",
            "fileTypesAndContributionMap": {
              "java": {
                "insertions": 12,
                "deletions": 7
              }
            }
          },
          {
            "hash": "12b6295a9ea8734720551a30335e7d995aed96c0",
            "messageTitle": "Add toEncoding method to task subclasses",
            "messageBody": "",
            "fileTypesAndContributionMap": {
              "java": {
                "insertions": 17,
                "deletions": 0
              }
            }
          },
          {
            "hash": "2134fe3532b06278770617e000602664ff8a9188",
            "messageTitle": "Add readSavedData method",
            "messageBody": "",
            "fileTypesAndContributionMap": {
              "java": {
                "insertions": 24,
                "deletions": 18
              }
            }
          },
          {
            "hash": "bea87b8c23d1099d5456394edf034ab09557b293",
            "messageTitle": "Remove text deleted on read bug",
            "messageBody": "",
            "fileTypesAndContributionMap": {
              "txt": {
                "insertions": 3,
                "deletions": 0
              },
              "java": {
                "insertions": 2,
                "deletions": 2
              }
            }
          },
          {
            "hash": "6d0ff945bc1baa6a6347c52cea2b945794460490",
            "messageTitle": "Add ability to write to duke.txt",
            "messageBody": "",
            "fileTypesAndContributionMap": {
              "txt": {
                "insertions": 2,
                "deletions": 1
              },
              "java": {
                "insertions": 18,
                "deletions": 11
              }
            }
          },
          {
            "hash": "9b51ae23b8f77f9c723de91e2aad59e33bf4aab9",
            "messageTitle": "Fix readSavedData ArrayIndexOutOfBounds bug",
            "messageBody": "",
            "fileTypesAndContributionMap": {
              "txt": {
                "insertions": 4,
                "deletions": 4
              },
              "java": {
                "insertions": 6,
                "deletions": 4
              }
            }
          },
          {
            "hash": "a80938f8d85325f056b966493fcc67a0155410a4",
            "messageTitle": "Add save method",
            "messageBody": "",
            "tags": [
              "Level-7"
            ],
            "fileTypesAndContributionMap": {
              "txt": {
                "insertions": 1,
                "deletions": 4
              },
              "java": {
                "insertions": 12,
                "deletions": 5
              }
            }
          },
          {
            "hash": "a4903dc073a6cfb3dd1882099945c71ca657067e",
            "messageTitle": "Add LocalDate feature in Deadline",
            "messageBody": "",
            "fileTypesAndContributionMap": {
              "java": {
                "insertions": 30,
                "deletions": 28
              }
            }
          }
        ]
      },
      {
        "date": "2020-08-25",
        "commitResults": [
          {
            "hash": "4bf62d7886cf7a31ec1f66c4a6a3524efdc0a96e",
            "messageTitle": "Add LocalDateTime to Tasks",
            "messageBody": "",
            "fileTypesAndContributionMap": {
              "java": {
                "insertions": 29,
                "deletions": 9
              }
            }
          },
          {
            "hash": "a0067c8a6642c9f670a3f1e0202afe65124e0cea",
            "messageTitle": "Add reformatDateTime in Task Remove help in Duke",
            "messageBody": "",
            "fileTypesAndContributionMap": {
              "java": {
                "insertions": 0,
                "deletions": 17
              }
            }
          },
          {
            "hash": "811c4ae4318535c4a156e25516066604d749055a",
            "messageTitle": "Update Task constructor",
            "messageBody": "",
            "fileTypesAndContributionMap": {
              "java": {
                "insertions": 5,
                "deletions": 23
              }
            }
          },
          {
            "hash": "ccc5443f994c5d43d64d7d03ef36da5edcf40d31",
            "messageTitle": "Add isDate method to Task",
            "messageBody": "",
            "fileTypesAndContributionMap": {
              "txt": {
                "insertions": 0,
                "deletions": 1
              },
              "java": {
                "insertions": 37,
                "deletions": 8
              }
            }
          },
          {
            "hash": "4dc495e71151dc268c3c385f5dc38ecc5d077e50",
            "messageTitle": "Add date filter feature in Duke",
            "messageBody": "",
            "fileTypesAndContributionMap": {
              "java": {
                "insertions": 7,
                "deletions": 5
              }
            }
          },
          {
            "hash": "42881338cea57ff326383391ce9f95105c662c88",
            "messageTitle": "Fix date filter feature",
            "messageBody": "",
            "fileTypesAndContributionMap": {
              "txt": {
                "insertions": 1,
                "deletions": 0
              },
              "java": {
                "insertions": 26,
                "deletions": 15
              }
            }
          },
          {
            "hash": "4f77de620d9c16bdc4c8a78fe4b86f7fd26b7d2f",
            "messageTitle": "Update Task toString to include time",
            "messageBody": "",
            "fileTypesAndContributionMap": {
              "txt": {
                "insertions": 0,
                "deletions": 1
              },
              "java": {
                "insertions": 5,
                "deletions": 3
              }
            }
          },
          {
            "hash": "0e26908e28dd3442b7566a4ed157910c1876e258",
            "messageTitle": "Create TaskList class",
            "messageBody": "",
            "fileTypesAndContributionMap": {
              "java": {
                "insertions": 129,
                "deletions": 5
              }
            }
          },
          {
            "hash": "a3ba59e659e41f42d1539c2702b9310ffe087546",
            "messageTitle": "Create Ui class",
            "messageBody": "",
            "fileTypesAndContributionMap": {
              "java": {
                "insertions": 27,
                "deletions": 21
              }
            }
          },
          {
            "hash": "e931c1ab8bb2355ddcb6e26cdb2d4f9bda3a2bc7",
            "messageTitle": "Create Storage class",
            "messageBody": "",
            "fileTypesAndContributionMap": {
              "java": {
                "insertions": 55,
                "deletions": 1
              }
            }
          },
          {
            "hash": "ab7971b0af708a1edaf7c9858400f3d3921e8082",
            "messageTitle": "Create Parser class",
            "messageBody": "",
            "fileTypesAndContributionMap": {
              "java": {
                "insertions": 115,
                "deletions": 208
              }
            }
          },
          {
            "hash": "21df4f8624c47e67658ddb45142354f8dd8581aa",
            "messageTitle": "Handle exceptions",
            "messageBody": "",
            "fileTypesAndContributionMap": {
              "java": {
                "insertions": 12,
                "deletions": 12
              }
            }
          },
          {
            "hash": "26112b04c484684cc6a7cf31ce4886e010106d69",
            "messageTitle": "Update Duke to run with new classes",
            "messageBody": "",
            "fileTypesAndContributionMap": {
              "txt": {
                "insertions": 3,
                "deletions": 0
              },
              "java": {
                "insertions": 21,
                "deletions": 27
              }
            }
          }
        ]
      },
      {
        "date": "2020-08-26",
        "commitResults": [
          {
            "hash": "9b727cbbb113950474564dddc9a6571d844555a9",
            "messageTitle": "Update text file at every change",
            "messageBody": "",
            "fileTypesAndContributionMap": {
              "txt": {
                "insertions": 1,
                "deletions": 0
              },
              "java": {
                "insertions": 10,
                "deletions": 2
              }
            }
          },
          {
            "hash": "8709939b96462f86864e32b05284f1f2212c959b",
            "messageTitle": "Create Command class",
            "messageBody": "",
            "fileTypesAndContributionMap": {
              "java": {
                "insertions": 147,
                "deletions": 72
              }
            }
          },
          {
            "hash": "072ec248bf43a71724cb8e1cda1f6392de7fc44b",
            "messageTitle": "Create package for all class",
            "messageBody": "",
            "fileTypesAndContributionMap": {
              "java": {
                "insertions": 11,
                "deletions": 1
              }
            }
          },
          {
            "hash": "bddd1ced61c7b4247d99ae34518c61aed222b8ef",
            "messageTitle": "Create command subclass",
            "messageBody": "",
            "fileTypesAndContributionMap": {
              "java": {
                "insertions": 211,
                "deletions": 22
              }
            }
          },
          {
            "hash": "fc7f1b0e62f6bde83f91c6d67972205a61ac1ba1",
            "messageTitle": "Store all class in package",
            "messageBody": "",
            "fileTypesAndContributionMap": {
              "java": {
                "insertions": 33,
                "deletions": 116
              }
            }
          },
          {
            "hash": "8c8d741c87594967f10803ff0cf5e8b8df7d4770",
            "messageTitle": "Move saved data to src folder",
            "messageBody": "",
            "fileTypesAndContributionMap": {
              "txt": {
                "insertions": 1,
                "deletions": 4
              },
              "java": {
                "insertions": 14,
                "deletions": 11
              }
            }
          },
          {
            "hash": "ad7babd287f0f219b41a0d30720d5e476ff8e0c2",
            "messageTitle": "Catch IndexOutOfBounds in Command",
            "messageBody": "",
            "tags": [
              "A-MoreOOP"
            ],
            "fileTypesAndContributionMap": {
              "java": {
                "insertions": 59,
                "deletions": 67
              }
            }
          },
          {
            "hash": "96f927b0f283bef406540d60d1e6c0b0e0a203a2",
            "messageTitle": "A-Packages",
            "messageBody": "",
            "tags": [
              "A-Packages"
            ],
            "fileTypesAndContributionMap": {
              "txt": {
                "insertions": 3,
                "deletions": 0
              },
              "java": {
                "insertions": 0,
                "deletions": 1
              }
            }
          },
          {
            "hash": "2e17a0a4f681fe91f6247c43311eb29d7290c125",
            "messageTitle": "Add DukeTest",
            "messageBody": "",
            "fileTypesAndContributionMap": {
              "java": {
                "insertions": 9,
                "deletions": 0
              }
            }
          }
        ]
      },
      {
        "date": "2020-08-27",
        "commitResults": [
          {
            "hash": "9152927cc1b2819d1559c3952e0c6b361bc08ed2",
            "messageTitle": "Add InvalidCommand class",
            "messageBody": "",
            "fileTypesAndContributionMap": {
              "java": {
                "insertions": 31,
                "deletions": 7
              }
            }
          },
          {
            "hash": "129493eb7980eed181b552755bff9391df09fef2",
            "messageTitle": "Add testCommands testIncompleteCommand testExits",
            "messageBody": "",
            "fileTypesAndContributionMap": {
              "java": {
                "insertions": 59,
                "deletions": 8
              }
            }
          },
          {
            "hash": "0b6e95e20ecdd68603f157faa95515f3200e5d3b",
            "messageTitle": "Add test for incorrect commands",
            "messageBody": "",
            "tags": [
              "A-Jar",
              "A-JUnit"
            ],
            "fileTypesAndContributionMap": {
              "java": {
                "insertions": 28,
                "deletions": 4
              }
            }
          },
          {
            "hash": "bdaf0f325942e1b40e5d1db8628709ce29dcdaf3",
            "messageTitle": "Add JavaDocs",
            "messageBody": "",
            "tags": [
              "A-JavaDoc"
            ],
            "fileTypesAndContributionMap": {
              "java": {
                "insertions": 132,
                "deletions": 2
              }
            }
          },
          {
            "hash": "ff81bc7de8eb1756c2815dab34fa42b6d3f69018",
            "messageTitle": "Include coding standard",
            "messageBody": "",
            "tags": [
              "A-CodingStandard"
            ],
            "fileTypesAndContributionMap": {
              "java": {
                "insertions": 59,
                "deletions": 5
              }
            }
          },
          {
            "hash": "80fd7b8eea44d8cee0863a8a7121517d116040bf",
            "messageTitle": "Add FindCommand",
            "messageBody": "",
            "fileTypesAndContributionMap": {
              "java": {
                "insertions": 36,
                "deletions": 0
              }
            }
          },
          {
            "hash": "827847a529873ccb6f1e28c9c093ce2fc136a86b",
            "messageTitle": "Update Parser to recognise find",
            "messageBody": "",
            "tags": [
              "Level-9"
            ],
            "fileTypesAndContributionMap": {
              "txt": {
                "insertions": 2,
                "deletions": 4
              },
              "java": {
                "insertions": 22,
                "deletions": 23
              }
            }
          },
          {
            "hash": "ce6cb1205d566867f3ddb8a017955661e81710e6",
            "messageTitle": "Add header comment for FindCommand",
            "messageBody": "",
            "fileTypesAndContributionMap": {
              "java": {
                "insertions": 8,
                "deletions": 0
              }
            }
          }
        ]
      },
      {
        "date": "2020-08-31",
        "commitResults": [
          {
            "hash": "3c88401014617bdd8a478a83bbbdaf96e8c3857c",
            "messageTitle": "Add Gradle",
            "messageBody": "",
            "tags": [
              "A-Gradle"
            ],
            "fileTypesAndContributionMap": {
              "gradle": {
                "insertions": 1,
                "deletions": 1
              },
              "txt": {
                "insertions": 1,
                "deletions": 0
              }
            }
          },
          {
            "hash": "519b117f2f2dcbe96c41d4775cc9f0e7f944fde5",
            "messageTitle": "Create duke package",
            "messageBody": "",
            "fileTypesAndContributionMap": {
              "txt": {
                "insertions": 0,
                "deletions": 0
              },
              "java": {
                "insertions": 119,
                "deletions": 122
              },
              "sh": {
                "insertions": 2,
                "deletions": 2
              },
              "md": {
                "insertions": 2,
                "deletions": 2
              }
            }
          }
        ]
      },
      {
        "date": "2020-09-01",
        "commitResults": [
          {
            "hash": "6da155fd82a165ed9b925afd9909a3ab69d5e999",
            "messageTitle": "Add CheckStyle",
            "messageBody": "",
            "fileTypesAndContributionMap": {
              "gradle": {
                "insertions": 4,
                "deletions": 3
              },
              "txt": {
                "insertions": 1,
                "deletions": 0
              },
              "java": {
                "insertions": 6,
                "deletions": 32
              }
            }
          },
          {
            "hash": "e30c275a2f42246c320280848978fb595e44bd45",
            "messageTitle": "Resolve checkstyle errors",
            "messageBody": "",
            "tags": [
              "A-CheckStyle"
            ],
            "fileTypesAndContributionMap": {
              "java": {
                "insertions": 2,
                "deletions": 8
              }
            }
          },
          {
            "hash": "46e0382f27a8cc180a12f6ee2995b9998a45b220",
            "messageTitle": "Add more testcases",
            "messageBody": "",
            "fileTypesAndContributionMap": {
              "java": {
                "insertions": 50,
                "deletions": 1
              }
            }
          },
          {
            "hash": "d9d5ba488331790e6542230464e16db75fd41ba4",
            "messageTitle": "Add Main and Launcher class",
            "messageBody": "",
            "fileTypesAndContributionMap": {
              "gradle": {
                "insertions": 15,
                "deletions": 0
              },
              "java": {
                "insertions": 112,
                "deletions": 0
              }
            }
          },
          {
            "hash": "4e87bb3d6846de58bb98df392696801130a5404e",
            "messageTitle": "Add DialogBox class",
            "messageBody": "",
            "fileTypesAndContributionMap": {
              "java": {
                "insertions": 73,
                "deletions": 13
              }
            }
          },
          {
            "hash": "bbceb367586cdcd148dd0b4dd780c247fcdf9dbf",
            "messageTitle": "Add MainWindow and DialogBox fxml files",
            "messageBody": "",
            "fileTypesAndContributionMap": {
              "fxml": {
                "insertions": 35,
                "deletions": 0
              }
            }
          }
        ]
      },
      {
        "date": "2020-09-03",
        "commitResults": [
          {
            "hash": "7be27611b2c0f76fb1eba6ebfea8125f34ecc206",
            "messageTitle": "Update Command method execute to return String",
            "messageBody": "",
            "fileTypesAndContributionMap": {
              "txt": {
                "insertions": 1,
                "deletions": 2
              },
              "fxml": {
                "insertions": 2,
                "deletions": 1
              },
              "java": {
                "insertions": 183,
                "deletions": 178
              }
            }
          },
          {
            "hash": "b8f247974d042a34c4db0f73acf57d210ae17f82",
            "messageTitle": "Update duke.txt",
            "messageBody": "",
            "tags": [
              "Level-10"
            ],
            "fileTypesAndContributionMap": {
              "txt": {
                "insertions": 1,
                "deletions": 0
              }
            }
          },
          {
            "hash": "7deac16ed10e8de96fe370c89daa6dc47dcb895a",
            "messageTitle": "Update command responses",
            "messageBody": "",
            "fileTypesAndContributionMap": {
              "txt": {
                "insertions": 2,
                "deletions": 4
              },
              "java": {
                "insertions": 33,
                "deletions": 50
              }
            }
          }
        ]
      },
      {
        "date": "2020-09-08",
        "commitResults": [
          {
            "hash": "fa0c509aca27dae24908776281575696b898874c",
            "messageTitle": "Add assertions",
            "messageBody": "",
            "fileTypesAndContributionMap": {
              "gradle": {
                "insertions": 1,
                "deletions": 0
              },
              "java": {
                "insertions": 1,
                "deletions": 0
              }
            }
          },
          {
            "hash": "0588a1c32e35a999c22f8eb64edf774e3c6cf1b1",
            "messageTitle": "Improve code quality",
            "messageBody": "",
            "fileTypesAndContributionMap": {
              "java": {
                "insertions": 63,
                "deletions": 27
              }
            }
          },
          {
            "hash": "f6369ab1fad6cb6e60987e25dd9a35a81f90e797",
            "messageTitle": "Add WeeklyCommand WeeklyTask",
            "messageBody": "",
            "fileTypesAndContributionMap": {
              "txt": {
                "insertions": 2,
                "deletions": 0
              },
              "java": {
                "insertions": 127,
                "deletions": 23
              }
            }
          },
          {
            "hash": "6ace731fb69bab2c26fb8938434dca0ccbb1a980",
            "messageTitle": "Update Parser and WeeklyTask",
            "messageBody": "",
            "fileTypesAndContributionMap": {
              "java": {
                "insertions": 2,
                "deletions": 2
              }
            }
          },
          {
            "hash": "c7e5fe2619bb731498d8282b239426bf2d6f7a0c",
            "messageTitle": "Update Storage to load WeeklyTasks",
            "messageBody": "",
            "fileTypesAndContributionMap": {
              "java": {
                "insertions": 9,
                "deletions": 8
              }
            }
          }
        ]
      },
      {
        "date": "2020-09-09",
        "commitResults": [
          {
            "hash": "973836150b552680ef63df9177a1c70b17679b92",
            "messageTitle": "Fix dialog box max height",
            "messageBody": "",
            "fileTypesAndContributionMap": {
              "txt": {
                "insertions": 3,
                "deletions": 2
              },
              "fxml": {
                "insertions": 1,
                "deletions": 1
              },
              "java": {
                "insertions": 47,
                "deletions": 18
              }
            }
          },
          {
            "hash": "8563f20c56de78e3d5d211534d2374edce8aa23b",
            "messageTitle": "Update WeeklyTask code quality",
            "messageBody": "",
            "fileTypesAndContributionMap": {
              "txt": {
                "insertions": 2,
                "deletions": 3
              },
              "java": {
                "insertions": 11,
                "deletions": 3
              }
            }
          }
        ]
      }
    ]
  },
  "authorFileTypeContributionMap": {
    "chshen1998": {
      "java": 1321,
      "md": 2,
      "fxml": 36,
      "sh": 2,
      "bat": 2,
      "gradle": 20,
      "txt": 8
    }
  },
  "authorContributionVariance": {
    "chshen1998": 54579.34
  },
  "authorDisplayNameMap": {
    "chshen1998": "CS2103T-W11-1 CHEW..SHEN"
  }
}
