{
  "authorDailyContributionsMap": {
    "xinyee20": [
      {
        "date": "2020-08-20",
        "commitResults": [
          {
            "hash": "8ff50d07f52d866308311c1f73af4cecd31a6dea",
            "messageTitle": "Create Greet.java and modify Duke.java to do Greet, Echo, Exit.",
            "messageBody": "",
            "tags": [
              "Level-1"
            ],
            "fileTypesAndContributionMap": {
              "java": {
                "insertions": 64,
                "deletions": 0
              }
            }
          },
          {
            "hash": "eb3c48bad81c12891984ce9572e0fd858d5bccb0",
            "messageTitle": "Modify Greet.java and Duke.java to create indentation in Duke\u0027s output",
            "messageBody": "",
            "fileTypesAndContributionMap": {
              "java": {
                "insertions": 31,
                "deletions": 24
              }
            }
          },
          {
            "hash": "0b61210f8f63983cbae7e1268959e509a055a1df",
            "messageTitle": "Edit Duke.java to allow program to end after last greeting",
            "messageBody": "",
            "fileTypesAndContributionMap": {
              "java": {
                "insertions": 2,
                "deletions": 2
              }
            }
          },
          {
            "hash": "92359105f437da9e99d80d9a071ca458dbaeef4b",
            "messageTitle": "Update Duke.java to allow it to terminate properly",
            "messageBody": "",
            "fileTypesAndContributionMap": {
              "java": {
                "insertions": 7,
                "deletions": 3
              }
            }
          },
          {
            "hash": "a294f0249928a0c4977b102bd5cedec79961690a",
            "messageTitle": "Add Task.java and modify Duke.java to create list task feature for Duke",
            "messageBody": "",
            "tags": [
              "Level-2"
            ],
            "fileTypesAndContributionMap": {
              "java": {
                "insertions": 47,
                "deletions": 9
              }
            }
          },
          {
            "hash": "a7df45af723e26cec7e551ea80c5508422ab6ffc",
            "messageTitle": "Modify Duke.java and Task.java to update list after task is done",
            "messageBody": "",
            "tags": [
              "Level-3"
            ],
            "fileTypesAndContributionMap": {
              "java": {
                "insertions": 26,
                "deletions": 5
              }
            }
          },
          {
            "hash": "ee414a91ba21f80b73eca248ae6d4292acda667f",
            "messageTitle": "add DeadlineTask.java, EventsTask.java, ToDo.java and modify Duke.java, Task.java to input 3 types of tasks in the list",
            "messageBody": "",
            "tags": [
              "Level-4"
            ],
            "fileTypesAndContributionMap": {
              "java": {
                "insertions": 97,
                "deletions": 9
              }
            }
          }
        ]
      },
      {
        "date": "2020-08-21",
        "commitResults": [
          {
            "hash": "8d9ee9f2a9a1617c2d395433a29f68e75d2a9f91",
            "messageTitle": "transfer all Task.java, ToDo.java, DeadlineTask.java, EventsTask.java, Greet.java to main.java package to make it easier to test",
            "messageBody": "",
            "fileTypesAndContributionMap": {
              "java": {
                "insertions": 6,
                "deletions": 6
              }
            }
          },
          {
            "hash": "658224dfa3e66eff9d1b5e5979229fbb86365c85",
            "messageTitle": "Edit Duke.java and add DukeException.java to handle errors.",
            "messageBody": "",
            "fileTypesAndContributionMap": {
              "java": {
                "insertions": 48,
                "deletions": 21
              }
            }
          },
          {
            "hash": "9c1da28370092bba9acfecdf9cb223e20a4b7ee4",
            "messageTitle": "Modify Duke.java to add in delete task from list feature",
            "messageBody": "",
            "tags": [
              "Level-6"
            ],
            "fileTypesAndContributionMap": {
              "java": {
                "insertions": 15,
                "deletions": 0
              }
            }
          }
        ]
      },
      {
        "date": "2020-08-22",
        "commitResults": [
          {
            "hash": "d13f417a1b0ed9facefcf5c19d0b4bebd38355a1",
            "messageTitle": "Edit Duke.java to make error messages more appropriate",
            "messageBody": "",
            "tags": [
              "Level-5"
            ],
            "fileTypesAndContributionMap": {
              "java": {
                "insertions": 2,
                "deletions": 2
              }
            }
          },
          {
            "hash": "29613f11498bbf3835e4dab445c0db36d7f8210e",
            "messageTitle": "Rename Duke.java and DukeException.java to Willy.java and WillyException.java. Modify the renamed files and Greet.java to give the bot a new life",
            "messageBody": "",
            "fileTypesAndContributionMap": {
              "java": {
                "insertions": 26,
                "deletions": 25
              }
            }
          },
          {
            "hash": "3b29fb8129e9f90569ee1ffe499da71c689da1c4",
            "messageTitle": "Modify Greet.java and Willy.java to edit the bot\u0027s personality",
            "messageBody": "",
            "fileTypesAndContributionMap": {
              "java": {
                "insertions": 5,
                "deletions": 5
              }
            }
          },
          {
            "hash": "ad30280363e7ce412d492ecfc3a7c58aff3a75bd",
            "messageTitle": "Modify runtest.bat to carry out semi-automated testing properly",
            "messageBody": "",
            "tags": [
              "A-TextUiTesting"
            ],
            "fileTypesAndContributionMap": {
              "txt": {
                "insertions": 8,
                "deletions": 0
              },
              "bat": {
                "insertions": 3,
                "deletions": 3
              },
              "sh": {
                "insertions": 0,
                "deletions": 38
              }
            }
          },
          {
            "hash": "857167f6ce8aa0ea403873bfe8dfddf2ef84a125",
            "messageTitle": "Modify Task.java, ToDo.java, DeadlineTask.java, EventsTask.java, Willy.java and Add TaskSymbol to infuse enum to represent to different types of tasks",
            "messageBody": "",
            "tags": [
              "A-Enums"
            ],
            "fileTypesAndContributionMap": {
              "java": {
                "insertions": 39,
                "deletions": 17
              }
            }
          }
        ]
      },
      {
        "date": "2020-08-25",
        "commitResults": [
          {
            "hash": "710f2b52184585742ef588323f7d4581e0cbee6f",
            "messageTitle": "Add TaskStore.java to save tasks in hard disk",
            "messageBody": "",
            "fileTypesAndContributionMap": {
              "java": {
                "insertions": 72,
                "deletions": 11
              }
            }
          },
          {
            "hash": "eff2a06e8883f1dedd49e0c315a0d3396648448c",
            "messageTitle": "Modify Deadline.java, EventsTask.java and Willy.java for bot to understand time",
            "messageBody": "",
            "tags": [
              "branch-Level-8",
              "Level-8"
            ],
            "fileTypesAndContributionMap": {
              "java": {
                "insertions": 22,
                "deletions": 8
              }
            }
          },
          {
            "hash": "84e0a853935553c841cabe0b2b1746c5d0887c4d",
            "messageTitle": "Modify TaskStore.java, Willy.java to allow storage of task to work and add task.txt as harddrive to store tasks",
            "messageBody": "",
            "tags": [
              "branch-Level-7",
              "Level-7"
            ],
            "fileTypesAndContributionMap": {
              "txt": {
                "insertions": 3,
                "deletions": 0
              },
              "java": {
                "insertions": 115,
                "deletions": 29
              }
            }
          },
          {
            "hash": "09707cb2010338c71c3764e20019d5a0104faf66",
            "messageTitle": "Clean up code",
            "messageBody": "",
            "fileTypesAndContributionMap": {
              "txt": {
                "insertions": 1,
                "deletions": 2
              },
              "java": {
                "insertions": 2,
                "deletions": 65
              }
            }
          },
          {
            "hash": "76a36f82f7bd98e8c7128afb486729956f7820ba",
            "messageTitle": "Add TaskList.java to organise code",
            "messageBody": "",
            "tags": [
              "A-MoreOOP"
            ],
            "fileTypesAndContributionMap": {
              "txt": {
                "insertions": 0,
                "deletions": 1
              },
              "java": {
                "insertions": 72,
                "deletions": 61
              }
            }
          },
          {
            "hash": "56e56ca8fe46d3ef643052b90b950607dc52aaaf",
            "messageTitle": "Add JUnitTesting.java to automate testing of code",
            "messageBody": "",
            "tags": [
              "v0.1",
              "A-Jar",
              "A-JUnit"
            ],
            "fileTypesAndContributionMap": {
              "txt": {
                "insertions": 1,
                "deletions": 1
              },
              "java": {
                "insertions": 39,
                "deletions": 2
              }
            }
          },
          {
            "hash": "3be4f75f6cb89a5af00b8b82bd57c4eff5755b3f",
            "messageTitle": "Include JavaDoc comments for the classes",
            "messageBody": "",
            "fileTypesAndContributionMap": {
              "java": {
                "insertions": 30,
                "deletions": 1
              }
            }
          }
        ]
      },
      {
        "date": "2020-08-26",
        "commitResults": [
          {
            "hash": "1bfdbd7a50541874ba98011462a30fd403ad2bcc",
            "messageTitle": "Modify TaskList.java, Willy.java to enable find task feature",
            "messageBody": "",
            "fileTypesAndContributionMap": {
              "txt": {
                "insertions": 0,
                "deletions": 1
              },
              "java": {
                "insertions": 24,
                "deletions": 0
              }
            }
          }
        ]
      },
      {
        "date": "2020-08-27",
        "commitResults": [
          {
            "hash": "a0af6c168a1fac66adbbf41d2cad888c694ec8c5",
            "messageTitle": "Modify TaskList.java and Willy.java to get find feature to work properly",
            "messageBody": "",
            "tags": [
              "branch-Level-9",
              "Level-9"
            ],
            "fileTypesAndContributionMap": {
              "java": {
                "insertions": 5,
                "deletions": 7
              }
            }
          },
          {
            "hash": "89a7beec8ef21d4804e79b3cfb28fda219c73b98",
            "messageTitle": "Edit JavaDoc comments for Task.java, TaskList.java and Willy.java",
            "messageBody": "",
            "tags": [
              "branch-A-JavaDoc",
              "A-JavaDoc"
            ],
            "fileTypesAndContributionMap": {
              "java": {
                "insertions": 5,
                "deletions": 2
              }
            }
          },
          {
            "hash": "97cc3ed3110b2a61f413c91b57c2802aeaa5b4cf",
            "messageTitle": "Modify code to comply with coding standard",
            "messageBody": "",
            "tags": [
              "branch-CodingStandard",
              "A-CodingStandard"
            ],
            "fileTypesAndContributionMap": {
              "java": {
                "insertions": 26,
                "deletions": 24
              }
            }
          },
          {
            "hash": "13f79fa87aff4d46af0e4c8ccd3b3fbfadc4de10",
            "messageTitle": "Modify code to comply with coding standard",
            "messageBody": "",
            "fileTypesAndContributionMap": {
              "java": {
                "insertions": 31,
                "deletions": 24
              }
            }
          }
        ]
      }
    ]
  },
  "authorFileTypeContributionMap": {
    "xinyee20": {
      "java": 508,
      "md": 0,
      "fxml": 0,
      "sh": 0,
      "bat": 2,
      "gradle": 0,
      "txt": 8
    }
  },
  "authorContributionVariance": {
    "xinyee20": 23819.389
  },
  "authorDisplayNameMap": {
    "xinyee20": "CS2103T-W12-4 LAU .. YEE"
  }
}
