{
  "authorDailyContributionsMap": {
    "gloon99": [
      {
        "date": "2020-08-18",
        "commitResults": [
          {
            "hash": "b95c65151210c00d1ad77bbc61b64636f3093482",
            "messageTitle": "edited Duke\u0027s introduction and added the introduction to the separate class file Introduction.java",
            "messageBody": "",
            "tags": [
              "Level-1"
            ],
            "fileTypesAndContributionMap": {
              "java": {
                "insertions": 14,
                "deletions": 6
              }
            }
          },
          {
            "hash": "cd1d1f3e7e113e30b4ce4bc2259d18136e584691",
            "messageTitle": "changed all instances of \"introduction\" to \"greet\"",
            "messageBody": "",
            "fileTypesAndContributionMap": {
              "java": {
                "insertions": 5,
                "deletions": 5
              }
            }
          }
        ]
      },
      {
        "date": "2020-08-19",
        "commitResults": [
          {
            "hash": "de75bb7ed8a15dd5a107bbf2cef99063f465dd11",
            "messageTitle": "added Echo and Exit classes for their respective purposes",
            "messageBody": "",
            "fileTypesAndContributionMap": {
              "java": {
                "insertions": 21,
                "deletions": 0
              }
            }
          },
          {
            "hash": "a62e62991f5dc78c82306f40b04b114ed91f81d6",
            "messageTitle": "added the class Responder to take care of all responses modified the class Duke to work with Responder",
            "messageBody": "",
            "fileTypesAndContributionMap": {
              "java": {
                "insertions": 11,
                "deletions": 0
              }
            }
          },
          {
            "hash": "0402ae54ea50963ac09911d48ee192af64644443",
            "messageTitle": "added class MyList to keep track of the list in Duke",
            "messageBody": "",
            "tags": [
              "Level-2"
            ],
            "fileTypesAndContributionMap": {
              "java": {
                "insertions": 24,
                "deletions": 0
              }
            }
          },
          {
            "hash": "c856b49b6f40104f2b716e0e7dc98783b5728274",
            "messageTitle": "changed Echo class to ReadIn class such that its only function is to read in values",
            "messageBody": "",
            "fileTypesAndContributionMap": {
              "java": {
                "insertions": 3,
                "deletions": 7
              }
            }
          },
          {
            "hash": "9a3648c5d79d8aff8add6425d594a2b3cdda878b",
            "messageTitle": "edited Responder class to work with ReadIn and MyList",
            "messageBody": "",
            "fileTypesAndContributionMap": {
              "java": {
                "insertions": 8,
                "deletions": 4
              }
            }
          },
          {
            "hash": "669599efff167cb40ded2b48899234928ea21426",
            "messageTitle": "added class Task",
            "messageBody": "",
            "tags": [
              "Level-3"
            ],
            "fileTypesAndContributionMap": {
              "java": {
                "insertions": 17,
                "deletions": 0
              }
            }
          },
          {
            "hash": "23d184c1be2d7d3b797a2485097b4f0a5cf68714",
            "messageTitle": "fixed bug in Task and changed MyList class into TaskManager class",
            "messageBody": "",
            "fileTypesAndContributionMap": {
              "java": {
                "insertions": 40,
                "deletions": 25
              }
            }
          },
          {
            "hash": "8f98ad4ace8237f6da68e405bb9fce461584708e",
            "messageTitle": "edited exit statement and changed Responder to work with TaskManager",
            "messageBody": "",
            "fileTypesAndContributionMap": {
              "java": {
                "insertions": 7,
                "deletions": 4
              }
            }
          },
          {
            "hash": "94484b6ea7d5a037668ea24bd7b6e749e757bf05",
            "messageTitle": "added Todo, Deadline and Event classes as subclasses of Task",
            "messageBody": "",
            "tags": [
              "Level-4"
            ],
            "fileTypesAndContributionMap": {
              "java": {
                "insertions": 37,
                "deletions": 0
              }
            }
          },
          {
            "hash": "9f3f04a251e6d34a664e0d83ce16fb51edcf6435",
            "messageTitle": "edited TaskManager to determine and create the appropriate type of task",
            "messageBody": "",
            "fileTypesAndContributionMap": {
              "java": {
                "insertions": 8,
                "deletions": 1
              }
            }
          },
          {
            "hash": "d02b8b6e3c4407ffa553f9d3d9e58a855a325643",
            "messageTitle": "cleaned up responses of Duke in TaskManager",
            "messageBody": "",
            "fileTypesAndContributionMap": {
              "java": {
                "insertions": 27,
                "deletions": 4
              }
            }
          },
          {
            "hash": "b4213119d5ba33cbd8a738339179dcdaf5a25152",
            "messageTitle": "trying to figure out testing",
            "messageBody": "",
            "fileTypesAndContributionMap": {
              "txt": {
                "insertions": 1,
                "deletions": 0
              },
              "sh": {
                "insertions": 4,
                "deletions": 8
              }
            }
          }
        ]
      },
      {
        "date": "2020-08-20",
        "commitResults": [
          {
            "hash": "0f89b4721a43b01baf4539492f95a723796caf56",
            "messageTitle": "edited TaskManager to accomodate delete",
            "messageBody": "",
            "tags": [
              "Level-6"
            ],
            "fileTypesAndContributionMap": {
              "java": {
                "insertions": 42,
                "deletions": 11
              }
            }
          },
          {
            "hash": "bca4b3e4965ab1975ef7cad569c510b4832d80e5",
            "messageTitle": "refactored code such that all inputs are now converted into commands",
            "messageBody": "",
            "fileTypesAndContributionMap": {
              "java": {
                "insertions": 209,
                "deletions": 118
              }
            }
          },
          {
            "hash": "cb66fbf00cab0c26b46ed817adf181bf1fdefc1f",
            "messageTitle": "edited Duke such that it can handle basic user errors",
            "messageBody": "",
            "tags": [
              "Level-5"
            ],
            "fileTypesAndContributionMap": {
              "java": {
                "insertions": 53,
                "deletions": 27
              }
            }
          },
          {
            "hash": "818521b2de275caa399cc0230424eb2a3eabf95b",
            "messageTitle": "removed gradle????",
            "messageBody": "",
            "fileTypesAndContributionMap": {
              "gradle": {
                "insertions": 0,
                "deletions": 46
              },
              "bat": {
                "insertions": 0,
                "deletions": 103
              }
            }
          },
          {
            "hash": "42e83832756d6b64491343a946ee086214d25238",
            "messageTitle": "trying to figure out testing 2.0",
            "messageBody": "",
            "fileTypesAndContributionMap": {
              "txt": {
                "insertions": 21,
                "deletions": 0
              },
              "sh": {
                "insertions": 2,
                "deletions": 2
              }
            }
          },
          {
            "hash": "61f4d6871d5848098d22c1348cd7c8d0b96795f5",
            "messageTitle": "edited Command class such that List is no longer a raw type",
            "messageBody": "",
            "fileTypesAndContributionMap": {
              "java": {
                "insertions": 1,
                "deletions": 1
              }
            }
          },
          {
            "hash": "24438844061226c634c4716a2264d540ca174a1d",
            "messageTitle": "added ui testing",
            "messageBody": "",
            "tags": [
              "A-TextUiTesting"
            ],
            "fileTypesAndContributionMap": {
              "txt": {
                "insertions": 22,
                "deletions": 22
              },
              "java": {
                "insertions": 0,
                "deletions": 0
              },
              "sh": {
                "insertions": 5,
                "deletions": 1
              }
            }
          }
        ]
      },
      {
        "date": "2020-08-26",
        "commitResults": [
          {
            "hash": "0fcdbd34f4ce9033e05285647b7536e481d0586d",
            "messageTitle": "create path for Duke to store tasks in .txt file",
            "messageBody": "",
            "fileTypesAndContributionMap": {
              "txt": {
                "insertions": 0,
                "deletions": 0
              },
              "java": {
                "insertions": 17,
                "deletions": 0
              }
            }
          },
          {
            "hash": "ff91cbd8885dd72ec1a2d5e59b9b0465be3d350f",
            "messageTitle": "add ability to store changes in list to duke.txt",
            "messageBody": "",
            "fileTypesAndContributionMap": {
              "txt": {
                "insertions": 2,
                "deletions": 0
              },
              "java": {
                "insertions": 28,
                "deletions": 0
              }
            }
          },
          {
            "hash": "75d9b3b25c6ea65784546f62e4cc20ef7ea339f5",
            "messageTitle": "refine ability to save list from previous usage",
            "messageBody": "",
            "tags": [
              "Level-7"
            ],
            "fileTypesAndContributionMap": {
              "txt": {
                "insertions": 1,
                "deletions": 0
              },
              "java": {
                "insertions": 58,
                "deletions": 0
              }
            }
          },
          {
            "hash": "311d00fed9203c17d56bc2458bcb40eec8cdb01e",
            "messageTitle": "add ability for Duke to understand dates instead of treating them as strings",
            "messageBody": "",
            "tags": [
              "Level-8"
            ],
            "fileTypesAndContributionMap": {
              "java": {
                "insertions": 20,
                "deletions": 6
              }
            }
          },
          {
            "hash": "4fc7967ba3260b8634ac81c898543d96dbacd706",
            "messageTitle": "add OOP to Duke",
            "messageBody": "",
            "fileTypesAndContributionMap": {
              "txt": {
                "insertions": 0,
                "deletions": 0
              },
              "java": {
                "insertions": 180,
                "deletions": 258
              }
            }
          },
          {
            "hash": "23e74937bf4d854e83b1b9908fc899d8dc476f47",
            "messageTitle": "add Ui, Storage, Parser and TaskList classes",
            "messageBody": "",
            "tags": [
              "A-MoreOOP"
            ],
            "fileTypesAndContributionMap": {
              "txt": {
                "insertions": 3,
                "deletions": 0
              },
              "java": {
                "insertions": 121,
                "deletions": 69
              }
            }
          },
          {
            "hash": "3460ec749c4901f6b6797ef7a424dfa726424bcb",
            "messageTitle": "add JUnit testing",
            "messageBody": "",
            "tags": [
              "v0.1",
              "A-Jar",
              "A-JUnit"
            ],
            "fileTypesAndContributionMap": {
              "txt": {
                "insertions": 9,
                "deletions": 20
              },
              "java": {
                "insertions": 33,
                "deletions": 0
              }
            }
          }
        ]
      },
      {
        "date": "2020-08-27",
        "commitResults": [
          {
            "hash": "8a148dc9a3a4c23ed52337f4e5136360ffeed614",
            "messageTitle": "add JavaDoc comments to code",
            "messageBody": "",
            "tags": [
              "A-JavaDoc"
            ],
            "fileTypesAndContributionMap": {
              "java": {
                "insertions": 48,
                "deletions": 15
              }
            }
          },
          {
            "hash": "71c3b3cb829545d539e8a6337723354d3a46c698",
            "messageTitle": "tweak the code to comply with coding standard",
            "messageBody": "",
            "tags": [
              "A-CodingStandard"
            ],
            "fileTypesAndContributionMap": {
              "java": {
                "insertions": 1,
                "deletions": 5
              }
            }
          },
          {
            "hash": "aa1dc81a2f2aacb28e9b5c8a3c6103fb8532a711",
            "messageTitle": "give users a way to find a task by searching for a keyword",
            "messageBody": "",
            "tags": [
              "Level-9"
            ],
            "fileTypesAndContributionMap": {
              "txt": {
                "insertions": 3,
                "deletions": 0
              },
              "java": {
                "insertions": 31,
                "deletions": 1
              }
            }
          }
        ]
      }
    ]
  },
  "authorFileTypeContributionMap": {
    "gloon99": {
      "java": 505,
      "md": 0,
      "fxml": 0,
      "sh": 6,
      "bat": 0,
      "gradle": 0,
      "txt": 20
    }
  },
  "authorContributionVariance": {
    "gloon99": 69397.84
  },
  "authorDisplayNameMap": {
    "gloon99": "CS2103-F10-2 GOH ..LOON"
  }
}
