[
  {
    "path": "src/main/java/Deadline.java",
    "fileType": "java",
    "lines": [
      {
        "lineNumber": 1,
        "author": {
          "gitId": "ChengJiyuqing"
        },
        "content": "public class Deadline extends Task {"
      },
      {
        "lineNumber": 2,
        "author": {
          "gitId": "ChengJiyuqing"
        },
        "content": "    String dueDate;"
      },
      {
        "lineNumber": 3,
        "author": {
          "gitId": "ChengJiyuqing"
        },
        "content": ""
      },
      {
        "lineNumber": 4,
        "author": {
          "gitId": "ChengJiyuqing"
        },
        "content": "    public Deadline(String name, Status status, String dueDate) {"
      },
      {
        "lineNumber": 5,
        "author": {
          "gitId": "ChengJiyuqing"
        },
        "content": "        super(name, status);"
      },
      {
        "lineNumber": 6,
        "author": {
          "gitId": "ChengJiyuqing"
        },
        "content": "        this.dueDate \u003d dueDate;"
      },
      {
        "lineNumber": 7,
        "author": {
          "gitId": "ChengJiyuqing"
        },
        "content": "    }"
      },
      {
        "lineNumber": 8,
        "author": {
          "gitId": "ChengJiyuqing"
        },
        "content": ""
      },
      {
        "lineNumber": 9,
        "author": {
          "gitId": "ChengJiyuqing"
        },
        "content": "    @Override public String toString() {"
      },
      {
        "lineNumber": 10,
        "author": {
          "gitId": "ChengJiyuqing"
        },
        "content": "        return \"[D] \" + this.status.statusToSymbol() + \" \" + this.name + \" (by:\" + dueDate + \")\";"
      },
      {
        "lineNumber": 11,
        "author": {
          "gitId": "ChengJiyuqing"
        },
        "content": "    }"
      },
      {
        "lineNumber": 12,
        "author": {
          "gitId": "ChengJiyuqing"
        },
        "content": ""
      },
      {
        "lineNumber": 13,
        "author": {
          "gitId": "ChengJiyuqing"
        },
        "content": "}"
      }
    ],
    "authorContributionMap": {
      "ChengJiyuqing": 13
    }
  },
  {
    "path": "src/main/java/Duke.java",
    "fileType": "java",
    "lines": [
      {
        "lineNumber": 1,
        "author": {
          "gitId": "ChengJiyuqing"
        },
        "content": "import java.util.*;"
      },
      {
        "lineNumber": 2,
        "author": {
          "gitId": "-"
        },
        "content": "public class Duke {"
      },
      {
        "lineNumber": 3,
        "author": {
          "gitId": "ChengJiyuqing"
        },
        "content": "    public static void main(String[] args) throws DukeException {"
      },
      {
        "lineNumber": 4,
        "author": {
          "gitId": "-"
        },
        "content": "        String logo \u003d \" ____        _        \\n\""
      },
      {
        "lineNumber": 5,
        "author": {
          "gitId": "-"
        },
        "content": "                + \"|  _ \\\\ _   _| | _____ \\n\""
      },
      {
        "lineNumber": 6,
        "author": {
          "gitId": "-"
        },
        "content": "                + \"| | | | | | | |/ / _ \\\\\\n\""
      },
      {
        "lineNumber": 7,
        "author": {
          "gitId": "-"
        },
        "content": "                + \"| |_| | |_| |   \u003c  __/\\n\""
      },
      {
        "lineNumber": 8,
        "author": {
          "gitId": "-"
        },
        "content": "                + \"|____/ \\\\__,_|_|\\\\_\\\\___|\\n\";"
      },
      {
        "lineNumber": 9,
        "author": {
          "gitId": "-"
        },
        "content": "        System.out.println(\"Hello from\\n\" + logo);"
      },
      {
        "lineNumber": 10,
        "author": {
          "gitId": "ChengJiyuqing"
        },
        "content": ""
      },
      {
        "lineNumber": 11,
        "author": {
          "gitId": "ChengJiyuqing"
        },
        "content": "        ////Beginning of my own code:"
      },
      {
        "lineNumber": 12,
        "author": {
          "gitId": "ChengJiyuqing"
        },
        "content": "        System.out.println(\"Hello! Duke at your service. Please name your request.\");"
      },
      {
        "lineNumber": 13,
        "author": {
          "gitId": "ChengJiyuqing"
        },
        "content": "        Scanner sc \u003d new Scanner(System.in);"
      },
      {
        "lineNumber": 14,
        "author": {
          "gitId": "ChengJiyuqing"
        },
        "content": ""
      },
      {
        "lineNumber": 15,
        "author": {
          "gitId": "ChengJiyuqing"
        },
        "content": "        //Object to store the list"
      },
      {
        "lineNumber": 16,
        "author": {
          "gitId": "ChengJiyuqing"
        },
        "content": "        ArrayList\u003cTask\u003e itemList \u003d new ArrayList\u003c\u003e();"
      },
      {
        "lineNumber": 17,
        "author": {
          "gitId": "ChengJiyuqing"
        },
        "content": ""
      },
      {
        "lineNumber": 18,
        "author": {
          "gitId": "ChengJiyuqing"
        },
        "content": ""
      },
      {
        "lineNumber": 19,
        "author": {
          "gitId": "ChengJiyuqing"
        },
        "content": "        while (sc.hasNextLine()) {"
      },
      {
        "lineNumber": 20,
        "author": {
          "gitId": "ChengJiyuqing"
        },
        "content": "            String userMessage \u003d sc.nextLine();"
      },
      {
        "lineNumber": 21,
        "author": {
          "gitId": "ChengJiyuqing"
        },
        "content": ""
      },
      {
        "lineNumber": 22,
        "author": {
          "gitId": "ChengJiyuqing"
        },
        "content": ""
      },
      {
        "lineNumber": 23,
        "author": {
          "gitId": "ChengJiyuqing"
        },
        "content": "            //add items to list"
      },
      {
        "lineNumber": 24,
        "author": {
          "gitId": "ChengJiyuqing"
        },
        "content": "            if (!userMessage.equals(\"bye\") \u0026\u0026 !userMessage.equals(\"list\")"
      },
      {
        "lineNumber": 25,
        "author": {
          "gitId": "ChengJiyuqing"
        },
        "content": "                    \u0026\u0026 !userMessage.contains(\"done\") \u0026\u0026 !userMessage.contains(\"delete\")) {"
      },
      {
        "lineNumber": 26,
        "author": {
          "gitId": "ChengJiyuqing"
        },
        "content": "                Task newItem \u003d new Task(userMessage, Task.Status.PENDING);"
      },
      {
        "lineNumber": 27,
        "author": {
          "gitId": "ChengJiyuqing"
        },
        "content": "                if (userMessage.startsWith(\"todo\")) {"
      },
      {
        "lineNumber": 28,
        "author": {
          "gitId": "ChengJiyuqing"
        },
        "content": "                    String name \u003d userMessage.substring(4);"
      },
      {
        "lineNumber": 29,
        "author": {
          "gitId": "ChengJiyuqing"
        },
        "content": "                    if (!name.isEmpty() \u0026\u0026 !name.isBlank()) {"
      },
      {
        "lineNumber": 30,
        "author": {
          "gitId": "ChengJiyuqing"
        },
        "content": "                        newItem \u003d new TODO(name, Task.Status.PENDING);"
      },
      {
        "lineNumber": 31,
        "author": {
          "gitId": "ChengJiyuqing"
        },
        "content": "                    } else {"
      },
      {
        "lineNumber": 32,
        "author": {
          "gitId": "ChengJiyuqing"
        },
        "content": "                        throw new DukeException(\"Oops, tasks cannot be empty\");"
      },
      {
        "lineNumber": 33,
        "author": {
          "gitId": "ChengJiyuqing"
        },
        "content": "                    }"
      },
      {
        "lineNumber": 34,
        "author": {
          "gitId": "ChengJiyuqing"
        },
        "content": "                } else if (userMessage.startsWith(\"deadline\")) {"
      },
      {
        "lineNumber": 35,
        "author": {
          "gitId": "ChengJiyuqing"
        },
        "content": "                    if (!userMessage.contains(\"/by\")) {"
      },
      {
        "lineNumber": 36,
        "author": {
          "gitId": "ChengJiyuqing"
        },
        "content": "                        throw new DukeException(\"Sorry, incorrect format for Deadlines. \\n Please specify a Due Date \" +"
      },
      {
        "lineNumber": 37,
        "author": {
          "gitId": "ChengJiyuqing"
        },
        "content": "                                \"(and task name)\");"
      },
      {
        "lineNumber": 38,
        "author": {
          "gitId": "ChengJiyuqing"
        },
        "content": "                    } else {"
      },
      {
        "lineNumber": 39,
        "author": {
          "gitId": "ChengJiyuqing"
        },
        "content": "                        String name \u003d userMessage.split(\"/by\")[0].substring(8);"
      },
      {
        "lineNumber": 40,
        "author": {
          "gitId": "ChengJiyuqing"
        },
        "content": "                        if (name.isEmpty() || name.isBlank()) {"
      },
      {
        "lineNumber": 41,
        "author": {
          "gitId": "ChengJiyuqing"
        },
        "content": "                            throw new DukeException(\"Oops, tasks cannot be empty\");"
      },
      {
        "lineNumber": 42,
        "author": {
          "gitId": "ChengJiyuqing"
        },
        "content": "                        }"
      },
      {
        "lineNumber": 43,
        "author": {
          "gitId": "ChengJiyuqing"
        },
        "content": "                        String dueDate \u003d userMessage.split(\"/by\")[1];"
      },
      {
        "lineNumber": 44,
        "author": {
          "gitId": "ChengJiyuqing"
        },
        "content": "                        newItem \u003d new Deadline(name, Task.Status.PENDING,dueDate);"
      },
      {
        "lineNumber": 45,
        "author": {
          "gitId": "ChengJiyuqing"
        },
        "content": "                    }"
      },
      {
        "lineNumber": 46,
        "author": {
          "gitId": "ChengJiyuqing"
        },
        "content": "                } else if (userMessage.startsWith(\"event\")) {"
      },
      {
        "lineNumber": 47,
        "author": {
          "gitId": "ChengJiyuqing"
        },
        "content": "                    if (!userMessage.contains(\"/at\")) {"
      },
      {
        "lineNumber": 48,
        "author": {
          "gitId": "ChengJiyuqing"
        },
        "content": "                        throw new DukeException(\"Sorry, incorrect format for Events. \\n Please specify a time \" +"
      },
      {
        "lineNumber": 49,
        "author": {
          "gitId": "ChengJiyuqing"
        },
        "content": "                                \"(and task name)\");"
      },
      {
        "lineNumber": 50,
        "author": {
          "gitId": "ChengJiyuqing"
        },
        "content": "                    } else {"
      },
      {
        "lineNumber": 51,
        "author": {
          "gitId": "ChengJiyuqing"
        },
        "content": "                        String name \u003d userMessage.split(\"/at\")[0].substring(5);"
      },
      {
        "lineNumber": 52,
        "author": {
          "gitId": "ChengJiyuqing"
        },
        "content": "                        if (name.isEmpty() || name.isBlank()) {"
      },
      {
        "lineNumber": 53,
        "author": {
          "gitId": "ChengJiyuqing"
        },
        "content": "                            throw new DukeException(\"Oops, tasks cannot be empty\");"
      },
      {
        "lineNumber": 54,
        "author": {
          "gitId": "ChengJiyuqing"
        },
        "content": "                        }"
      },
      {
        "lineNumber": 55,
        "author": {
          "gitId": "ChengJiyuqing"
        },
        "content": "                        String time \u003d userMessage.split(\"/at\")[1];"
      },
      {
        "lineNumber": 56,
        "author": {
          "gitId": "ChengJiyuqing"
        },
        "content": "                        newItem \u003d new Event(name, Task.Status.PENDING,time);"
      },
      {
        "lineNumber": 57,
        "author": {
          "gitId": "ChengJiyuqing"
        },
        "content": "                    }"
      },
      {
        "lineNumber": 58,
        "author": {
          "gitId": "ChengJiyuqing"
        },
        "content": "                } else {"
      },
      {
        "lineNumber": 59,
        "author": {
          "gitId": "ChengJiyuqing"
        },
        "content": "                    throw new DukeException(\"Sorry, I do not understand this command\");"
      },
      {
        "lineNumber": 60,
        "author": {
          "gitId": "ChengJiyuqing"
        },
        "content": "                }"
      },
      {
        "lineNumber": 61,
        "author": {
          "gitId": "ChengJiyuqing"
        },
        "content": "                itemList.add(newItem);"
      },
      {
        "lineNumber": 62,
        "author": {
          "gitId": "ChengJiyuqing"
        },
        "content": "                System.out.println(\"new task added: \" + newItem.toString());"
      },
      {
        "lineNumber": 63,
        "author": {
          "gitId": "ChengJiyuqing"
        },
        "content": "                System.out.println(\"You now have \" + itemList.size() + \" tasks in your list!\");"
      },
      {
        "lineNumber": 64,
        "author": {
          "gitId": "ChengJiyuqing"
        },
        "content": "            }"
      },
      {
        "lineNumber": 65,
        "author": {
          "gitId": "ChengJiyuqing"
        },
        "content": ""
      },
      {
        "lineNumber": 66,
        "author": {
          "gitId": "ChengJiyuqing"
        },
        "content": "            //list down the contents in the list"
      },
      {
        "lineNumber": 67,
        "author": {
          "gitId": "ChengJiyuqing"
        },
        "content": "            if (userMessage.equals(\"list\")) {"
      },
      {
        "lineNumber": 68,
        "author": {
          "gitId": "ChengJiyuqing"
        },
        "content": "                System.out.println(\"Here is your list: \");"
      },
      {
        "lineNumber": 69,
        "author": {
          "gitId": "ChengJiyuqing"
        },
        "content": "                for (int i \u003d 0; i \u003c itemList.size(); i++) {"
      },
      {
        "lineNumber": 70,
        "author": {
          "gitId": "ChengJiyuqing"
        },
        "content": "                    Task task \u003d itemList.get(i);"
      },
      {
        "lineNumber": 71,
        "author": {
          "gitId": "ChengJiyuqing"
        },
        "content": "                    System.out.println((i+1) + \". \"+ task.toString());"
      },
      {
        "lineNumber": 72,
        "author": {
          "gitId": "ChengJiyuqing"
        },
        "content": "                }"
      },
      {
        "lineNumber": 73,
        "author": {
          "gitId": "ChengJiyuqing"
        },
        "content": "            }"
      },
      {
        "lineNumber": 74,
        "author": {
          "gitId": "ChengJiyuqing"
        },
        "content": ""
      },
      {
        "lineNumber": 75,
        "author": {
          "gitId": "ChengJiyuqing"
        },
        "content": ""
      },
      {
        "lineNumber": 76,
        "author": {
          "gitId": "ChengJiyuqing"
        },
        "content": "            //mark something as done"
      },
      {
        "lineNumber": 77,
        "author": {
          "gitId": "ChengJiyuqing"
        },
        "content": "            if (userMessage.contains(\"done\")) {"
      },
      {
        "lineNumber": 78,
        "author": {
          "gitId": "ChengJiyuqing"
        },
        "content": "                int index \u003d Character.getNumericValue(userMessage.charAt(5)) - 1;"
      },
      {
        "lineNumber": 79,
        "author": {
          "gitId": "ChengJiyuqing"
        },
        "content": "                Task task \u003d itemList.get(index);"
      },
      {
        "lineNumber": 80,
        "author": {
          "gitId": "ChengJiyuqing"
        },
        "content": "                task.markAsDone();"
      },
      {
        "lineNumber": 81,
        "author": {
          "gitId": "ChengJiyuqing"
        },
        "content": "                System.out.println(\"Good job! You have finished this task!\");"
      },
      {
        "lineNumber": 82,
        "author": {
          "gitId": "ChengJiyuqing"
        },
        "content": "                System.out.println(task.toString());"
      },
      {
        "lineNumber": 83,
        "author": {
          "gitId": "ChengJiyuqing"
        },
        "content": "            }"
      },
      {
        "lineNumber": 84,
        "author": {
          "gitId": "ChengJiyuqing"
        },
        "content": ""
      },
      {
        "lineNumber": 85,
        "author": {
          "gitId": "ChengJiyuqing"
        },
        "content": "            //delete task"
      },
      {
        "lineNumber": 86,
        "author": {
          "gitId": "ChengJiyuqing"
        },
        "content": "            if (userMessage.contains(\"delete\")) {"
      },
      {
        "lineNumber": 87,
        "author": {
          "gitId": "ChengJiyuqing"
        },
        "content": "                int index \u003d Character.getNumericValue(userMessage.charAt(7)) - 1;"
      },
      {
        "lineNumber": 88,
        "author": {
          "gitId": "ChengJiyuqing"
        },
        "content": "                Task task \u003d itemList.get(index);"
      },
      {
        "lineNumber": 89,
        "author": {
          "gitId": "ChengJiyuqing"
        },
        "content": "                itemList.remove(index);"
      },
      {
        "lineNumber": 90,
        "author": {
          "gitId": "ChengJiyuqing"
        },
        "content": "                System.out.println(\"I have deleted this task for you: \");"
      },
      {
        "lineNumber": 91,
        "author": {
          "gitId": "ChengJiyuqing"
        },
        "content": "                System.out.println(task.toString());"
      },
      {
        "lineNumber": 92,
        "author": {
          "gitId": "ChengJiyuqing"
        },
        "content": "                System.out.println(\"You now have \" + itemList.size() + \" tasks in your list!\");"
      },
      {
        "lineNumber": 93,
        "author": {
          "gitId": "ChengJiyuqing"
        },
        "content": "            }"
      },
      {
        "lineNumber": 94,
        "author": {
          "gitId": "ChengJiyuqing"
        },
        "content": ""
      },
      {
        "lineNumber": 95,
        "author": {
          "gitId": "ChengJiyuqing"
        },
        "content": "            //exit"
      },
      {
        "lineNumber": 96,
        "author": {
          "gitId": "ChengJiyuqing"
        },
        "content": "            if (userMessage.equals(\"bye\")) {"
      },
      {
        "lineNumber": 97,
        "author": {
          "gitId": "ChengJiyuqing"
        },
        "content": "                System.out.println(\"Bye! Nice serving you. Hope to see you again soon! :D\");"
      },
      {
        "lineNumber": 98,
        "author": {
          "gitId": "ChengJiyuqing"
        },
        "content": "                break;"
      },
      {
        "lineNumber": 99,
        "author": {
          "gitId": "ChengJiyuqing"
        },
        "content": "            }"
      },
      {
        "lineNumber": 100,
        "author": {
          "gitId": "ChengJiyuqing"
        },
        "content": "        }"
      },
      {
        "lineNumber": 101,
        "author": {
          "gitId": "ChengJiyuqing"
        },
        "content": ""
      },
      {
        "lineNumber": 102,
        "author": {
          "gitId": "ChengJiyuqing"
        },
        "content": ""
      },
      {
        "lineNumber": 103,
        "author": {
          "gitId": "-"
        },
        "content": "    }"
      },
      {
        "lineNumber": 104,
        "author": {
          "gitId": "-"
        },
        "content": "}"
      }
    ],
    "authorContributionMap": {
      "ChengJiyuqing": 95,
      "-": 9
    }
  },
  {
    "path": "src/main/java/DukeException.java",
    "fileType": "java",
    "lines": [
      {
        "lineNumber": 1,
        "author": {
          "gitId": "ChengJiyuqing"
        },
        "content": "public class DukeException extends Exception {"
      },
      {
        "lineNumber": 2,
        "author": {
          "gitId": "ChengJiyuqing"
        },
        "content": "    public DukeException (String msg) {"
      },
      {
        "lineNumber": 3,
        "author": {
          "gitId": "ChengJiyuqing"
        },
        "content": "        super(msg);"
      },
      {
        "lineNumber": 4,
        "author": {
          "gitId": "ChengJiyuqing"
        },
        "content": "    }"
      },
      {
        "lineNumber": 5,
        "author": {
          "gitId": "ChengJiyuqing"
        },
        "content": "}"
      }
    ],
    "authorContributionMap": {
      "ChengJiyuqing": 5
    }
  },
  {
    "path": "src/main/java/Event.java",
    "fileType": "java",
    "lines": [
      {
        "lineNumber": 1,
        "author": {
          "gitId": "ChengJiyuqing"
        },
        "content": "public class Event extends Task {"
      },
      {
        "lineNumber": 2,
        "author": {
          "gitId": "ChengJiyuqing"
        },
        "content": "    String time;"
      },
      {
        "lineNumber": 3,
        "author": {
          "gitId": "ChengJiyuqing"
        },
        "content": "    public Event(String name, Status status, String time) {"
      },
      {
        "lineNumber": 4,
        "author": {
          "gitId": "ChengJiyuqing"
        },
        "content": "        super(name, status);"
      },
      {
        "lineNumber": 5,
        "author": {
          "gitId": "ChengJiyuqing"
        },
        "content": "        this.time \u003d time;"
      },
      {
        "lineNumber": 6,
        "author": {
          "gitId": "ChengJiyuqing"
        },
        "content": "    }"
      },
      {
        "lineNumber": 7,
        "author": {
          "gitId": "ChengJiyuqing"
        },
        "content": ""
      },
      {
        "lineNumber": 8,
        "author": {
          "gitId": "ChengJiyuqing"
        },
        "content": "    @Override public String toString() {"
      },
      {
        "lineNumber": 9,
        "author": {
          "gitId": "ChengJiyuqing"
        },
        "content": "        return \"[E] \" + this.status.statusToSymbol() + \" \" + this.name + \" (at:\" + time + \")\";"
      },
      {
        "lineNumber": 10,
        "author": {
          "gitId": "ChengJiyuqing"
        },
        "content": "    }"
      },
      {
        "lineNumber": 11,
        "author": {
          "gitId": "ChengJiyuqing"
        },
        "content": "}"
      }
    ],
    "authorContributionMap": {
      "ChengJiyuqing": 11
    }
  },
  {
    "path": "src/main/java/TODO.java",
    "fileType": "java",
    "lines": [
      {
        "lineNumber": 1,
        "author": {
          "gitId": "ChengJiyuqing"
        },
        "content": "public class TODO extends Task {"
      },
      {
        "lineNumber": 2,
        "author": {
          "gitId": "ChengJiyuqing"
        },
        "content": ""
      },
      {
        "lineNumber": 3,
        "author": {
          "gitId": "ChengJiyuqing"
        },
        "content": "    public TODO(String name, Status status) {"
      },
      {
        "lineNumber": 4,
        "author": {
          "gitId": "ChengJiyuqing"
        },
        "content": "        super(name, status);"
      },
      {
        "lineNumber": 5,
        "author": {
          "gitId": "ChengJiyuqing"
        },
        "content": "    }"
      },
      {
        "lineNumber": 6,
        "author": {
          "gitId": "ChengJiyuqing"
        },
        "content": ""
      },
      {
        "lineNumber": 7,
        "author": {
          "gitId": "ChengJiyuqing"
        },
        "content": "    @Override public String toString() {"
      },
      {
        "lineNumber": 8,
        "author": {
          "gitId": "ChengJiyuqing"
        },
        "content": "        return \"[T] \" + this.status.statusToSymbol() + \" \" + this.name;"
      },
      {
        "lineNumber": 9,
        "author": {
          "gitId": "ChengJiyuqing"
        },
        "content": "    }"
      },
      {
        "lineNumber": 10,
        "author": {
          "gitId": "ChengJiyuqing"
        },
        "content": "}"
      }
    ],
    "authorContributionMap": {
      "ChengJiyuqing": 10
    }
  },
  {
    "path": "src/main/java/Task.java",
    "fileType": "java",
    "lines": [
      {
        "lineNumber": 1,
        "author": {
          "gitId": "ChengJiyuqing"
        },
        "content": "public class Task {"
      },
      {
        "lineNumber": 2,
        "author": {
          "gitId": "ChengJiyuqing"
        },
        "content": "    public enum Status {"
      },
      {
        "lineNumber": 3,
        "author": {
          "gitId": "ChengJiyuqing"
        },
        "content": "        PENDING,"
      },
      {
        "lineNumber": 4,
        "author": {
          "gitId": "ChengJiyuqing"
        },
        "content": "        DONE;"
      },
      {
        "lineNumber": 5,
        "author": {
          "gitId": "ChengJiyuqing"
        },
        "content": ""
      },
      {
        "lineNumber": 6,
        "author": {
          "gitId": "ChengJiyuqing"
        },
        "content": "        public String statusToSymbol() {"
      },
      {
        "lineNumber": 7,
        "author": {
          "gitId": "ChengJiyuqing"
        },
        "content": "            if (this \u003d\u003d DONE) {"
      },
      {
        "lineNumber": 8,
        "author": {
          "gitId": "ChengJiyuqing"
        },
        "content": "                return \"[\\u2713] \";"
      },
      {
        "lineNumber": 9,
        "author": {
          "gitId": "ChengJiyuqing"
        },
        "content": "            } else {"
      },
      {
        "lineNumber": 10,
        "author": {
          "gitId": "ChengJiyuqing"
        },
        "content": "                return \"[\\u2718] \";"
      },
      {
        "lineNumber": 11,
        "author": {
          "gitId": "ChengJiyuqing"
        },
        "content": "            }"
      },
      {
        "lineNumber": 12,
        "author": {
          "gitId": "ChengJiyuqing"
        },
        "content": "        }"
      },
      {
        "lineNumber": 13,
        "author": {
          "gitId": "ChengJiyuqing"
        },
        "content": ""
      },
      {
        "lineNumber": 14,
        "author": {
          "gitId": "ChengJiyuqing"
        },
        "content": "    }"
      },
      {
        "lineNumber": 15,
        "author": {
          "gitId": "ChengJiyuqing"
        },
        "content": "    String name;"
      },
      {
        "lineNumber": 16,
        "author": {
          "gitId": "ChengJiyuqing"
        },
        "content": "    Status status;"
      },
      {
        "lineNumber": 17,
        "author": {
          "gitId": "ChengJiyuqing"
        },
        "content": "    public Task(String name, Status status) {"
      },
      {
        "lineNumber": 18,
        "author": {
          "gitId": "ChengJiyuqing"
        },
        "content": "        this.name \u003d name;"
      },
      {
        "lineNumber": 19,
        "author": {
          "gitId": "ChengJiyuqing"
        },
        "content": "        this.status \u003d status;"
      },
      {
        "lineNumber": 20,
        "author": {
          "gitId": "ChengJiyuqing"
        },
        "content": "    }"
      },
      {
        "lineNumber": 21,
        "author": {
          "gitId": "ChengJiyuqing"
        },
        "content": ""
      },
      {
        "lineNumber": 22,
        "author": {
          "gitId": "ChengJiyuqing"
        },
        "content": "    public void markAsDone() {"
      },
      {
        "lineNumber": 23,
        "author": {
          "gitId": "ChengJiyuqing"
        },
        "content": "        this.status \u003d Status.DONE;"
      },
      {
        "lineNumber": 24,
        "author": {
          "gitId": "ChengJiyuqing"
        },
        "content": "    }"
      },
      {
        "lineNumber": 25,
        "author": {
          "gitId": "ChengJiyuqing"
        },
        "content": ""
      },
      {
        "lineNumber": 26,
        "author": {
          "gitId": "ChengJiyuqing"
        },
        "content": "    public void undo() {"
      },
      {
        "lineNumber": 27,
        "author": {
          "gitId": "ChengJiyuqing"
        },
        "content": "        this.status \u003d Status.PENDING;"
      },
      {
        "lineNumber": 28,
        "author": {
          "gitId": "ChengJiyuqing"
        },
        "content": "    }"
      },
      {
        "lineNumber": 29,
        "author": {
          "gitId": "ChengJiyuqing"
        },
        "content": "}"
      }
    ],
    "authorContributionMap": {
      "ChengJiyuqing": 29
    }
  },
  {
    "path": "text-ui-test/runtest.sh",
    "fileType": "sh",
    "lines": [
      {
        "lineNumber": 1,
        "author": {
          "gitId": "-"
        },
        "content": "#!/usr/bin/env bash"
      },
      {
        "lineNumber": 2,
        "author": {
          "gitId": "-"
        },
        "content": ""
      },
      {
        "lineNumber": 3,
        "author": {
          "gitId": "-"
        },
        "content": "# create bin directory if it doesn\u0027t exist"
      },
      {
        "lineNumber": 4,
        "author": {
          "gitId": "-"
        },
        "content": "if [ ! -d \"../bin\" ]"
      },
      {
        "lineNumber": 5,
        "author": {
          "gitId": "-"
        },
        "content": "then"
      },
      {
        "lineNumber": 6,
        "author": {
          "gitId": "-"
        },
        "content": "    mkdir ../bin"
      },
      {
        "lineNumber": 7,
        "author": {
          "gitId": "-"
        },
        "content": "fi"
      },
      {
        "lineNumber": 8,
        "author": {
          "gitId": "-"
        },
        "content": ""
      },
      {
        "lineNumber": 9,
        "author": {
          "gitId": "-"
        },
        "content": "# delete output from previous run"
      },
      {
        "lineNumber": 10,
        "author": {
          "gitId": "-"
        },
        "content": "if [ -e \"./ACTUAL.TXT\" ]"
      },
      {
        "lineNumber": 11,
        "author": {
          "gitId": "-"
        },
        "content": "then"
      },
      {
        "lineNumber": 12,
        "author": {
          "gitId": "-"
        },
        "content": "    rm ACTUAL.TXT"
      },
      {
        "lineNumber": 13,
        "author": {
          "gitId": "-"
        },
        "content": "fi"
      },
      {
        "lineNumber": 14,
        "author": {
          "gitId": "-"
        },
        "content": ""
      },
      {
        "lineNumber": 15,
        "author": {
          "gitId": "-"
        },
        "content": "# compile the code into the bin folder, terminates if error occurred"
      },
      {
        "lineNumber": 16,
        "author": {
          "gitId": "ChengJiyuqing"
        },
        "content": "if ! javac -cp ../src -Xlint:none -d ../bin ../src/main/java/*.java"
      },
      {
        "lineNumber": 17,
        "author": {
          "gitId": "-"
        },
        "content": "then"
      },
      {
        "lineNumber": 18,
        "author": {
          "gitId": "-"
        },
        "content": "    echo \"********** BUILD FAILURE **********\""
      },
      {
        "lineNumber": 19,
        "author": {
          "gitId": "-"
        },
        "content": "    exit 1"
      },
      {
        "lineNumber": 20,
        "author": {
          "gitId": "-"
        },
        "content": "fi"
      },
      {
        "lineNumber": 21,
        "author": {
          "gitId": "-"
        },
        "content": ""
      },
      {
        "lineNumber": 22,
        "author": {
          "gitId": "ChengJiyuqing"
        },
        "content": ""
      },
      {
        "lineNumber": 23,
        "author": {
          "gitId": "ChengJiyuqing"
        },
        "content": ""
      },
      {
        "lineNumber": 24,
        "author": {
          "gitId": "-"
        },
        "content": "# run the program, feed commands from input.txt file and redirect the output to the ACTUAL.TXT"
      },
      {
        "lineNumber": 25,
        "author": {
          "gitId": "-"
        },
        "content": "java -classpath ../bin Duke \u003c input.txt \u003e ACTUAL.TXT"
      },
      {
        "lineNumber": 26,
        "author": {
          "gitId": "-"
        },
        "content": ""
      },
      {
        "lineNumber": 27,
        "author": {
          "gitId": "-"
        },
        "content": "# convert to UNIX format"
      },
      {
        "lineNumber": 28,
        "author": {
          "gitId": "-"
        },
        "content": "cp EXPECTED.TXT EXPECTED-UNIX.TXT"
      },
      {
        "lineNumber": 29,
        "author": {
          "gitId": "-"
        },
        "content": "dos2unix ACTUAL.TXT EXPECTED-UNIX.TXT"
      },
      {
        "lineNumber": 30,
        "author": {
          "gitId": "-"
        },
        "content": ""
      },
      {
        "lineNumber": 31,
        "author": {
          "gitId": "-"
        },
        "content": "# compare the output to the expected output"
      },
      {
        "lineNumber": 32,
        "author": {
          "gitId": "-"
        },
        "content": "diff ACTUAL.TXT EXPECTED-UNIX.TXT"
      },
      {
        "lineNumber": 33,
        "author": {
          "gitId": "-"
        },
        "content": "if [ $? -eq 0 ]"
      },
      {
        "lineNumber": 34,
        "author": {
          "gitId": "-"
        },
        "content": "then"
      },
      {
        "lineNumber": 35,
        "author": {
          "gitId": "-"
        },
        "content": "    echo \"Test result: PASSED\""
      },
      {
        "lineNumber": 36,
        "author": {
          "gitId": "-"
        },
        "content": "    exit 0"
      },
      {
        "lineNumber": 37,
        "author": {
          "gitId": "-"
        },
        "content": "else"
      },
      {
        "lineNumber": 38,
        "author": {
          "gitId": "-"
        },
        "content": "    echo \"Test result: FAILED\""
      },
      {
        "lineNumber": 39,
        "author": {
          "gitId": "-"
        },
        "content": "    exit 1"
      },
      {
        "lineNumber": 40,
        "author": {
          "gitId": "-"
        },
        "content": "fi"
      }
    ],
    "authorContributionMap": {
      "ChengJiyuqing": 3,
      "-": 37
    }
  }
]
