{
  "authorDailyContributionsMap": {
    "Trav1sT": [
      {
        "date": "2020-08-20",
        "commitResults": [
          {
            "hash": "9c28723f4c3725735c6e709f20ab7344e685c245",
            "messageTitle": "Level-1",
            "messageBody": "",
            "tags": [
              "Level-1"
            ],
            "fileTypesAndContributionMap": {
              "txt": {
                "insertions": 1,
                "deletions": 0
              },
              "java": {
                "insertions": 47,
                "deletions": 10
              },
              "bat": {
                "insertions": 2,
                "deletions": 2
              },
              "sh": {
                "insertions": 4,
                "deletions": 4
              }
            }
          },
          {
            "hash": "931b680ad6fb3ae4bd02685ba58c85e3e303df60",
            "messageTitle": "Remove ignored files",
            "messageBody": "",
            "fileTypesAndContributionMap": {
              "java": {
                "insertions": 4,
                "deletions": 1
              }
            }
          },
          {
            "hash": "89723b6357034f12cf97db1e02efc23704d8c41d",
            "messageTitle": "Level-2",
            "messageBody": "",
            "fileTypesAndContributionMap": {
              "java": {
                "insertions": 26,
                "deletions": 4
              }
            }
          },
          {
            "hash": "6aa07a75bcb0f3980bb2b27f6a7dcaf5ec1d0ee3",
            "messageTitle": "Add response for boundary case(empty list)",
            "messageBody": "",
            "tags": [
              "Level-2"
            ],
            "fileTypesAndContributionMap": {
              "java": {
                "insertions": 21,
                "deletions": 3
              }
            }
          },
          {
            "hash": "f4820a819e02c2c9f65c3904ea89fbe1746a0fd2",
            "messageTitle": "Add enum",
            "messageBody": "",
            "tags": [
              "A-Enums"
            ],
            "fileTypesAndContributionMap": {
              "java": {
                "insertions": 12,
                "deletions": 8
              }
            }
          },
          {
            "hash": "6a6f3b5b8d91c4cf869b726e2acacc7a42c3d584",
            "messageTitle": "Level-3",
            "messageBody": "",
            "tags": [
              "Level-3"
            ],
            "fileTypesAndContributionMap": {
              "java": {
                "insertions": 50,
                "deletions": 18
              }
            }
          },
          {
            "hash": "3cfc893c5ab431fbf27610665578163e8e6af250",
            "messageTitle": "Level-4",
            "messageBody": "",
            "fileTypesAndContributionMap": {
              "java": {
                "insertions": 115,
                "deletions": 7
              }
            }
          },
          {
            "hash": "c0f26f0fcf1eb5366b658ace566477d2311bfa75",
            "messageTitle": "Add a starting sentence to list command",
            "messageBody": "",
            "tags": [
              "Level-4"
            ],
            "fileTypesAndContributionMap": {
              "java": {
                "insertions": 1,
                "deletions": 1
              }
            }
          },
          {
            "hash": "2d5b08f869a0b64942c8bac04dc516633a1b870e",
            "messageTitle": "A-TextUiTesting",
            "messageBody": "",
            "tags": [
              "A-TextUiTesting"
            ],
            "fileTypesAndContributionMap": {
              "txt": {
                "insertions": 18,
                "deletions": 1
              },
              "sh": {
                "insertions": 1,
                "deletions": 2
              }
            }
          },
          {
            "hash": "7a0b8b84b198a623d572f91b1a460f4804062d0f",
            "messageTitle": "Level5-Handle exceptions",
            "messageBody": "",
            "tags": [
              "Level-5"
            ],
            "fileTypesAndContributionMap": {
              "txt": {
                "insertions": 2,
                "deletions": 0
              },
              "java": {
                "insertions": 113,
                "deletions": 75
              }
            }
          },
          {
            "hash": "a85b71ba20e49ee51bd7976707af6265592cf0bf",
            "messageTitle": "Level6-Add delete cmd",
            "messageBody": "",
            "tags": [
              "Level-6"
            ],
            "fileTypesAndContributionMap": {
              "txt": {
                "insertions": 1,
                "deletions": 0
              },
              "java": {
                "insertions": 18,
                "deletions": 2
              }
            }
          }
        ]
      },
      {
        "date": "2020-08-26",
        "commitResults": [
          {
            "hash": "55b52e7e565ac41c6b9158e363af108057aa9b4a",
            "messageTitle": "Refactor code and add personality to the response",
            "messageBody": "",
            "fileTypesAndContributionMap": {
              "java": {
                "insertions": 17,
                "deletions": 17
              }
            }
          },
          {
            "hash": "fbd87aab361436caf421a380ac967e46edb0b71f",
            "messageTitle": "Level 7 - Save",
            "messageBody": "",
            "fileTypesAndContributionMap": {
              "txt": {
                "insertions": 5,
                "deletions": 0
              },
              "java": {
                "insertions": 107,
                "deletions": 11
              }
            }
          },
          {
            "hash": "edee0cb5bbd388ab39183bee18bb29e3cfc2874a",
            "messageTitle": "Level 8 - Add LocalDateTime to Event and Deadline",
            "messageBody": "",
            "fileTypesAndContributionMap": {
              "java": {
                "insertions": 16,
                "deletions": 6
              }
            }
          },
          {
            "hash": "08b285546cc486c9062e34cb2fee14aabfb831bf",
            "messageTitle": "Update to save whenever task list changes Previously, changes are saved on exit",
            "messageBody": "",
            "fileTypesAndContributionMap": {
              "txt": {
                "insertions": 5,
                "deletions": 3
              },
              "java": {
                "insertions": 12,
                "deletions": 13
              }
            }
          },
          {
            "hash": "b6be8346029e1bcbc74c080cf45e4972184c3b14",
            "messageTitle": "Add Storage, TaskList, Parser and Ui class UI: deals with interaction with user Storage: deals with loading tasks from the file adn saving tasks in the file Parser: deals with making sense of the user command TaskList: contains the task list",
            "messageBody": "",
            "tags": [
              "A-MoreOOP"
            ],
            "fileTypesAndContributionMap": {
              "txt": {
                "insertions": 1,
                "deletions": 7
              },
              "java": {
                "insertions": 310,
                "deletions": 182
              }
            }
          },
          {
            "hash": "cfd4d413e7ef81203b0b61e8a7475efdecad828f",
            "messageTitle": "Remove ignored files",
            "messageBody": "",
            "fileTypesAndContributionMap": {
              "txt": {
                "insertions": 0,
                "deletions": 1
              }
            }
          },
          {
            "hash": "9975785890ffbaa78914a77d8ebf9b9802276bb0",
            "messageTitle": "Package classes into bot package",
            "messageBody": "",
            "tags": [
              "A-Packages",
              "A-Jar"
            ],
            "fileTypesAndContributionMap": {
              "java": {
                "insertions": 26,
                "deletions": 0
              }
            }
          },
          {
            "hash": "c5643fc5e923ff8ef6028f99341f28d4a0b0e6cf",
            "messageTitle": "Add Junit test for Deadline and Todo class",
            "messageBody": "",
            "tags": [
              "A-JUnit"
            ],
            "fileTypesAndContributionMap": {
              "txt": {
                "insertions": 2,
                "deletions": 2
              },
              "java": {
                "insertions": 45,
                "deletions": 12
              }
            }
          },
          {
            "hash": "17b48e274af4ef33d7caf473282621692ca46e18",
            "messageTitle": "Add Javadocs",
            "messageBody": "",
            "fileTypesAndContributionMap": {
              "java": {
                "insertions": 87,
                "deletions": 2
              }
            }
          },
          {
            "hash": "2e694dfa1bda4169756e1584900af4e260d96409",
            "messageTitle": "Amend indentations and add line breaks to comply with given std",
            "messageBody": "",
            "fileTypesAndContributionMap": {
              "java": {
                "insertions": 51,
                "deletions": 40
              }
            }
          },
          {
            "hash": "cd5d403466f6f4b9cffc319b1fa839a13042f62d",
            "messageTitle": "Add Find command",
            "messageBody": "",
            "fileTypesAndContributionMap": {
              "java": {
                "insertions": 41,
                "deletions": 4
              }
            }
          }
        ]
      },
      {
        "date": "2020-08-30",
        "commitResults": [
          {
            "hash": "9fee4542a2a22ca4e049c371b916987569e98c5b",
            "messageTitle": "Add JUnit test for Main and bug fixes Fixed the bug where the deserialisation of task class is off by last char. Fixed the bug where the time format is not serialised properly.",
            "messageBody": "",
            "fileTypesAndContributionMap": {
              "txt": {
                "insertions": 5,
                "deletions": 1
              },
              "java": {
                "insertions": 100,
                "deletions": 30
              }
            }
          }
        ]
      },
      {
        "date": "2020-08-31",
        "commitResults": [
          {
            "hash": "08526d592211461f1ce61cd755b39965169f9174",
            "messageTitle": "Refactor code Repackage classes Add new classes for the command",
            "messageBody": "",
            "fileTypesAndContributionMap": {
              "txt": {
                "insertions": 2,
                "deletions": 5
              },
              "java": {
                "insertions": 298,
                "deletions": 181
              }
            }
          },
          {
            "hash": "bfc5017fdf27f07af39674f42be98f28e94deac1",
            "messageTitle": "Code cleanup",
            "messageBody": "",
            "tags": [
              "A-Varargs"
            ],
            "fileTypesAndContributionMap": {
              "java": {
                "insertions": 60,
                "deletions": 53
              }
            }
          }
        ]
      },
      {
        "date": "2020-09-01",
        "commitResults": [
          {
            "hash": "cf01475ac705a112c7f496b03b9725a399ec547f",
            "messageTitle": "Add Javadocs",
            "messageBody": "",
            "fileTypesAndContributionMap": {
              "java": {
                "insertions": 149,
                "deletions": 22
              }
            }
          },
          {
            "hash": "d7e37794010b4a3e4375d0c7d68f212594993ecf",
            "messageTitle": "Configure for gradle and checkstyle",
            "messageBody": "",
            "tags": [
              "A-Gradle",
              "A-CheckStyle"
            ],
            "fileTypesAndContributionMap": {
              "gradle": {
                "insertions": 6,
                "deletions": 1
              },
              "java": {
                "insertions": 6,
                "deletions": 5
              }
            }
          },
          {
            "hash": "4b8794729afc3c33715507406108097b24aa3951",
            "messageTitle": "Start tracking config/checkstyle.xml",
            "messageBody": "",
            "fileTypesAndContributionMap": {
              "sh": {
                "insertions": 0,
                "deletions": 0
              }
            }
          }
        ]
      },
      {
        "date": "2020-09-02",
        "commitResults": [
          {
            "hash": "a36827ad107388d70414a02cebcc510c626eeea9",
            "messageTitle": "Add basic GUI",
            "messageBody": "",
            "fileTypesAndContributionMap": {
              "gradle": {
                "insertions": 15,
                "deletions": 0
              },
              "fxml": {
                "insertions": 35,
                "deletions": 0
              },
              "java": {
                "insertions": 166,
                "deletions": 9
              }
            }
          }
        ]
      },
      {
        "date": "2020-09-07",
        "commitResults": [
          {
            "hash": "9bf9f9f07a7c585a9d7c97f616b6b375739e5c2a",
            "messageTitle": "Fix coding style on peer review",
            "messageBody": "",
            "fileTypesAndContributionMap": {
              "fxml": {
                "insertions": 2,
                "deletions": 2
              },
              "java": {
                "insertions": 43,
                "deletions": 34
              }
            }
          },
          {
            "hash": "57e68451fb786fcfbbf40118ce74e1c5b6732bfe",
            "messageTitle": "Add javafx for gradle and package files into bot",
            "messageBody": "",
            "fileTypesAndContributionMap": {
              "gradle": {
                "insertions": 10,
                "deletions": 4
              },
              "fxml": {
                "insertions": 2,
                "deletions": 2
              },
              "java": {
                "insertions": 15,
                "deletions": 11
              }
            }
          },
          {
            "hash": "86cbcf19b82522439532b6a4b65c2e9156e734a3",
            "messageTitle": "Configure gradle to launch UIWindow instead of CLI",
            "messageBody": "",
            "fileTypesAndContributionMap": {
              "gradle": {
                "insertions": 1,
                "deletions": 1
              },
              "fxml": {
                "insertions": 1,
                "deletions": 1
              }
            }
          },
          {
            "hash": "74868a52426ecdb6bb28dcff0b4343b92f8b645b",
            "messageTitle": "Change file structure",
            "messageBody": "",
            "fileTypesAndContributionMap": {
              "gradle": {
                "insertions": 4,
                "deletions": 2
              },
              "java": {
                "insertions": 0,
                "deletions": 0
              }
            }
          },
          {
            "hash": "c1143b77915c6a1a6905fed09f7450f4a4f412fb",
            "messageTitle": "Move test classes to a new test source",
            "messageBody": "",
            "fileTypesAndContributionMap": {
              "gradle": {
                "insertions": 7,
                "deletions": 1
              },
              "java": {
                "insertions": 1,
                "deletions": 7
              }
            }
          },
          {
            "hash": "e6aef831ee61cf7ab0be749f1b2df162e6ba1d37",
            "messageTitle": "Fix dialogbox gets truncated issue",
            "messageBody": "",
            "fileTypesAndContributionMap": {
              "fxml": {
                "insertions": 2,
                "deletions": 1
              },
              "java": {
                "insertions": 14,
                "deletions": 1
              }
            }
          },
          {
            "hash": "580522c0519b14398b8abf21adbab3485e23ab23",
            "messageTitle": "Fix bug where user aint greeted in UI window",
            "messageBody": "",
            "fileTypesAndContributionMap": {
              "java": {
                "insertions": 19,
                "deletions": 7
              }
            }
          },
          {
            "hash": "57cd732d5d83dafae62d24cecb6575ad4aca523d",
            "messageTitle": "Configure for jar file",
            "messageBody": "",
            "fileTypesAndContributionMap": {
              "gradle": {
                "insertions": 1,
                "deletions": 1
              },
              "java": {
                "insertions": 2,
                "deletions": 7
              }
            }
          }
        ]
      },
      {
        "date": "2020-09-08",
        "commitResults": [
          {
            "hash": "db0f76b05a0849a1c3e5666484305ea207fe101e",
            "messageTitle": "Add assertions",
            "messageBody": "",
            "fileTypesAndContributionMap": {
              "java": {
                "insertions": 4,
                "deletions": 2
              }
            }
          },
          {
            "hash": "03832b3d4208d09fbfce58a2f5bf409aa5e5b6c6",
            "messageTitle": "Fix syntax based on java checkstyle plugin",
            "messageBody": "",
            "fileTypesAndContributionMap": {
              "java": {
                "insertions": 73,
                "deletions": 72
              }
            }
          },
          {
            "hash": "44ff5195e48a62cf3493e562c79cad0bb57ddd83",
            "messageTitle": "Add function to allow different user input format User can add regex expression and its corresponding expression in datetime format at src/ main/resources/dateFormat/ so that the bot can parse their preferred date format. It has to follow the syntax: \u003cregex expression\u003e | \u003cdatetime format expression\u003e Each stmt should start at a new line",
            "messageBody": "",
            "tags": [
              "BCD-Extension"
            ],
            "fileTypesAndContributionMap": {
              "txt": {
                "insertions": 2,
                "deletions": 0
              },
              "java": {
                "insertions": 34,
                "deletions": 2
              }
            }
          }
        ]
      },
      {
        "date": "2020-09-16",
        "commitResults": [
          {
            "hash": "eac9365dcca7f407550a6aba5c43bd0583903c7b",
            "messageTitle": "Fix bug where input bye does not close window",
            "messageBody": "",
            "fileTypesAndContributionMap": {
              "java": {
                "insertions": 6,
                "deletions": 0
              }
            }
          },
          {
            "hash": "45faf13d618cf14de05e058cba60cc8da0205cf2",
            "messageTitle": "Add 2 additional dateformats",
            "messageBody": "",
            "fileTypesAndContributionMap": {
              "txt": {
                "insertions": 2,
                "deletions": 0
              }
            }
          },
          {
            "hash": "638832aed01743958350e3dfda656e259f163e72",
            "messageTitle": "Refactor natural date parser",
            "messageBody": "",
            "fileTypesAndContributionMap": {
              "java": {
                "insertions": 46,
                "deletions": 33
              }
            }
          },
          {
            "hash": "0bddad83a31008c56ed9bfd549b9ae028e0c0aea",
            "messageTitle": "Add exception handling and parse serialised user data",
            "messageBody": "",
            "fileTypesAndContributionMap": {
              "txt": {
                "insertions": 4,
                "deletions": 0
              },
              "java": {
                "insertions": 21,
                "deletions": 17
              }
            }
          },
          {
            "hash": "a0e766528649ee4b34e0a61906f4d2817477d6c5",
            "messageTitle": "Add test cases",
            "messageBody": "",
            "fileTypesAndContributionMap": {
              "java": {
                "insertions": 2,
                "deletions": 1
              }
            }
          },
          {
            "hash": "a96a49e370516c7de72f6a6885db8e50cc9d1948",
            "messageTitle": "Add side pane that displayed title",
            "messageBody": "",
            "tags": [
              "A-BetterGui"
            ],
            "fileTypesAndContributionMap": {
              "java": {
                "insertions": 27,
                "deletions": 3
              }
            }
          },
          {
            "hash": "7b3cf830c1d21be807c79b752cada1b24ddf9540",
            "messageTitle": "ADd user guide",
            "messageBody": "",
            "fileTypesAndContributionMap": {
              "md": {
                "insertions": 47,
                "deletions": 9
              }
            }
          },
          {
            "hash": "dda824343dc4bad194302bf430ed860656ab4601",
            "messageTitle": "Fix typo",
            "messageBody": "",
            "tags": [
              "A-UserGuide"
            ],
            "fileTypesAndContributionMap": {
              "md": {
                "insertions": 1,
                "deletions": 1
              }
            }
          }
        ]
      },
      {
        "date": "2020-09-17",
        "commitResults": [
          {
            "hash": "5bb4188683c506ae216b6854fe924e36a63ea75d",
            "messageTitle": "Change dateformat.txt to be read as inputStream for Jar",
            "messageBody": "",
            "tags": [
              "A-Release"
            ],
            "fileTypesAndContributionMap": {
              "java": {
                "insertions": 8,
                "deletions": 5
              }
            }
          },
          {
            "hash": "1fdf17022707386bf9c6a70065441551938c5690",
            "messageTitle": "Fix typo",
            "messageBody": "",
            "fileTypesAndContributionMap": {
              "md": {
                "insertions": 1,
                "deletions": 1
              }
            }
          },
          {
            "hash": "6f3afd1910021f9a2492887a2ec7c78fa5cbfd52",
            "messageTitle": "Fix typo",
            "messageBody": "",
            "fileTypesAndContributionMap": {
              "md": {
                "insertions": 10,
                "deletions": 10
              }
            }
          },
          {
            "hash": "71da8244803e47d493bc5dd0418e41873c02c02b",
            "messageTitle": "Add img in",
            "messageBody": "",
            "fileTypesAndContributionMap": {
              "md": {
                "insertions": 2,
                "deletions": 0
              }
            }
          }
        ]
      },
      {
        "date": "2020-09-18",
        "commitResults": [
          {
            "hash": "7901e191e16751cc0fbbaba2a2150da49f227cf4",
            "messageTitle": "Update for mac compatibility",
            "messageBody": "",
            "fileTypesAndContributionMap": {
              "gradle": {
                "insertions": 3,
                "deletions": 12
              }
            }
          },
          {
            "hash": "a6699a77c207f6a5bdf549ca41a95d1732173808",
            "messageTitle": "Add examples",
            "messageBody": "",
            "fileTypesAndContributionMap": {
              "java": {
                "insertions": 3,
                "deletions": 4
              },
              "md": {
                "insertions": 39,
                "deletions": 8
              }
            }
          },
          {
            "hash": "003ec5a2e18f2ac68fa464ca33563aefc9e1c14a",
            "messageTitle": "Pass java checkstyle",
            "messageBody": "",
            "fileTypesAndContributionMap": {
              "gradle": {
                "insertions": 1,
                "deletions": 0
              },
              "java": {
                "insertions": 160,
                "deletions": 96
              }
            }
          },
          {
            "hash": "98f3f455e399c0bb59a931daac0f47c0d499ae87",
            "messageTitle": "Fix import stmt",
            "messageBody": "",
            "fileTypesAndContributionMap": {
              "java": {
                "insertions": 0,
                "deletions": 1
              }
            }
          }
        ]
      },
      {
        "date": "2020-09-20",
        "commitResults": [
          {
            "hash": "b8560f80dcd7859988a813167dda5e6da6093213",
            "messageTitle": "Add types of task",
            "messageBody": "",
            "fileTypesAndContributionMap": {
              "md": {
                "insertions": 6,
                "deletions": 1
              }
            }
          },
          {
            "hash": "44f637ceb4068bfcf948be883784825534522af6",
            "messageTitle": "Fix typoes",
            "messageBody": "",
            "fileTypesAndContributionMap": {
              "md": {
                "insertions": 6,
                "deletions": 6
              }
            }
          }
        ]
      }
    ]
  },
  "authorFileTypeContributionMap": {
    "Trav1sT": {
      "java": 1372,
      "md": 80,
      "fxml": 36,
      "sh": 4,
      "bat": 2,
      "gradle": 31,
      "txt": 30
    }
  },
  "authorContributionVariance": {
    "Trav1sT": 44991.64
  },
  "authorDisplayNameMap": {
    "Trav1sT": "CS2103T-T10-3 TRAV.. WEI"
  }
}
