{
  "authorDailyContributionsMap": {
    "sudogene": [
      {
        "date": "2020-08-15",
        "commitResults": [
          {
            "hash": "ab66496e4347df0d0a532cf9969bbc9dc1a541f7",
            "messageTitle": "level 1",
            "messageBody": "",
            "tags": [
              "Level-1"
            ],
            "fileTypesAndContributionMap": {
              "java": {
                "insertions": 51,
                "deletions": 6
              }
            }
          },
          {
            "hash": "b9d476e8c3f72fb08021e6bfff8fb657cf2db119",
            "messageTitle": "level 2",
            "messageBody": "",
            "tags": [
              "Level-2"
            ],
            "fileTypesAndContributionMap": {
              "java": {
                "insertions": 49,
                "deletions": 6
              }
            }
          }
        ]
      },
      {
        "date": "2020-08-16",
        "commitResults": [
          {
            "hash": "0b2ad80acae8b05164aeceace1313a31002b8c0b",
            "messageTitle": "level 3 - added Task.java",
            "messageBody": "",
            "tags": [
              "Level-3"
            ],
            "fileTypesAndContributionMap": {
              "java": {
                "insertions": 88,
                "deletions": 15
              }
            }
          },
          {
            "hash": "938f3420a4af389d0a3dd50d9d0713839c2ad9ff",
            "messageTitle": "level 4",
            "messageBody": "",
            "tags": [
              "Level-4"
            ],
            "fileTypesAndContributionMap": {
              "java": {
                "insertions": 91,
                "deletions": 21
              }
            }
          },
          {
            "hash": "527d320647faf1551f22c96c073929afa3e4d09a",
            "messageTitle": "level 5",
            "messageBody": "",
            "fileTypesAndContributionMap": {
              "java": {
                "insertions": 2,
                "deletions": 0
              }
            }
          },
          {
            "hash": "1d6cd44a144a1fae375ebae9903d08d6ceb035ff",
            "messageTitle": "level 5",
            "messageBody": "",
            "tags": [
              "Level-5"
            ],
            "fileTypesAndContributionMap": {
              "txt": {
                "insertions": 9,
                "deletions": 0
              },
              "java": {
                "insertions": 79,
                "deletions": 62
              },
              "sh": {
                "insertions": 1,
                "deletions": 1
              }
            }
          },
          {
            "hash": "2d833f63d0745e7c6f61c06551d8beaf4e2ede14",
            "messageTitle": "level 6",
            "messageBody": "",
            "tags": [
              "Level-6"
            ],
            "fileTypesAndContributionMap": {
              "txt": {
                "insertions": 2,
                "deletions": 0
              },
              "java": {
                "insertions": 26,
                "deletions": 1
              }
            }
          },
          {
            "hash": "f607331a4b3d52643cdff64214fd7ebd6485034c",
            "messageTitle": "removed unused doDefault",
            "messageBody": "",
            "fileTypesAndContributionMap": {
              "java": {
                "insertions": 0,
                "deletions": 1
              }
            }
          }
        ]
      },
      {
        "date": "2020-08-19",
        "commitResults": [
          {
            "hash": "990ac683c7c6555cfdd3ebc7dc698d4c6cbeeadf",
            "messageTitle": "Minor fixes and added documentation",
            "messageBody": "",
            "tags": [
              "Level-6.1"
            ],
            "fileTypesAndContributionMap": {
              "java": {
                "insertions": 160,
                "deletions": 4
              }
            }
          },
          {
            "hash": "4064c32209f67c540c10cfd292ed841a3de56e08",
            "messageTitle": "minor bug fix: delete",
            "messageBody": "",
            "tags": [
              "Level-6.2"
            ],
            "fileTypesAndContributionMap": {
              "java": {
                "insertions": 33,
                "deletions": 15
              }
            }
          }
        ]
      },
      {
        "date": "2020-08-20",
        "commitResults": [
          {
            "hash": "c7bf57b0578d52ceb3342348fa6fd6b0bd7f741d",
            "messageTitle": "text ui testing",
            "messageBody": "",
            "tags": [
              "A-TextUiTesting"
            ],
            "fileTypesAndContributionMap": {
              "txt": {
                "insertions": 1,
                "deletions": 0
              },
              "java": {
                "insertions": 1,
                "deletions": 1
              }
            }
          }
        ]
      },
      {
        "date": "2020-08-23",
        "commitResults": [
          {
            "hash": "87f27d4b22f5bb5bd512b4769d59c8c61825f67c",
            "messageTitle": "level 7",
            "messageBody": "",
            "fileTypesAndContributionMap": {
              "java": {
                "insertions": 201,
                "deletions": 72
              }
            }
          },
          {
            "hash": "343ef3f44c031d4ffe911867783579b982180d5c",
            "messageTitle": "level 8",
            "messageBody": "",
            "tags": [
              "Level-8"
            ],
            "fileTypesAndContributionMap": {
              "java": {
                "insertions": 98,
                "deletions": 21
              }
            }
          }
        ]
      },
      {
        "date": "2020-08-24",
        "commitResults": [
          {
            "hash": "29c56987c6f8ca8b6299e2cef9866017725ef786",
            "messageTitle": "level 8 logo",
            "messageBody": "",
            "fileTypesAndContributionMap": {
              "java": {
                "insertions": 1,
                "deletions": 1
              }
            }
          },
          {
            "hash": "7f65e912dbcfa9e0fb277790c77157f558bae15b",
            "messageTitle": "change lvl 8 to 7",
            "messageBody": "",
            "fileTypesAndContributionMap": {
              "java": {
                "insertions": 1,
                "deletions": 1
              }
            }
          },
          {
            "hash": "6b4388ebc5ebba3ca0dfacde261ef657f8a25784",
            "messageTitle": "add level 8 logo and documentation",
            "messageBody": "",
            "fileTypesAndContributionMap": {
              "java": {
                "insertions": 2,
                "deletions": 0
              }
            }
          },
          {
            "hash": "e16b0a40ab80e796eca152bc7cbadb16a2744667",
            "messageTitle": "fix level 8 logo",
            "messageBody": "",
            "fileTypesAndContributionMap": {
              "java": {
                "insertions": 1,
                "deletions": 1
              }
            }
          }
        ]
      },
      {
        "date": "2020-08-25",
        "commitResults": [
          {
            "hash": "d42e4b897641c235a59570325e88727c8c5cf1a2",
            "messageTitle": "A-MoreOOP, quite shag",
            "messageBody": "",
            "tags": [
              "A-MoreOOP"
            ],
            "fileTypesAndContributionMap": {
              "java": {
                "insertions": 453,
                "deletions": 362
              }
            }
          }
        ]
      },
      {
        "date": "2020-08-26",
        "commitResults": [
          {
            "hash": "bc63052bad948ab0921fb6ab870784dd8ee44652",
            "messageTitle": "add JUnit testing",
            "messageBody": "",
            "tags": [
              "A-JUnit"
            ],
            "fileTypesAndContributionMap": {
              "java": {
                "insertions": 99,
                "deletions": 1
              }
            }
          },
          {
            "hash": "4cc5fe0f9a1cdf4d1665b897d8f35ace4cd48f88",
            "messageTitle": "add javadocs",
            "messageBody": "",
            "tags": [
              "A-JavaDoc"
            ],
            "fileTypesAndContributionMap": {
              "java": {
                "insertions": 308,
                "deletions": 69
              }
            }
          },
          {
            "hash": "b8d14f93443560b346c7a19177b36e05f8147cc5",
            "messageTitle": "remove unused imports",
            "messageBody": "",
            "tags": [
              "A-Jar",
              "A-CodingStandard"
            ],
            "fileTypesAndContributionMap": {
              "java": {
                "insertions": 1,
                "deletions": 4
              }
            }
          },
          {
            "hash": "f65b1c01094ca31922878187bc4fe67b082ccdf7",
            "messageTitle": "add find feature, level 9",
            "messageBody": "",
            "tags": [
              "Level-9"
            ],
            "fileTypesAndContributionMap": {
              "java": {
                "insertions": 195,
                "deletions": 28
              }
            }
          },
          {
            "hash": "7b2c80c20900611d0d6d52690b18dd53d7a2e0eb",
            "messageTitle": "fix ui",
            "messageBody": "",
            "fileTypesAndContributionMap": {
              "java": {
                "insertions": 0,
                "deletions": 1
              }
            }
          }
        ]
      },
      {
        "date": "2020-08-27",
        "commitResults": [
          {
            "hash": "7e001f4011038c18ec0f2b541cd7abc8efcc3304",
            "messageTitle": "to merge",
            "messageBody": "",
            "fileTypesAndContributionMap": {
              "java": {
                "insertions": 1,
                "deletions": 1
              }
            }
          },
          {
            "hash": "8726b4484474a626144024e0144f2252910b9de3",
            "messageTitle": "to merge java doc",
            "messageBody": "",
            "fileTypesAndContributionMap": {
              "java": {
                "insertions": 7,
                "deletions": 0
              }
            }
          },
          {
            "hash": "d0657a3969017d6fad42c842229c372851a35c50",
            "messageTitle": "add duke documentation",
            "messageBody": "",
            "fileTypesAndContributionMap": {
              "java": {
                "insertions": 5,
                "deletions": 1
              }
            }
          },
          {
            "hash": "9cb6119556d8f381236a083c7742c625d6288e63",
            "messageTitle": "edit duke documentation",
            "messageBody": "",
            "fileTypesAndContributionMap": {
              "java": {
                "insertions": 1,
                "deletions": 1
              }
            }
          },
          {
            "hash": "b9f2f42e9a8e0e7334a0b28200aaf80cb3ba879f",
            "messageTitle": "edit duke documentation",
            "messageBody": "",
            "fileTypesAndContributionMap": {
              "java": {
                "insertions": 1,
                "deletions": 1
              }
            }
          },
          {
            "hash": "f586a5242fc00b0f8db95c93f6365f67c3ebecc9",
            "messageTitle": "for merge level 9",
            "messageBody": "",
            "fileTypesAndContributionMap": {
              "java": {
                "insertions": 9,
                "deletions": 0
              }
            }
          }
        ]
      },
      {
        "date": "2020-08-29",
        "commitResults": [
          {
            "hash": "ee6e0aed887c55a48ab1a7c28b58fa75d048c86a",
            "messageTitle": "add package, documentation, test",
            "messageBody": "",
            "tags": [
              "A-Packages"
            ],
            "fileTypesAndContributionMap": {
              "java": {
                "insertions": 362,
                "deletions": 136
              }
            }
          },
          {
            "hash": "38c07d18f0017961eccad63f1a8a8841099842c5",
            "messageTitle": "add gradle",
            "messageBody": "",
            "tags": [
              "A-Gradle"
            ],
            "fileTypesAndContributionMap": {
              "gradle": {
                "insertions": 1,
                "deletions": 0
              },
              "java": {
                "insertions": 20,
                "deletions": 2
              }
            }
          }
        ]
      },
      {
        "date": "2020-08-30",
        "commitResults": [
          {
            "hash": "e2cafcfdce9131631b1dd5d62b3c83c470bfa11a",
            "messageTitle": "add FXML gui",
            "messageBody": "",
            "tags": [
              "Level-10"
            ],
            "fileTypesAndContributionMap": {
              "gradle": {
                "insertions": 21,
                "deletions": 0
              },
              "fxml": {
                "insertions": 85,
                "deletions": 0
              },
              "java": {
                "insertions": 199,
                "deletions": 14
              }
            }
          }
        ]
      },
      {
        "date": "2020-09-03",
        "commitResults": [
          {
            "hash": "d65d46563b2b16d59230accd1dce87fb0e96f50f",
            "messageTitle": "fixes after peer review comments",
            "messageBody": "",
            "fileTypesAndContributionMap": {
              "fxml": {
                "insertions": 3,
                "deletions": 3
              },
              "java": {
                "insertions": 13,
                "deletions": 11
              }
            }
          }
        ]
      },
      {
        "date": "2020-09-05",
        "commitResults": [
          {
            "hash": "c7f2c752c8595a2efc5d6be94b2b4c67f7a3ff61",
            "messageTitle": "edit GUI",
            "messageBody": "",
            "fileTypesAndContributionMap": {
              "gradle": {
                "insertions": 2,
                "deletions": 2
              },
              "fxml": {
                "insertions": 23,
                "deletions": 10
              },
              "java": {
                "insertions": 1,
                "deletions": 1
              }
            }
          },
          {
            "hash": "6b3ea7e4dc0bdcabdb518f230afcc66f911bcc98",
            "messageTitle": "add help command",
            "messageBody": "",
            "tags": [
              "A-Jar-v0.5"
            ],
            "fileTypesAndContributionMap": {
              "fxml": {
                "insertions": 8,
                "deletions": 7
              },
              "java": {
                "insertions": 47,
                "deletions": 6
              }
            }
          },
          {
            "hash": "a42eee48231c4e716c46d56d98583ab2c994dad7",
            "messageTitle": "add assertions and clean up stuff",
            "messageBody": "",
            "tags": [
              "A-Assertions"
            ],
            "fileTypesAndContributionMap": {
              "fxml": {
                "insertions": 2,
                "deletions": 2
              },
              "java": {
                "insertions": 35,
                "deletions": 14
              }
            }
          },
          {
            "hash": "67ff087c059f2be2c17dfd5661b14aefcb8b2ad8",
            "messageTitle": "fix coding style throughout, add TaskWithDateTime class",
            "messageBody": "",
            "tags": [
              "A-CodeQuality"
            ],
            "fileTypesAndContributionMap": {
              "fxml": {
                "insertions": 2,
                "deletions": 2
              },
              "java": {
                "insertions": 152,
                "deletions": 277
              }
            }
          },
          {
            "hash": "4435ffe726d6251dce2821b0ae6f150fa8a4edf0",
            "messageTitle": "add streams to TaskList methods",
            "messageBody": "",
            "fileTypesAndContributionMap": {
              "java": {
                "insertions": 25,
                "deletions": 35
              }
            }
          }
        ]
      },
      {
        "date": "2020-09-06",
        "commitResults": [
          {
            "hash": "d9040a1af5b44bbe12830e9b8f92f1fe4b79397a",
            "messageTitle": "add continuous integration (CI)",
            "messageBody": "",
            "tags": [
              "A-CI"
            ],
            "fileTypesAndContributionMap": {
              "txt": {
                "insertions": 1,
                "deletions": 1
              },
              "java": {
                "insertions": 1,
                "deletions": 1
              }
            }
          },
          {
            "hash": "b58b4a649eed92cff091ccf828de2e0ff6d6ffaf",
            "messageTitle": "add sorting",
            "messageBody": "",
            "tags": [
              "BCD-Extension"
            ],
            "fileTypesAndContributionMap": {
              "java": {
                "insertions": 118,
                "deletions": 2
              }
            }
          }
        ]
      },
      {
        "date": "2020-09-08",
        "commitResults": [
          {
            "hash": "3dd3ca61c5c5f4aed7fe8c4ac9b360b45e01eb83",
            "messageTitle": "add FixedDurationTask, NOT DONE",
            "messageBody": "",
            "fileTypesAndContributionMap": {
              "java": {
                "insertions": 105,
                "deletions": 2
              }
            }
          }
        ]
      },
      {
        "date": "2020-09-09",
        "commitResults": [
          {
            "hash": "996ec3e7f80c5345759085b8a8e93c80802bcc74",
            "messageTitle": "add finish FixedDurationTask features",
            "messageBody": "",
            "tags": [
              "BCD-Extension-1"
            ],
            "fileTypesAndContributionMap": {
              "java": {
                "insertions": 124,
                "deletions": 20
              }
            }
          }
        ]
      },
      {
        "date": "2020-09-12",
        "commitResults": [
          {
            "hash": "86896260e78625465997810dd6782715a320a1c0",
            "messageTitle": "add better GUI\u0027",
            "messageBody": "",
            "tags": [
              "A-BetterGui"
            ],
            "fileTypesAndContributionMap": {
              "fxml": {
                "insertions": 60,
                "deletions": 15
              },
              "java": {
                "insertions": 101,
                "deletions": 19
              }
            }
          },
          {
            "hash": "df4f87eaa90b30658c921bd7aaa265a2c3b651f2",
            "messageTitle": "add user guide - README.md",
            "messageBody": "",
            "tags": [
              "A-UserGuide"
            ],
            "fileTypesAndContributionMap": {
              "md": {
                "insertions": 245,
                "deletions": 9
              }
            }
          },
          {
            "hash": "b25382576565fee7984fdcd7eed44f2dad304e76",
            "messageTitle": "Update README.md",
            "messageBody": "",
            "fileTypesAndContributionMap": {
              "md": {
                "insertions": 3,
                "deletions": 3
              }
            }
          },
          {
            "hash": "92944c71bc81ea060fafdc8025581ce5006ec86a",
            "messageTitle": "Update README.md",
            "messageBody": "",
            "fileTypesAndContributionMap": {
              "md": {
                "insertions": 5,
                "deletions": 5
              }
            }
          },
          {
            "hash": "f5214f558414ceff0ae2055d155dcb81cfa26541",
            "messageTitle": "Update README.md",
            "messageBody": "",
            "fileTypesAndContributionMap": {
              "md": {
                "insertions": 50,
                "deletions": 30
              }
            }
          }
        ]
      },
      {
        "date": "2020-09-13",
        "commitResults": [
          {
            "hash": "674ced60ec82cacea1b218731b583685e5907877",
            "messageTitle": "Update README.md",
            "messageBody": "",
            "fileTypesAndContributionMap": {
              "md": {
                "insertions": 5,
                "deletions": 0
              }
            }
          },
          {
            "hash": "87d3c5d9484be5ad9857d6008107f9fdf4d185dc",
            "messageTitle": "Update README.md",
            "messageBody": "",
            "fileTypesAndContributionMap": {
              "md": {
                "insertions": 2,
                "deletions": 1
              }
            }
          },
          {
            "hash": "516d0f14d3cfd57b756e777e5cc1dc048bd4db38",
            "messageTitle": "Update README.md",
            "messageBody": "",
            "fileTypesAndContributionMap": {
              "md": {
                "insertions": 12,
                "deletions": 2
              }
            }
          },
          {
            "hash": "2a1b8db4d972b0e1cc76ad367a788f5ecc2618a1",
            "messageTitle": "Update README.md",
            "messageBody": "",
            "fileTypesAndContributionMap": {
              "md": {
                "insertions": 1,
                "deletions": 1
              }
            }
          },
          {
            "hash": "c811c212a292013c3b5aaf20c3a7cab48d815277",
            "messageTitle": "minor big fix",
            "messageBody": "",
            "fileTypesAndContributionMap": {
              "gradle": {
                "insertions": 9,
                "deletions": 1
              },
              "java": {
                "insertions": 78,
                "deletions": 21
              }
            }
          },
          {
            "hash": "e6ab0ba86c8242235b00a79757ce507e4f2f9335",
            "messageTitle": "minor edits here and there",
            "messageBody": "",
            "tags": [
              "v0.1.7",
              "A-Jar-v0.1.8",
              "A-Jar-v0.1.7",
              "A-Jar-v0.1.3",
              "A-Jar-v0.1"
            ],
            "fileTypesAndContributionMap": {
              "gradle": {
                "insertions": 3,
                "deletions": 2
              },
              "java": {
                "insertions": 49,
                "deletions": 17
              }
            }
          },
          {
            "hash": "c40849526689ca38372bdd8cefb3a1180e3a25c6",
            "messageTitle": "Update README.md",
            "messageBody": "",
            "fileTypesAndContributionMap": {
              "md": {
                "insertions": 1,
                "deletions": 1
              }
            }
          },
          {
            "hash": "0e6ede8a6f1a1b29a0e4f49292117ea1bf1500b8",
            "messageTitle": "Update README.md",
            "messageBody": "",
            "fileTypesAndContributionMap": {
              "md": {
                "insertions": 1,
                "deletions": 1
              }
            }
          }
        ]
      },
      {
        "date": "2020-09-15",
        "commitResults": [
          {
            "hash": "f2aabb6e58ce8834e4ec808088b2b6d7e8d617fc",
            "messageTitle": "fix major bugs - sorting fixeddurationtasks by datetime",
            "messageBody": "",
            "fileTypesAndContributionMap": {
              "java": {
                "insertions": 228,
                "deletions": 135
              }
            }
          },
          {
            "hash": "b6a4457cdc91d2fe64e463d8cbc70489a37d13ca",
            "messageTitle": "add finish all javadoc comments",
            "messageBody": "",
            "fileTypesAndContributionMap": {
              "fxml": {
                "insertions": 1,
                "deletions": 1
              },
              "java": {
                "insertions": 534,
                "deletions": 312
              }
            }
          }
        ]
      }
    ]
  },
  "authorFileTypeContributionMap": {
    "sudogene": {
      "java": 2440,
      "md": 279,
      "fxml": 144,
      "sh": 1,
      "bat": 0,
      "gradle": 33,
      "txt": 12
    }
  },
  "authorContributionVariance": {
    "sudogene": 87691.89
  },
  "authorDisplayNameMap": {
    "sudogene": "CS2103-F10-1 WU J..ANDY"
  }
}
