{
  "authorDailyContributionsMap": {
    "lucastai98": [
      {
        "date": "2020-08-19",
        "commitResults": [
          {
            "hash": "207bec4e5ca50eca58f25e80ea7e109212ed5bf6",
            "messageTitle": "level 1",
            "messageBody": "",
            "tags": [
              "Level-1"
            ],
            "fileTypesAndContributionMap": {
              "java": {
                "insertions": 27,
                "deletions": 6
              }
            }
          },
          {
            "hash": "5a8470adde4f101e1020d817cadc260e400657a7",
            "messageTitle": "level-2",
            "messageBody": "",
            "tags": [
              "Level-2"
            ],
            "fileTypesAndContributionMap": {
              "java": {
                "insertions": 16,
                "deletions": 7
              }
            }
          }
        ]
      },
      {
        "date": "2020-08-20",
        "commitResults": [
          {
            "hash": "9a7a66d6abb74650dd5c06c908e08675c3459630",
            "messageTitle": "level-3",
            "messageBody": "",
            "tags": [
              "Level-3"
            ],
            "fileTypesAndContributionMap": {
              "java": {
                "insertions": 49,
                "deletions": 5
              }
            }
          },
          {
            "hash": "a39cb8ddafa304dd68d8f4955c35a89289c9050a",
            "messageTitle": "level-4",
            "messageBody": "",
            "tags": [
              "Level-4"
            ],
            "fileTypesAndContributionMap": {
              "java": {
                "insertions": 83,
                "deletions": 0
              }
            }
          },
          {
            "hash": "6032bd7d203ba2ad744bd30993b3cc04de8f8841",
            "messageTitle": "A-TextUiTesting",
            "messageBody": "",
            "tags": [
              "A-TextUiTesting"
            ],
            "fileTypesAndContributionMap": {
              "txt": {
                "insertions": 0,
                "deletions": 0
              },
              "java": {
                "insertions": 41,
                "deletions": 31
              },
              "sh": {
                "insertions": 1,
                "deletions": 1
              }
            }
          },
          {
            "hash": "e83979eea5323cde43249ab5c2f5aa4881774b1b",
            "messageTitle": "Level-5",
            "messageBody": "",
            "tags": [
              "Level-5"
            ],
            "fileTypesAndContributionMap": {
              "java": {
                "insertions": 71,
                "deletions": 38
              }
            }
          },
          {
            "hash": "3f64a726250253a80bd7d813a444a9cd7e713b43",
            "messageTitle": "Level-6",
            "messageBody": "",
            "tags": [
              "Level-6"
            ],
            "fileTypesAndContributionMap": {
              "java": {
                "insertions": 12,
                "deletions": 1
              }
            }
          }
        ]
      }
    ]
  },
  "authorFileTypeContributionMap": {
    "lucastai98": {
      "java": 211,
      "md": 0,
      "fxml": 0,
      "sh": 1,
      "bat": 0,
      "gradle": 0,
      "txt": 0
    }
  },
  "authorContributionVariance": {
    "lucastai98": 13201.102
  },
  "authorDisplayNameMap": {
    "lucastai98": "TAI ..UCAS"
  }
}
