{
  "authorDailyContributionsMap": {
    "juandavinlie": [
      {
        "date": "2020-08-19",
        "commitResults": [
          {
            "hash": "3e40cc4d3ff87d1b8845c4c325d3e2528bc9c047",
            "messageTitle": "Level-1",
            "messageBody": "",
            "tags": [
              "Level-1"
            ],
            "fileTypesAndContributionMap": {
              "java": {
                "insertions": 17,
                "deletions": 0
              }
            }
          },
          {
            "hash": "1f5ea03a2c327a564b69012cc341cbbcbb837962",
            "messageTitle": "Level-2",
            "messageBody": "",
            "tags": [
              "Level-2"
            ],
            "fileTypesAndContributionMap": {
              "java": {
                "insertions": 13,
                "deletions": 3
              }
            }
          },
          {
            "hash": "f6fd918815777c4e7abb86b8eeb9e2b46d0f4f30",
            "messageTitle": "Level-3",
            "messageBody": "",
            "tags": [
              "Level-3"
            ],
            "fileTypesAndContributionMap": {
              "java": {
                "insertions": 30,
                "deletions": 5
              }
            }
          },
          {
            "hash": "9f73868796080473bc1b23fcde21391fee2f8f84",
            "messageTitle": "Level-4",
            "messageBody": "",
            "tags": [
              "Level-4"
            ],
            "fileTypesAndContributionMap": {
              "java": {
                "insertions": 93,
                "deletions": 14
              }
            }
          },
          {
            "hash": "add816128c2a21fb809abc699154372ea39e9a3b",
            "messageTitle": "A-TextUiTesting",
            "messageBody": "",
            "tags": [
              "A-TextUiTesting"
            ],
            "fileTypesAndContributionMap": {
              "txt": {
                "insertions": 1,
                "deletions": 0
              },
              "sh": {
                "insertions": 2,
                "deletions": 6
              }
            }
          }
        ]
      },
      {
        "date": "2020-08-20",
        "commitResults": [
          {
            "hash": "0ac9979c3993a908411d4f7e8e6f16cbb40a4169",
            "messageTitle": "Level-5",
            "messageBody": "",
            "fileTypesAndContributionMap": {
              "java": {
                "insertions": 6,
                "deletions": 0
              }
            }
          },
          {
            "hash": "e3049d7e887fdf5498c05d8da776e1b3ad9ceb1d",
            "messageTitle": "Level-6",
            "messageBody": "",
            "fileTypesAndContributionMap": {
              "java": {
                "insertions": 72,
                "deletions": 22
              }
            }
          },
          {
            "hash": "af4c5f1acf4d529835424d2a7a0b87282964bc3a",
            "messageTitle": "Level-5",
            "messageBody": "",
            "tags": [
              "Level-5"
            ],
            "fileTypesAndContributionMap": {
              "java": {
                "insertions": 0,
                "deletions": 14
              }
            }
          },
          {
            "hash": "f058a719a03c1095b35f36d5c278dcbef4cff3eb",
            "messageTitle": "Level-6",
            "messageBody": "",
            "tags": [
              "Level-6"
            ],
            "fileTypesAndContributionMap": {
              "java": {
                "insertions": 15,
                "deletions": 1
              }
            }
          }
        ]
      },
      {
        "date": "2020-08-26",
        "commitResults": [
          {
            "hash": "f2cf918926c2539c663799d84fc0dd8bdc8259fb",
            "messageTitle": "Level-7",
            "messageBody": "",
            "fileTypesAndContributionMap": {
              "java": {
                "insertions": 188,
                "deletions": 78
              }
            }
          },
          {
            "hash": "10406b2ddc0c6986c735e8290a4aae70cc21b894",
            "messageTitle": "Level-7",
            "messageBody": "",
            "fileTypesAndContributionMap": {
              "java": {
                "insertions": 2,
                "deletions": 6
              }
            }
          },
          {
            "hash": "d9bda7a14d2631b7a14f082d3a028582441835e5",
            "messageTitle": "Level-8",
            "messageBody": "",
            "fileTypesAndContributionMap": {
              "java": {
                "insertions": 8,
                "deletions": 2
              }
            }
          },
          {
            "hash": "234a290ceda3a92a82854418511e3b0603f7dd32",
            "messageTitle": "Level-8",
            "messageBody": "",
            "fileTypesAndContributionMap": {
              "java": {
                "insertions": 34,
                "deletions": 4
              }
            }
          },
          {
            "hash": "60acbce382ba2cdbc0e36043788f12de0ecb46d7",
            "messageTitle": "Level-8",
            "messageBody": "",
            "tags": [
              "Level-8"
            ],
            "fileTypesAndContributionMap": {
              "java": {
                "insertions": 2,
                "deletions": 2
              }
            }
          },
          {
            "hash": "2c337547897108fee6c2f5c6b9af2903e3f88765",
            "messageTitle": "test",
            "messageBody": "",
            "fileTypesAndContributionMap": {
              "java": {
                "insertions": 5,
                "deletions": 0
              }
            }
          },
          {
            "hash": "ec0eabd0daea1e733dca98bf1e8bf2710c9bfbad",
            "messageTitle": "A-MoreOOP",
            "messageBody": "",
            "tags": [
              "A-MoreOOP"
            ],
            "fileTypesAndContributionMap": {
              "java": {
                "insertions": 276,
                "deletions": 150
              }
            }
          },
          {
            "hash": "fdb887ee1c7b7f69c121ed0cb423fd5a25d7d8fc",
            "messageTitle": "A-Packages",
            "messageBody": "",
            "fileTypesAndContributionMap": {
              "java": {
                "insertions": 18,
                "deletions": 3
              }
            }
          }
        ]
      },
      {
        "date": "2020-08-27",
        "commitResults": [
          {
            "hash": "1a80d2861ed17df750edd32750b783aa7d5df056",
            "messageTitle": "A-JUnit",
            "messageBody": "",
            "fileTypesAndContributionMap": {
              "java": {
                "insertions": 2,
                "deletions": 0
              },
              "sh": {
                "insertions": 1,
                "deletions": 1
              }
            }
          },
          {
            "hash": "cbb5ccb0ec918612b3ceb776f81a2d241ba72942",
            "messageTitle": "A-JUnit",
            "messageBody": "",
            "tags": [
              "A-Jar",
              "A-JUnit"
            ],
            "fileTypesAndContributionMap": {
              "java": {
                "insertions": 48,
                "deletions": 16
              }
            }
          },
          {
            "hash": "3391b7b0786d675812d81838fa29cfee459ff980",
            "messageTitle": "A-JavaDoc",
            "messageBody": "",
            "tags": [
              "A-JavaDoc"
            ],
            "fileTypesAndContributionMap": {
              "java": {
                "insertions": 140,
                "deletions": 0
              }
            }
          },
          {
            "hash": "7966f55ad70ed33420005bdbef198fbdafcb57bc",
            "messageTitle": "A-CodingStandard",
            "messageBody": "",
            "fileTypesAndContributionMap": {
              "java": {
                "insertions": 22,
                "deletions": 13
              }
            }
          },
          {
            "hash": "ea2c5a8333803c86906ee2fb7a49f04d4fa9774b",
            "messageTitle": "Level-9",
            "messageBody": "",
            "fileTypesAndContributionMap": {
              "java": {
                "insertions": 47,
                "deletions": 2
              }
            }
          },
          {
            "hash": "85330a18660402b4bf93bcde2173f2100c852016",
            "messageTitle": "A-CodingStandard",
            "messageBody": "",
            "tags": [
              "A-CodingStandard"
            ],
            "fileTypesAndContributionMap": {
              "java": {
                "insertions": 0,
                "deletions": 59
              }
            }
          },
          {
            "hash": "68d115c65937a15a8051358a99247d2cd83960c2",
            "messageTitle": "Level-9",
            "messageBody": "",
            "tags": [
              "Level-9"
            ],
            "fileTypesAndContributionMap": {
              "java": {
                "insertions": 59,
                "deletions": 0
              }
            }
          }
        ]
      },
      {
        "date": "2020-09-03",
        "commitResults": [
          {
            "hash": "6ba66ad7bf3f70447610be10fdd7e2a68196b01d",
            "messageTitle": "A-Gradle",
            "messageBody": "",
            "tags": [
              "A-Gradle"
            ],
            "fileTypesAndContributionMap": {
              "gradle": {
                "insertions": 1,
                "deletions": 1
              },
              "java": {
                "insertions": 96,
                "deletions": 81
              }
            }
          },
          {
            "hash": "c0ffeab0a9cdb2c81a47ff8dac3140b890b1baa1",
            "messageTitle": "A-CheckStyle",
            "messageBody": "",
            "tags": [
              "A-CheckStyle"
            ],
            "fileTypesAndContributionMap": {
              "java": {
                "insertions": 1,
                "deletions": 0
              }
            }
          }
        ]
      },
      {
        "date": "2020-09-04",
        "commitResults": [
          {
            "hash": "ee96b947b76161dac2c6b01ba0260a8580e7e9ac",
            "messageTitle": "Level-10",
            "messageBody": "",
            "fileTypesAndContributionMap": {
              "gradle": {
                "insertions": 15,
                "deletions": 0
              },
              "fxml": {
                "insertions": 35,
                "deletions": 0
              },
              "java": {
                "insertions": 245,
                "deletions": 78
              }
            }
          },
          {
            "hash": "1bb954de0b337fc2a5390f18425cf8624d2115ab",
            "messageTitle": "Level-10",
            "messageBody": "",
            "tags": [
              "Level-10"
            ],
            "fileTypesAndContributionMap": {
              "java": {
                "insertions": 9,
                "deletions": 4
              }
            }
          }
        ]
      },
      {
        "date": "2020-09-08",
        "commitResults": [
          {
            "hash": "40f3aaacd7875b1f4212d9f150da2460c6bf06f8",
            "messageTitle": "solved issue with branch-Level-7 merger",
            "messageBody": "",
            "fileTypesAndContributionMap": {
              "java": {
                "insertions": 0,
                "deletions": 5
              }
            }
          }
        ]
      },
      {
        "date": "2020-09-11",
        "commitResults": [
          {
            "hash": "67509f5e450aaeeead5dae3f16c02e92e9c22ff8",
            "messageTitle": "created another .jar file",
            "messageBody": "",
            "fileTypesAndContributionMap": {
              "gradle": {
                "insertions": 1,
                "deletions": 1
              }
            }
          },
          {
            "hash": "ed3a823e7b798b3224dda6795b9e8ff0f8de99a9",
            "messageTitle": "A-Assertions",
            "messageBody": "",
            "fileTypesAndContributionMap": {
              "java": {
                "insertions": 5,
                "deletions": 1
              }
            }
          },
          {
            "hash": "d229b6b850c6515ce0cd77b4f9faf9c3e7f0700e",
            "messageTitle": "A-Assertions",
            "messageBody": "",
            "fileTypesAndContributionMap": {
              "java": {
                "insertions": 175,
                "deletions": 80
              }
            }
          },
          {
            "hash": "7e0129577191a521b17835a6926aac2a08c93f64",
            "messageTitle": "A-CodeQuality",
            "messageBody": "",
            "fileTypesAndContributionMap": {
              "java": {
                "insertions": 1,
                "deletions": 1
              }
            }
          }
        ]
      },
      {
        "date": "2020-09-13",
        "commitResults": [
          {
            "hash": "f414cb7138d25a23ffbc03091e23a8b60d59e308",
            "messageTitle": "BCD-Extension",
            "messageBody": "",
            "tags": [
              "BCD-Extension"
            ],
            "fileTypesAndContributionMap": {
              "java": {
                "insertions": 111,
                "deletions": 4
              }
            }
          }
        ]
      },
      {
        "date": "2020-09-16",
        "commitResults": [
          {
            "hash": "d73e608e8b8e83fedea3da04142164a7fefbc26b",
            "messageTitle": "A-UserGuide",
            "messageBody": "",
            "tags": [
              "A-UserGuide"
            ],
            "fileTypesAndContributionMap": {
              "md": {
                "insertions": 130,
                "deletions": 9
              }
            }
          }
        ]
      },
      {
        "date": "2020-09-17",
        "commitResults": [
          {
            "hash": "753f125a8143c2f97f72c0780bd7e6718dec06b2",
            "messageTitle": "Edited build.gradle for jar",
            "messageBody": "",
            "fileTypesAndContributionMap": {
              "gradle": {
                "insertions": 1,
                "deletions": 1
              }
            }
          }
        ]
      }
    ]
  },
  "authorFileTypeContributionMap": {
    "juandavinlie": {
      "java": 1113,
      "md": 130,
      "fxml": 35,
      "sh": 2,
      "bat": 0,
      "gradle": 18,
      "txt": 1
    }
  },
  "authorContributionVariance": {
    "juandavinlie": 26173.822
  },
  "authorDisplayNameMap": {
    "juandavinlie": "CS2103T-W12-2 JUAN.. LIE"
  }
}
