{
  "authorDailyContributionsMap": {
    "BreadPeanutButter": [
      {
        "date": "2020-08-16",
        "commitResults": [
          {
            "hash": "ece5fcc4d52c2fabc704a4c8a5d3364670fd54b6",
            "messageTitle": "Implement Level-1: 1. Greet user 2. Echo user commands 3. Exit upon bye command",
            "messageBody": "",
            "tags": [
              "Level-1"
            ],
            "fileTypesAndContributionMap": {
              "java": {
                "insertions": 18,
                "deletions": 6
              }
            }
          },
          {
            "hash": "1331d5c4804d89f2e1f1bed43c3a92c97f26eff4",
            "messageTitle": "Create Task class to represent tasks.",
            "messageBody": "",
            "fileTypesAndContributionMap": {
              "java": {
                "insertions": 21,
                "deletions": 0
              }
            }
          },
          {
            "hash": "84bb24c4a3147c186171a14ace7f4fb01c08f0d3",
            "messageTitle": "Create TaskList class to represent list of tasks.",
            "messageBody": "",
            "fileTypesAndContributionMap": {
              "java": {
                "insertions": 23,
                "deletions": 0
              }
            }
          },
          {
            "hash": "b4ec0418e399677e43b401c3a495522eb6ef823a",
            "messageTitle": "Implement Level 2: 1. Add and store tasks to list 2. Display list when requested",
            "messageBody": "",
            "tags": [
              "Level-2"
            ],
            "fileTypesAndContributionMap": {
              "java": {
                "insertions": 15,
                "deletions": 9
              }
            }
          },
          {
            "hash": "ecd9648dc41883fa21ebe4642c16f217e196f012",
            "messageTitle": "Implement Level 3: 1. Mark tasks as done",
            "messageBody": "",
            "tags": [
              "Level-3"
            ],
            "fileTypesAndContributionMap": {
              "java": {
                "insertions": 26,
                "deletions": 2
              }
            }
          },
          {
            "hash": "b36119ca311cc6b6c362c7c36bb829032aad06b1",
            "messageTitle": "Create Deadline, Event, ToDo subclasses to represent different types of tasks.",
            "messageBody": "",
            "fileTypesAndContributionMap": {
              "java": {
                "insertions": 51,
                "deletions": 11
              }
            }
          }
        ]
      },
      {
        "date": "2020-08-17",
        "commitResults": [
          {
            "hash": "cd0acc3c07622edbe0d57d5d62e6e67cda7c3109",
            "messageTitle": "Implement Level 4: 1.ToDo, Deadline, Event types of tasks",
            "messageBody": "",
            "tags": [
              "Level-4"
            ],
            "fileTypesAndContributionMap": {
              "java": {
                "insertions": 2,
                "deletions": 4
              }
            }
          },
          {
            "hash": "4744e356a759a19322c8d4aa860bb1f2cdccf3a3",
            "messageTitle": "Automate Text UI Testing",
            "messageBody": "",
            "tags": [
              "A-TextUiTesting"
            ],
            "fileTypesAndContributionMap": {
              "txt": {
                "insertions": 16,
                "deletions": 0
              },
              "sh": {
                "insertions": 3,
                "deletions": 1
              }
            }
          },
          {
            "hash": "f9e03e6f0a43ac062263ba3da9268d2a08ece111",
            "messageTitle": "Implement Level 5 (Error handling) 1. Empty task descriptions 2. Unrecognised commands 3. Invalid \"done\" commands (empty or out of range index)",
            "messageBody": "",
            "tags": [
              "Level-5"
            ],
            "fileTypesAndContributionMap": {
              "java": {
                "insertions": 91,
                "deletions": 24
              }
            }
          },
          {
            "hash": "3c6a708d183f4550a1d8252d01aa4dc4806ed5e2",
            "messageTitle": "Implement Level 6 1. Delete tasks 2. Error handling for deleting tasks 3. Update runtest.sh to include more tests",
            "messageBody": "",
            "tags": [
              "Level-6"
            ],
            "fileTypesAndContributionMap": {
              "txt": {
                "insertions": 11,
                "deletions": 1
              },
              "java": {
                "insertions": 18,
                "deletions": 1
              }
            }
          }
        ]
      },
      {
        "date": "2020-08-23",
        "commitResults": [
          {
            "hash": "0a8c207710c4dc6e580081aba724e525f29ab8a9",
            "messageTitle": "Use separate method to process user input in main",
            "messageBody": "",
            "fileTypesAndContributionMap": {
              "java": {
                "insertions": 2,
                "deletions": 12
              }
            }
          },
          {
            "hash": "0c97116115efa021eecf47c487566feb1eca2404",
            "messageTitle": "Implement Level 7 (save to hard disk)",
            "messageBody": "* Load data from hard disk upon start up\n* Update data to hard disk upon changes\n",
            "tags": [
              "Level-7"
            ],
            "fileTypesAndContributionMap": {
              "java": {
                "insertions": 65,
                "deletions": 3
              }
            }
          },
          {
            "hash": "321cdc052a562b0e7ea145f92a355dd82592a786",
            "messageTitle": "Implement Level 8 (Deadline date)",
            "messageBody": "Accept deadline dates in dd-MM-yyyy format\n",
            "tags": [
              "Level-8"
            ],
            "fileTypesAndContributionMap": {
              "java": {
                "insertions": 7,
                "deletions": 3
              }
            }
          },
          {
            "hash": "7a03616a19f99cd0b03505c840dbf95105f2499b",
            "messageTitle": "Parse date when retrieving from hard disk",
            "messageBody": "There is runtime error when loading data from\nhard disk due to difference in date format\n\nLet\u0027s parse the date to the correct format when\nloading the data\n",
            "fileTypesAndContributionMap": {
              "java": {
                "insertions": 9,
                "deletions": 3
              }
            }
          },
          {
            "hash": "b4caf3011500ddce3ae7aa6e1d0d05a542204a42",
            "messageTitle": "Create Storage class to load/save data from file",
            "messageBody": "",
            "fileTypesAndContributionMap": {
              "java": {
                "insertions": 57,
                "deletions": 26
              }
            }
          },
          {
            "hash": "51d1022a34ff7f70195c9fca6ede91f9f037bca2",
            "messageTitle": "Create Parser class to parse user input",
            "messageBody": "",
            "fileTypesAndContributionMap": {
              "java": {
                "insertions": 73,
                "deletions": 61
              }
            }
          },
          {
            "hash": "74e978ac666e41dc3a19317cadf71265be1b5018",
            "messageTitle": "Create Ui class to handle user interaction",
            "messageBody": "",
            "tags": [
              "A-MoreOOP"
            ],
            "fileTypesAndContributionMap": {
              "java": {
                "insertions": 25,
                "deletions": 9
              }
            }
          },
          {
            "hash": "be805f23b9e61e200b74340e244e61610396120c",
            "messageTitle": "Change Task subclass constructor arguments",
            "messageBody": "Subclasses of Task (Deadline, ToDo, Event) take\nin user command Strings as arguments which are\nthen parsed in the class. However, user commands\nare not very relevant to these classes.\n\nLet\u0027s change the arguments to more relevant\nfields. Such as \u0027deadline\u0027 and \u0027task\u0027 for Deadline.\nThe parsing of commands into these fields\ncan be done in the Parser class\n",
            "fileTypesAndContributionMap": {
              "java": {
                "insertions": 29,
                "deletions": 31
              }
            }
          },
          {
            "hash": "78a77ffdf4eaa8245a31852ba1cca0d2a3833a07",
            "messageTitle": "Change deadline format to dd MMM yyyy",
            "messageBody": "",
            "fileTypesAndContributionMap": {
              "java": {
                "insertions": 1,
                "deletions": 1
              }
            }
          },
          {
            "hash": "d0e07edb952de403d247798d5983c857ac79db4b",
            "messageTitle": "Remove redundant exceptions headers",
            "messageBody": "",
            "fileTypesAndContributionMap": {
              "java": {
                "insertions": 4,
                "deletions": 4
              }
            }
          },
          {
            "hash": "f48d483af73db050b4def4ca969ac55f0b2f7e85",
            "messageTitle": "Add JUnit tests for Parser and Deadline",
            "messageBody": "",
            "tags": [
              "A-JUnit"
            ],
            "fileTypesAndContributionMap": {
              "java": {
                "insertions": 86,
                "deletions": 0
              }
            }
          }
        ]
      },
      {
        "date": "2020-08-24",
        "commitResults": [
          {
            "hash": "02b2296f90740c0f939d9cf31357f4d605c16f26",
            "messageTitle": "Fix todo parser bug",
            "messageBody": "The parser does not remove the \"todo\"\nword when it should.\n\nLet\u0027s fix the Parser to remove \"todo\".\n",
            "tags": [
              "A-Jar"
            ],
            "fileTypesAndContributionMap": {
              "java": {
                "insertions": 1,
                "deletions": 1
              }
            }
          },
          {
            "hash": "b35a87ad60efc5780005cf9e12402f7a50a3e8bc",
            "messageTitle": "Add JavaDocs to the classes and methods.",
            "messageBody": "",
            "tags": [
              "A-JavaDoc"
            ],
            "fileTypesAndContributionMap": {
              "java": {
                "insertions": 90,
                "deletions": 0
              }
            }
          },
          {
            "hash": "8922e84f70752956925efbea66f23ed939cd8abe",
            "messageTitle": "Tweak code to comply with coding standard.",
            "messageBody": "",
            "tags": [
              "A-CodingStandard"
            ],
            "fileTypesAndContributionMap": {
              "java": {
                "insertions": 18,
                "deletions": 20
              }
            }
          },
          {
            "hash": "d82ae6de30f2eead0108a116a559589e15334dbd",
            "messageTitle": "Implement Level 9 (find feature)",
            "messageBody": "Allow users to search for tasks containing\na specified keyword using \"find {keyword}\".\n",
            "tags": [
              "Level-9"
            ],
            "fileTypesAndContributionMap": {
              "java": {
                "insertions": 22,
                "deletions": 2
              }
            }
          },
          {
            "hash": "55cf77efaaf260325ec64a97abaa43c850b9f1d8",
            "messageTitle": "Format \"find\" command output",
            "messageBody": "",
            "fileTypesAndContributionMap": {
              "java": {
                "insertions": 1,
                "deletions": 1
              }
            }
          },
          {
            "hash": "423487d7f21df73854c50dc3d29a1fbbbf73d74f",
            "messageTitle": "Add more JavaDoc comments",
            "messageBody": "",
            "fileTypesAndContributionMap": {
              "java": {
                "insertions": 24,
                "deletions": 17
              }
            }
          }
        ]
      }
    ]
  },
  "authorFileTypeContributionMap": {
    "BreadPeanutButter": {
      "java": 534,
      "md": 0,
      "fxml": 0,
      "sh": 3,
      "bat": 0,
      "gradle": 0,
      "txt": 26
    }
  },
  "authorContributionVariance": {
    "BreadPeanutButter": 23646.064
  },
  "authorDisplayNameMap": {
    "BreadPeanutButter": "LEE .. JIE"
  }
}
