{
  "authorDailyContributionsMap": {
    "Ebolaeater": [
      {
        "date": "2020-08-15",
        "commitResults": [
          {
            "hash": "4483fc7f63a12eb96de5b7f86fdc3c2b4fe71446",
            "messageTitle": "Level-1",
            "messageBody": "",
            "fileTypesAndContributionMap": {
              "java": {
                "insertions": 38,
                "deletions": 6
              }
            }
          },
          {
            "hash": "07a76b13a2c8891b8e295d79c17c0d78ccf6517c",
            "messageTitle": "Level-2",
            "messageBody": "",
            "fileTypesAndContributionMap": {
              "java": {
                "insertions": 7,
                "deletions": 8
              }
            }
          },
          {
            "hash": "2aea3a1b5b3fc4fdcebf858123dd647066eca7af",
            "messageTitle": "Level-3",
            "messageBody": "",
            "fileTypesAndContributionMap": {
              "java": {
                "insertions": 44,
                "deletions": 8
              }
            }
          },
          {
            "hash": "be898eff255cd25255dd248a13389deeaa797a93",
            "messageTitle": "Level-4",
            "messageBody": "",
            "fileTypesAndContributionMap": {
              "java": {
                "insertions": 70,
                "deletions": 18
              }
            }
          },
          {
            "hash": "7efefa9840c2b61376d848e0264160150f936844",
            "messageTitle": "A-TextUiTesting",
            "messageBody": "",
            "fileTypesAndContributionMap": {
              "txt": {
                "insertions": 6,
                "deletions": 0
              },
              "java": {
                "insertions": 34,
                "deletions": 22
              },
              "bat": {
                "insertions": 6,
                "deletions": 4
              }
            }
          },
          {
            "hash": "eb13dd76ec4ab467799b62a8534433d7e02206c6",
            "messageTitle": "Level-6",
            "messageBody": "",
            "fileTypesAndContributionMap": {
              "java": {
                "insertions": 134,
                "deletions": 41
              }
            }
          },
          {
            "hash": "520687db856e4ccb1e35f124da245156b0dfffaa",
            "messageTitle": "Level-5",
            "messageBody": "",
            "fileTypesAndContributionMap": {
              "java": {
                "insertions": 16,
                "deletions": 15
              }
            }
          },
          {
            "hash": "34d8798520b6bbef24cb385f7fe316f3a8befa3f",
            "messageTitle": "Level-6",
            "messageBody": "",
            "tags": [
              "Level-6",
              "Level-5.5",
              "Level-5",
              "Level-4",
              "Level-3",
              "Level-2",
              "Level-1",
              "A-TextUiTesting"
            ],
            "fileTypesAndContributionMap": {
              "java": {
                "insertions": 15,
                "deletions": 16
              }
            }
          }
        ]
      },
      {
        "date": "2020-08-22",
        "commitResults": [
          {
            "hash": "2fd443049d7c1e95dfe64f87af1f96be3888d40c",
            "messageTitle": "Level-7 is done",
            "messageBody": "",
            "fileTypesAndContributionMap": {
              "txt": {
                "insertions": 6,
                "deletions": 0
              },
              "java": {
                "insertions": 109,
                "deletions": 16
              }
            }
          },
          {
            "hash": "9fc697db39cedbb4a2f5fa00d4fea1b8d05423c8",
            "messageTitle": "Small changes made",
            "messageBody": "",
            "tags": [
              "Level-7"
            ],
            "fileTypesAndContributionMap": {
              "txt": {
                "insertions": 0,
                "deletions": 5
              }
            }
          },
          {
            "hash": "362cdd773442de85bd3501fce0c95aaceb4ca5af",
            "messageTitle": "Level 8 is donezo",
            "messageBody": "",
            "tags": [
              "Level-8"
            ],
            "fileTypesAndContributionMap": {
              "java": {
                "insertions": 79,
                "deletions": 10
              }
            }
          }
        ]
      },
      {
        "date": "2020-08-23",
        "commitResults": [
          {
            "hash": "232f1af9c7b1ca048e485bb943dd7326e942f4d4",
            "messageTitle": "Level 8.5",
            "messageBody": "",
            "fileTypesAndContributionMap": {
              "txt": {
                "insertions": 0,
                "deletions": 1
              },
              "java": {
                "insertions": 72,
                "deletions": 8
              }
            }
          },
          {
            "hash": "bf96b8ebef60293238dcf9275b66467d2f09a21d",
            "messageTitle": "OOP principles have been added",
            "messageBody": "",
            "tags": [
              "A-MoreOOP"
            ],
            "fileTypesAndContributionMap": {
              "java": {
                "insertions": 331,
                "deletions": 254
              }
            }
          },
          {
            "hash": "5bc598fa3e6089b0d0675a455f61c3d965fc997e",
            "messageTitle": "Packaging done",
            "messageBody": "",
            "tags": [
              "A-Packages"
            ],
            "fileTypesAndContributionMap": {
              "java": {
                "insertions": 80,
                "deletions": 17
              }
            }
          }
        ]
      },
      {
        "date": "2020-08-24",
        "commitResults": [
          {
            "hash": "3ee9475ff96859e43a2c7e912a4c72c1f00679ca",
            "messageTitle": "Tests on Parser and Storage class done",
            "messageBody": "",
            "tags": [
              "A-JUnit"
            ],
            "fileTypesAndContributionMap": {
              "txt": {
                "insertions": 6,
                "deletions": 0
              },
              "java": {
                "insertions": 120,
                "deletions": 57
              }
            }
          },
          {
            "hash": "97fe620e0980f2f2f8569dae7131fc3773911bc2",
            "messageTitle": "JAR file is now functional",
            "messageBody": "",
            "tags": [
              "v0.1",
              "A-Jar"
            ],
            "fileTypesAndContributionMap": {
              "java": {
                "insertions": 8,
                "deletions": 0
              }
            }
          },
          {
            "hash": "05848cc47bfaab8c5dd595875260409875c78349",
            "messageTitle": "Added documentation to the code using JavaDocs",
            "messageBody": "",
            "tags": [
              "A-Java-Doc"
            ],
            "fileTypesAndContributionMap": {
              "java": {
                "insertions": 131,
                "deletions": 2
              }
            }
          },
          {
            "hash": "5ac42dcb6174dee522c2b76ca88b8e1d9676e6ba",
            "messageTitle": "Small editing changes made",
            "messageBody": "",
            "tags": [
              "A-JavaDoc"
            ],
            "fileTypesAndContributionMap": {
              "java": {
                "insertions": 0,
                "deletions": 3
              }
            }
          },
          {
            "hash": "47e10d2946d43a5f458184c446d2d07bfdbfb7e5",
            "messageTitle": "Coding standard adhered to",
            "messageBody": "",
            "tags": [
              "A-CodingStandard"
            ],
            "fileTypesAndContributionMap": {
              "java": {
                "insertions": 25,
                "deletions": 23
              }
            }
          },
          {
            "hash": "a769bcc26d8a6dc967db7f17beb05d57a54ce380",
            "messageTitle": "The find function is fully operational as of now",
            "messageBody": "",
            "tags": [
              "Level-9"
            ],
            "fileTypesAndContributionMap": {
              "java": {
                "insertions": 21,
                "deletions": 1
              }
            }
          }
        ]
      }
    ]
  },
  "authorFileTypeContributionMap": {
    "Ebolaeater": {
      "java": 811,
      "md": 0,
      "fxml": 0,
      "sh": 0,
      "bat": 5,
      "gradle": 0,
      "txt": 12
    }
  },
  "authorContributionVariance": {
    "Ebolaeater": 65699.91
  },
  "authorDisplayNameMap": {
    "Ebolaeater": "ANIK..ARAM"
  }
}
